frame,ID,left_xmin,left_ymin,left_xmax,left_ymax,f,C_x,C_y,x_il,v_il,x_ir,v_ir,disparitas,X,Y,Z,X_val,Y_val,Z_val,distance_cm
0,0,943,31,987,78,1051.1309814453125,963.1541137695312,546.8471069335938,965,54,756,24,209,-0.0027490766951814294,0.5121326684951782,1.4344456791877747,0.0010601836388603122,-0.28306643746833055,0.6037164427758425,135.93
0,1,790,38,830,87,1051.1309814453125,963.1541137695312,546.8471069335938,810,62,763,55,47,-0.16687878966331482,0.5216305494308472,1.2336079478263855,-0.39115894160886455,-1.2383100690044557,2.684611415747895,120.07
0,2,907,11,945,51,1051.1309814453125,963.1541137695312,546.8471069335938,926,31,833,28,93,-0.051032859832048416,0.5024442613124848,1.4780542850494385,-0.04795638209008112,-0.6658256233380333,1.3567391025822695,143.57
0,3,1034,13,1076,58,1051.1309814453125,963.1541137695312,546.8471069335938,1055,35,958,33,97,0.11433065682649612,0.5026818752288819,1.4742621183395386,0.11366072671987626,-0.6334188337793947,1.300791098352073,142.32
0,4,1157,10,1197,56,1051.1309814453125,963.1541137695312,546.8471069335938,1177,33,1078,30,99,0.269104540348053,0.5014565229415894,1.4950984120368958,0.25929142781637204,-0.6230475244799918,1.2745124903045562,146.16
0,5,855,36,892,75,1051.1309814453125,963.1541137695312,546.8471069335938,873,55,855,55,18,-0.1015356034040451,0.5193479895591736,1.28874671459198,-0.6012228765390166,-3.2800470226345624,7.009818696675059,124.8
0,6,871,0,900,43,1051.1309814453125,963.1541137695312,546.8471069335938,885,21,798,17,87,-0.10666847974061966,0.48858931064605715,1.601574420928955,-0.1078338332895955,-0.7255422207474331,1.4503073165534606,155.58
1,0,944,31,987,79,1051.1309814453125,963.1541137695312,546.8471069335938,965,55,855,55,110,0.003127435455098748,0.5096108853816986,1.4336352348327637,0.002014348913834593,-0.5367349673402011,1.1470612412741006,134.86
1,1,790,36,830,86,1051.1309814453125,963.1541137695312,546.8471069335938,810,61,763,54,47,-0.16679570078849792,0.5221723556518555,1.226503610610962,-0.39115894160886455,-1.2408640907801782,2.684611415747895,120.31
1,2,1034,12,1075,58,1051.1309814453125,963.1541137695312,546.8471069335938,1054,35,957,33,97,0.11467307060956955,0.5011914014816284,1.4663867950439453,0.1124232110141138,-0.6334188337793947,1.300791098352073,141.78
1,3,907,10,944,50,1051.1309814453125,963.1541137695312,546.8471069335938,925,30,833,27,92,-0.05028734356164932,0.496319317817688,1.5505026578903198,-0.049782419106918496,-0.6743676303684355,1.3714862667407726,149.57
1,4,854,35,892,73,1051.1309814453125,963.1541137695312,546.8471069335938,873,54,756,24,117,-0.10310742259025574,0.5163395941257477,1.2911216020584106,-0.09249582715984873,-0.5056485934263341,1.078433645642317,128.0
1,5,1155,11,1199,56,1051.1309814453125,963.1541137695312,546.8471069335938,1177,33,1078,30,99,0.2697591632604599,0.5015256345272064,1.50484299659729,0.25929142781637204,-0.6230475244799918,1.2745124903045562,146.3
1,6,872,0,901,39,1051.1309814453125,963.1541137695312,546.8471069335938,886,19,798,17,88,-0.10384560376405716,0.4906343460083008,1.5785014629364014,-0.10524436900836194,-0.7200255824084614,1.4338265515926258,152.46
2,0,944,31,987,78,1051.1309814453125,963.1541137695312,546.8471069335938,965,54,763,54,202,0.0020302298944443464,0.5095536649227143,1.4441475868225098,0.001096922675850521,-0.29287567044990637,0.6246373096047083,135.81
2,1,791,37,830,85,1051.1309814453125,963.1541137695312,546.8471069335938,810,61,698,61,112,-0.18286371231079102,0.5191548854112625,1.291388213634491,-0.16414705585371994,-0.5207197523809677,1.1265780048227774,126.69
2,2,907,10,944,49,1051.1309814453125,963.1541137695312,546.8471069335938,925,29,833,27,92,-0.04807676002383232,0.49943854808807375,1.5044500827789307,-0.049782419106918496,-0.6756724023625547,1.3714862667407726,145.03
2,3,1034,13,1075,58,1051.1309814453125,963.1541137695312,546.8471069335938,1054,35,958,33,96,0.11299082636833191,0.5019275784492493,1.456284999847412,0.11359428612884415,-0.6400169466312633,1.3143410056265736,140.99
2,4,854,35,892,74,1051.1309814453125,963.1541137695312,546.8471069335938,873,54,854,55,19,-0.10562048107385635,0.5185086071491242,1.3027071952819824,-0.5695795672474896,-3.113730812151636,6.640880870534267,128.98
2,5,1156,11,1197,55,1051.1309814453125,963.1541137695312,546.8471069335938,1176,33,1079,30,97,0.2674387991428375,0.5011912822723389,1.4760978817939758,0.26340012711713273,-0.6358938651909195,1.300791098352073,145.15
2,6,872,0,901,40,1051.1309814453125,963.1541137695312,546.8471069335938,886,20,798,17,88,-0.1052100732922554,0.4889323949813843,1.5764390230178833,-0.10524436900836194,-0.7186615025964277,1.4338265515926258,152.65
2,7,834,11,865,45,1051.1309814453125,963.1541137695312,546.8471069335938,849,28,756,24,93,-0.14894042164087296,0.4953720808029175,1.5642043948173523,-0.14734353054534716,-0.6696978499012255,1.3567391025822695,151.18
3,0,944,31,988,80,1051.1309814453125,963.1541137695312,546.8471069335938,966,55,763,54,203,-0.0014645325718447566,0.5119198203086853,1.4214329719543457,0.0016828443545850388,-0.2908416079183355,0.6215602785229116,132.72
3,1,791,37,830,86,1051.1309814453125,963.1541137695312,546.8471069335938,810,61,698,60,112,-0.16513420641422272,0.5237328052520752,1.2531519532203674,-0.16414705585371994,-0.5207197523809677,1.1265780048227774,120.47
3,2,1034,12,1075,57,1051.1309814453125,963.1541137695312,546.8471069335938,1054,34,957,34,97,0.1135750338435173,0.5015071868896485,1.4604997634887695,0.1124232110141138,-0.634656349485157,1.300791098352073,141.68
3,3,907,11,945,51,1051.1309814453125,963.1541137695312,546.8471069335938,926,31,833,27,93,-0.050531432032585144,0.49763634204864504,1.5218309164047241,-0.04795638209008112,-0.6658256233380333,1.3567391025822695,147.59
3,4,853,38,893,76,1051.1309814453125,963.1541137695312,546.8471069335938,873,57,854,55,19,-0.1029394082725048,0.519979202747345,1.3024150133132935,-0.5695795672474896,-3.0947772821318007,6.640880870534267,126.73
3,5,1157,9,1198,54,1051.1309814453125,963.1541137695312,546.8471069335938,1177,31,1079,30,98,0.2699900269508362,0.49987795352935793,1.5038830041885376,0.2619372587124575,-0.6318549282697664,1.2875177197974599,145.88
3,6,871,1,901,43,1051.1309814453125,963.1541137695312,546.8471069335938,886,22,799,17,87,-0.10548708215355873,0.4925506949424744,1.5854976177215576,-0.10645407439926266,-0.7241624618571003,1.4503073165534606,153.52
3,7,833,12,864,46,1051.1309814453125,963.1541137695312,546.8471069335938,848,29,757,24,91,-0.15076196193695068,0.4962149500846863,1.5851023197174072,-0.15190096004589276,-0.6830973738170881,1.3865575443972644,152.49
4,0,944,32,987,79,1051.1309814453125,963.1541137695312,546.8471069335938,965,55,854,56,111,-0.0014883149415254593,0.5127737164497376,1.3147512674331665,0.0019962016263225697,-0.5318995171839832,1.1367273562175773,131.84
4,1,791,37,830,86,1051.1309814453125,963.1541137695312,546.8471069335938,810,61,699,60,111,-0.16357413679361343,0.517950513958931,1.2546203136444092,-0.16562585815870842,-0.5254109213213367,1.1367273562175773,121.15
4,2,1034,13,1076,57,1051.1309814453125,963.1541137695312,546.8471069335938,1055,35,957,33,98,0.11595933884382248,0.5012174785137177,1.4868407249450684,0.11250092338599996,-0.6269553762918497,1.2875177197974599,142.92
4,3,907,11,945,50,1051.1309814453125,963.1541137695312,546.8471069335938,926,30,833,27,93,-0.048720233142375946,0.4960439443588257,1.5348728895187378,-0.04795638209008112,-0.6671163655257641,1.3567391025822695,149.54
4,4,1157,11,1197,55,1051.1309814453125,963.1541137695312,546.8471069335938,1177,33,1079,30,98,0.26932278275489807,0.5002143025398255,1.4952287673950195,0.2619372587124575,-0.6294051522808081,1.2875177197974599,145.84
4,5,834,9,865,45,1051.1309814453125,963.1541137695312,546.8471069335938,849,27,756,24,93,-0.150734543800354,0.49504765272140505,1.5807167291641235,-0.14734353054534716,-0.6709885920889563,1.3567391025822695,153.05
4,6,855,36,892,75,1051.1309814453125,963.1541137695312,546.8471069335938,873,55,763,54,110,-0.10334913432598114,0.5184274852275849,1.2900376319885254,-0.0983819252518391,-0.5367349673402011,1.1470612412741006,127.53
4,7,872,0,901,41,1051.1309814453125,963.1541137695312,546.8471069335938,886,20,798,17,88,-0.10389622300863266,0.49310567378997805,1.579453706741333,-0.10524436900836194,-0.7186615025964277,1.4338265515926258,152.72
5,0,944,31,987,78,1051.1309814453125,963.1541137695312,546.8471069335938,965,54,957,33,8,-0.0012690542498603463,0.5152575016021729,1.4746439456939697,0.027697297565225654,-7.395110678860135,15.772092067518884,136.28
5,1,791,37,830,86,1051.1309814453125,963.1541137695312,546.8471069335938,810,61,763,55,47,-0.16618749499320984,0.5226532012224198,1.2394052743911743,-0.39115894160886455,-1.2408640907801782,2.684611415747895,120.72
5,2,907,11,945,50,1051.1309814453125,963.1541137695312,546.8471069335938,926,30,832,28,94,-0.05203848145902157,0.4969723761081696,1.5606642961502075,-0.047446207812527064,-0.6600193829137879,1.3423057078739475,150.93
5,3,1034,13,1076,57,1051.1309814453125,963.1541137695312,546.8471069335938,1055,35,757,25,298,0.11444636434316635,0.5020925045013428,1.478139042854309,0.03699694795915435,-0.20617995596174926,0.4234118675843996,142.56
5,4,853,35,892,74,1051.1309814453125,963.1541137695312,546.8471069335938,872,54,855,56,17,-0.10345698148012161,0.5172125190496445,1.2916969060897827,-0.6436500471271329,-3.480052084169475,7.422160972950063,128.4
5,5,1157,11,1197,56,1051.1309814453125,963.1541137695312,546.8471069335938,1177,33,1078,30,99,0.26577678322792053,0.5006741523742676,1.4555772542953491,0.25929142781637204,-0.6230475244799918,1.2745124903045562,143.45
5,6,872,0,900,40,1051.1309814453125,963.1541137695312,546.8471069335938,886,20,798,17,88,-0.10465377569198608,0.49196615219116213,1.5774227976799011,-0.10524436900836194,-0.7186615025964277,1.4338265515926258,152.33
6,0,944,32,987,78,1051.1309814453125,963.1541137695312,546.8471069335938,965,55,854,55,111,0.0020424274262040854,0.5160576939582825,1.337007999420166,0.0019962016263225697,-0.5318995171839832,1.1367273562175773,137.0
6,1,791,37,829,86,1051.1309814453125,963.1541137695312,546.8471069335938,810,61,699,60,111,-0.16906139254570007,0.5245852410793305,1.2592518329620361,-0.16562585815870842,-0.5254109213213367,1.1367273562175773,120.94
6,2,907,11,944,50,1051.1309814453125,963.1541137695312,546.8471069335938,925,30,755,24,170,-0.05113168619573116,0.4974777936935425,1.5748445391654968,-0.026941073869626478,-0.36495189408174156,0.7422160972950063,153.27
6,3,1034,12,1074,59,1051.1309814453125,963.1541137695312,546.8471069335938,1054,35,956,33,98,0.11322831362485886,0.5027766168117523,1.469929814338684,0.1112760353915208,-0.6269553762918497,1.2875177197974599,142.43
6,4,834,10,864,46,1051.1309814453125,963.1541137695312,546.8471069335938,849,28,833,28,16,-0.15000305324792862,0.4945527255535126,1.5635639429092407,-0.8564342712948303,-3.8926187525508738,7.886046033759442,151.24
6,5,1157,11,1197,55,1051.1309814453125,963.1541137695312,546.8471069335938,1177,33,1079,30,98,0.267224445939064,0.5007853150367737,1.4754940867424011,0.2619372587124575,-0.6294051522808081,1.2875177197974599,144.58
6,6,855,36,892,75,1051.1309814453125,963.1541137695312,546.8471069335938,873,55,763,54,110,-0.10211369395256042,0.5183330416679383,1.2947575449943542,-0.0983819252518391,-0.5367349673402011,1.1470612412741006,127.71
6,7,872,1,900,42,1051.1309814453125,963.1541137695312,546.8471069335938,886,21,799,17,87,-0.10444911196827888,0.4918293595314026,1.5718954801559448,-0.10645407439926266,-0.7255422207474331,1.4503073165534606,151.42
7,0,944,32,987,78,1051.1309814453125,963.1541137695312,546.8471069335938,965,55,854,55,111,0.0011061379336751997,0.5127385795116425,1.3207611441612244,0.0019962016263225697,-0.5318995171839832,1.1367273562175773,132.5
7,1,791,37,830,86,1051.1309814453125,963.1541137695312,546.8471069335938,810,61,699,60,111,-0.16272488236427307,0.5215094923973084,1.2706190347671509,-0.16562585815870842,-0.5254109213213367,1.1367273562175773,121.28
7,2,907,11,944,50,1051.1309814453125,963.1541137695312,546.8471069335938,925,30,832,27,93,-0.053014155477285385,0.4956354141235352,1.5587732791900635,-0.049247124277811846,-0.6671163655257641,1.3567391025822695,150.58
7,3,1034,12,1074,58,1051.1309814453125,963.1541137695312,546.8471069335938,1054,35,957,33,97,0.11227021738886833,0.5018786132335663,1.4640415906906128,0.1124232110141138,-0.6334188337793947,1.300791098352073,141.54
7,4,1156,11,1198,56,1051.1309814453125,963.1541137695312,546.8471069335938,1177,33,1079,30,98,0.26775410771369934,0.5013800501823426,1.4767826199531555,0.2619372587124575,-0.6294051522808081,1.2875177197974599,144.94
7,5,854,35,892,75,1051.1309814453125,963.1541137695312,546.8471069335938,873,55,762,54,111,-0.10392241179943085,0.517793008685112,1.2960237860679626,-0.09749560160092163,-0.5318995171839832,1.1367273562175773,128.72
7,6,833,10,865,46,1051.1309814453125,963.1541137695312,546.8471069335938,849,28,756,24,93,-0.1500609666109085,0.49506240487098696,1.5823082327842712,-0.14734353054534716,-0.6696978499012255,1.3567391025822695,152.65
7,7,872,0,901,42,1051.1309814453125,963.1541137695312,546.8471069335938,886,21,797,16,89,-0.10500524938106537,0.4922973155975342,1.5847182273864746,-0.104061848008268,-0.7092379011800751,1.4177161409005739,152.97
8,0,944,32,987,79,1051.1309814453125,963.1541137695312,546.8471069335938,965,55,855,55,110,0.004256055923178792,0.5114034950733185,1.4520694017410278,0.002014348913834593,-0.5367349673402011,1.1470612412741006,134.23
8,1,791,37,830,86,1051.1309814453125,963.1541137695312,546.8471069335938,810,61,698,60,112,-0.16565409302711487,0.5238576173782349,1.2460508346557617,-0.16414705585371994,-0.5207197523809677,1.1265780048227774,119.73
8,2,907,11,945,50,1051.1309814453125,963.1541137695312,546.8471069335938,926,30,833,28,93,-0.055561602115631104,0.5014145016670227,1.5386505126953125,-0.04795638209008112,-0.6671163655257641,1.3567391025822695,148.32
8,3,1034,13,1074,59,1051.1309814453125,963.1541137695312,546.8471069335938,1054,36,957,33,97,0.11586644500494003,0.5013097763061524,1.4887830018997192,0.1124232110141138,-0.6321813180736322,1.300791098352073,143.22
8,4,1157,12,1197,55,1051.1309814453125,963.1541137695312,546.8471069335938,1177,33,1079,29,98,0.26725831627845764,0.5013754308223725,1.465743064880371,0.2619372587124575,-0.6294051522808081,1.2875177197974599,144.39
8,5,855,36,892,74,1051.1309814453125,963.1541137695312,546.8471069335938,873,55,763,55,110,-0.10290656983852386,0.5177976131439209,1.296122670173645,-0.0983819252518391,-0.5367349673402011,1.1470612412741006,127.84
8,6,872,0,900,42,1051.1309814453125,963.1541137695312,546.8471069335938,886,21,798,17,88,-0.10543258115649223,0.4919703543186188,1.5840699672698975,-0.10524436900836194,-0.7172974227843941,1.4338265515926258,152.89
8,7,834,9,864,46,1051.1309814453125,963.1541137695312,546.8471069335938,849,27,755,24,94,-0.14964565634727478,0.4943441390991211,1.5725936889648438,-0.14577604617784345,-0.6638504155773717,1.3423057078739475,151.66
9,0,944,32,986,78,1051.1309814453125,963.1541137695312,546.8471069335938,965,55,855,55,110,-0.002780086826533079,0.5138238906860352,1.4779130816459656,0.002014348913834593,-0.5367349673402011,1.1470612412741006,140.2
9,1,791,38,829,86,1051.1309814453125,963.1541137695312,546.8471069335938,810,62,699,60,111,-0.17897456884384155,0.524938040971756,1.2762192487716675,-0.16562585815870842,-0.5243294886775623,1.1367273562175773,127.72
9,2,907,12,945,51,1051.1309814453125,963.1541137695312,546.8471069335938,926,31,833,26,93,-0.05141635984182358,0.5041995882987976,1.4951701164245605,-0.04795638209008112,-0.6658256233380333,1.3567391025822695,146.31
9,3,1034,12,1075,58,1051.1309814453125,963.1541137695312,546.8471069335938,1054,35,956,34,98,0.11425988376140594,0.5022922098636627,1.4779383540153503,0.1112760353915208,-0.6269553762918497,1.2875177197974599,142.62
9,4,1156,12,1198,55,1051.1309814453125,963.1541137695312,546.8471069335938,1177,33,1079,31,98,0.26685531437397003,0.501260393857956,1.4810604453086853,0.2619372587124575,-0.6294051522808081,1.2875177197974599,144.74
9,5,871,3,901,45,1051.1309814453125,963.1541137695312,546.8471069335938,886,24,798,16,88,-0.10301649570465088,0.4970973372459412,1.5783214569091797,-0.10524436900836194,-0.7132051833482934,1.4338265515926258,151.25
9,6,833,12,865,47,1051.1309814453125,963.1541137695312,546.8471069335938,849,29,756,24,93,-0.14821741729974747,0.4972150266170502,1.5590733885765076,-0.14734353054534716,-0.6684071077134949,1.3567391025822695,151.35
9,7,855,38,893,75,1051.1309814453125,963.1541137695312,546.8471069335938,874,56,763,53,111,-0.10184912383556366,0.5226839721202851,1.4208709001541138,-0.09641416895714724,-0.5308180845402087,1.1367273562175773,135.92
10,0,944,32,987,78,1051.1309814453125,963.1541137695312,546.8471069335938,965,55,957,33,8,0.0010550147271715105,0.5110416948795319,1.413810133934021,0.027697297565225654,-7.380105800927765,15.772092067518884,132.46
10,1,790,37,830,86,1051.1309814453125,963.1541137695312,546.8471069335938,810,61,763,54,47,-0.16941862553358078,0.5235925406217575,1.2388026714324951,-0.39115894160886455,-1.2408640907801782,2.684611415747895,121.47
10,2,908,11,945,49,1051.1309814453125,963.1541137695312,546.8471069335938,926,30,832,27,94,-0.053220804780721664,0.49820327162742617,1.52567058801651,-0.047446207812527064,-0.6600193829137879,1.3423057078739475,148.85
10,3,1033,12,1074,58,1051.1309814453125,963.1541137695312,546.8471069335938,1053,35,757,24,296,0.11253301799297333,0.5019160449504853,1.4624337553977966,0.036435852854425944,-0.2075730637723016,0.42627275858159147,141.82
10,4,853,36,892,75,1051.1309814453125,963.1541137695312,546.8471069335938,872,55,855,55,17,-0.10397526621818542,0.5184523403644562,1.296633243560791,-0.6436500471271329,-3.4729909651424777,7.422160972950063,128.81
10,5,1157,11,1196,55,1051.1309814453125,963.1541137695312,546.8471069335938,1176,33,1079,31,97,0.2649979442358017,0.500175678730011,1.454691231250763,0.26340012711713273,-0.6358938651909195,1.300791098352073,143.12
10,6,871,1,900,42,1051.1309814453125,963.1541137695312,546.8471069335938,885,21,798,17,87,-0.10567223280668259,0.49322589635849,1.5787587761878967,-0.1078338332895955,-0.7255422207474331,1.4503073165534606,152.29
11,0,944,32,987,79,1051.1309814453125,963.1541137695312,546.8471069335938,965,55,763,54,202,0.0009275710326619446,0.5130702197551728,1.3089430332183838,0.001096922675850521,-0.2922814178585254,0.6246373096047083,129.8
11,1,790,38,830,87,1051.1309814453125,963.1541137695312,546.8471069335938,810,62,699,60,111,-0.16779140383005142,0.5238951981067658,1.2517728805541992,-0.16562585815870842,-0.5243294886775623,1.1367273562175773,121.72
11,2,1034,13,1077,58,1051.1309814453125,963.1541137695312,546.8471069335938,1055,35,957,34,98,0.11491633206605911,0.502845311164856,1.4630237817764282,0.11250092338599996,-0.6269553762918497,1.2875177197974599,142.02
11,3,907,11,945,51,1051.1309814453125,963.1541137695312,546.8471069335938,926,31,833,28,93,-0.05266931653022766,0.495795214176178,1.5581570863723755,-0.04795638209008112,-0.6658256233380333,1.3567391025822695,150.41
11,4,853,36,892,76,1051.1309814453125,963.1541137695312,546.8471069335938,872,56,854,56,18,-0.10495400428771973,0.5185526847839356,1.2981244325637817,-0.6078917111756255,-3.2733781879979533,7.009818696675059,128.81
11,5,1156,11,1198,56,1051.1309814453125,963.1541137695312,546.8471069335938,1177,33,1079,30,98,0.2659691274166107,0.5006888449192047,1.4569838643074036,0.2619372587124575,-0.6294051522808081,1.2875177197974599,143.33
11,6,834,9,863,46,1051.1309814453125,963.1541137695312,546.8471069335938,848,27,757,23,91,-0.14996545016765594,0.4953664779663086,1.574652910232544,-0.15190096004589276,-0.6857355941128893,1.3865575443972644,151.7
11,7,872,0,901,41,1051.1309814453125,963.1541137695312,546.8471069335938,886,20,798,17,88,-0.10469211637973785,0.49152048826217654,1.584564447402954,-0.10524436900836194,-0.7186615025964277,1.4338265515926258,152.84
12,0,944,31,987,78,1051.1309814453125,963.1541137695312,546.8471069335938,965,54,763,54,202,-0.0012782443664036691,0.512074762582779,1.4291353225708008,0.001096922675850521,-0.29287567044990637,0.6246373096047083,132.79
12,1,791,37,829,86,1051.1309814453125,963.1541137695312,546.8471069335938,810,61,699,60,111,-0.16585049033164978,0.5238734126091004,1.2454214692115784,-0.16562585815870842,-0.5254109213213367,1.1367273562175773,120.35
12,2,908,11,944,48,1051.1309814453125,963.1541137695312,546.8471069335938,926,29,833,27,93,-0.04889032989740372,0.49646600484848025,1.554275393486023,-0.04795638209008112,-0.6684071077134949,1.3567391025822695,149.94
12,3,1034,13,1074,58,1051.1309814453125,963.1541137695312,546.8471069335938,1054,35,957,33,97,0.11373785510659218,0.502861225605011,1.4837976098060608,0.1124232110141138,-0.6334188337793947,1.300791098352073,143.19
12,4,855,35,893,73,1051.1309814453125,963.1541137695312,546.8471069335938,874,54,854,56,20,-0.1023699901998043,0.5167782694101334,1.2945818901062012,-0.5350986377121671,-2.958044271544054,6.308836827007553,128.66
12,5,1156,12,1197,56,1051.1309814453125,963.1541137695312,546.8471069335938,1176,34,1079,30,97,0.26780110597610474,0.5021384000778198,1.4801015853881836,0.26340012711713273,-0.634656349485157,1.300791098352073,145.12
12,6,833,9,863,44,1051.1309814453125,963.1541137695312,546.8471069335938,848,26,757,24,91,-0.15245845913887024,0.49462311863899233,1.5788856148719788,-0.15190096004589276,-0.68705470426079,1.3865575443972644,152.6
12,7,872,0,900,39,1051.1309814453125,963.1541137695312,546.8471069335938,886,19,798,17,88,-0.10417371615767479,0.49174931049346926,1.5819741487503052,-0.10524436900836194,-0.7200255824084614,1.4338265515926258,152.8
13,0,944,32,987,78,1051.1309814453125,963.1541137695312,546.8471069335938,965,55,854,56,111,-0.00019570715085137635,0.5117804050445557,1.3120403289794922,0.0019962016263225697,-0.5318995171839832,1.1367273562175773,131.02
13,1,791,37,830,86,1051.1309814453125,963.1541137695312,546.8471069335938,810,61,699,61,111,-0.1680377945303917,0.5225718259811402,1.2435025572776794,-0.16562585815870842,-0.5254109213213367,1.1367273562175773,122.5
13,2,907,11,945,50,1051.1309814453125,963.1541137695312,546.8471069335938,926,30,833,28,93,-0.04919843003153801,0.49690779447555544,1.5300997495651245,-0.04795638209008112,-0.6671163655257641,1.3567391025822695,149.01
13,3,1034,12,1075,58,1051.1309814453125,963.1541137695312,546.8471069335938,1054,35,957,33,97,0.11337949708104134,0.5016743779182434,1.4608033895492554,0.1124232110141138,-0.6334188337793947,1.300791098352073,141.42
13,4,855,35,892,74,1051.1309814453125,963.1541137695312,546.8471069335938,873,54,762,55,111,-0.10328295826911926,0.5172242760658264,1.293278694152832,-0.09749560160092163,-0.5329809498277576,1.1367273562175773,128.43
13,5,1156,11,1197,56,1051.1309814453125,963.1541137695312,546.8471069335938,1176,33,1079,32,97,0.26615050435066223,0.500802481174469,1.4644081592559814,0.26340012711713273,-0.6358938651909195,1.300791098352073,143.71
13,6,871,0,900,41,1051.1309814453125,963.1541137695312,546.8471069335938,885,20,799,18,86,-0.10573437809944153,0.4913016796112061,1.5789908170700073,-0.10908771507203266,-0.7353745607963446,1.4671713551180356,152.51
13,7,834,10,864,45,1051.1309814453125,963.1541137695312,546.8471069335938,849,27,756,24,93,-0.15029405802488327,0.49431567788124087,1.5674620866775513,-0.14734353054534716,-0.6709885920889563,1.3567391025822695,151.83
14,0,944,32,987,78,1051.1309814453125,963.1541137695312,546.8471069335938,965,55,854,55,111,0.002030780422501266,0.5125813126564026,1.3121730089187622,0.0019962016263225697,-0.5318995171839832,1.1367273562175773,130.13
14,1,790,36,830,86,1051.1309814453125,963.1541137695312,546.8471069335938,810,61,698,60,112,-0.16616176813840866,0.5234185248613358,1.2419494986534119,-0.16414705585371994,-0.5207197523809677,1.1265780048227774,120.1
14,2,907,10,945,48,1051.1309814453125,963.1541137695312,546.8471069335938,926,29,833,27,93,-0.05261831730604172,0.4940925776958466,1.574332058429718,-0.04795638209008112,-0.6684071077134949,1.3567391025822695,150.27
14,3,1034,12,1076,59,1051.1309814453125,963.1541137695312,546.8471069335938,1055,35,956,33,99,0.1137225441634655,0.5023854613304138,1.462574064731598,0.111364550422505,-0.6206224937030431,1.2745124903045562,141.44
14,4,855,34,892,73,1051.1309814453125,963.1541137695312,546.8471069335938,873,53,763,54,110,-0.10421386361122131,0.5166076064109802,1.2938871383666992,-0.0983819252518391,-0.5389174950394549,1.1470612412741006,128.37
14,5,1156,11,1198,56,1051.1309814453125,963.1541137695312,546.8471069335938,1177,33,1078,30,99,0.26599104702472687,0.5007377207279206,1.4526715278625488,0.25929142781637204,-0.6230475244799918,1.2745124903045562,143.31
14,6,872,0,900,38,1051.1309814453125,963.1541137695312,546.8471069335938,886,19,799,17,87,-0.10531491786241531,0.4893930196762085,1.576415777206421,-0.10645407439926266,-0.7283017385280988,1.4503073165534606,152.47
14,7,834,8,863,44,1051.1309814453125,963.1541137695312,546.8471069335938,848,26,756,23,92,-0.1508399248123169,0.4933996438980103,1.5650330781936646,-0.1502498626540896,-0.6795867183449119,1.3714862667407726,151.36
15,0,943,31,988,79,1051.1309814453125,963.1541137695312,546.8471069335938,965,55,854,55,111,-0.00019541957590263337,0.5126131415367127,1.336177945137024,0.0019962016263225697,-0.5318995171839832,1.1367273562175773,131.27
15,1,791,36,830,87,1051.1309814453125,963.1541137695312,546.8471069335938,810,61,698,60,112,-0.168148472905159,0.5234593689441681,1.2499865293502808,-0.16414705585371994,-0.5207197523809677,1.1265780048227774,121.92
15,2,907,10,945,50,1051.1309814453125,963.1541137695312,546.8471069335938,926,30,833,26,93,-0.05107136443257332,0.49909993410110476,1.5011544227600098,-0.04795638209008112,-0.6671163655257641,1.3567391025822695,146.06
15,3,1034,12,1076,58,1051.1309814453125,963.1541137695312,546.8471069335938,1055,35,957,33,98,0.11428610980510712,0.5016241312026978,1.468423068523407,0.11250092338599996,-0.6269553762918497,1.2875177197974599,141.75
15,4,1156,12,1197,56,1051.1309814453125,963.1541137695312,546.8471069335938,1176,34,1079,30,97,0.26783865690231323,0.5019849479198456,1.4843988418579102,0.26340012711713273,-0.634656349485157,1.300791098352073,145.57
15,5,854,36,892,75,1051.1309814453125,963.1541137695312,546.8471069335938,873,55,763,54,110,-0.10213097929954529,0.5194705367088318,1.2900503873825073,-0.0983819252518391,-0.5367349673402011,1.1470612412741006,124.35
15,6,833,11,864,46,1051.1309814453125,963.1541137695312,546.8471069335938,848,28,756,24,92,-0.14995912462472916,0.4943189263343811,1.5680989623069763,-0.1502498626540896,-0.6769771743566738,1.3714862667407726,151.24
15,7,871,0,901,41,1051.1309814453125,963.1541137695312,546.8471069335938,886,20,798,17,88,-0.10436929762363434,0.48700746297836306,1.5765835046768188,-0.10524436900836194,-0.7186615025964277,1.4338265515926258,152.92
16,0,944,32,987,78,1051.1309814453125,963.1541137695312,546.8471069335938,965,55,855,55,110,0.0009528119408059865,0.5158996224403382,1.515413522720337,0.002014348913834593,-0.5367349673402011,1.1470612412741006,142.5
16,1,791,37,830,87,1051.1309814453125,963.1541137695312,546.8471069335938,810,62,699,61,111,-0.17180640250444412,0.5234159618616104,1.2692939639091492,-0.16562585815870842,-0.5243294886775623,1.1367273562175773,124.2
16,2,907,12,945,50,1051.1309814453125,963.1541137695312,546.8471069335938,926,31,833,28,93,-0.04915793240070343,0.5053455471992493,1.4752615690231323,-0.04795638209008112,-0.6658256233380333,1.3567391025822695,144.38
16,3,1033,12,1074,58,1051.1309814453125,963.1541137695312,546.8471069335938,1053,35,957,33,96,0.11201592162251472,0.5015990376472473,1.450868546962738,0.11234387963448,-0.6400169466312633,1.3143410056265736,141.09
16,4,871,1,900,42,1051.1309814453125,963.1541137695312,546.8471069335938,885,21,798,17,87,-0.10680599138140678,0.4901777446269989,1.5742185711860657,-0.1078338332895955,-0.7255422207474331,1.4503073165534606,152.44
16,5,1157,11,1197,54,1051.1309814453125,963.1541137695312,546.8471069335938,1177,32,1078,29,99,0.2674250155687332,0.5006631255149842,1.489479124546051,0.25929142781637204,-0.624260039868466,1.2745124903045562,145.14
16,6,855,36,892,74,1051.1309814453125,963.1541137695312,546.8471069335938,873,55,763,54,110,-0.10422226041555405,0.5195906400680542,1.301976203918457,-0.0983819252518391,-0.5367349673402011,1.1470612412741006,127.95
16,7,833,10,864,46,1051.1309814453125,963.1541137695312,546.8471069335938,848,28,757,24,91,-0.14920417964458466,0.4944378972053528,1.560793399810791,-0.15190096004589276,-0.6844164839649888,1.3865575443972644,150.9
17,0,944,31,987,78,1051.1309814453125,963.1541137695312,546.8471069335938,965,54,855,56,110,0.002051024464890361,0.5128235459327698,1.4259370565414429,0.002014348913834593,-0.537826231189828,1.1470612412741006,132.69
17,1,791,36,829,85,1051.1309814453125,963.1541137695312,546.8471069335938,810,60,763,54,47,-0.17411112785339355,0.5201826333999634,1.2588732242584229,-0.39115894160886455,-1.2434181125559007,2.684611415747895,124.04
17,2,907,11,945,50,1051.1309814453125,963.1541137695312,546.8471069335938,926,30,833,28,93,-0.05285659432411194,0.4966690182685852,1.5665626525878906,-0.04795638209008112,-0.6671163655257641,1.3567391025822695,149.89
17,3,1033,12,1075,59,1051.1309814453125,963.1541137695312,546.8471069335938,1054,35,956,34,98,0.11215799674391747,0.5018281280994416,1.4505941271781921,0.1112760353915208,-0.6269553762918497,1.2875177197974599,140.82
17,4,1156,12,1198,56,1051.1309814453125,963.1541137695312,546.8471069335938,1177,34,1079,31,98,0.2679000049829483,0.499674791097641,1.5160163044929504,0.2619372587124575,-0.6281802642863289,1.2875177197974599,147.45
17,5,833,11,864,46,1051.1309814453125,963.1541137695312,546.8471069335938,848,28,797,17,51,-0.15046025067567825,0.4950395166873932,1.573811650276184,-0.2710389679250244,-1.2212137262904703,2.474053657650021,151.79
18,0,944,32,987,78,1051.1309814453125,963.1541137695312,546.8471069335938,965,55,854,56,111,0.0036838059313595295,0.5128332912921906,1.4904916286468506,0.0019962016263225697,-0.5318995171839832,1.1367273562175773,139.7
18,1,791,36,829,85,1051.1309814453125,963.1541137695312,546.8471069335938,810,60,699,61,111,-0.17963381856679916,0.5245733499526978,1.2916233539581299,-0.16562585815870842,-0.5264923539651112,1.1367273562175773,128.34
18,2,908,11,945,50,1051.1309814453125,963.1541137695312,546.8471069335938,926,30,833,27,93,-0.051081353798508644,0.5045969426631928,1.48278146982193,-0.04795638209008112,-0.6671163655257641,1.3567391025822695,146.78
18,3,1034,12,1075,57,1051.1309814453125,963.1541137695312,546.8471069335938,1054,34,957,33,97,0.11443823203444481,0.49982222318649294,1.4533846378326416,0.1124232110141138,-0.634656349485157,1.300791098352073,140.8
18,4,1157,11,1197,54,1051.1309814453125,963.1541137695312,546.8471069335938,1177,32,1078,30,99,0.2670826017856598,0.4997153222560883,1.4744330644607544,0.25929142781637204,-0.624260039868466,1.2745124903045562,143.99
18,5,834,8,864,45,1051.1309814453125,963.1541137695312,546.8471069335938,849,26,756,25,93,-0.1499442607164383,0.49425827860832217,1.5661408305168152,-0.14734353054534716,-0.6722793342766871,1.3567391025822695,151.88
18,6,872,0,900,41,1051.1309814453125,963.1541137695312,546.8471069335938,886,20,799,17,87,-0.10533992946147919,0.49144392609596255,1.5782582759857178,-0.10645407439926266,-0.726921979637766,1.4503073165534606,152.5
18,7,854,34,892,74,1051.1309814453125,963.1541137695312,546.8471069335938,873,54,763,54,110,-0.10526452958583832,0.5179257035255432,1.30884850025177,-0.0983819252518391,-0.537826231189828,1.1470612412741006,131.95
19,0,944,30,987,78,1051.1309814453125,963.1541137695312,546.8471069335938,965,54,855,56,110,-0.00017021172970999032,0.5122662425041199,1.4731560945510864,0.002014348913834593,-0.537826231189828,1.1470612412741006,135.21
19,1,791,37,829,86,1051.1309814453125,963.1541137695312,546.8471069335938,810,61,763,54,47,-0.173614963889122,0.5222211122512818,1.262216866016388,-0.39115894160886455,-1.2408640907801782,2.684611415747895,123.7
19,2,1034,12,1075,58,1051.1309814453125,963.1541137695312,546.8471069335938,1054,35,957,33,97,0.11365720257163048,0.5018680632114411,1.4596725702285767,0.1124232110141138,-0.6334188337793947,1.300791098352073,141.85
19,3,907,10,944,49,1051.1309814453125,963.1541137695312,546.8471069335938,925,29,833,28,92,-0.04994093254208565,0.4970462262630463,1.5610154271125793,-0.049782419106918496,-0.6756724023625547,1.3714862667407726,150.98
19,4,1157,11,1197,54,1051.1309814453125,963.1541137695312,546.8471069335938,1177,32,1079,30,98,0.2667272537946701,0.5002472043037415,1.4681408405303955,0.2619372587124575,-0.6306300402752872,1.2875177197974599,143.93
19,5,855,34,893,73,1051.1309814453125,963.1541137695312,546.8471069335938,874,53,757,23,117,-0.10373328253626823,0.5166247129440308,1.2994101643562317,-0.09146985260037047,-0.5066745679858123,1.078433645642317,129.36
19,6,872,0,900,39,1051.1309814453125,963.1541137695312,546.8471069335938,886,19,798,17,88,-0.10531620308756828,0.49075513482093813,1.579526662826538,-0.10524436900836194,-0.7200255824084614,1.4338265515926258,152.78
20,0,944,32,987,78,1051.1309814453125,963.1541137695312,546.8471069335938,965,55,764,54,201,0.003111130092293024,0.5097611784934998,1.4400486946105957,0.0011023800025960458,-0.2937355542657817,0.6277449579111993,132.58
20,1,791,37,830,86,1051.1309814453125,963.1541137695312,546.8471069335938,810,61,699,60,111,-0.19295915961265564,0.5218907833099365,1.338032305240631,-0.16562585815870842,-0.5254109213213367,1.1367273562175773,131.81
20,2,906,11,945,51,1051.1309814453125,963.1541137695312,546.8471069335938,925,31,832,26,93,-0.05216923728585243,0.49735071659088137,1.5202760696411133,-0.049247124277811846,-0.6658256233380333,1.3567391025822695,147.18
20,3,1034,13,1076,57,1051.1309814453125,963.1541137695312,546.8471069335938,1055,35,957,33,98,0.11369399726390839,0.5015027463436127,1.4509287476539612,0.11250092338599996,-0.6269553762918497,1.2875177197974599,140.78
20,4,1156,11,1197,55,1051.1309814453125,963.1541137695312,546.8471069335938,1176,33,1078,31,98,0.26521216332912445,0.500518524646759,1.467343509197235,0.2607123707179783,-0.6294051522808081,1.2875177197974599,143.55
20,5,855,37,892,76,1051.1309814453125,963.1541137695312,546.8471069335938,873,56,854,56,19,-0.10269898921251297,0.519686707854271,1.300426423549652,-0.5695795672474896,-3.1010951254717454,6.640880870534267,127.6
20,6,834,10,865,45,1051.1309814453125,963.1541137695312,546.8471069335938,849,27,756,23,93,-0.14993566274642944,0.49434866905212405,1.566408634185791,-0.14734353054534716,-0.6709885920889563,1.3567391025822695,151.74
20,7,872,1,900,43,1051.1309814453125,963.1541137695312,546.8471069335938,886,22,798,17,88,-0.10493813455104828,0.49232670068740847,1.5780800580978394,-0.10524436900836194,-0.7159333429723606,1.4338265515926258,151.9
21,0,944,32,987,78,1051.1309814453125,963.1541137695312,546.8471069335938,965,55,855,55,110,0.002019478240981698,0.5117343604564667,1.3075535297393799,0.002014348913834593,-0.5367349673402011,1.1470612412741006,129.8
21,1,791,37,829,86,1051.1309814453125,963.1541137695312,546.8471069335938,810,61,699,60,111,-0.17234446108341217,0.520673954486847,1.2440770864486694,-0.16562585815870842,-0.5254109213213367,1.1367273562175773,123.48
21,2,908,11,944,49,1051.1309814453125,963.1541137695312,546.8471069335938,926,30,833,26,93,-0.05187111534178257,0.49651666879653933,1.5505258440971375,-0.04795638209008112,-0.6671163655257641,1.3567391025822695,151.43
21,3,1034,13,1075,57,1051.1309814453125,963.1541137695312,546.8471069335938,1054,35,957,33,97,0.11377080902457237,0.5020812690258026,1.4631127715110779,0.1124232110141138,-0.6334188337793947,1.300791098352073,142.04
21,4,1156,11,1198,56,1051.1309814453125,963.1541137695312,546.8471069335938,1177,33,1078,29,99,0.2648654878139496,0.4985252857208252,1.4931015968322754,0.25929142781637204,-0.6230475244799918,1.2745124903045562,145.38
21,5,833,10,863,45,1051.1309814453125,963.1541137695312,546.8471069335938,848,27,757,24,91,-0.15110933780670166,0.49477806091308596,1.5721330046653748,-0.15190096004589276,-0.6857355941128893,1.3865575443972644,151.85
21,6,872,0,901,41,1051.1309814453125,963.1541137695312,546.8471069335938,886,20,798,17,88,-0.104041188955307,0.49178376197814944,1.5803959369659424,-0.10524436900836194,-0.7186615025964277,1.4338265515926258,152.7
21,7,854,36,892,74,1051.1309814453125,963.1541137695312,546.8471069335938,873,55,763,54,110,-0.10312361270189285,0.5173876374959946,1.2897730469703674,-0.0983819252518391,-0.5367349673402011,1.1470612412741006,127.41
22,0,944,31,987,77,1051.1309814453125,963.1541137695312,546.8471069335938,965,54,762,54,203,-0.0014495451468974352,0.5113471388816834,1.3928701281547546,0.0010915191158709617,-0.29143293315704966,0.6215602785229116,131.06
22,1,791,37,830,86,1051.1309814453125,963.1541137695312,546.8471069335938,810,61,699,61,111,-0.16929945349693298,0.5243895143270493,1.2711127400398254,-0.16562585815870842,-0.5254109213213367,1.1367273562175773,123.9
22,2,1034,12,1075,57,1051.1309814453125,963.1541137695312,546.8471069335938,1054,34,957,33,97,0.11452777683734894,0.5005070209503174,1.4612514972686768,0.1124232110141138,-0.634656349485157,1.300791098352073,141.7
22,3,907,12,945,50,1051.1309814453125,963.1541137695312,546.8471069335938,926,31,833,27,93,-0.05089552886784077,0.49836652874946596,1.5309555530548096,-0.04795638209008112,-0.6658256233380333,1.3567391025822695,146.77
22,4,855,35,892,74,1051.1309814453125,963.1541137695312,546.8471069335938,873,54,854,55,19,-0.10404583066701889,0.5169332265853882,1.2971322536468506,-0.5695795672474896,-3.113730812151636,6.640880870534267,129.42
22,6,871,1,900,40,1051.1309814453125,963.1541137695312,546.8471069335938,885,20,798,17,87,-0.10546170920133591,0.4917976498603821,1.5788744688034058,-0.1078338332895955,-0.726921979637766,1.4503073165534606,152.49
22,7,834,9,864,44,1051.1309814453125,963.1541137695312,546.8471069335938,849,26,756,24,93,-0.14991556853055954,0.4938810706138611,1.56521737575531,-0.14734353054534716,-0.6722793342766871,1.3567391025822695,151.45
23,0,944,32,987,79,1051.1309814453125,963.1541137695312,546.8471069335938,965,55,854,55,111,0.003134833532385528,0.5163342595100403,1.4890344738960266,0.0019962016263225697,-0.5318995171839832,1.1367273562175773,139.05
23,1,791,37,829,85,1051.1309814453125,963.1541137695312,546.8471069335938,810,61,699,61,111,-0.17126967012882233,0.5229923814535141,1.2656484246253967,-0.16562585815870842,-0.5254109213213367,1.1367273562175773,125.12
23,2,907,11,944,51,1051.1309814453125,963.1541137695312,546.8471069335938,925,31,833,27,92,-0.049148574471473694,0.4975831151008606,1.6236653923988342,-0.049782419106918496,-0.6730628583743165,1.3714862667407726,155.6
23,3,1034,14,1074,59,1051.1309814453125,963.1541137695312,546.8471069335938,1054,36,956,33,98,0.1121203862130642,0.5029454171657562,1.4505040645599365,0.1112760353915208,-0.6257304882973707,1.2875177197974599,140.94
23,4,1156,11,1198,55,1051.1309814453125,963.1541137695312,546.8471069335938,1177,33,1079,30,98,0.26768943667411804,0.5008876860141754,1.4762582182884216,0.2619372587124575,-0.6294051522808081,1.2875177197974599,144.75
23,5,872,0,900,42,1051.1309814453125,963.1541137695312,546.8471069335938,886,21,799,17,87,-0.10556183010339737,0.49077131748199465,1.575468897819519,-0.10645407439926266,-0.7255422207474331,1.4503073165534606,152.22
23,6,834,11,863,45,1051.1309814453125,963.1541137695312,546.8471069335938,848,28,757,24,91,-0.14988916367292404,0.4944594144821167,1.5595337748527527,-0.15190096004589276,-0.6844164839649888,1.3865575443972644,151.17
23,7,854,37,892,74,1051.1309814453125,963.1541137695312,546.8471069335938,873,55,763,54,110,-0.10359501093626022,0.518552640080452,1.2967092990875244,-0.0983819252518391,-0.5367349673402011,1.1470612412741006,126.85
24,0,944,32,987,79,1051.1309814453125,963.1541137695312,546.8471069335938,965,55,855,55,110,0.0023635714314877987,0.5137549877166748,1.3240383863449097,0.002014348913834593,-0.5367349673402011,1.1470612412741006,133.4
24,1,791,38,829,86,1051.1309814453125,963.1541137695312,546.8471069335938,810,62,699,60,111,-0.1659817025065422,0.5231635510921478,1.2449591159820557,-0.16562585815870842,-0.5243294886775623,1.1367273562175773,119.8
24,2,1034,13,1074,59,1051.1309814453125,963.1541137695312,546.8471069335938,1054,36,957,33,97,0.1128840520977974,0.5026736199855805,1.4511536359786987,0.1124232110141138,-0.6321813180736322,1.300791098352073,141.4
24,3,907,11,944,51,1051.1309814453125,963.1541137695312,546.8471069335938,925,31,832,27,93,-0.053680114448070526,0.49747233986854555,1.6095448732376099,-0.049247124277811846,-0.6658256233380333,1.3567391025822695,155.65
24,4,1156,12,1198,55,1051.1309814453125,963.1541137695312,546.8471069335938,1177,33,1079,29,98,0.265885591506958,0.5007845997810364,1.4542283415794373,0.2619372587124575,-0.6294051522808081,1.2875177197974599,143.53
24,5,854,36,892,75,1051.1309814453125,963.1541137695312,546.8471069335938,873,55,763,54,110,-0.10311063751578331,0.5177728027105332,1.2897116541862488,-0.0983819252518391,-0.5367349673402011,1.1470612412741006,126.96
24,6,872,0,900,42,1051.1309814453125,963.1541137695312,546.8471069335938,886,21,798,17,88,-0.1048518568277359,0.49187847375869753,1.5781683921813965,-0.10524436900836194,-0.7172974227843941,1.4338265515926258,152.04
24,7,834,11,865,45,1051.1309814453125,963.1541137695312,546.8471069335938,849,28,756,24,93,-0.14825387299060822,0.49443634748458865,1.5581542253494263,-0.14734353054534716,-0.6696978499012255,1.3567391025822695,150.51
25,0,944,32,987,79,1051.1309814453125,963.1541137695312,546.8471069335938,965,55,855,56,110,0.0009286779968533665,0.5121267676353455,1.3338756561279297,0.002014348913834593,-0.5367349673402011,1.1470612412741006,130.96
25,1,791,36,830,85,1051.1309814453125,963.1541137695312,546.8471069335938,810,60,699,60,111,-0.17070336639881134,0.5220709979534149,1.2616633176803589,-0.16562585815870842,-0.5264923539651112,1.1367273562175773,122.85
25,2,1034,13,1074,59,1051.1309814453125,963.1541137695312,546.8471069335938,1054,36,957,33,97,0.11283067986369133,0.5027446389198303,1.4510841965675354,0.1124232110141138,-0.6321813180736322,1.300791098352073,141.31
25,3,907,10,944,50,1051.1309814453125,963.1541137695312,546.8471069335938,925,30,833,28,92,-0.04964162036776543,0.49827715158462527,1.531793475151062,-0.049782419106918496,-0.6743676303684355,1.3714862667407726,150.76
25,4,1157,11,1197,55,1051.1309814453125,963.1541137695312,546.8471069335938,1177,33,1079,30,98,0.2668692171573639,0.5007298231124878,1.4735766053199768,0.2619372587124575,-0.6294051522808081,1.2875177197974599,144.24
25,5,855,35,892,74,1051.1309814453125,963.1541137695312,546.8471069335938,873,54,762,54,111,-0.10309845954179764,0.5169050037860871,1.2921086549758911,-0.09749560160092163,-0.5329809498277576,1.1367273562175773,128.17
25,6,834,11,865,45,1051.1309814453125,963.1541137695312,546.8471069335938,849,28,756,24,93,-0.14882852137088776,0.4944027304649353,1.5536178350448608,-0.14734353054534716,-0.6696978499012255,1.3567391025822695,150.57
25,7,872,1,900,42,1051.1309814453125,963.1541137695312,546.8471069335938,886,21,798,17,88,-0.104533851146698,0.49220808744430544,1.571681022644043,-0.10524436900836194,-0.7172974227843941,1.4338265515926258,151.39
26,0,944,32,987,78,1051.1309814453125,963.1541137695312,546.8471069335938,965,55,854,55,111,0.0037428303621709347,0.513460659980774,1.516431450843811,0.0019962016263225697,-0.5318995171839832,1.1367273562175773,137.67
26,1,791,38,830,86,1051.1309814453125,963.1541137695312,546.8471069335938,810,62,699,60,111,-0.16757991164922714,0.5221871376037598,1.2677591443061829,-0.16562585815870842,-0.5243294886775623,1.1367273562175773,122.3
26,2,908,11,945,51,1051.1309814453125,963.1541137695312,546.8471069335938,926,31,833,28,93,-0.05198708921670914,0.4968921184539795,1.5818911790847778,-0.04795638209008112,-0.6658256233380333,1.3567391025822695,151.62
26,3,1034,12,1076,58,1051.1309814453125,963.1541137695312,546.8471069335938,1055,35,957,33,98,0.11558986455202103,0.5012373566627503,1.458670437335968,0.11250092338599996,-0.6269553762918497,1.2875177197974599,142.11
26,4,1157,10,1198,54,1051.1309814453125,963.1541137695312,546.8471069335938,1177,32,756,25,421,0.26698721945285797,0.4997731387615204,1.4734919667243958,0.060973518655156364,-0.14679749156051816,0.29970721268444434,144.35
26,5,855,36,893,75,1051.1309814453125,963.1541137695312,546.8471069335938,874,55,763,54,111,-0.10263483971357346,0.5192098408937454,1.2992392182350159,-0.09641416895714724,-0.5318995171839832,1.1367273562175773,126.94
26,6,872,1,900,44,1051.1309814453125,963.1541137695312,546.8471069335938,886,22,798,17,88,-0.10559050738811493,0.4897754430770874,1.5773111581802368,-0.10524436900836194,-0.7159333429723606,1.4338265515926258,152.49
26,7,833,11,864,47,1051.1309814453125,963.1541137695312,546.8471069335938,848,29,735,15,113,-0.14860816299915314,0.49430843591690066,1.562519609928131,-0.12232732180686942,-0.5501049647553542,1.1166082879659387,150.29
27,0,944,30,988,78,1051.1309814453125,963.1541137695312,546.8471069335938,966,54,763,55,203,0.002290725475177169,0.5135925650596619,1.2959738969802856,0.0016828443545850388,-0.29143293315704966,0.6215602785229116,127.98
27,1,791,38,830,86,1051.1309814453125,963.1541137695312,546.8471069335938,810,62,699,60,111,-0.16880257427692413,0.5228590607643128,1.2545698881149292,-0.16562585815870842,-0.5243294886775623,1.1367273562175773,121.97
27,2,1034,12,1076,57,1051.1309814453125,963.1541137695312,546.8471069335938,1055,34,957,34,98,0.11361661925911903,0.5012763679027558,1.4497349858283997,0.11250092338599996,-0.6281802642863289,1.2875177197974599,140.84
27,3,907,10,945,49,1051.1309814453125,963.1541137695312,546.8471069335938,926,29,833,29,93,-0.05088181607425213,0.49575706720352175,1.5741860270500183,-0.04795638209008112,-0.6684071077134949,1.3567391025822695,150.76
27,4,1157,11,1197,56,1051.1309814453125,963.1541137695312,546.8471069335938,1177,33,1079,30,98,0.2659125477075577,0.5005683243274689,1.449205756187439,0.2619372587124575,-0.6294051522808081,1.2875177197974599,143.26
27,5,854,36,893,75,1051.1309814453125,963.1541137695312,546.8471069335938,873,55,855,55,18,-0.10318632051348686,0.5184578984975815,1.2897909879684448,-0.6012228765390166,-3.2800470226345624,7.009818696675059,126.08
27,6,872,0,901,42,1051.1309814453125,963.1541137695312,546.8471069335938,886,21,798,18,88,-0.10551690310239792,0.4894754528999329,1.5774983167648315,-0.10524436900836194,-0.7172974227843941,1.4338265515926258,152.69
27,7,833,9,865,46,1051.1309814453125,963.1541137695312,546.8471069335938,849,27,756,23,93,-0.14938632398843765,0.49425687789916994,1.5674679279327393,-0.14734353054534716,-0.6709885920889563,1.3567391025822695,151.36
28,0,944,31,987,78,1051.1309814453125,963.1541137695312,546.8471069335938,965,54,855,55,110,0.002396720927208662,0.5120195984840393,1.461726725101471,0.002014348913834593,-0.537826231189828,1.1470612412741006,135.55
28,1,791,37,830,86,1051.1309814453125,963.1541137695312,546.8471069335938,810,61,763,54,47,-0.170253187417984,0.5241937428712845,1.2602295279502869,-0.39115894160886455,-1.2408640907801782,2.684611415747895,123.03
28,2,1035,12,1075,56,1051.1309814453125,963.1541137695312,546.8471069335938,1055,34,957,33,98,0.11364000290632248,0.5005622446537018,1.451531171798706,0.11250092338599996,-0.6281802642863289,1.2875177197974599,140.83
28,3,907,11,945,50,1051.1309814453125,963.1541137695312,546.8471069335938,926,30,832,26,94,-0.05209917575120926,0.49629213809967043,1.5733031034469604,-0.047446207812527064,-0.6600193829137879,1.3423057078739475,153.39
28,4,1157,11,1198,55,1051.1309814453125,963.1541137695312,546.8471069335938,1177,33,1079,31,98,0.26845377683639526,0.501120263338089,1.4758793115615845,0.2619372587124575,-0.6294051522808081,1.2875177197974599,145.21
28,5,834,11,863,45,1051.1309814453125,963.1541137695312,546.8471069335938,848,28,756,24,92,-0.15101145207881927,0.49513944387435915,1.5688846707344055,-0.1502498626540896,-0.6769771743566738,1.3714862667407726,152.06
28,6,872,0,901,39,1051.1309814453125,963.1541137695312,546.8471069335938,886,19,798,16,88,-0.10384277999401093,0.49061801433563235,1.5768420696258545,-0.10524436900836194,-0.7200255824084614,1.4338265515926258,152.32
29,0,944,31,987,78,1051.1309814453125,963.1541137695312,546.8471069335938,965,54,854,56,111,0.0020255739800632,0.5113149225711823,1.3142046928405762,0.0019962016263225697,-0.5329809498277576,1.1367273562175773,130.48
29,1,791,37,829,86,1051.1309814453125,963.1541137695312,546.8471069335938,810,61,763,54,47,-0.16686096787452698,0.5234835088253021,1.2452032566070557,-0.39115894160886455,-1.2408640907801782,2.684611415747895,120.73
29,2,1034,12,1075,57,1051.1309814453125,963.1541137695312,546.8471069335938,1054,34,957,33,97,0.11321327090263367,0.5014202237129212,1.4561290740966797,0.1124232110141138,-0.634656349485157,1.300791098352073,141.13
29,3,907,11,944,49,1051.1309814453125,963.1541137695312,546.8471069335938,925,30,833,29,92,-0.04879155941307545,0.4978548526763916,1.5195745825767517,-0.049782419106918496,-0.6743676303684355,1.3714862667407726,148.21
29,4,1156,11,1198,56,1051.1309814453125,963.1541137695312,546.8471069335938,1177,33,1079,32,98,0.26871341466903687,0.5015697419643402,1.495281457901001,0.2619372587124575,-0.6294051522808081,1.2875177197974599,146.1
29,5,834,10,865,45,1051.1309814453125,963.1541137695312,546.8471069335938,849,27,798,17,51,-0.14743199944496155,0.49384047985076907,1.5601637959480286,-0.2686852615826919,-1.2235674326328028,2.474053657650021,150.65
30,0,944,31,987,78,1051.1309814453125,963.1541137695312,546.8471069335938,965,54,763,54,202,-0.00016939731722231954,0.5119614243507385,1.43488609790802,0.001096922675850521,-0.29287567044990637,0.6246373096047083,132.95
30,1,791,37,829,86,1051.1309814453125,963.1541137695312,546.8471069335938,810,61,699,60,111,-0.17049024999141693,0.524049723148346,1.2639235258102417,-0.16562585815870842,-0.5254109213213367,1.1367273562175773,121.64
30,2,907,12,944,49,1051.1309814453125,963.1541137695312,546.8471069335938,925,30,833,26,92,-0.048096299171447754,0.4958090424537659,1.5649194717407227,-0.049782419106918496,-0.6743676303684355,1.3714862667407726,151.3
30,3,1034,13,1074,59,1051.1309814453125,963.1541137695312,546.8471069335938,1054,36,957,33,97,0.11369887739419937,0.503039026260376,1.4716755151748657,0.1124232110141138,-0.6321813180736322,1.300791098352073,142.68
30,4,1157,12,1197,56,1051.1309814453125,963.1541137695312,546.8471069335938,1177,34,798,17,379,0.2698977589607239,0.500364238023758,1.456222414970398,0.06773047850612357,-0.16243183614791618,0.33292014918245666,144.7
30,5,854,36,892,74,1051.1309814453125,963.1541137695312,546.8471069335938,873,55,855,55,18,-0.10389083251357079,0.5172294467687607,1.2935375571250916,-0.6012228765390166,-3.2800470226345624,7.009818696675059,128.21
30,6,834,10,863,45,1051.1309814453125,963.1541137695312,546.8471069335938,848,27,756,24,92,-0.1491144299507141,0.4936388969421387,1.5525175333023071,-0.1502498626540896,-0.6782819463507928,1.3714862667407726,150.06
30,7,872,0,900,40,1051.1309814453125,963.1541137695312,546.8471069335938,886,20,736,16,150,-0.10472153127193451,0.4907843112945557,1.574202060699463,-0.06174336315157234,-0.4216147481899043,0.8411782436010071,152.04
31,0,944,32,987,79,1051.1309814453125,963.1541137695312,546.8471069335938,965,55,763,54,202,-0.00016941523790592328,0.5111803352832794,1.426335096359253,0.001096922675850521,-0.2922814178585254,0.6246373096047083,132.99
31,1,791,37,829,86,1051.1309814453125,963.1541137695312,546.8471069335938,810,61,699,61,111,-0.16591181606054306,0.5239935606718064,1.2452486157417297,-0.16562585815870842,-0.5254109213213367,1.1367273562175773,119.63
31,2,907,11,945,51,1051.1309814453125,963.1541137695312,546.8471069335938,926,31,833,28,93,-0.04854881204664707,0.4971188545227051,1.5475620031356812,-0.04795638209008112,-0.6658256233380333,1.3567391025822695,148.46
31,3,1034,12,1075,59,1051.1309814453125,963.1541137695312,546.8471069335938,1054,35,957,33,97,0.1132846400141716,0.5023271679878235,1.4529355764389038,0.1124232110141138,-0.6334188337793947,1.300791098352073,141.08
31,4,854,35,892,76,1051.1309814453125,963.1541137695312,546.8471069335938,873,55,854,56,19,-0.10389622300863266,0.5188202798366547,1.3039064407348633,-0.5695795672474896,-3.1074129688116905,6.640880870534267,129.86
31,5,1157,11,1197,56,1051.1309814453125,963.1541137695312,546.8471069335938,1177,33,1079,31,98,0.2679026126861572,0.5014348864555359,1.4740772247314453,0.2619372587124575,-0.6294051522808081,1.2875177197974599,144.7
31,6,872,0,901,42,1051.1309814453125,963.1541137695312,546.8471069335938,886,21,799,18,87,-0.10514206439256668,0.4920844078063965,1.5828970670700073,-0.10645407439926266,-0.7255422207474331,1.4503073165534606,152.81
31,7,833,10,864,46,1051.1309814453125,963.1541137695312,546.8471069335938,848,28,756,24,92,-0.14889317005872726,0.4952997207641602,1.568388044834137,-0.1502498626540896,-0.6769771743566738,1.3714862667407726,151.12
32,0,944,32,987,78,1051.1309814453125,963.1541137695312,546.8471069335938,965,55,854,55,111,0.0009309854358434677,0.5107330918312073,1.4313688278198242,0.0019962016263225697,-0.5318995171839832,1.1367273562175773,133.56
32,1,791,37,829,85,1051.1309814453125,963.1541137695312,546.8471069335938,810,61,698,61,112,-0.16422785818576813,0.5205225288867951,1.2359662055969238,-0.16414705585371994,-0.5207197523809677,1.1265780048227774,119.36
32,2,1035,13,1076,56,1051.1309814453125,963.1541137695312,546.8471069335938,1055,34,957,33,98,0.11449829488992691,0.5016150712966919,1.4678642749786377,0.11250092338599996,-0.6281802642863289,1.2875177197974599,141.67
32,3,907,12,944,50,1051.1309814453125,963.1541137695312,546.8471069335938,925,31,833,26,92,-0.04992742836475372,0.4971339344978333,1.5306037664413452,-0.049782419106918496,-0.6730628583743165,1.3714862667407726,148.43
32,4,1156,12,1198,55,1051.1309814453125,963.1541137695312,546.8471069335938,1177,33,1079,30,98,0.2671721577644348,0.5011205315589905,1.4637242555618286,0.2619372587124575,-0.6294051522808081,1.2875177197974599,144.44
32,5,855,37,893,75,1051.1309814453125,963.1541137695312,546.8471069335938,874,56,763,55,111,-0.1009271889925003,0.5186909377574921,1.2915827631950378,-0.09641416895714724,-0.5308180845402087,1.1367273562175773,126.84
32,6,834,10,864,46,1051.1309814453125,963.1541137695312,546.8471069335938,849,28,756,24,93,-0.149889774620533,0.49452807903289797,1.5663309693336487,-0.14734353054534716,-0.6696978499012255,1.3567391025822695,151.12
32,7,872,2,900,43,1051.1309814453125,963.1541137695312,546.8471069335938,886,22,798,17,88,-0.10406255722045898,0.49443849325180056,1.5766037702560425,-0.10524436900836194,-0.7159333429723606,1.4338265515926258,151.95
33,0,944,31,987,78,1051.1309814453125,963.1541137695312,546.8471069335938,965,54,763,54,202,-0.00016907920507946983,0.5129110753536225,1.303443193435669,0.001096922675850521,-0.29287567044990637,0.6246373096047083,128.88
33,1,791,37,830,86,1051.1309814453125,963.1541137695312,546.8471069335938,810,61,699,60,111,-0.1670837625861168,0.5235321760177613,1.2516801357269287,-0.16562585815870842,-0.5254109213213367,1.1367273562175773,121.56
33,2,907,11,944,50,1051.1309814453125,963.1541137695312,546.8471069335938,925,30,832,28,93,-0.05097974091768265,0.49439003467559817,1.5702513456344604,-0.049247124277811846,-0.6671163655257641,1.3567391025822695,150.65
33,3,1034,14,1074,59,1051.1309814453125,963.1541137695312,546.8471069335938,1054,36,956,33,98,0.11279892176389694,0.5030819714069367,1.45001620054245,0.1112760353915208,-0.6257304882973707,1.2875177197974599,141.21
33,4,854,36,893,75,1051.1309814453125,963.1541137695312,546.8471069335938,873,55,854,56,19,-0.10244055464863777,0.5180314123630524,1.2940922975540161,-0.5695795672474896,-3.1074129688116905,6.640880870534267,127.43
33,5,871,1,901,42,1051.1309814453125,963.1541137695312,546.8471069335938,886,21,799,17,87,-0.10487445443868637,0.4922110676765442,1.5780173540115356,-0.10645407439926266,-0.7255422207474331,1.4503073165534606,152.08
33,6,1156,12,1197,56,1051.1309814453125,963.1541137695312,546.8471069335938,1176,34,1078,30,98,0.2656358927488327,0.5015791893005371,1.4728683829307556,0.2607123707179783,-0.6281802642863289,1.2875177197974599,144.26
33,7,834,11,864,46,1051.1309814453125,963.1541137695312,546.8471069335938,849,28,757,24,92,-0.14997722953557968,0.4951085984706879,1.5725356936454773,-0.1489450906599705,-0.6769771743566738,1.3714862667407726,152.21
34,0,944,31,987,78,1051.1309814453125,963.1541137695312,546.8471069335938,965,54,855,55,110,0.002017816063016653,0.5116780042648316,1.3100759983062744,0.002014348913834593,-0.537826231189828,1.1470612412741006,129.23
34,1,791,36,830,85,1051.1309814453125,963.1541137695312,546.8471069335938,810,60,699,60,111,-0.16957086324691772,0.523210608959198,1.2654553651809692,-0.16562585815870842,-0.5264923539651112,1.1367273562175773,123.51
34,2,908,11,944,49,1051.1309814453125,963.1541137695312,546.8471069335938,926,30,832,28,94,-0.05296687036752701,0.49578537940979006,1.549094319343567,-0.047446207812527064,-0.6600193829137879,1.3423057078739475,148.36
34,3,1034,12,1075,57,1051.1309814453125,963.1541137695312,546.8471069335938,1054,34,957,33,97,0.1133764237165451,0.5013914346694947,1.4506843090057373,0.1124232110141138,-0.634656349485157,1.300791098352073,141.2
34,4,855,33,892,72,1051.1309814453125,963.1541137695312,546.8471069335938,873,52,763,54,110,-0.10531660541892052,0.5161905527114868,1.2939724922180176,-0.0983819252518391,-0.5400087588890818,1.1470612412741006,128.88
34,5,1157,11,1197,55,1051.1309814453125,963.1541137695312,546.8471069335938,1177,33,1079,30,98,0.2652946412563324,0.5002315878868103,1.4500299096107483,0.2619372587124575,-0.6294051522808081,1.2875177197974599,143.05
34,6,834,10,865,44,1051.1309814453125,963.1541137695312,546.8471069335938,849,27,756,24,93,-0.14858582615852356,0.49450101852416994,1.5725103616714478,-0.14734353054534716,-0.6709885920889563,1.3567391025822695,151.74
34,7,872,0,901,39,1051.1309814453125,963.1541137695312,546.8471069335938,886,19,798,17,88,-0.10544601827859879,0.4886114239692688,1.5810356140136719,-0.10524436900836194,-0.7200255824084614,1.4338265515926258,153.15
35,0,944,32,987,79,1051.1309814453125,963.1541137695312,546.8471069335938,965,55,763,54,202,0.000935221032705158,0.5158720850944519,1.3059942722320557,0.001096922675850521,-0.2922814178585254,0.6246373096047083,128.19
35,1,791,38,830,86,1051.1309814453125,963.1541137695312,546.8471069335938,810,62,699,60,111,-0.16907060146331787,0.5260563582181931,1.2836611866950989,-0.16562585815870842,-0.5243294886775623,1.1367273562175773,124.04
35,2,907,12,945,51,1051.1309814453125,963.1541137695312,546.8471069335938,926,31,833,27,93,-0.05321173369884491,0.49572458267211916,1.5340554118156433,-0.04795638209008112,-0.6658256233380333,1.3567391025822695,149.77
35,3,1034,13,1075,58,1051.1309814453125,963.1541137695312,546.8471069335938,1054,35,957,33,97,0.1130140870809555,0.5020442843437195,1.4571937322616577,0.1124232110141138,-0.6334188337793947,1.300791098352073,141.0
35,4,854,38,893,77,1051.1309814453125,963.1541137695312,546.8471069335938,873,57,855,55,18,-0.10206493362784386,0.519476318359375,1.2895395755767822,-0.6012228765390166,-3.2667093533613447,7.009818696675059,125.85
35,5,1156,12,1197,56,1051.1309814453125,963.1541137695312,546.8471069335938,1176,34,1079,30,97,0.2665501534938812,0.5019729673862457,1.471001148223877,0.26340012711713273,-0.634656349485157,1.300791098352073,144.74
35,6,871,3,901,45,1051.1309814453125,963.1541137695312,546.8471069335938,886,24,756,24,130,-0.10495998710393906,0.4930781364440918,1.5671591758728027,-0.07124234209796808,-0.4827850471896139,0.9705902810780851,151.24
35,7,834,12,864,47,1051.1309814453125,963.1541137695312,546.8471069335938,849,29,799,17,50,-0.15012985467910767,0.4958855152130127,1.5600006580352783,-0.2740589668143457,-1.2432372203471005,2.5235347308030214,151.48
36,0,944,31,988,78,1051.1309814453125,963.1541137695312,546.8471069335938,966,54,854,55,112,0.0020576752722263336,0.5150055527687073,1.5485984086990356,0.0030501553926853826,-0.5282221913471524,1.1265780048227774,141.86
36,1,908,11,945,49,1051.1309814453125,963.1541137695312,546.8471069335938,926,30,832,27,94,-0.05023340880870819,0.49665831923484804,1.561970591545105,-0.047446207812527064,-0.6600193829137879,1.3423057078739475,151.01
36,2,791,37,829,85,1051.1309814453125,963.1541137695312,546.8471069335938,810,61,698,60,112,-0.1704467087984085,0.5224814653396607,1.2440087795257568,-0.16414705585371994,-0.5207197523809677,1.1265780048227774,121.93
36,3,1035,13,1074,57,1051.1309814453125,963.1541137695312,546.8471069335938,1054,35,957,33,97,0.11368497088551521,0.502069228887558,1.471531629562378,0.1124232110141138,-0.6334188337793947,1.300791098352073,142.26
36,4,1157,12,1197,56,1051.1309814453125,963.1541137695312,546.8471069335938,1177,34,797,17,380,0.2665158063173294,0.5015817224979401,1.466809868812561,0.06755224040479167,-0.16200438394752692,0.33204404352671335,144.31
36,5,833,9,863,44,1051.1309814453125,963.1541137695312,546.8471069335938,848,26,756,24,92,-0.1508352905511856,0.49366226196289065,1.5615990161895752,-0.1502498626540896,-0.6795867183449119,1.3714862667407726,151.4
36,6,854,35,892,74,1051.1309814453125,963.1541137695312,546.8471069335938,873,54,763,54,110,-0.10371038317680359,0.5170586794614792,1.2930331230163574,-0.0983819252518391,-0.537826231189828,1.1470612412741006,128.96
36,7,872,0,901,40,1051.1309814453125,963.1541137695312,546.8471069335938,886,20,735,15,151,-0.10380763560533524,0.49061223268508913,1.5678880214691162,-0.06133446670685995,-0.41882259753964,0.8356075267559674,151.47
37,0,944,31,987,79,1051.1309814453125,963.1541137695312,546.8471069335938,965,55,855,55,110,-0.00016956825857050717,0.5103065013885498,1.420975685119629,0.002014348913834593,-0.5367349673402011,1.1470612412741006,134.69
37,1,791,37,830,86,1051.1309814453125,963.1541137695312,546.8471069335938,810,61,699,61,111,-0.1788591891527176,0.5237578392028809,1.2961231470108032,-0.16562585815870842,-0.5254109213213367,1.1367273562175773,129.27
37,2,1034,12,1076,56,1051.1309814453125,963.1541137695312,546.8471069335938,1055,34,957,33,98,0.11404603719711304,0.500997656583786,1.460679292678833,0.11250092338599996,-0.6281802642863289,1.2875177197974599,141.68
37,3,907,11,944,50,1051.1309814453125,963.1541137695312,546.8471069335938,925,30,833,28,92,-0.04916219972074032,0.5018141210079193,1.5067268013954163,-0.049782419106918496,-0.6743676303684355,1.3714862667407726,145.04
37,4,1156,10,1198,55,1051.1309814453125,963.1541137695312,546.8471069335938,1177,32,1079,30,98,0.2691124677658081,0.501070523262024,1.508179783821106,0.2619372587124575,-0.6306300402752872,1.2875177197974599,147.65
37,5,833,12,864,46,1051.1309814453125,963.1541137695312,546.8471069335938,848,29,756,24,92,-0.14979146420955658,0.4969563126564026,1.564860224723816,-0.1502498626540896,-0.6756724023625547,1.3714862667407726,151.68
37,6,854,36,892,75,1051.1309814453125,963.1541137695312,546.8471069335938,873,55,763,54,110,-0.10589222982525826,0.5205147802829743,1.3261841535568237,-0.0983819252518391,-0.5367349673402011,1.1470612412741006,131.69
37,7,872,0,900,41,1051.1309814453125,963.1541137695312,546.8471069335938,886,20,798,17,88,-0.1043727695941925,0.49210413694381716,1.577528178691864,-0.10524436900836194,-0.7186615025964277,1.4338265515926258,152.14
38,0,944,31,987,78,1051.1309814453125,963.1541137695312,546.8471069335938,965,54,855,56,110,-0.001273060915991664,0.5137876808643341,1.3062947988510132,0.002014348913834593,-0.537826231189828,1.1470612412741006,130.02
38,1,791,37,830,86,1051.1309814453125,963.1541137695312,546.8471069335938,810,61,698,61,112,-0.17145149409770966,0.5214667856693268,1.2537380456924438,-0.16414705585371994,-0.5207197523809677,1.1265780048227774,122.78
38,2,907,11,944,49,1051.1309814453125,963.1541137695312,546.8471069335938,925,30,833,27,92,-0.05341746285557747,0.49454101324081423,1.5560071468353271,-0.049782419106918496,-0.6743676303684355,1.3714862667407726,149.96
38,3,1034,13,1074,58,1051.1309814453125,963.1541137695312,546.8471069335938,1054,35,957,33,97,0.11253544688224792,0.5022151112556458,1.4624975323677063,0.1124232110141138,-0.6334188337793947,1.300791098352073,141.64
38,4,1157,12,1196,55,1051.1309814453125,963.1541137695312,546.8471069335938,1176,33,1079,30,97,0.26751165091991425,0.5010471284389496,1.4921993613243103,0.26340012711713273,-0.6358938651909195,1.300791098352073,145.68
38,5,854,35,892,74,1051.1309814453125,963.1541137695312,546.8471069335938,873,54,764,54,109,-0.10324400663375854,0.5165191531181336,1.29081130027771,-0.09928451172203946,-0.5427604167970742,1.1575847389004685,127.78
38,6,872,1,901,42,1051.1309814453125,963.1541137695312,546.8471069335938,886,21,798,17,88,-0.10459442436695099,0.49221994876861574,1.576775074005127,-0.10524436900836194,-0.7172974227843941,1.4338265515926258,152.06
38,7,834,9,864,45,1051.1309814453125,963.1541137695312,546.8471069335938,849,27,757,25,92,-0.15009883791208267,0.49380832314491274,1.5666856169700623,-0.1489450906599705,-0.6782819463507928,1.3714862667407726,151.6
39,0,944,32,987,79,1051.1309814453125,963.1541137695312,546.8471069335938,965,55,763,54,202,0.0009356539812870324,0.5133825778961182,1.4770522117614746,0.001096922675850521,-0.2922814178585254,0.6246373096047083,135.59
39,1,791,37,829,85,1051.1309814453125,963.1541137695312,546.8471069335938,810,61,699,60,111,-0.17174550890922546,0.5233421862125397,1.2666912078857422,-0.16562585815870842,-0.5254109213213367,1.1367273562175773,124.53
39,2,907,11,945,52,1051.1309814453125,963.1541137695312,546.8471069335938,926,31,833,28,93,-0.05539960786700249,0.4977994799613953,1.5241315364837646,-0.04795638209008112,-0.6658256233380333,1.3567391025822695,149.83
39,3,1034,13,1076,58,1051.1309814453125,963.1541137695312,546.8471069335938,1055,35,957,33,98,0.11434808000922203,0.5026756465435028,1.4766496419906616,0.11250092338599996,-0.6269553762918497,1.2875177197974599,142.47
39,4,853,37,892,77,1051.1309814453125,963.1541137695312,546.8471069335938,872,57,855,55,17,-0.10306195169687271,0.5190749704837799,1.2899909019470215,-0.6436500471271329,-3.458868727088483,7.422160972950063,126.09
39,5,1156,11,1197,56,1051.1309814453125,963.1541137695312,546.8471069335938,1176,33,1079,30,97,0.267231285572052,0.5013726592063904,1.4735996723175049,0.26340012711713273,-0.6358938651909195,1.300791098352073,144.92
39,6,871,1,901,44,1051.1309814453125,963.1541137695312,546.8471069335938,886,22,799,17,87,-0.10510338097810745,0.49202855825424197,1.5752798318862915,-0.10645407439926266,-0.7241624618571003,1.4503073165534606,152.09
39,7,834,11,864,47,1051.1309814453125,963.1541137695312,546.8471069335938,849,29,756,24,93,-0.1505790650844574,0.49543058276176455,1.5683305859565735,-0.14734353054534716,-0.6684071077134949,1.3567391025822695,152.3
40,0,944,32,988,79,1051.1309814453125,963.1541137695312,546.8471069335938,966,55,855,55,111,-0.002745867008343339,0.5121425479650498,1.405129075050354,0.0030776342700969636,-0.5318995171839832,1.1367273562175773,132.86
40,1,790,38,830,85,1051.1309814453125,963.1541137695312,546.8471069335938,810,61,699,61,111,-0.1724420189857483,0.5237216591835022,1.2686132192611694,-0.16562585815870842,-0.5254109213213367,1.1367273562175773,124.01
40,2,908,12,945,50,1051.1309814453125,963.1541137695312,546.8471069335938,926,31,833,26,93,-0.050219081342220306,0.49881392121315005,1.5240438580513,-0.04795638209008112,-0.6658256233380333,1.3567391025822695,148.23
40,3,1034,13,1075,56,1051.1309814453125,963.1541137695312,546.8471069335938,1054,34,957,34,97,0.11428576707839966,0.4964512825012207,1.4851521253585815,0.1124232110141138,-0.634656349485157,1.300791098352073,142.83
40,4,1157,10,1197,55,1051.1309814453125,963.1541137695312,546.8471069335938,1177,32,1079,31,98,0.26695743203163147,0.5004417836666107,1.4770390391349792,0.2619372587124575,-0.6306300402752872,1.2875177197974599,144.77
40,5,833,10,864,45,1051.1309814453125,963.1541137695312,546.8471069335938,848,27,757,23,91,-0.14988414198160172,0.4955224633216858,1.5722185969352722,-0.15190096004589276,-0.6857355941128893,1.3865575443972644,152.48
40,6,872,0,900,42,1051.1309814453125,963.1541137695312,546.8471069335938,886,21,798,17,88,-0.10419673472642899,0.49367150068283083,1.5829421281814575,-0.10524436900836194,-0.7172974227843941,1.4338265515926258,152.65
40,7,854,37,892,75,1051.1309814453125,963.1541137695312,546.8471069335938,873,56,763,54,110,-0.10372520983219147,0.5192971169948578,1.2993382215499878,-0.0983819252518391,-0.5356437034905742,1.1470612412741006,128.92
41,0,944,31,988,78,1051.1309814453125,963.1541137695312,546.8471069335938,966,54,854,56,112,0.003871308173984289,0.5159105896949768,1.577480673789978,0.0030501553926853826,-0.5282221913471524,1.1265780048227774,143.0
41,1,791,37,830,86,1051.1309814453125,963.1541137695312,546.8471069335938,810,61,699,60,111,-0.16985942423343658,0.5222518235445023,1.2554616928100586,-0.16562585815870842,-0.5254109213213367,1.1367273562175773,121.87
41,2,907,11,944,50,1051.1309814453125,963.1541137695312,546.8471069335938,925,30,833,28,92,-0.05089600384235382,0.4960907340049744,1.5670647025108337,-0.049782419106918496,-0.6743676303684355,1.3714862667407726,151.36
41,3,1034,13,1075,57,1051.1309814453125,963.1541137695312,546.8471069335938,1054,35,957,33,97,0.11664091795682907,0.4975068807601929,1.4901085495948792,0.1124232110141138,-0.6334188337793947,1.300791098352073,143.8
41,4,1156,11,1198,56,1051.1309814453125,963.1541137695312,546.8471069335938,1177,33,1079,30,98,0.2697789818048477,0.49901353716850283,1.538487732410431,0.2619372587124575,-0.6294051522808081,1.2875177197974599,150.24
41,5,855,35,892,74,1051.1309814453125,963.1541137695312,546.8471069335938,873,54,763,54,110,-0.1035383939743042,0.5171380281448364,1.289127230644226,-0.0983819252518391,-0.537826231189828,1.1470612412741006,127.6
41,6,872,0,900,40,1051.1309814453125,963.1541137695312,546.8471069335938,886,20,798,17,88,-0.10561954230070114,0.4902240872383118,1.5816391706466675,-0.10524436900836194,-0.7186615025964277,1.4338265515926258,152.93
41,7,834,9,864,44,1051.1309814453125,963.1541137695312,546.8471069335938,849,26,756,25,93,-0.15050112456083298,0.494227135181427,1.5709612965583801,-0.14734353054534716,-0.6722793342766871,1.3567391025822695,151.87
42,0,944,32,987,78,1051.1309814453125,963.1541137695312,546.8471069335938,965,55,763,54,202,0.0010129308502655476,0.5130820214748383,1.3626144528388977,0.001096922675850521,-0.2922814178585254,0.6246373096047083,133.53
42,1,791,37,830,86,1051.1309814453125,963.1541137695312,546.8471069335938,810,61,699,60,111,-0.17077454179525375,0.5229602992534638,1.2648283243179321,-0.16562585815870842,-0.5254109213213367,1.1367273562175773,123.25
42,2,907,11,944,51,1051.1309814453125,963.1541137695312,546.8471069335938,925,31,833,27,92,-0.05681299977004528,0.4977943241596222,1.5403903126716614,-0.049782419106918496,-0.6730628583743165,1.3714862667407726,149.4
42,3,1034,13,1075,58,1051.1309814453125,963.1541137695312,546.8471069335938,1054,35,957,33,97,0.11354553699493408,0.5025166511535645,1.4629335403442383,0.1124232110141138,-0.6334188337793947,1.300791098352073,141.67
42,4,855,36,892,75,1051.1309814453125,963.1541137695312,546.8471069335938,873,55,855,55,18,-0.10248015075922012,0.5174850463867188,1.2884461879730225,-0.6012228765390166,-3.2800470226345624,7.009818696675059,127.09
42,5,1157,10,1197,55,1051.1309814453125,963.1541137695312,546.8471069335938,1177,32,1079,30,98,0.26852935552597046,0.4971968173980713,1.5203309059143066,0.2619372587124575,-0.6306300402752872,1.2875177197974599,147.43
42,6,871,1,900,42,1051.1309814453125,963.1541137695312,546.8471069335938,885,21,798,17,87,-0.10562243312597275,0.4922003984451294,1.572393536567688,-0.1078338332895955,-0.7255422207474331,1.4503073165534606,151.85
42,7,834,9,864,45,1051.1309814453125,963.1541137695312,546.8471069335938,849,27,756,23,93,-0.15036028623580933,0.4942409634590149,1.5677568912506104,-0.14734353054534716,-0.6709885920889563,1.3567391025822695,151.77
43,0,944,31,987,77,1051.1309814453125,963.1541137695312,546.8471069335938,965,54,763,55,202,0.000932356109842658,0.511935555934906,1.4496650695800781,0.001096922675850521,-0.29287567044990637,0.6246373096047083,134.34
43,1,791,37,830,85,1051.1309814453125,963.1541137695312,546.8471069335938,810,61,698,61,112,-0.1833798885345459,0.5216032803058624,1.3247230052947998,-0.16414705585371994,-0.5207197523809677,1.1265780048227774,130.78
43,2,907,11,945,49,1051.1309814453125,963.1541137695312,546.8471069335938,926,30,833,28,93,-0.0534077025949955,0.500216269493103,1.5750661492347717,-0.04795638209008112,-0.6671163655257641,1.3567391025822695,149.8
43,3,1034,13,1075,56,1051.1309814453125,963.1541137695312,546.8471069335938,1054,34,957,33,97,0.1134885624051094,0.5015527248382569,1.464926838874817,0.1124232110141138,-0.634656349485157,1.300791098352073,142.21
43,4,854,35,892,74,1051.1309814453125,963.1541137695312,546.8471069335938,873,54,854,56,19,-0.10446050763130188,0.5189484298229218,1.2984060645103455,-0.5695795672474896,-3.113730812151636,6.640880870534267,127.07
43,5,1156,11,1198,55,1051.1309814453125,963.1541137695312,546.8471069335938,1177,33,1078,30,99,0.2677930146455765,0.501180225610733,1.5018038153648376,0.25929142781637204,-0.6230475244799918,1.2745124903045562,145.81
43,6,872,0,901,40,1051.1309814453125,963.1541137695312,546.8471069335938,886,20,798,17,88,-0.10461194068193436,0.4876848697662354,1.5875113010406494,-0.10524436900836194,-0.7186615025964277,1.4338265515926258,154.03
43,7,834,9,864,44,1051.1309814453125,963.1541137695312,546.8471069335938,849,26,757,25,92,-0.1501023918390274,0.49437674283981325,1.5792704820632935,-0.1489450906599705,-0.6795867183449119,1.3714862667407726,152.39
44,0,944,32,987,78,1051.1309814453125,963.1541137695312,546.8471069335938,965,55,855,56,110,0.0023022235836833715,0.5117079257965088,1.328997790813446,0.002014348913834593,-0.5367349673402011,1.1470612412741006,130.85
44,1,790,37,830,86,1051.1309814453125,963.1541137695312,546.8471069335938,810,61,698,60,112,-0.16893073916435242,0.5238104701042176,1.2607465982437134,-0.16414705585371994,-0.5207197523809677,1.1265780048227774,122.39
44,2,907,11,944,48,1051.1309814453125,963.1541137695312,546.8471069335938,925,29,832,26,93,-0.04810024052858353,0.4955125689506531,1.5554893016815186,-0.049247124277811846,-0.6684071077134949,1.3567391025822695,151.29
44,3,1034,13,1075,58,1051.1309814453125,963.1541137695312,546.8471069335938,1054,35,957,33,97,0.11349907517433167,0.5024683713912964,1.4648373126983643,0.1124232110141138,-0.6334188337793947,1.300791098352073,141.75
44,4,1156,11,1198,55,1051.1309814453125,963.1541137695312,546.8471069335938,1177,33,1079,29,98,0.26863206923007965,0.5014621257781983,1.48932546377182,0.2619372587124575,-0.6294051522808081,1.2875177197974599,145.81
44,5,855,34,893,73,1051.1309814453125,963.1541137695312,546.8471069335938,874,53,763,54,111,-0.10429899394512177,0.517201641201973,1.293283998966217,-0.09641416895714724,-0.5340623824715318,1.1367273562175773,128.18
44,6,872,0,900,38,1051.1309814453125,963.1541137695312,546.8471069335938,886,19,798,17,88,-0.10566990077495575,0.48832970261573794,1.5775513052940369,-0.10524436900836194,-0.7200255824084614,1.4338265515926258,152.93
44,7,834,9,865,44,1051.1309814453125,963.1541137695312,546.8471069335938,849,26,756,24,93,-0.15056487172842026,0.49439492225646975,1.5716717839241028,-0.14734353054534716,-0.6722793342766871,1.3567391025822695,152.43
45,0,944,32,987,79,1051.1309814453125,963.1541137695312,546.8471069335938,965,55,763,55,202,-0.00016861588665051386,0.51349256336689,1.3038201332092285,0.001096922675850521,-0.2922814178585254,0.6246373096047083,129.01
45,1,791,37,829,86,1051.1309814453125,963.1541137695312,546.8471069335938,810,61,699,60,111,-0.1670636236667633,0.5236375570297241,1.2509236335754395,-0.16562585815870842,-0.5254109213213367,1.1367273562175773,120.79
45,2,907,12,945,51,1051.1309814453125,963.1541137695312,546.8471069335938,926,31,833,28,93,-0.052722666412591934,0.4966233015060425,1.522702932357788,-0.04795638209008112,-0.6658256233380333,1.3567391025822695,148.3
45,3,1033,13,1077,58,1051.1309814453125,963.1541137695312,546.8471069335938,1055,35,957,33,98,0.1144954077899456,0.5027521789073944,1.4627742767333984,0.11250092338599996,-0.6269553762918497,1.2875177197974599,142.04
45,4,854,36,892,75,1051.1309814453125,963.1541137695312,546.8471069335938,873,55,854,56,19,-0.10306272655725479,0.5181418746709824,1.2901601195335388,-0.5695795672474896,-3.1074129688116905,6.640880870534267,128.61
45,5,1157,11,1198,57,1051.1309814453125,963.1541137695312,546.8471069335938,1177,34,1078,30,99,0.2673075199127197,0.5015517413616181,1.460377275943756,0.25929142781637204,-0.6218350090915175,1.2745124903045562,144.0
45,6,872,1,900,43,1051.1309814453125,963.1541137695312,546.8471069335938,886,22,798,17,88,-0.10482635349035263,0.4921255350112915,1.5745394229888916,-0.10524436900836194,-0.7159333429723606,1.4338265515926258,151.92
45,7,834,10,864,46,1051.1309814453125,963.1541137695312,546.8471069335938,849,28,757,25,92,-0.14919856190681458,0.495556914806366,1.564457893371582,-0.1489450906599705,-0.6769771743566738,1.3714862667407726,151.68
46,0,944,33,987,79,1051.1309814453125,963.1541137695312,546.8471069335938,965,56,854,56,111,0.0009373568173032254,0.5142440885305405,1.4656060934066772,0.0019962016263225697,-0.5308180845402087,1.1367273562175773,135.44
46,1,791,38,830,85,1051.1309814453125,963.1541137695312,546.8471069335938,810,61,699,60,111,-0.1743815541267395,0.5201698780059815,1.2579988241195679,-0.16562585815870842,-0.5254109213213367,1.1367273562175773,124.3
46,2,908,11,944,51,1051.1309814453125,963.1541137695312,546.8471069335938,926,31,833,27,93,-0.05310570448637009,0.49653913974761965,1.5624113082885742,-0.04795638209008112,-0.6658256233380333,1.3567391025822695,151.35
46,3,1034,13,1075,58,1051.1309814453125,963.1541137695312,546.8471069335938,1054,35,957,33,97,0.11295227706432343,0.5023711562156677,1.459747076034546,0.1124232110141138,-0.6334188337793947,1.300791098352073,141.21
46,4,1157,11,1197,55,1051.1309814453125,963.1541137695312,546.8471069335938,1177,33,1079,32,98,0.268968403339386,0.5011604368686676,1.493889331817627,0.2619372587124575,-0.6294051522808081,1.2875177197974599,145.63
46,5,854,37,893,75,1051.1309814453125,963.1541137695312,546.8471069335938,873,56,763,54,110,-0.10226617008447647,0.5185525953769684,1.290389895439148,-0.0983819252518391,-0.5356437034905742,1.1470612412741006,126.44
46,6,872,1,901,43,1051.1309814453125,963.1541137695312,546.8471069335938,886,22,799,17,87,-0.10471481829881668,0.4923448204994202,1.5792807340621948,-0.10645407439926266,-0.7241624618571003,1.4503073165534606,152.25
46,7,834,11,865,46,1051.1309814453125,963.1541137695312,546.8471069335938,849,28,756,24,93,-0.1501196026802063,0.4950141549110413,1.5665929913520813,-0.14734353054534716,-0.6696978499012255,1.3567391025822695,151.9
47,0,944,32,987,78,1051.1309814453125,963.1541137695312,546.8471069335938,965,55,854,55,111,0.0009282911196351051,0.5141293048858643,1.3062600493431091,0.0019962016263225697,-0.5318995171839832,1.1367273562175773,129.75
47,1,790,37,830,85,1051.1309814453125,963.1541137695312,546.8471069335938,810,61,699,60,111,-0.17636284232139587,0.5212590336799622,1.2472437620162964,-0.16562585815870842,-0.5254109213213367,1.1367273562175773,125.65
47,2,907,11,945,51,1051.1309814453125,963.1541137695312,546.8471069335938,926,31,833,27,93,-0.04965676926076412,0.49714755415916445,1.5645159482955933,-0.04795638209008112,-0.6658256233380333,1.3567391025822695,152.32
47,3,1034,13,1076,57,1051.1309814453125,963.1541137695312,546.8471069335938,1055,35,957,34,98,0.11475555971264839,0.5024596989154816,1.4813312292099,0.11250092338599996,-0.6269553762918497,1.2875177197974599,142.96
47,4,1157,10,1197,54,1051.1309814453125,963.1541137695312,546.8471069335938,1177,32,1079,30,98,0.2677491307258606,0.5001081168651581,1.4777305126190186,0.2619372587124575,-0.6306300402752872,1.2875177197974599,144.84
47,5,834,10,865,45,1051.1309814453125,963.1541137695312,546.8471069335938,849,27,757,24,92,-0.14904234558343887,0.49548941254615786,1.5656694769859314,-0.1489450906599705,-0.6782819463507928,1.3714862667407726,151.92
47,6,855,36,892,74,1051.1309814453125,963.1541137695312,546.8471069335938,873,55,763,54,110,-0.10380319505929947,0.5183239221572876,1.300889253616333,-0.0983819252518391,-0.5367349673402011,1.1470612412741006,130.18
47,7,872,0,901,40,1051.1309814453125,963.1541137695312,546.8471069335938,886,20,798,17,88,-0.10431035608053207,0.4919475555419922,1.5819281339645386,-0.10524436900836194,-0.7186615025964277,1.4338265515926258,153.17
48,0,944,33,987,78,1051.1309814453125,963.1541137695312,546.8471069335938,965,55,854,56,111,-0.00016923004295676947,0.5117842793464661,1.4052648544311523,0.0019962016263225697,-0.5318995171839832,1.1367273562175773,131.29
48,1,791,37,829,85,1051.1309814453125,963.1541137695312,546.8471069335938,810,61,698,61,112,-0.1688092201948166,0.523634159564972,1.260633111000061,-0.16414705585371994,-0.5207197523809677,1.1265780048227774,122.36
48,2,907,12,944,51,1051.1309814453125,963.1541137695312,546.8471069335938,925,31,833,28,92,-0.05181031674146652,0.4997859537601471,1.5180745720863342,-0.049782419106918496,-0.6730628583743165,1.3714862667407726,149.73
48,3,1034,13,1074,58,1051.1309814453125,963.1541137695312,546.8471069335938,1054,35,957,33,97,0.11336014419794083,0.5027695536613465,1.468707799911499,0.1124232110141138,-0.6334188337793947,1.300791098352073,142.33
48,4,1157,11,1197,54,1051.1309814453125,963.1541137695312,546.8471069335938,1177,32,1078,30,99,0.26820965111255646,0.5006984412670136,1.4771934151649475,0.25929142781637204,-0.624260039868466,1.2745124903045562,145.21
48,5,833,10,864,45,1051.1309814453125,963.1541137695312,546.8471069335938,848,27,756,24,92,-0.14957642555236816,0.49614101052284243,1.5601996183395386,-0.1502498626540896,-0.6782819463507928,1.3714862667407726,151.63
48,6,872,1,900,42,1051.1309814453125,963.1541137695312,546.8471069335938,886,21,797,17,89,-0.10539359599351883,0.4937197804450989,1.582836627960205,-0.104061848008268,-0.7092379011800751,1.4177161409005739,153.21
48,7,855,36,893,74,1051.1309814453125,963.1541137695312,546.8471069335938,874,55,763,55,111,-0.10891794040799141,0.5204454302787781,1.3028631210327148,-0.09641416895714724,-0.5318995171839832,1.1367273562175773,132.9
49,0,944,32,987,79,1051.1309814453125,963.1541137695312,546.8471069335938,965,55,854,56,111,0.002017661929130554,0.5126749366521836,1.3115121722221375,0.0019962016263225697,-0.5318995171839832,1.1367273562175773,130.68
49,1,791,37,829,86,1051.1309814453125,963.1541137695312,546.8471069335938,810,61,699,60,111,-0.16572491824626923,0.5184770464897156,1.2485889196395874,-0.16562585815870842,-0.5254109213213367,1.1367273562175773,120.84
49,2,907,11,945,50,1051.1309814453125,963.1541137695312,546.8471069335938,926,30,833,28,93,-0.05051088333129883,0.49684577584266665,1.5727763175964355,-0.04795638209008112,-0.6671163655257641,1.3567391025822695,152.42
49,3,1033,13,1076,58,1051.1309814453125,963.1541137695312,546.8471069335938,1054,35,957,33,97,0.11339544504880905,0.5022772192955017,1.450134038925171,0.1124232110141138,-0.6334188337793947,1.300791098352073,141.06
49,4,854,35,892,74,1051.1309814453125,963.1541137695312,546.8471069335938,873,54,762,54,111,-0.10413121432065964,0.5169239282608032,1.2944819927215576,-0.09749560160092163,-0.5329809498277576,1.1367273562175773,128.71
49,5,834,10,863,45,1051.1309814453125,963.1541137695312,546.8471069335938,848,27,757,25,91,-0.15129303932189941,0.4948224663734436,1.574155569076538,-0.15190096004589276,-0.6857355941128893,1.3865575443972644,152.29
49,6,1156,11,1197,55,1051.1309814453125,963.1541137695312,546.8471069335938,1176,33,1079,31,97,0.2625233829021454,0.4981550216674805,1.499579906463623,0.26340012711713273,-0.6358938651909195,1.300791098352073,145.55
49,7,872,0,900,41,1051.1309814453125,963.1541137695312,546.8471069335938,886,20,798,18,88,-0.10567787289619446,0.49189170598983767,1.5860333442687988,-0.10524436900836194,-0.7186615025964277,1.4338265515926258,153.47
50,0,944,30,987,78,1051.1309814453125,963.1541137695312,546.8471069335938,965,54,854,55,111,0.0020410873694345355,0.5129089742898941,1.4092735648155212,0.0019962016263225697,-0.5329809498277576,1.1367273562175773,132.77
50,1,791,37,830,86,1051.1309814453125,963.1541137695312,546.8471069335938,810,61,763,55,47,-0.1660122275352478,0.5259025782346726,1.272088646888733,-0.39115894160886455,-1.2408640907801782,2.684611415747895,123.63
50,2,1034,12,1076,57,1051.1309814453125,963.1541137695312,546.8471069335938,1055,34,957,33,98,0.11363080516457558,0.5013825535774231,1.4617825746536255,0.11250092338599996,-0.6281802642863289,1.2875177197974599,141.36
50,3,907,10,945,49,1051.1309814453125,963.1541137695312,546.8471069335938,926,29,833,28,93,-0.0514807403087616,0.49614139795303347,1.5655461549758911,-0.04795638209008112,-0.6684071077134949,1.3567391025822695,150.48
50,4,1157,11,1198,56,1051.1309814453125,963.1541137695312,546.8471069335938,1177,33,1079,30,98,0.26901431381702423,0.5007691323757172,1.457446277141571,0.2619372587124575,-0.6294051522808081,1.2875177197974599,145.01
50,5,834,8,864,44,1051.1309814453125,963.1541137695312,546.8471069335938,849,26,799,17,50,-0.14900436997413635,0.4938028693199158,1.5548709630966187,-0.2740589668143457,-1.250439561754638,2.5235347308030214,150.92
50,6,855,35,892,74,1051.1309814453125,963.1541137695312,546.8471069335938,873,54,756,24,117,-0.10357673093676567,0.5174576729536057,1.300159513950348,-0.09249582715984873,-0.5056485934263341,1.078433645642317,130.3
51,0,944,32,987,78,1051.1309814453125,963.1541137695312,546.8471069335938,965,55,763,55,202,0.0031239641830325127,0.511101359128952,1.4338775873184204,0.001096922675850521,-0.2922814178585254,0.6246373096047083,132.66
51,1,791,38,830,86,1051.1309814453125,963.1541137695312,546.8471069335938,810,62,699,60,111,-0.17554692924022675,0.5215597093105316,1.2845847606658936,-0.16562585815870842,-0.5243294886775623,1.1367273562175773,125.59
51,2,908,12,945,51,1051.1309814453125,963.1541137695312,546.8471069335938,926,31,833,28,93,-0.053004175424575806,0.49830477833747866,1.5212169289588928,-0.04795638209008112,-0.6658256233380333,1.3567391025822695,149.49
51,3,1034,12,1075,56,1051.1309814453125,963.1541137695312,546.8471069335938,1054,34,957,33,97,0.11376742273569107,0.5006520986557007,1.4708837866783142,0.1124232110141138,-0.634656349485157,1.300791098352073,141.92
51,4,854,37,892,76,1051.1309814453125,963.1541137695312,546.8471069335938,873,56,854,56,19,-0.10273805260658264,0.5188523173332215,1.2917441129684448,-0.5695795672474896,-3.1010951254717454,6.640880870534267,126.49
51,5,1156,11,1198,55,1051.1309814453125,963.1541137695312,546.8471069335938,1177,33,1079,32,98,0.2678440362215042,0.5010044813156128,1.4729213118553162,0.2619372587124575,-0.6294051522808081,1.2875177197974599,144.79
51,6,833,11,864,46,1051.1309814453125,963.1541137695312,546.8471069335938,848,28,757,24,91,-0.14932874590158463,0.49421184659004214,1.5532068014144897,-0.15190096004589276,-0.6844164839649888,1.3865575443972644,150.22
51,7,872,1,901,43,1051.1309814453125,963.1541137695312,546.8471069335938,886,22,798,17,88,-0.10346092283725739,0.4930743217468262,1.5720863342285156,-0.10524436900836194,-0.7159333429723606,1.4338265515926258,151.21
52,0,945,32,987,78,1051.1309814453125,963.1541137695312,546.8471069335938,966,55,764,53,202,0.0010685663437470794,0.5116958260536194,1.4337362051010132,0.0016911752672314998,-0.2922814178585254,0.6246373096047083,132.58
52,1,791,37,830,85,1051.1309814453125,963.1541137695312,546.8471069335938,810,61,699,60,111,-0.16519351303577423,0.5234465688467026,1.244446575641632,-0.16562585815870842,-0.5254109213213367,1.1367273562175773,120.34
52,2,908,11,944,49,1051.1309814453125,963.1541137695312,546.8471069335938,926,30,833,27,93,-0.045123856514692307,0.5014384627342224,1.5042240023612976,-0.04795638209008112,-0.6671163655257641,1.3567391025822695,149.0
52,3,1034,12,1075,57,1051.1309814453125,963.1541137695312,546.8471069335938,1054,34,957,33,97,0.1164248138666153,0.49908038377761843,1.459852695465088,0.1124232110141138,-0.634656349485157,1.300791098352073,141.59
52,4,854,36,892,74,1051.1309814453125,963.1541137695312,546.8471069335938,873,55,855,55,18,-0.10330032557249069,0.5170732378959656,1.2919320464134216,-0.6012228765390166,-3.2800470226345624,7.009818696675059,127.73
52,5,1156,10,1197,54,1051.1309814453125,963.1541137695312,546.8471069335938,1176,32,1079,30,97,0.26709941029548645,0.5000528335571289,1.4701746702194214,0.26340012711713273,-0.637131380896682,1.300791098352073,144.13
52,6,872,1,900,42,1051.1309814453125,963.1541137695312,546.8471069335938,886,21,799,17,87,-0.10467546805739403,0.4923544466495514,1.5738710761070251,-0.10645407439926266,-0.7255422207474331,1.4503073165534606,151.66
52,7,834,10,864,45,1051.1309814453125,963.1541137695312,546.8471069335938,849,27,756,23,93,-0.1498960554599762,0.4944817066192627,1.5630757212638855,-0.14734353054534716,-0.6709885920889563,1.3567391025822695,151.6
53,0,791,37,830,85,1051.1309814453125,963.1541137695312,546.8471069335938,810,61,699,60,111,-0.1675821840763092,0.5196870803833008,1.2722853422164917,-0.16562585815870842,-0.5254109213213367,1.1367273562175773,122.15
53,1,944,32,987,78,1051.1309814453125,963.1541137695312,546.8471069335938,965,55,854,55,111,-0.0015146597870625556,0.5133370846509934,1.4596545100212097,0.0019962016263225697,-0.5318995171839832,1.1367273562175773,134.38
53,2,1034,13,1075,57,1051.1309814453125,963.1541137695312,546.8471069335938,1054,35,957,33,97,0.11324791610240936,0.5015922129154206,1.4588779211044312,0.1124232110141138,-0.6334188337793947,1.300791098352073,141.13
53,3,907,11,944,49,1051.1309814453125,963.1541137695312,546.8471069335938,925,30,833,27,92,-0.05093136802315712,0.4969297289848328,1.5425196886062622,-0.049782419106918496,-0.6743676303684355,1.3714862667407726,150.29
53,4,854,35,892,74,1051.1309814453125,963.1541137695312,546.8471069335938,873,54,763,54,110,-0.10414697229862213,0.5170346736907959,1.2935941219329834,-0.0983819252518391,-0.537826231189828,1.1470612412741006,128.7
53,5,1156,11,1198,54,1051.1309814453125,963.1541137695312,546.8471069335938,1177,32,1078,30,99,0.26667624711990356,0.5004629135131836,1.467832088470459,0.25929142781637204,-0.624260039868466,1.2745124903045562,144.05
53,6,872,1,900,40,1051.1309814453125,963.1541137695312,546.8471069335938,886,20,797,17,89,-0.10481754317879677,0.4918765962123871,1.5755679607391357,-0.104061848008268,-0.7105866542526477,1.4177161409005739,152.33
53,7,834,10,864,44,1051.1309814453125,963.1541137695312,546.8471069335938,849,27,756,24,93,-0.15025687962770462,0.49465503692626955,1.5666178464889526,-0.14734353054534716,-0.6709885920889563,1.3567391025822695,151.84
54,0,944,31,987,77,1051.1309814453125,963.1541137695312,546.8471069335938,965,54,763,55,202,-0.00018308383005205542,0.5130238473415375,1.3000189065933228,0.001096922675850521,-0.29287567044990637,0.6246373096047083,131.1
54,1,791,37,830,86,1051.1309814453125,963.1541137695312,546.8471069335938,810,61,699,61,111,-0.1626155972480774,0.5207881271839142,1.238136649131775,-0.16562585815870842,-0.5254109213213367,1.1367273562175773,119.3
54,2,907,11,944,49,1051.1309814453125,963.1541137695312,546.8471069335938,925,30,833,29,92,-0.051328228786587715,0.4961169004440308,1.5620683431625366,-0.049782419106918496,-0.6743676303684355,1.3714862667407726,151.0
54,3,1034,13,1075,56,1051.1309814453125,963.1541137695312,546.8471069335938,1054,34,957,33,97,0.11400961875915527,0.501540207862854,1.4797590970993042,0.1124232110141138,-0.634656349485157,1.300791098352073,142.54
54,4,854,35,892,73,1051.1309814453125,963.1541137695312,546.8471069335938,873,54,854,57,19,-0.10354477912187576,0.5160500198602677,1.2868508696556091,-0.5695795672474896,-3.113730812151636,6.640880870534267,127.92
54,5,1157,11,1198,55,1051.1309814453125,963.1541137695312,546.8471069335938,1177,33,1079,31,98,0.2668844163417816,0.49754481911659243,1.5162570476531982,0.2619372587124575,-0.6294051522808081,1.2875177197974599,147.78
54,6,872,0,901,39,1051.1309814453125,963.1541137695312,546.8471069335938,886,19,799,18,87,-0.10385965183377266,0.49095421433448794,1.5783799290657043,-0.10645407439926266,-0.7283017385280988,1.4503073165534606,152.66
54,7,834,8,863,44,1051.1309814453125,963.1541137695312,546.8471069335938,848,26,756,24,92,-0.15068647265434265,0.4933956503868103,1.5657637119293213,-0.1502498626540896,-0.6795867183449119,1.3714862667407726,151.21
55,0,944,31,987,78,1051.1309814453125,963.1541137695312,546.8471069335938,965,54,854,55,111,0.0020329136168584228,0.5116167902946472,1.3144928216934204,0.0019962016263225697,-0.5329809498277576,1.1367273562175773,130.37
55,1,791,37,830,86,1051.1309814453125,963.1541137695312,546.8471069335938,810,61,698,61,112,-0.16633878648281097,0.5232551336288452,1.2419373989105225,-0.16414705585371994,-0.5207197523809677,1.1265780048227774,121.33
55,2,908,11,944,48,1051.1309814453125,963.1541137695312,546.8471069335938,926,29,833,27,93,-0.05073985829949379,0.49630566835403445,1.5463394522666931,-0.04795638209008112,-0.6684071077134949,1.3567391025822695,150.38
55,3,1035,13,1075,56,1051.1309814453125,963.1541137695312,546.8471069335938,1055,34,957,33,98,0.11627591401338577,0.49954681992530825,1.4628624320030212,0.11250092338599996,-0.6281802642863289,1.2875177197974599,141.46
55,4,854,34,891,73,1051.1309814453125,963.1541137695312,546.8471069335938,872,53,763,54,109,-0.10488550364971161,0.5167396306991577,1.2877331972122192,-0.10038578716661704,-0.5438616922416517,1.1575847389004685,126.88
55,5,833,8,863,44,1051.1309814453125,963.1541137695312,546.8471069335938,848,26,757,25,91,-0.14951350539922714,0.492789500951767,1.566089689731598,-0.15190096004589276,-0.68705470426079,1.3865575443972644,150.94
55,6,1157,11,1197,55,1051.1309814453125,963.1541137695312,546.8471069335938,1177,33,1079,30,98,0.2685534358024597,0.5010673344135285,1.506148338317871,0.2619372587124575,-0.6294051522808081,1.2875177197974599,146.52
55,7,872,0,901,38,1051.1309814453125,963.1541137695312,546.8471069335938,886,19,798,17,88,-0.10415414720773697,0.48777183294296267,1.57308828830719,-0.10524436900836194,-0.7200255824084614,1.4338265515926258,152.47
56,0,944,31,987,78,1051.1309814453125,963.1541137695312,546.8471069335938,965,54,763,55,202,0.0003803344807238318,0.512485408782959,1.3041973114013672,0.001096922675850521,-0.29287567044990637,0.6246373096047083,131.36
56,1,791,37,830,86,1051.1309814453125,963.1541137695312,546.8471069335938,810,61,699,60,111,-0.1691913902759552,0.522016966342926,1.2477346658706665,-0.16562585815870842,-0.5254109213213367,1.1367273562175773,120.65
56,2,1034,12,1075,58,1051.1309814453125,963.1541137695312,546.8471069335938,1054,35,957,33,97,0.11302327737212181,0.5015923619270325,1.4429708123207092,0.1124232110141138,-0.6334188337793947,1.300791098352073,140.74
56,3,907,11,945,50,1051.1309814453125,963.1541137695312,546.8471069335938,926,30,833,30,93,-0.04482940211892128,0.49632700681686404,1.5277055501937866,-0.04795638209008112,-0.6671163655257641,1.3567391025822695,149.48
56,4,1156,12,1197,55,1051.1309814453125,963.1541137695312,546.8471069335938,1176,33,1078,31,98,0.26609860360622406,0.5010717451572418,1.4652704000473022,0.2607123707179783,-0.6294051522808081,1.2875177197974599,144.11
56,5,854,36,892,74,1051.1309814453125,963.1541137695312,546.8471069335938,873,55,855,57,18,-0.10297174006700516,0.5182843446731568,1.286061406135559,-0.6012228765390166,-3.2800470226345624,7.009818696675059,124.21
56,6,872,0,900,41,1051.1309814453125,963.1541137695312,546.8471069335938,886,20,799,18,87,-0.10402532666921616,0.4869584083557129,1.5761357545852661,-0.10645407439926266,-0.726921979637766,1.4503073165534606,152.95
56,7,834,10,863,45,1051.1309814453125,963.1541137695312,546.8471069335938,848,27,756,25,92,-0.14870864897966385,0.49351786971092226,1.5616828799247742,-0.1502498626540896,-0.6782819463507928,1.3714862667407726,150.29
57,0,944,31,987,78,1051.1309814453125,963.1541137695312,546.8471069335938,965,54,763,54,202,-0.00016835455608088523,0.5116370558738709,1.3028156757354736,0.001096922675850521,-0.29287567044990637,0.6246373096047083,130.35
57,1,792,36,830,85,1051.1309814453125,963.1541137695312,546.8471069335938,811,60,698,61,113,-0.16564935445785522,0.5233049333095551,1.2475783824920654,-0.16163213479785554,-0.5171739052223658,1.1166082879659387,121.19
57,2,907,11,944,49,1051.1309814453125,963.1541137695312,546.8471069335938,925,30,833,26,92,-0.049610912799835205,0.4959320068359375,1.5378438234329224,-0.049782419106918496,-0.6743676303684355,1.3714862667407726,149.16
57,3,1034,13,1076,57,1051.1309814453125,963.1541137695312,546.8471069335938,1055,35,956,33,99,0.11460930109024048,0.5021549701690674,1.4560343623161316,0.111364550422505,-0.6206224937030431,1.2745124903045562,142.2
57,4,854,36,892,74,1051.1309814453125,963.1541137695312,546.8471069335938,873,55,855,55,18,-0.10274738073348999,0.5169771254062653,1.2881359457969666,-0.6012228765390166,-3.2800470226345624,7.009818696675059,127.63
57,5,1157,11,1197,55,1051.1309814453125,963.1541137695312,546.8471069335938,1177,33,1079,30,98,0.2669064998626709,0.5006236374378205,1.4605522751808167,0.2619372587124575,-0.6294051522808081,1.2875177197974599,144.08
57,6,834,10,864,45,1051.1309814453125,963.1541137695312,546.8471069335938,849,27,756,24,93,-0.1491554230451584,0.49437334537506106,1.559094786643982,-0.14734353054534716,-0.6709885920889563,1.3567391025822695,151.02
57,7,872,0,901,40,1051.1309814453125,963.1541137695312,546.8471069335938,886,20,799,17,87,-0.1043405756354332,0.49077814221382143,1.5734192728996277,-0.10645407439926266,-0.726921979637766,1.4503073165534606,152.03
58,0,944,30,987,78,1051.1309814453125,963.1541137695312,546.8471069335938,965,54,957,33,8,-0.00016836421855259687,0.5101192831993103,1.4087426662445068,0.027697297565225654,-7.395110678860135,15.772092067518884,131.8
58,1,791,36,830,86,1051.1309814453125,963.1541137695312,546.8471069335938,810,61,763,54,47,-0.1682066172361374,0.5214106976985932,1.2503372430801392,-0.39115894160886455,-1.2408640907801782,2.684611415747895,122.01
58,2,1034,12,1075,57,1051.1309814453125,963.1541137695312,546.8471069335938,1054,34,799,17,255,0.11260037869215012,0.5011464595794678,1.443735122680664,0.04276490771909427,-0.24141829764729505,0.4948107315300042,140.15
58,3,907,10,945,50,1051.1309814453125,963.1541137695312,546.8471069335938,926,30,833,27,93,-0.05157963186502457,0.4965472459793091,1.5261833667755127,-0.04795638209008112,-0.6671163655257641,1.3567391025822695,148.53
58,4,854,34,893,74,1051.1309814453125,963.1541137695312,546.8471069335938,873,54,855,55,18,-0.10475822538137436,0.5177666932344437,1.3153461813926697,-0.6012228765390166,-3.286715857271171,7.009818696675059,131.25
58,5,1156,11,1198,56,1051.1309814453125,963.1541137695312,546.8471069335938,1177,33,1079,29,98,0.26738041639328003,0.5011412739753723,1.4641605615615845,0.2619372587124575,-0.6294051522808081,1.2875177197974599,144.21
59,0,791,37,830,85,1051.1309814453125,963.1541137695312,546.8471069335938,810,61,698,60,112,-0.1677737534046173,0.5224761605262757,1.2526419162750244,-0.16414705585371994,-0.5207197523809677,1.1265780048227774,122.1
59,1,944,32,987,78,1051.1309814453125,963.1541137695312,546.8471069335938,965,55,854,56,111,0.0023399076890200377,0.5125565469264984,1.433475136756897,0.0019962016263225697,-0.5318995171839832,1.1367273562175773,133.33
59,2,1034,13,1076,57,1051.1309814453125,963.1541137695312,546.8471069335938,1055,35,957,33,98,0.1136043332517147,0.5017319560050965,1.4453818202018738,0.11250092338599996,-0.6269553762918497,1.2875177197974599,141.01
59,3,907,11,945,50,1051.1309814453125,963.1541137695312,546.8471069335938,926,30,833,27,93,-0.05273162201046944,0.4978251695632935,1.578827142715454,-0.04795638209008112,-0.6671163655257641,1.3567391025822695,156.41
59,4,1156,11,1197,55,1051.1309814453125,963.1541137695312,546.8471069335938,1176,33,756,24,420,0.2671619653701782,0.5005354821681977,1.4554386138916016,0.060832886500861605,-0.1468612021988552,0.30042080128607396,144.92
59,5,872,0,900,41,1051.1309814453125,963.1541137695312,546.8471069335938,886,20,799,17,87,-0.10514320433139801,0.49156012535095217,1.580063819885254,-0.10645407439926266,-0.726921979637766,1.4503073165534606,152.59
59,6,855,36,892,74,1051.1309814453125,963.1541137695312,546.8471069335938,873,55,763,54,110,-0.10310889035463333,0.5178556084632874,1.2970894575119019,-0.0983819252518391,-0.5367349673402011,1.1470612412741006,129.03
59,7,834,9,864,45,1051.1309814453125,963.1541137695312,546.8471069335938,849,27,735,16,114,-0.1486540287733078,0.494506174325943,1.5628486275672913,-0.12020130123436215,-0.5473854303883592,1.1068134784223778,151.04
60,0,944,33,987,79,1051.1309814453125,963.1541137695312,546.8471069335938,965,56,957,33,8,-0.0001682380388956517,0.5134278774261475,1.2891391515731812,0.027697297565225654,-7.365100922995396,15.772092067518884,129.02
60,1,791,37,830,85,1051.1309814453125,963.1541137695312,546.8471069335938,810,61,763,54,47,-0.17163249850273132,0.5214555203914643,1.2585043907165527,-0.39115894160886455,-1.2408640907801782,2.684611415747895,123.64
60,2,907,11,944,50,1051.1309814453125,963.1541137695312,546.8471069335938,925,30,833,27,92,-0.053135767579078674,0.49772080183029177,1.6005964279174805,-0.049782419106918496,-0.6743676303684355,1.3714862667407726,155.75
60,3,1034,13,1075,58,1051.1309814453125,963.1541137695312,546.8471069335938,1054,35,757,24,297,0.1133882999420166,0.5021659970283509,1.4588282108306885,0.03671734501134356,-0.20687416456768107,0.42483749676818544,141.37
60,4,854,36,892,74,1051.1309814453125,963.1541137695312,546.8471069335938,873,55,854,55,19,-0.10313401371240616,0.5177090704441071,1.2889049053192139,-0.5695795672474896,-3.1074129688116905,6.640880870534267,126.38
60,5,1156,11,1197,55,1051.1309814453125,963.1541137695312,546.8471069335938,1176,33,1079,30,97,0.26785916090011597,0.502186918258667,1.5025709867477417,0.26340012711713273,-0.6358938651909195,1.300791098352073,147.75
60,6,872,0,901,41,1051.1309814453125,963.1541137695312,546.8471069335938,886,20,798,17,88,-0.10525958985090256,0.4900532603263855,1.5733115673065186,-0.10524436900836194,-0.7186615025964277,1.4338265515926258,152.04
61,0,944,31,987,79,1051.1309814453125,963.1541137695312,546.8471069335938,965,55,763,54,202,-0.0001684224625932984,0.5106177717447281,1.3186638355255127,0.001096922675850521,-0.2922814178585254,0.6246373096047083,131.02
61,1,791,36,829,86,1051.1309814453125,963.1541137695312,546.8471069335938,810,61,698,60,112,-0.16806069761514664,0.523681053519249,1.2582354545593262,-0.16414705585371994,-0.5207197523809677,1.1265780048227774,120.69
61,2,907,12,944,50,1051.1309814453125,963.1541137695312,546.8471069335938,925,31,833,28,92,-0.05139925703406334,0.49604501724243166,1.5528812408447266,-0.049782419106918496,-0.6730628583743165,1.3714862667407726,149.84
61,3,1034,13,1075,57,1051.1309814453125,963.1541137695312,546.8471069335938,1054,35,957,33,97,0.11344137787818909,0.5018209159374237,1.464612364768982,0.1124232110141138,-0.6334188337793947,1.300791098352073,141.56
61,4,1157,11,1197,55,1051.1309814453125,963.1541137695312,546.8471069335938,1177,33,1078,30,99,0.26720716059207916,0.5011385917663574,1.479550063610077,0.25929142781637204,-0.6230475244799918,1.2745124903045562,144.69
61,5,854,37,891,75,1051.1309814453125,963.1541137695312,546.8471069335938,872,56,854,56,18,-0.10337651520967484,0.5185840517282486,1.2875997424125671,-0.6078917111756255,-3.2733781879979533,7.009818696675059,125.25
61,6,872,1,901,42,1051.1309814453125,963.1541137695312,546.8471069335938,886,21,798,18,88,-0.10587327182292938,0.4900835394859314,1.579236626625061,-0.10524436900836194,-0.7172974227843941,1.4338265515926258,152.86
61,7,834,11,865,45,1051.1309814453125,963.1541137695312,546.8471069335938,849,28,757,24,92,-0.14902907609939575,0.49486120939254763,1.5625804662704468,-0.1489450906599705,-0.6769771743566738,1.3714862667407726,151.19
62,0,944,32,988,78,1051.1309814453125,963.1541137695312,546.8471069335938,966,55,763,54,203,-0.00463546346873045,0.514673912525177,1.4507713317871094,0.0016828443545850388,-0.2908416079183355,0.6215602785229116,136.02
62,1,791,37,830,85,1051.1309814453125,963.1541137695312,546.8471069335938,810,61,699,61,111,-0.17287755012512207,0.5236531436443329,1.2670888900756836,-0.16562585815870842,-0.5254109213213367,1.1367273562175773,124.69
62,2,1034,11,1076,57,1051.1309814453125,963.1541137695312,546.8471069335938,1055,34,957,33,98,0.1139376275241375,0.5010197699069977,1.4704571962356567,0.11250092338599996,-0.6281802642863289,1.2875177197974599,141.97
62,3,907,11,945,50,1051.1309814453125,963.1541137695312,546.8471069335938,926,30,832,28,94,-0.050353653728961945,0.5056705117225647,1.4300398230552673,-0.047446207812527064,-0.6600193829137879,1.3423057078739475,144.13
62,4,854,36,893,74,1051.1309814453125,963.1541137695312,546.8471069335938,873,55,854,55,19,-0.10390635579824448,0.5195880174636841,1.3168540000915527,-0.5695795672474896,-3.1074129688116905,6.640880870534267,131.05
62,5,1156,11,1198,57,1051.1309814453125,963.1541137695312,546.8471069335938,1177,34,1079,29,98,0.2665359526872635,0.50149285197258,1.4731730818748474,0.2619372587124575,-0.6281802642863289,1.2875177197974599,144.06
62,6,834,9,864,45,1051.1309814453125,963.1541137695312,546.8471069335938,849,27,756,24,93,-0.14941559731960297,0.49513747692108157,1.5704257488250732,-0.14734353054534716,-0.6709885920889563,1.3567391025822695,152.02
62,7,874,0,903,39,1051.1309814453125,963.1541137695312,546.8471069335938,888,19,798,17,90,-0.10241405665874481,0.4906948447227478,1.5850690603256226,-0.10023807139797707,-0.7040250139104955,1.401963739335012,153.19
63,0,944,31,987,79,1051.1309814453125,963.1541137695312,546.8471069335938,965,55,763,54,202,0.002053464762866497,0.5156469583511353,1.5403484106063843,0.001096922675850521,-0.2922814178585254,0.6246373096047083,141.23
63,1,908,11,945,51,1051.1309814453125,963.1541137695312,546.8471069335938,926,31,833,27,93,-0.05023467540740967,0.5000463962554932,1.5613970756530762,-0.04795638209008112,-0.6658256233380333,1.3567391025822695,149.94
63,2,791,37,830,86,1051.1309814453125,963.1541137695312,546.8471069335938,810,61,698,60,112,-0.1742461398243904,0.5212161034345627,1.2673636674880981,-0.16414705585371994,-0.5207197523809677,1.1265780048227774,124.94
63,3,1035,13,1076,56,1051.1309814453125,963.1541137695312,546.8471069335938,1055,34,958,33,97,0.11581483855843544,0.5004235446453095,1.4822815656661987,0.11366072671987626,-0.634656349485157,1.300791098352073,142.66
63,4,854,37,892,75,1051.1309814453125,963.1541137695312,546.8471069335938,873,56,855,55,18,-0.10254983603954315,0.5194730699062348,1.3006956577301025,-0.6012228765390166,-3.2733781879979533,7.009818696675059,127.73
63,5,1157,11,1197,55,1051.1309814453125,963.1541137695312,546.8471069335938,1177,33,1079,30,98,0.26737990975379944,0.49600022435188296,1.512669324874878,0.2619372587124575,-0.6294051522808081,1.2875177197974599,146.62
63,6,833,11,864,46,1051.1309814453125,963.1541137695312,546.8471069335938,848,28,756,24,92,-0.15028050541877747,0.49553396701812746,1.5682426691055298,-0.1502498626540896,-0.6769771743566738,1.3714862667407726,151.76
63,7,872,1,901,43,1051.1309814453125,963.1541137695312,546.8471069335938,886,22,798,17,88,-0.10462414100766182,0.49252417087554934,1.5814808011054993,-0.10524436900836194,-0.7159333429723606,1.4338265515926258,152.48
64,0,944,30,987,78,1051.1309814453125,963.1541137695312,546.8471069335938,965,54,854,56,111,-0.00017067085718736053,0.5105950772762299,1.4632732272148132,0.0019962016263225697,-0.5329809498277576,1.1367273562175773,136.7
64,1,791,37,830,86,1051.1309814453125,963.1541137695312,546.8471069335938,810,61,699,60,111,-0.17510129511356354,0.5232972145080567,1.2660630941390991,-0.16562585815870842,-0.5254109213213367,1.1367273562175773,125.98
64,2,1034,12,1076,58,1051.1309814453125,963.1541137695312,546.8471069335938,1055,35,957,33,98,0.11432216316461563,0.50172039270401,1.4700853824615479,0.11250092338599996,-0.6269553762918497,1.2875177197974599,141.85
64,3,907,10,945,49,1051.1309814453125,963.1541137695312,546.8471069335938,926,29,833,28,93,-0.051926128566265106,0.49824866056442263,1.5175734758377075,-0.04795638209008112,-0.6684071077134949,1.3567391025822695,147.88
64,4,1157,10,1198,55,1051.1309814453125,963.1541137695312,546.8471069335938,1177,32,1079,30,98,0.26662158966064453,0.4999932885169983,1.4623618125915527,0.2619372587124575,-0.6306300402752872,1.2875177197974599,143.65
64,5,854,35,892,73,1051.1309814453125,963.1541137695312,546.8471069335938,873,54,763,54,110,-0.10476391017436981,0.5180910766124726,1.3132175207138062,-0.0983819252518391,-0.537826231189828,1.1470612412741006,131.58
64,6,834,9,863,44,1051.1309814453125,963.1541137695312,546.8471069335938,848,26,756,23,92,-0.15123476088047028,0.4951834619045258,1.5766157507896423,-0.1502498626540896,-0.6795867183449119,1.3714862667407726,152.75
64,7,872,0,900,39,1051.1309814453125,963.1541137695312,546.8471069335938,886,19,797,17,89,-0.10502057895064354,0.4912222266197205,1.5820602178573608,-0.104061848008268,-0.7119354073252202,1.4177161409005739,152.87
65,0,944,31,987,79,1051.1309814453125,963.1541137695312,546.8471069335938,965,55,854,56,111,-0.00016969253192655742,0.5137288361787796,1.3451251983642578,0.0019962016263225697,-0.5318995171839832,1.1367273562175773,134.88
65,1,791,37,830,86,1051.1309814453125,963.1541137695312,546.8471069335938,810,61,698,60,112,-0.17151539027690887,0.5199410855770111,1.2688031196594238,-0.16414705585371994,-0.5207197523809677,1.1265780048227774,123.23
65,2,907,11,945,50,1051.1309814453125,963.1541137695312,546.8471069335938,926,30,833,27,93,-0.053724516183137894,0.49883475303649905,1.5569499731063843,-0.04795638209008112,-0.6671163655257641,1.3567391025822695,150.76
65,3,1034,12,1074,58,1051.1309814453125,963.1541137695312,546.8471069335938,1054,35,957,33,97,0.11230307817459106,0.5014393866062165,1.44886314868927,0.1124232110141138,-0.6334188337793947,1.300791098352073,140.98
65,4,1157,11,1197,55,1051.1309814453125,963.1541137695312,546.8471069335938,1177,33,1079,30,98,0.26833154261112213,0.5010978519916535,1.49081152677536,0.2619372587124575,-0.6294051522808081,1.2875177197974599,145.3
65,5,872,0,900,41,1051.1309814453125,963.1541137695312,546.8471069335938,886,20,799,17,87,-0.10579939931631088,0.48928322792053225,1.5715944170951843,-0.10645407439926266,-0.726921979637766,1.4503073165534606,152.28
65,6,834,9,863,45,1051.1309814453125,963.1541137695312,546.8471069335938,848,27,757,24,91,-0.14953649044036865,0.49359520673751833,1.5636837482452393,-0.15190096004589276,-0.6857355941128893,1.3865575443972644,150.76
65,7,854,36,892,75,1051.1309814453125,963.1541137695312,546.8471069335938,873,55,763,53,110,-0.1048390157520771,0.5195666342973709,1.3002951741218567,-0.0983819252518391,-0.5367349673402011,1.1470612412741006,127.36
66,0,943,30,987,78,1051.1309814453125,963.1541137695312,546.8471069335938,965,54,854,56,111,0.0020430395379662514,0.5125649213790894,1.4546763896942139,0.0019962016263225697,-0.5329809498277576,1.1367273562175773,135.95
66,1,791,37,830,86,1051.1309814453125,963.1541137695312,546.8471069335938,810,61,763,54,47,-0.1769191026687622,0.5209854483604431,1.2778887748718262,-0.39115894160886455,-1.2408640907801782,2.684611415747895,126.09
66,2,1034,12,1076,57,1051.1309814453125,963.1541137695312,546.8471069335938,1055,34,958,33,97,0.11338814347982407,0.5012730598449707,1.4543381333351135,0.11366072671987626,-0.634656349485157,1.300791098352073,140.93
66,3,907,11,944,50,1051.1309814453125,963.1541137695312,546.8471069335938,925,30,832,27,93,-0.05333080515265465,0.497804069519043,1.5476757884025574,-0.049247124277811846,-0.6671163655257641,1.3567391025822695,149.4
66,4,1156,10,1197,54,1051.1309814453125,963.1541137695312,546.8471069335938,1176,32,1078,31,98,0.2662128061056137,0.5001443564891815,1.473067045211792,0.2607123707179783,-0.6306300402752872,1.2875177197974599,144.15
66,5,854,35,892,74,1051.1309814453125,963.1541137695312,546.8471069335938,873,54,798,17,75,-0.10560990124940872,0.5180272400379181,1.3111133575439453,-0.144293490369364,-0.7888118057450811,1.6823564872020143,130.59
66,6,834,9,864,45,1051.1309814453125,963.1541137695312,546.8471069335938,849,27,756,23,93,-0.1488535851240158,0.4936999022960663,1.548526108264923,-0.14734353054534716,-0.6709885920889563,1.3567391025822695,150.02
67,0,944,32,987,79,1051.1309814453125,963.1541137695312,546.8471069335938,965,55,855,55,110,-0.0012722384417429566,0.5144869327545166,1.4672601222991943,0.002014348913834593,-0.5367349673402011,1.1470612412741006,135.75
67,1,791,36,830,85,1051.1309814453125,963.1541137695312,546.8471069335938,810,60,699,61,111,-0.17456471920013428,0.5234806478023529,1.273801028728485,-0.16562585815870842,-0.5264923539651112,1.1367273562175773,123.41
67,2,908,11,945,50,1051.1309814453125,963.1541137695312,546.8471069335938,926,30,833,27,93,-0.05076562240719795,0.4955430865287781,1.5661582946777344,-0.04795638209008112,-0.6671163655257641,1.3567391025822695,151.19
67,3,1034,13,1076,57,1051.1309814453125,963.1541137695312,546.8471069335938,1055,35,957,33,98,0.11345802992582321,0.5014919579029083,1.4496344923973083,0.11250092338599996,-0.6269553762918497,1.2875177197974599,140.86
67,4,1157,11,1197,54,1051.1309814453125,963.1541137695312,546.8471069335938,1177,32,1079,30,98,0.26731035113334656,0.5005977392196655,1.4813558459281921,0.2619372587124575,-0.6306300402752872,1.2875177197974599,144.59
67,5,854,36,892,75,1051.1309814453125,963.1541137695312,546.8471069335938,873,55,763,54,110,-0.103852778673172,0.5186031103134155,1.3029322624206543,-0.0983819252518391,-0.5367349673402011,1.1470612412741006,128.34
67,6,834,8,863,45,1051.1309814453125,963.1541137695312,546.8471069335938,848,26,756,24,92,-0.1515636295080185,0.4939178466796875,1.569730520248413,-0.1502498626540896,-0.6795867183449119,1.3714862667407726,152.25
67,7,872,0,900,41,1051.1309814453125,963.1541137695312,546.8471069335938,886,20,798,17,88,-0.10462869703769684,0.4912054777145386,1.5734813213348389,-0.10524436900836194,-0.7186615025964277,1.4338265515926258,151.76
68,0,944,32,987,78,1051.1309814453125,963.1541137695312,546.8471069335938,965,55,854,55,111,-0.0001695974060567096,0.5140811145305634,1.4618718028068542,0.0019962016263225697,-0.5318995171839832,1.1367273562175773,135.04
68,1,790,37,830,86,1051.1309814453125,963.1541137695312,546.8471069335938,810,61,699,61,111,-0.1753627359867096,0.5211180984973908,1.2710909843444824,-0.16562585815870842,-0.5254109213213367,1.1367273562175773,124.31
68,2,1034,13,1076,58,1051.1309814453125,963.1541137695312,546.8471069335938,1055,35,957,33,98,0.11332497000694275,0.5020550429821015,1.4481061697006226,0.11250092338599996,-0.6269553762918497,1.2875177197974599,140.92
68,3,908,11,944,50,1051.1309814453125,963.1541137695312,546.8471069335938,926,30,833,28,93,-0.05211182311177254,0.4970629453659058,1.5711297988891602,-0.04795638209008112,-0.6671163655257641,1.3567391025822695,155.42
68,4,1156,11,1198,56,1051.1309814453125,963.1541137695312,546.8471069335938,1177,33,1078,31,99,0.2662370353937149,0.5009214222431183,1.4549683928489685,0.25929142781637204,-0.6230475244799918,1.2745124903045562,143.72
68,5,855,35,892,74,1051.1309814453125,963.1541137695312,546.8471069335938,873,54,764,56,109,-0.10376495495438576,0.5179311126470566,1.2993324398994446,-0.09928451172203946,-0.5427604167970742,1.1575847389004685,128.9
68,6,834,10,864,45,1051.1309814453125,963.1541137695312,546.8471069335938,849,27,756,24,93,-0.14938274025917053,0.4943853259086609,1.5698515176773071,-0.14734353054534716,-0.6709885920889563,1.3567391025822695,151.66
68,7,872,0,900,41,1051.1309814453125,963.1541137695312,546.8471069335938,886,20,799,17,87,-0.10543808341026306,0.4909664630889893,1.5795332193374634,-0.10645407439926266,-0.726921979637766,1.4503073165534606,152.47
69,0,944,32,987,78,1051.1309814453125,963.1541137695312,546.8471069335938,965,55,763,54,202,0.004235804546624422,0.5150564551353455,1.5294878482818604,0.001096922675850521,-0.2922814178585254,0.6246373096047083,140.42
69,1,791,37,830,86,1051.1309814453125,963.1541137695312,546.8471069335938,810,61,698,61,112,-0.17172347754240036,0.5217232346534729,1.273127794265747,-0.16414705585371994,-0.5207197523809677,1.1265780048227774,123.26
69,2,1034,12,1075,56,1051.1309814453125,963.1541137695312,546.8471069335938,1054,34,957,33,97,0.1126427948474884,0.5005085408687592,1.4605830907821655,0.1124232110141138,-0.634656349485157,1.300791098352073,140.88
69,3,908,11,944,50,1051.1309814453125,963.1541137695312,546.8471069335938,926,30,833,28,93,-0.05683075077831745,0.4963088870048523,1.6102242469787598,-0.04795638209008112,-0.6671163655257641,1.3567391025822695,155.65
69,4,854,36,892,75,1051.1309814453125,963.1541137695312,546.8471069335938,873,55,854,56,19,-0.10389221459627151,0.5186130791902542,1.3017117977142334,-0.5695795672474896,-3.1074129688116905,6.640880870534267,128.37
69,5,1157,10,1197,54,1051.1309814453125,963.1541137695312,546.8471069335938,1177,32,1079,30,98,0.26607972383499146,0.5001295447349549,1.5015583038330078,0.2619372587124575,-0.6306300402752872,1.2875177197974599,146.33
69,6,871,0,900,41,1051.1309814453125,963.1541137695312,546.8471069335938,885,20,799,17,86,-0.10553717613220215,0.49210169315338137,1.578158974647522,-0.10908771507203266,-0.7353745607963446,1.4671713551180356,152.35
69,7,833,10,864,45,1051.1309814453125,963.1541137695312,546.8471069335938,848,27,757,25,91,-0.15023452043533325,0.4942291617393494,1.5684850215911865,-0.15190096004589276,-0.6857355941128893,1.3865575443972644,151.82
70,0,944,31,987,78,1051.1309814453125,963.1541137695312,546.8471069335938,965,54,855,56,110,-0.0014334077714011073,0.5095225512981415,1.3686933517456055,0.002014348913834593,-0.537826231189828,1.1470612412741006,129.31
70,1,790,37,829,85,1051.1309814453125,963.1541137695312,546.8471069335938,809,61,699,61,110,-0.1728876680135727,0.5235175728797913,1.2613210678100586,-0.16822281162795993,-0.5301873842424397,1.1470612412741006,124.43
70,2,1035,12,1076,57,1051.1309814453125,963.1541137695312,546.8471069335938,1055,34,957,33,98,0.11609002202749252,0.500421279668808,1.4670708775520325,0.11250092338599996,-0.6281802642863289,1.2875177197974599,141.95
70,3,908,12,944,49,1051.1309814453125,963.1541137695312,546.8471069335938,926,30,832,27,94,-0.05094852298498154,0.4971907377243042,1.5250141620635986,-0.047446207812527064,-0.6600193829137879,1.3423057078739475,147.59
70,4,833,10,864,45,1051.1309814453125,963.1541137695312,546.8471069335938,848,27,797,17,51,-0.15105421841144562,0.4948110818862915,1.5719826221466064,-0.2710389679250244,-1.2235674326328028,2.474053657650021,152.59
70,5,1157,11,1197,55,1051.1309814453125,963.1541137695312,546.8471069335938,1177,33,756,23,421,0.2691141366958618,0.5015714406967163,1.4920856952667236,0.060973518655156364,-0.14651236323876293,0.29970721268444434,145.96
70,6,855,35,892,73,1051.1309814453125,963.1541137695312,546.8471069335938,873,54,763,54,110,-0.10329505801200867,0.5166362464427948,1.2967649698257446,-0.0983819252518391,-0.537826231189828,1.1470612412741006,128.82
70,7,872,0,900,40,1051.1309814453125,963.1541137695312,546.8471069335938,886,20,735,16,151,-0.10473034530878067,0.4909858345985413,1.577494740486145,-0.06133446670685995,-0.41882259753964,0.8356075267559674,152.18
71,0,944,31,987,78,1051.1309814453125,963.1541137695312,546.8471069335938,965,54,855,56,110,-0.0012640649219974875,0.5098721027374268,1.3939558267593384,0.002014348913834593,-0.537826231189828,1.1470612412741006,131.56
71,1,791,37,830,85,1051.1309814453125,963.1541137695312,546.8471069335938,810,61,699,61,111,-0.17725790292024612,0.5216574609279633,1.2804542183876038,-0.16562585815870842,-0.5254109213213367,1.1367273562175773,126.73
71,2,1034,11,1075,57,1051.1309814453125,963.1541137695312,546.8471069335938,1054,34,956,34,98,0.1133485957980156,0.5007681787014008,1.460476815700531,0.1112760353915208,-0.6281802642863289,1.2875177197974599,141.39
71,3,908,11,945,49,1051.1309814453125,963.1541137695312,546.8471069335938,926,30,833,28,93,-0.0480569489300251,0.49667062759399416,1.5291903018951416,-0.04795638209008112,-0.6671163655257641,1.3567391025822695,147.63
71,4,1156,12,1197,56,1051.1309814453125,963.1541137695312,546.8471069335938,1176,34,799,18,377,0.26424290239810944,0.5006792187690735,1.4479787349700928,0.06777138549167605,-0.16329354350148603,0.33468630382002934,142.49
71,5,854,35,892,74,1051.1309814453125,963.1541137695312,546.8471069335938,873,54,763,55,110,-0.10388264805078506,0.5175690889358521,1.300956904888153,-0.0983819252518391,-0.537826231189828,1.1470612412741006,129.0
71,6,833,9,864,44,1051.1309814453125,963.1541137695312,546.8471069335938,848,26,756,24,92,-0.15043848007917404,0.49403765201568606,1.5694912672042847,-0.1502498626540896,-0.6795867183449119,1.3714862667407726,152.0
71,7,872,1,900,40,1051.1309814453125,963.1541137695312,546.8471069335938,886,20,735,16,151,-0.1047065481543541,0.49168994426727297,1.5762345790863037,-0.06133446670685995,-0.41882259753964,0.8356075267559674,152.15
72,0,944,31,986,78,1051.1309814453125,963.1541137695312,546.8471069335938,965,54,763,53,202,-0.002699000295251608,0.5115494072437287,1.4079234600067139,0.001096922675850521,-0.29287567044990637,0.6246373096047083,131.84
72,1,791,37,829,86,1051.1309814453125,963.1541137695312,546.8471069335938,810,61,698,60,112,-0.16953980177640915,0.5198082715272904,1.2543637156486511,-0.16414705585371994,-0.5207197523809677,1.1265780048227774,122.14
72,2,1034,11,1075,56,1051.1309814453125,963.1541137695312,546.8471069335938,1054,33,957,33,97,0.11388316005468369,0.500520670413971,1.4737141132354736,0.1124232110141138,-0.6358938651909195,1.300791098352073,142.14
72,3,907,10,945,49,1051.1309814453125,963.1541137695312,546.8471069335938,926,29,832,27,94,-0.04861753433942795,0.495085084438324,1.5238149166107178,-0.047446207812527064,-0.6612963938016492,1.3423057078739475,148.09
72,4,853,36,892,75,1051.1309814453125,963.1541137695312,546.8471069335938,872,55,854,55,18,-0.10326306894421577,0.5177500635385514,1.2911577224731445,-0.6078917111756255,-3.2800470226345624,7.009818696675059,126.85
72,5,1156,11,1198,55,1051.1309814453125,963.1541137695312,546.8471069335938,1177,33,1079,30,98,0.26797744631767273,0.5006399989128113,1.4924795627593994,0.2619372587124575,-0.6294051522808081,1.2875177197974599,145.43
72,6,872,0,900,41,1051.1309814453125,963.1541137695312,546.8471069335938,886,20,798,17,88,-0.10418488085269928,0.4906692743301392,1.566947340965271,-0.10524436900836194,-0.7186615025964277,1.4338265515926258,151.09
72,7,834,11,863,45,1051.1309814453125,963.1541137695312,546.8471069335938,848,28,756,23,92,-0.14886093139648438,0.49376275539398196,1.553106665611267,-0.1502498626540896,-0.6769771743566738,1.3714862667407726,150.01
73,0,944,31,987,79,1051.1309814453125,963.1541137695312,546.8471069335938,965,55,855,55,110,-0.00018339606322115287,0.5106073260307312,1.4367119669914246,0.002014348913834593,-0.5367349673402011,1.1470612412741006,135.22
73,1,791,36,830,85,1051.1309814453125,963.1541137695312,546.8471069335938,810,60,699,61,111,-0.17710623145103455,0.5227558255195618,1.2766475677490234,-0.16562585815870842,-0.5264923539651112,1.1367273562175773,127.02
73,2,1034,13,1076,57,1051.1309814453125,963.1541137695312,546.8471069335938,1055,35,957,33,98,0.11346022039651871,0.5015824675559998,1.4583067893981934,0.11250092338599996,-0.6269553762918497,1.2875177197974599,141.2
73,3,907,10,944,50,1051.1309814453125,963.1541137695312,546.8471069335938,925,30,832,28,93,-0.050205519422888756,0.4996052622795105,1.505628228187561,-0.049247124277811846,-0.6671163655257641,1.3567391025822695,145.24
73,4,1156,11,1198,55,1051.1309814453125,963.1541137695312,546.8471069335938,1177,33,1079,29,98,0.2667805403470993,0.5006982624530792,1.4559612274169922,0.2619372587124575,-0.6294051522808081,1.2875177197974599,144.05
73,5,855,35,892,74,1051.1309814453125,963.1541137695312,546.8471069335938,873,54,763,54,110,-0.10352110862731934,0.5189935207366944,1.311072587966919,-0.0983819252518391,-0.537826231189828,1.1470612412741006,130.96
73,6,834,10,864,45,1051.1309814453125,963.1541137695312,546.8471069335938,849,27,756,24,93,-0.1499977856874466,0.494697117805481,1.5633809566497803,-0.14734353054534716,-0.6709885920889563,1.3567391025822695,151.82
73,7,871,0,900,39,1051.1309814453125,963.1541137695312,546.8471069335938,885,19,797,17,88,-0.10474573820829391,0.4911151766777039,1.572280764579773,-0.10660844882039557,-0.7200255824084614,1.4338265515926258,151.8
74,0,944,31,987,78,1051.1309814453125,963.1541137695312,546.8471069335938,965,54,855,56,110,0.0009626922546885908,0.5121254563331604,1.4882934093475342,0.002014348913834593,-0.537826231189828,1.1470612412741006,140.58
74,1,790,37,830,86,1051.1309814453125,963.1541137695312,546.8471069335938,810,61,699,60,111,-0.20485485345125198,0.5222692281007767,1.497141420841217,-0.16562585815870842,-0.5254109213213367,1.1367273562175773,141.6
74,2,1034,12,1075,57,1051.1309814453125,963.1541137695312,546.8471069335938,1054,34,957,33,97,0.11322979629039764,0.5014695167541504,1.4592785835266113,0.1124232110141138,-0.634656349485157,1.300791098352073,141.33
74,3,907,11,945,48,1051.1309814453125,963.1541137695312,546.8471069335938,926,29,833,27,93,-0.05297771841287613,0.5038745641708374,1.4960981607437134,-0.04795638209008112,-0.6684071077134949,1.3567391025822695,147.99
74,4,1156,9,1198,55,1051.1309814453125,963.1541137695312,546.8471069335938,1177,32,1079,31,98,0.26942668855190277,0.49986558556556704,1.5311930179595947,0.2619372587124575,-0.6306300402752872,1.2875177197974599,147.84
74,5,872,0,900,38,1051.1309814453125,963.1541137695312,546.8471069335938,886,19,798,17,88,-0.10460790619254112,0.49190675616264345,1.5883790850639343,-0.10524436900836194,-0.7200255824084614,1.4338265515926258,153.75
74,6,855,34,892,73,1051.1309814453125,963.1541137695312,546.8471069335938,873,53,764,55,109,-0.10488225147128105,0.5204028427600861,1.4800646901130676,-0.09928451172203946,-0.5438616922416517,1.1575847389004685,140.55
74,7,834,9,863,44,1051.1309814453125,963.1541137695312,546.8471069335938,848,26,756,24,92,-0.15443570166826248,0.4984560549259186,1.577229082584381,-0.1502498626540896,-0.6795867183449119,1.3714862667407726,153.63
75,0,944,32,987,79,1051.1309814453125,963.1541137695312,546.8471069335938,965,55,854,56,111,0.0038099036319181323,0.5135133802890778,1.4745683670043945,0.0019962016263225697,-0.5318995171839832,1.1367273562175773,138.78
75,1,791,37,829,85,1051.1309814453125,963.1541137695312,546.8471069335938,810,61,763,54,47,-0.1817583665251732,0.5227019429206848,1.3100560903549194,-0.39115894160886455,-1.2408640907801782,2.684611415747895,129.69
75,2,1034,12,1075,58,1051.1309814453125,963.1541137695312,546.8471069335938,1054,35,957,33,97,0.1131739653646946,0.5015555858612061,1.4523685574531555,0.1124232110141138,-0.6334188337793947,1.300791098352073,141.19
75,3,907,11,945,50,1051.1309814453125,963.1541137695312,546.8471069335938,926,30,833,27,93,-0.05209368094801903,0.5026527881622315,1.5104795694351196,-0.04795638209008112,-0.6671163655257641,1.3567391025822695,146.42
75,4,1156,12,1197,56,1051.1309814453125,963.1541137695312,546.8471069335938,1176,34,1079,30,97,0.26729699969291687,0.49765398502349856,1.515628457069397,0.26340012711713273,-0.634656349485157,1.300791098352073,146.83
76,0,944,32,987,78,1051.1309814453125,963.1541137695312,546.8471069335938,965,55,855,55,110,0.001120886066928506,0.5129415333271027,1.4411763548851013,0.002014348913834593,-0.5367349673402011,1.1470612412741006,134.8
76,1,791,37,829,85,1051.1309814453125,963.1541137695312,546.8471069335938,810,61,699,60,111,-0.2016700729727745,0.5222100853919983,1.4574261903762817,-0.16562585815870842,-0.5254109213213367,1.1367273562175773,139.38
76,2,908,12,944,49,1051.1309814453125,963.1541137695312,546.8471069335938,926,30,833,26,93,-0.05468824319541454,0.4981161892414093,1.5763965249061584,-0.04795638209008112,-0.6671163655257641,1.3567391025822695,154.93
76,3,1033,12,1075,58,1051.1309814453125,963.1541137695312,546.8471069335938,1054,35,957,33,97,0.11231500282883644,0.5016688942909241,1.4508509039878845,0.1124232110141138,-0.6334188337793947,1.300791098352073,141.19
76,4,855,35,892,74,1051.1309814453125,963.1541137695312,546.8471069335938,873,54,763,54,110,-0.1058068722486496,0.5186469495296478,1.3214136362075806,-0.0983819252518391,-0.537826231189828,1.1470612412741006,132.51
76,5,1156,11,1198,55,1051.1309814453125,963.1541137695312,546.8471069335938,1177,33,1079,28,98,0.2668336033821106,0.4997089743614197,1.4487921595573425,0.2619372587124575,-0.6294051522808081,1.2875177197974599,143.4
76,6,834,9,864,45,1051.1309814453125,963.1541137695312,546.8471069335938,849,27,756,24,93,-0.1509772688150406,0.49624725580215456,1.5830743312835693,-0.14734353054534716,-0.6709885920889563,1.3567391025822695,153.07
76,7,872,0,901,40,1051.1309814453125,963.1541137695312,546.8471069335938,886,20,798,17,88,-0.10457814857363701,0.4925995409488678,1.5900226831436157,-0.10524436900836194,-0.7186615025964277,1.4338265515926258,153.82
77,0,944,31,987,77,1051.1309814453125,963.1541137695312,546.8471069335938,965,54,854,55,111,0.0009271580493077636,0.5120037138462067,1.3312370777130127,0.0019962016263225697,-0.5329809498277576,1.1367273562175773,131.37
77,1,791,36,829,86,1051.1309814453125,963.1541137695312,546.8471069335938,810,61,699,60,111,-0.17396726459264755,0.5248383671045304,1.2834757566452026,-0.16562585815870842,-0.5254109213213367,1.1367273562175773,125.21
77,2,908,12,945,50,1051.1309814453125,963.1541137695312,546.8471069335938,926,31,832,27,94,-0.052184950560331345,0.49584718942642214,1.5432411432266235,-0.047446207812527064,-0.6587423720259267,1.3423057078739475,150.61
77,3,1035,12,1075,56,1051.1309814453125,963.1541137695312,546.8471069335938,1055,34,957,33,98,0.11400247365236282,0.5010842025279999,1.4561885595321655,0.11250092338599996,-0.6281802642863289,1.2875177197974599,141.63
77,4,834,9,864,44,1051.1309814453125,963.1541137695312,546.8471069335938,849,26,756,24,93,-0.14999477565288544,0.4944270491600037,1.5825190544128418,-0.14734353054534716,-0.6722793342766871,1.3567391025822695,152.37
77,5,1157,10,1198,55,1051.1309814453125,963.1541137695312,546.8471069335938,1177,32,1078,31,99,0.2700765132904053,0.4999267101287842,1.5170252323150635,0.25929142781637204,-0.624260039868466,1.2745124903045562,147.04
77,6,872,0,900,39,1051.1309814453125,963.1541137695312,546.8471069335938,886,19,798,16,88,-0.1044163629412651,0.4875966548919678,1.5868836641311646,-0.10524436900836194,-0.7200255824084614,1.4338265515926258,154.09
77,7,855,34,893,73,1051.1309814453125,963.1541137695312,546.8471069335938,874,53,763,54,111,-0.10270017012953758,0.5187551319599152,1.3017162084579468,-0.09641416895714724,-0.5340623824715318,1.1367273562175773,127.12
78,0,944,31,987,78,1051.1309814453125,963.1541137695312,546.8471069335938,965,54,854,56,111,0.004298547748476267,0.5141405701637268,1.5182087421417236,0.0019962016263225697,-0.5329809498277576,1.1367273562175773,139.98
78,1,791,37,829,86,1051.1309814453125,963.1541137695312,546.8471069335938,810,61,763,54,47,-0.17185407131910324,0.5237092614173889,1.2605774998664856,-0.39115894160886455,-1.2408640907801782,2.684611415747895,124.54
78,2,1034,13,1076,58,1051.1309814453125,963.1541137695312,546.8471069335938,1055,35,957,33,98,0.11767395585775375,0.5007205843925476,1.4811134338378906,0.11250092338599996,-0.6269553762918497,1.2875177197974599,142.78
78,3,907,10,944,49,1051.1309814453125,963.1541137695312,546.8471069335938,925,29,833,28,92,-0.0519864447414875,0.4991892218589783,1.5770132541656494,-0.049782419106918496,-0.6756724023625547,1.3714862667407726,151.88
78,4,1157,11,1197,55,1051.1309814453125,963.1541137695312,546.8471069335938,1177,33,1078,30,99,0.2676395922899246,0.5003224849700928,1.5094295740127563,0.25929142781637204,-0.6230475244799918,1.2745124903045562,146.77
78,5,854,35,892,74,1051.1309814453125,963.1541137695312,546.8471069335938,873,54,798,17,75,-0.10434846580028534,0.5176921129226685,1.2986236810684204,-0.144293490369364,-0.7888118057450811,1.6823564872020143,129.31
79,0,944,30,987,78,1051.1309814453125,963.1541137695312,546.8471069335938,965,54,855,56,110,0.003963629715144634,0.5157082319259644,1.5894848108291626,0.002014348913834593,-0.537826231189828,1.1470612412741006,145.45
79,1,791,36,830,85,1051.1309814453125,963.1541137695312,546.8471069335938,810,60,699,61,111,-0.1979430913925171,0.5200940608978272,1.452386736869812,-0.16562585815870842,-0.5264923539651112,1.1367273562175773,138.21
79,2,907,10,945,49,1051.1309814453125,963.1541137695312,546.8471069335938,926,29,833,28,93,-0.05166107229888439,0.502901577949524,1.5119132995605469,-0.04795638209008112,-0.6684071077134949,1.3567391025822695,149.73
79,3,1033,12,1075,58,1051.1309814453125,963.1541137695312,546.8471069335938,1054,35,957,33,97,0.11285235360264778,0.5021268367767334,1.464032232761383,0.1124232110141138,-0.6334188337793947,1.300791098352073,141.87
79,4,1156,11,1198,56,1051.1309814453125,963.1541137695312,546.8471069335938,1177,33,1078,30,99,0.2663765549659729,0.5007502675056458,1.4921033382415771,0.25929142781637204,-0.6230475244799918,1.2745124903045562,145.33
79,5,872,0,901,38,1051.1309814453125,963.1541137695312,546.8471069335938,886,19,798,17,88,-0.10368861258029938,0.49135648608207705,1.5830525755882263,-0.10524436900836194,-0.7200255824084614,1.4338265515926258,152.83
79,6,853,34,891,73,1051.1309814453125,963.1541137695312,546.8471069335938,872,53,763,55,109,-0.11003907024860382,0.5188061833381653,1.429738998413086,-0.10038578716661704,-0.5438616922416517,1.1575847389004685,139.62
79,7,833,9,864,44,1051.1309814453125,963.1541137695312,546.8471069335938,848,26,756,25,92,-0.1511639505624771,0.49608668088912966,1.5744414329528809,-0.1502498626540896,-0.6795867183449119,1.3714862667407726,152.89
80,0,944,30,988,78,1051.1309814453125,963.1541137695312,546.8471069335938,966,54,854,56,112,0.0010949177667498589,0.510381543636322,1.4698429107666016,0.0030501553926853826,-0.5282221913471524,1.1265780048227774,137.53
80,1,791,37,830,85,1051.1309814453125,963.1541137695312,546.8471069335938,810,61,699,60,111,-0.1744086742401123,0.5237654983997345,1.281421422958374,-0.16562585815870842,-0.5254109213213367,1.1367273562175773,126.9
80,2,1034,12,1076,58,1051.1309814453125,963.1541137695312,546.8471069335938,1055,35,957,33,98,0.11434188112616539,0.5020765602588654,1.4611819982528687,0.11250092338599996,-0.6269553762918497,1.2875177197974599,141.92
80,3,908,10,944,48,1051.1309814453125,963.1541137695312,546.8471069335938,926,29,833,27,93,-0.05018182843923569,0.5002808511257172,1.5154495239257812,-0.04795638209008112,-0.6684071077134949,1.3567391025822695,147.68
80,4,854,34,892,73,1051.1309814453125,963.1541137695312,546.8471069335938,873,53,763,54,110,-0.1071687638759613,0.5185275614261627,1.3446753025054932,-0.0983819252518391,-0.5389174950394549,1.1470612412741006,135.48
80,5,1156,11,1198,55,1051.1309814453125,963.1541137695312,546.8471069335938,1177,33,1079,30,98,0.26878583431243896,0.5015716791152954,1.4853192567825317,0.2619372587124575,-0.6294051522808081,1.2875177197974599,145.63
80,6,834,10,864,44,1051.1309814453125,963.1541137695312,546.8471069335938,849,27,756,23,93,-0.1504937708377838,0.4968044400215149,1.5724446773529053,-0.14734353054534716,-0.6709885920889563,1.3567391025822695,152.52
80,7,872,0,900,39,1051.1309814453125,963.1541137695312,546.8471069335938,886,19,798,16,88,-0.10446493327617645,0.4925225913524628,1.5858656764030457,-0.10524436900836194,-0.7200255824084614,1.4338265515926258,153.25
81,0,944,31,987,78,1051.1309814453125,963.1541137695312,546.8471069335938,965,54,764,54,201,-0.00016858963499544188,0.5102668642997742,1.4156380891799927,0.0011023800025960458,-0.2943327633377168,0.6277449579111993,133.05
81,1,791,37,829,85,1051.1309814453125,963.1541137695312,546.8471069335938,810,61,699,60,111,-0.17496873438358307,0.5224898397922516,1.2776232957839966,-0.16562585815870842,-0.5254109213213367,1.1367273562175773,123.83
81,2,907,12,945,50,1051.1309814453125,963.1541137695312,546.8471069335938,926,31,833,28,93,-0.05352264828979969,0.5013942956924439,1.518111765384674,-0.04795638209008112,-0.6658256233380333,1.3567391025822695,147.73
81,3,1034,12,1076,57,1051.1309814453125,963.1541137695312,546.8471069335938,1055,34,957,33,98,0.1136639453470707,0.5013478636741638,1.4545475244522095,0.11250092338599996,-0.6281802642863289,1.2875177197974599,141.14
81,4,854,36,892,75,1051.1309814453125,963.1541137695312,546.8471069335938,873,55,854,56,19,-0.10601115971803665,0.521563196182251,1.3142470121383667,-0.5695795672474896,-3.1074129688116905,6.640880870534267,132.19
81,5,1156,11,1197,55,1051.1309814453125,963.1541137695312,546.8471069335938,1176,33,1079,31,97,0.26618780195713043,0.500623220205307,1.4655939936637878,0.26340012711713273,-0.6358938651909195,1.300791098352073,144.21
81,6,871,0,900,41,1051.1309814453125,963.1541137695312,546.8471069335938,885,20,798,17,87,-0.10554248094558716,0.493544602394104,1.5849601030349731,-0.1078338332895955,-0.726921979637766,1.4503073165534606,153.05
81,7,834,10,863,45,1051.1309814453125,963.1541137695312,546.8471069335938,848,27,755,24,93,-0.15163034200668335,0.4954134464263916,1.5778348445892334,-0.14863427273307786,-0.6709885920889563,1.3567391025822695,152.68
82,0,944,31,987,77,1051.1309814453125,963.1541137695312,546.8471069335938,965,54,855,56,110,0.0009354905341751873,0.513701730966568,1.4882378578186035,0.002014348913834593,-0.537826231189828,1.1470612412741006,139.78
82,1,791,36,830,86,1051.1309814453125,963.1541137695312,546.8471069335938,810,61,699,60,111,-0.19356123358011246,0.5238636076450348,1.3944819569587708,-0.16562585815870842,-0.5254109213213367,1.1367273562175773,137.35
82,2,1034,12,1076,57,1051.1309814453125,963.1541137695312,546.8471069335938,1055,34,957,33,98,0.11346007138490677,0.5012924611568451,1.451950490474701,0.11250092338599996,-0.6281802642863289,1.2875177197974599,140.98
82,3,907,11,944,49,1051.1309814453125,963.1541137695312,546.8471069335938,925,30,833,28,92,-0.053649378940463066,0.5052551865577698,1.52829247713089,-0.049782419106918496,-0.6743676303684355,1.3714862667407726,149.98
82,4,1157,10,1197,54,1051.1309814453125,963.1541137695312,546.8471069335938,1177,32,1079,30,98,0.26676131784915924,0.5000086665153504,1.4722594618797302,0.2619372587124575,-0.6306300402752872,1.2875177197974599,144.0
82,5,854,35,893,74,1051.1309814453125,963.1541137695312,546.8471069335938,873,54,763,55,110,-0.1039290763437748,0.5221365034580231,1.4387148022651672,-0.0983819252518391,-0.537826231189828,1.1470612412741006,138.77
82,6,871,0,900,40,1051.1309814453125,963.1541137695312,546.8471069335938,885,20,799,17,86,-0.10522902756929398,0.4929093956947327,1.5862975716590881,-0.10908771507203266,-0.7353745607963446,1.4671713551180356,153.28
82,7,834,9,864,45,1051.1309814453125,963.1541137695312,546.8471069335938,849,27,757,24,92,-0.1527475193142891,0.49793013334274294,1.5734760761260986,-0.1489450906599705,-0.6782819463507928,1.3714862667407726,152.9
83,0,944,32,987,78,1051.1309814453125,963.1541137695312,546.8471069335938,965,55,854,55,111,-0.00019785515178227797,0.5121691763401032,1.445771336555481,0.0019962016263225697,-0.5318995171839832,1.1367273562175773,132.93
83,1,791,37,829,85,1051.1309814453125,963.1541137695312,546.8471069335938,810,61,699,61,111,-0.18480806052684784,0.5230635344982147,1.286490797996521,-0.16562585815870842,-0.5254109213213367,1.1367273562175773,126.48
83,2,1034,12,1076,57,1051.1309814453125,963.1541137695312,546.8471069335938,1055,34,957,33,98,0.11474361270666122,0.5012997031211853,1.4686204195022583,0.11250092338599996,-0.6281802642863289,1.2875177197974599,141.94
83,3,907,11,944,49,1051.1309814453125,963.1541137695312,546.8471069335938,925,30,833,27,92,-0.04866264760494232,0.495761775970459,1.5644197463989258,-0.049782419106918496,-0.6743676303684355,1.3714862667407726,151.9
83,4,1156,11,1198,56,1051.1309814453125,963.1541137695312,546.8471069335938,1177,33,1079,31,98,0.26748742163181305,0.5010853946208954,1.4567909836769104,0.2619372587124575,-0.6294051522808081,1.2875177197974599,144.5
83,5,833,10,864,45,1051.1309814453125,963.1541137695312,546.8471069335938,848,27,756,24,92,-0.15133360028266907,0.4957261323928833,1.5882524251937866,-0.1502498626540896,-0.6782819463507928,1.3714862667407726,153.35
83,6,872,0,900,39,1051.1309814453125,963.1541137695312,546.8471069335938,886,19,798,17,88,-0.10551215335726738,0.49099635481834414,1.5876284837722778,-0.10524436900836194,-0.7200255824084614,1.4338265515926258,153.65
83,7,856,35,893,73,1051.1309814453125,963.1541137695312,546.8471069335938,874,54,763,55,111,-0.10267262905836105,0.5172976493835449,1.3016542196273804,-0.09641416895714724,-0.5329809498277576,1.1367273562175773,129.61
84,0,944,32,987,78,1051.1309814453125,963.1541137695312,546.8471069335938,965,55,854,55,111,-0.000195158165297471,0.5107041239738465,1.4345417022705078,0.0019962016263225697,-0.5318995171839832,1.1367273562175773,133.17
84,1,791,37,829,86,1051.1309814453125,963.1541137695312,546.8471069335938,810,61,699,61,111,-0.16671226918697357,0.5246886551380158,1.251571536064148,-0.16562585815870842,-0.5254109213213367,1.1367273562175773,121.67
84,2,907,12,944,50,1051.1309814453125,963.1541137695312,546.8471069335938,925,31,833,27,92,-0.048503585159778595,0.49822487831115725,1.5308725833892822,-0.049782419106918496,-0.6730628583743165,1.3714862667407726,147.57
84,3,1034,12,1074,58,1051.1309814453125,963.1541137695312,546.8471069335938,1054,35,957,34,97,0.11309423670172691,0.5016800105571747,1.4697518348693848,0.1124232110141138,-0.6334188337793947,1.300791098352073,141.94
84,4,1156,10,1198,56,1051.1309814453125,963.1541137695312,546.8471069335938,1177,33,1079,30,98,0.26857948303222656,0.5015329658985138,1.487590253353119,0.2619372587124575,-0.6294051522808081,1.2875177197974599,145.7
84,5,872,0,900,41,1051.1309814453125,963.1541137695312,546.8471069335938,886,20,798,17,88,-0.10478183254599571,0.49218600392341616,1.5798601508140564,-0.10524436900836194,-0.7186615025964277,1.4338265515926258,152.45
84,6,834,8,863,44,1051.1309814453125,963.1541137695312,546.8471069335938,848,26,756,24,92,-0.1520492136478424,0.4942133665084839,1.5770738124847412,-0.1502498626540896,-0.6795867183449119,1.3714862667407726,152.69
84,7,855,36,892,74,1051.1309814453125,963.1541137695312,546.8471069335938,873,55,763,54,110,-0.10347593575716019,0.5179342120885849,1.2984054684638977,-0.0983819252518391,-0.5367349673402011,1.1470612412741006,128.45
85,0,944,30,987,78,1051.1309814453125,963.1541137695312,546.8471069335938,965,54,763,55,202,0.005344162229448557,0.5127574294805527,1.5409237146377563,0.001096922675850521,-0.29287567044990637,0.6246373096047083,141.62
85,1,791,37,830,86,1051.1309814453125,963.1541137695312,546.8471069335938,810,61,699,60,111,-0.17644551396369934,0.5267421990633011,1.306363582611084,-0.16562585815870842,-0.5254109213213367,1.1367273562175773,127.38
85,2,1035,12,1075,56,1051.1309814453125,963.1541137695312,546.8471069335938,1055,34,957,33,98,0.1143210344016552,0.5012076735496521,1.4626766443252563,0.11250092338599996,-0.6281802642863289,1.2875177197974599,141.95
85,3,907,10,945,50,1051.1309814453125,963.1541137695312,546.8471069335938,926,30,833,28,93,-0.05183250084519386,0.5007031202316284,1.5257982015609741,-0.04795638209008112,-0.6671163655257641,1.3567391025822695,148.61
85,4,854,35,892,74,1051.1309814453125,963.1541137695312,546.8471069335938,873,54,854,56,19,-0.1061469241976738,0.5197875142097473,1.3484957218170166,-0.5695795672474896,-3.113730812151636,6.640880870534267,134.17
85,5,1156,10,1198,54,1051.1309814453125,963.1541137695312,546.8471069335938,1177,32,1078,30,99,0.26840540766716003,0.49967103600502016,1.5165042877197266,0.25929142781637204,-0.624260039868466,1.2745124903045562,146.86
85,6,871,0,901,41,1051.1309814453125,963.1541137695312,546.8471069335938,886,20,798,17,88,-0.10469654202461243,0.4926124155521393,1.5875000953674316,-0.10524436900836194,-0.7186615025964277,1.4338265515926258,153.17
85,7,834,9,865,45,1051.1309814453125,963.1541137695312,546.8471069335938,849,27,756,24,93,-0.14974423497915268,0.49593972563743594,1.5831650495529175,-0.14734353054534716,-0.6709885920889563,1.3567391025822695,153.03
86,0,944,31,987,78,1051.1309814453125,963.1541137695312,546.8471069335938,965,54,763,54,202,-0.002391949761658907,0.5124439537525177,1.4114497303962708,0.001096922675850521,-0.29287567044990637,0.6246373096047083,133.25
86,1,792,36,830,85,1051.1309814453125,963.1541137695312,546.8471069335938,811,60,699,60,112,-0.17326514422893524,0.519903713464737,1.2662920951843262,-0.16307527885855067,-0.5217915293761369,1.1265780048227774,124.19
86,2,908,11,945,49,1051.1309814453125,963.1541137695312,546.8471069335938,926,30,833,27,93,-0.0513824000954628,0.4965661406517029,1.5139724016189575,-0.04795638209008112,-0.6671163655257641,1.3567391025822695,148.74
86,3,1034,12,1075,56,1051.1309814453125,963.1541137695312,546.8471069335938,1054,34,957,34,97,0.11324753984808922,0.5005220413208008,1.4677218794822693,0.1124232110141138,-0.634656349485157,1.300791098352073,141.56
86,4,854,36,892,74,1051.1309814453125,963.1541137695312,546.8471069335938,873,55,854,56,19,-0.10528715327382088,0.5191779226064682,1.3065980672836304,-0.5695795672474896,-3.1074129688116905,6.640880870534267,130.59
86,5,1157,11,1197,55,1051.1309814453125,963.1541137695312,546.8471069335938,1177,33,1079,30,98,0.26878949999809265,0.5005578637123108,1.4749932289123535,0.2619372587124575,-0.6294051522808081,1.2875177197974599,145.01
86,6,872,0,900,39,1051.1309814453125,963.1541137695312,546.8471069335938,886,19,798,17,88,-0.10445893555879593,0.4923391878604889,1.5860664248466492,-0.10524436900836194,-0.7200255824084614,1.4338265515926258,153.39
86,7,834,9,863,44,1051.1309814453125,963.1541137695312,546.8471069335938,848,26,756,24,92,-0.1503436267375946,0.4951963067054749,1.5748395919799805,-0.1502498626540896,-0.6795867183449119,1.3714862667407726,152.33
87,0,944,32,987,78,1051.1309814453125,963.1541137695312,546.8471069335938,965,55,763,54,202,-0.005392551887780428,0.5145312488079071,1.4581871032714844,0.001096922675850521,-0.2922814178585254,0.6246373096047083,135.81
87,1,791,36,830,85,1051.1309814453125,963.1541137695312,546.8471069335938,810,60,699,60,111,-0.18009138107299805,0.5205483824014664,1.2923006415367126,-0.16562585815870842,-0.5264923539651112,1.1367273562175773,126.98
87,2,1034,12,1076,58,1051.1309814453125,963.1541137695312,546.8471069335938,1055,35,958,33,97,0.11454189568758011,0.5018379330635071,1.480484962463379,0.11366072671987626,-0.6334188337793947,1.300791098352073,142.61
87,3,907,11,944,50,1051.1309814453125,963.1541137695312,546.8471069335938,925,30,833,27,92,-0.051234083250164986,0.4986371636390686,1.527467966079712,-0.049782419106918496,-0.6743676303684355,1.3714862667407726,147.9
87,4,856,36,892,74,1051.1309814453125,963.1541137695312,546.8471069335938,874,55,854,55,20,-0.10909683257341385,0.5203839480876923,1.323558270931244,-0.5350986377121671,-2.952042320371106,6.308836827007553,133.7
87,5,1157,10,1197,55,1051.1309814453125,963.1541137695312,546.8471069335938,1177,32,1078,31,99,0.26837728917598724,0.5011995375156403,1.4938207864761353,0.25929142781637204,-0.624260039868466,1.2745124903045562,146.68
87,6,834,10,864,45,1051.1309814453125,963.1541137695312,546.8471069335938,849,27,757,24,92,-0.14963453263044357,0.4962343215942383,1.5640363097190857,-0.1489450906599705,-0.6782819463507928,1.3714862667407726,151.65
87,7,871,0,900,40,1051.1309814453125,963.1541137695312,546.8471069335938,885,20,798,17,87,-0.10522450506687164,0.4923939347267151,1.5815637111663818,-0.1078338332895955,-0.726921979637766,1.4503073165534606,152.83
88,0,944,30,987,78,1051.1309814453125,963.1541137695312,546.8471069335938,965,54,763,54,202,0.0038474629400298,0.5149944365024567,1.563981056213379,0.001096922675850521,-0.29287567044990637,0.6246373096047083,145.14
88,1,791,37,830,85,1051.1309814453125,963.1541137695312,546.8471069335938,810,61,698,60,112,-0.1713712215423584,0.5223973035812378,1.2491227388381958,-0.16414705585371994,-0.5207197523809677,1.1265780048227774,123.75
88,2,907,10,945,49,1051.1309814453125,963.1541137695312,546.8471069335938,926,29,832,27,94,-0.05016022548079491,0.5048890948295593,1.4852732419967651,-0.047446207812527064,-0.6612963938016492,1.3423057078739475,147.59
88,3,1034,12,1075,56,1051.1309814453125,963.1541137695312,546.8471069335938,1054,34,957,33,97,0.11713138595223427,0.4990628004074097,1.4838111996650696,0.1124232110141138,-0.634656349485157,1.300791098352073,142.73
88,4,854,36,892,75,1051.1309814453125,963.1541137695312,546.8471069335938,873,55,855,55,18,-0.10543978214263916,0.5195766925811768,1.3374696969985962,-0.6012228765390166,-3.2800470226345624,7.009818696675059,132.14
88,5,1157,11,1197,55,1051.1309814453125,963.1541137695312,546.8471069335938,1177,33,1079,30,98,0.26687808334827423,0.5006796658039093,1.4616897106170654,0.2619372587124575,-0.6294051522808081,1.2875177197974599,144.06
88,6,833,9,864,46,1051.1309814453125,963.1541137695312,546.8471069335938,848,27,757,24,91,-0.14909963309764862,0.49423214197158816,1.5572307109832764,-0.15190096004589276,-0.6857355941128893,1.3865575443972644,150.81
88,7,872,0,900,41,1051.1309814453125,963.1541137695312,546.8471069335938,886,20,798,17,88,-0.10415251925587654,0.4921892523765564,1.5722034573554993,-0.10524436900836194,-0.7186615025964277,1.4338265515926258,151.6
89,0,944,31,987,78,1051.1309814453125,963.1541137695312,546.8471069335938,965,54,763,55,202,0.0031096175080165267,0.5108308285474777,1.3212798237800598,0.001096922675850521,-0.29287567044990637,0.6246373096047083,132.43
89,1,791,37,829,86,1051.1309814453125,963.1541137695312,546.8471069335938,810,61,699,60,111,-0.17257200181484222,0.5218567192554474,1.2595723867416382,-0.16562585815870842,-0.5254109213213367,1.1367273562175773,123.33
89,2,907,11,944,50,1051.1309814453125,963.1541137695312,546.8471069335938,925,30,833,27,92,-0.05372837744653225,0.5029145568609238,1.5427780151367188,-0.049782419106918496,-0.6743676303684355,1.3714862667407726,151.79
89,3,1034,13,1075,58,1051.1309814453125,963.1541137695312,546.8471069335938,1054,35,957,33,97,0.11302097886800766,0.5019176840782166,1.4447968006134033,0.1124232110141138,-0.6334188337793947,1.300791098352073,140.7
89,4,1156,12,1197,56,1051.1309814453125,963.1541137695312,546.8471069335938,1176,34,1079,29,97,0.2664365917444229,0.5013661921024323,1.4885685443878174,0.26340012711713273,-0.634656349485157,1.300791098352073,145.28
89,5,854,37,892,75,1051.1309814453125,963.1541137695312,546.8471069335938,873,56,855,55,18,-0.1020517461001873,0.5181223839521408,1.2861281037330627,-0.6012228765390166,-3.2733781879979533,7.009818696675059,126.05
89,6,833,10,864,46,1051.1309814453125,963.1541137695312,546.8471069335938,848,28,757,24,91,-0.15015792846679688,0.49459477663040163,1.5663162469863892,-0.15190096004589276,-0.6844164839649888,1.3865575443972644,151.09
89,7,872,1,901,42,1051.1309814453125,963.1541137695312,546.8471069335938,886,21,799,17,87,-0.10416993498802185,0.4921703577041626,1.5769543647766113,-0.10645407439926266,-0.7255422207474331,1.4503073165534606,152.05
90,0,944,31,987,78,1051.1309814453125,963.1541137695312,546.8471069335938,965,54,763,54,202,0.0024371061008423567,0.5143874526023865,1.32025146484375,0.001096922675850521,-0.29287567044990637,0.6246373096047083,135.67
90,1,791,37,830,86,1051.1309814453125,963.1541137695312,546.8471069335938,810,61,699,60,111,-0.16651012003421783,0.5139308512210846,1.2440392971038818,-0.16562585815870842,-0.5254109213213367,1.1367273562175773,120.81
90,2,907,11,944,50,1051.1309814453125,963.1541137695312,546.8471069335938,925,30,832,28,93,-0.051356274634599686,0.4959734320640564,1.5559011101722717,-0.049247124277811846,-0.6671163655257641,1.3567391025822695,149.6
90,3,1034,12,1075,57,1051.1309814453125,963.1541137695312,546.8471069335938,1054,34,957,33,97,0.11384542286396027,0.5021679043769837,1.4600567817687988,0.1124232110141138,-0.634656349485157,1.300791098352073,142.29
90,4,854,36,893,75,1051.1309814453125,963.1541137695312,546.8471069335938,873,55,855,55,18,-0.10404402762651443,0.518202954530716,1.2941577434539795,-0.6012228765390166,-3.2800470226345624,7.009818696675059,125.98
90,5,1156,11,1197,55,1051.1309814453125,963.1541137695312,546.8471069335938,1176,33,1079,31,97,0.26729394495487213,0.5007327139377594,1.4682583808898926,0.26340012711713273,-0.6358938651909195,1.300791098352073,144.56
90,6,871,0,900,41,1051.1309814453125,963.1541137695312,546.8471069335938,885,20,797,17,88,-0.10568780452013016,0.4879981517791748,1.5707069635391235,-0.10660844882039557,-0.7186615025964277,1.4338265515926258,152.1
90,7,834,10,864,46,1051.1309814453125,963.1541137695312,546.8471069335938,849,28,757,24,92,-0.14801383763551712,0.49346270561218264,1.5580297112464905,-0.1489450906599705,-0.6769771743566738,1.3714862667407726,149.88
91,0,944,32,987,78,1051.1309814453125,963.1541137695312,546.8471069335938,965,55,855,55,110,-0.00018298357463208959,0.5105361431837082,1.4171517491340637,0.002014348913834593,-0.5367349673402011,1.1470612412741006,134.15
91,1,791,38,830,86,1051.1309814453125,963.1541137695312,546.8471069335938,810,62,698,60,112,-0.18113617599010468,0.520893806219101,1.303796648979187,-0.16414705585371994,-0.5196479753857983,1.1265780048227774,129.5
91,2,1035,13,1076,56,1051.1309814453125,963.1541137695312,546.8471069335938,1055,34,957,34,98,0.11438089609146118,0.5012415885925293,1.4523006677627563,0.11250092338599996,-0.6281802642863289,1.2875177197974599,141.03
91,3,907,11,945,50,1051.1309814453125,963.1541137695312,546.8471069335938,926,30,833,28,93,-0.050900593400001526,0.5032344996929169,1.4787160754203796,-0.04795638209008112,-0.6671163655257641,1.3567391025822695,143.34
91,4,1157,10,1197,55,1051.1309814453125,963.1541137695312,546.8471069335938,1177,32,1079,31,98,0.2670149505138397,0.5004253029823303,1.4828773140907288,0.2619372587124575,-0.6306300402752872,1.2875177197974599,144.83
91,5,854,36,893,75,1051.1309814453125,963.1541137695312,546.8471069335938,873,55,764,54,109,-0.10464117676019669,0.5202792525291443,1.314138650894165,-0.09928451172203946,-0.5416591413524966,1.1575847389004685,131.29
91,6,872,0,900,41,1051.1309814453125,963.1541137695312,546.8471069335938,886,20,799,18,87,-0.10470343381166458,0.4923493802547455,1.5781163573265076,-0.10645407439926266,-0.726921979637766,1.4503073165534606,152.13
91,7,834,10,864,45,1051.1309814453125,963.1541137695312,546.8471069335938,849,27,756,24,93,-0.14852707087993622,0.4949019193649292,1.560027837753296,-0.14734353054534716,-0.6709885920889563,1.3567391025822695,151.04
92,0,944,31,987,78,1051.1309814453125,963.1541137695312,546.8471069335938,965,54,854,55,111,-0.00019379700825084,0.5100983917713166,1.4206109046936035,0.0019962016263225697,-0.5329809498277576,1.1367273562175773,131.89
92,1,791,37,829,85,1051.1309814453125,963.1541137695312,546.8471069335938,810,61,699,60,111,-0.17171438038349152,0.52096007168293,1.248689591884613,-0.16562585815870842,-0.5254109213213367,1.1367273562175773,123.48
92,2,1034,12,1075,57,1051.1309814453125,963.1541137695312,546.8471069335938,1054,34,957,33,97,0.11266696453094482,0.5009671688079834,1.4475131034851074,0.1124232110141138,-0.634656349485157,1.300791098352073,140.48
92,3,907,11,944,49,1051.1309814453125,963.1541137695312,546.8471069335938,925,30,832,27,93,-0.050133127719163895,0.4966742038726807,1.5178254842758179,-0.049247124277811846,-0.6671163655257641,1.3567391025822695,146.32
92,4,1157,11,1197,55,1051.1309814453125,963.1541137695312,546.8471069335938,1177,33,1078,30,99,0.26765866577625275,0.5008107662200928,1.47589910030365,0.25929142781637204,-0.6230475244799918,1.2745124903045562,144.8
92,5,855,35,892,73,1051.1309814453125,963.1541137695312,546.8471069335938,873,54,764,54,109,-0.10331032052636147,0.5166246831417084,1.2953176498413086,-0.09928451172203946,-0.5427604167970742,1.1575847389004685,128.31
92,6,872,0,900,40,1051.1309814453125,963.1541137695312,546.8471069335938,886,20,799,17,87,-0.10366331785917282,0.4901041626930237,1.553507924079895,-0.10645407439926266,-0.726921979637766,1.4503073165534606,150.11
92,7,834,9,863,45,1051.1309814453125,963.1541137695312,546.8471069335938,848,27,736,16,112,-0.14872384071350098,0.4928333401679993,1.541884183883667,-0.12341953003728788,-0.5571601702167227,1.1265780048227774,149.22
93,0,944,32,987,79,1051.1309814453125,963.1541137695312,546.8471069335938,965,55,855,55,110,0.0020243304315954447,0.5128706932067871,1.4468990564346313,0.002014348913834593,-0.5367349673402011,1.1470612412741006,133.84
93,1,791,38,829,86,1051.1309814453125,963.1541137695312,546.8471069335938,810,62,698,61,112,-0.16787026077508926,0.5179716289043427,1.2438605427742004,-0.16414705585371994,-0.5196479753857983,1.1265780048227774,121.39
93,2,907,12,944,50,1051.1309814453125,963.1541137695312,546.8471069335938,925,31,756,23,169,-0.05199120566248894,0.5006128191947937,1.532687783241272,-0.027100488507908294,-0.36640108266530835,0.746607908521604,149.81
93,3,1035,13,1075,58,1051.1309814453125,963.1541137695312,546.8471069335938,1055,35,957,33,98,0.11432003974914551,0.5027066111564636,1.4739375114440918,0.11250092338599996,-0.6269553762918497,1.2875177197974599,142.52
93,4,833,11,864,46,1051.1309814453125,963.1541137695312,546.8471069335938,848,28,833,26,15,-0.14985904842615128,0.4945307016372681,1.5635262727737427,-0.9215324909450828,-4.152126669387599,8.411782436010071,151.2
93,5,1157,11,1197,56,1051.1309814453125,963.1541137695312,546.8471069335938,1177,33,1079,30,98,0.2673534005880356,0.5013422310352326,1.4669936299324036,0.2619372587124575,-0.6294051522808081,1.2875177197974599,144.48
93,6,872,0,900,43,1051.1309814453125,963.1541137695312,546.8471069335938,886,21,799,17,87,-0.104203961789608,0.4918262600898743,1.572602391242981,-0.10645407439926266,-0.7255422207474331,1.4503073165534606,151.31
93,7,853,37,892,76,1051.1309814453125,963.1541137695312,546.8471069335938,872,56,763,53,109,-0.10252227634191513,0.5187088489532471,1.2896147966384888,-0.10038578716661704,-0.540557865907919,1.1575847389004685,125.75
94,0,944,32,987,79,1051.1309814453125,963.1541137695312,546.8471069335938,965,55,763,54,202,0.0024003474973142147,0.5129221916198731,1.4765949249267578,0.001096922675850521,-0.2922814178585254,0.6246373096047083,137.37
94,1,791,38,829,86,1051.1309814453125,963.1541137695312,546.8471069335938,810,62,699,60,111,-0.16410556435585022,0.5251524984836579,1.264144778251648,-0.16562585815870842,-0.5243294886775623,1.1367273562175773,121.98
94,2,906,11,945,51,1051.1309814453125,963.1541137695312,546.8471069335938,925,31,833,28,92,-0.053262654691934586,0.4967962741851807,1.5593069791793823,-0.049782419106918496,-0.6730628583743165,1.3714862667407726,151.08
94,3,1034,12,1076,58,1051.1309814453125,963.1541137695312,546.8471069335938,1055,35,957,33,98,0.11444492638111115,0.5022811233997345,1.4682322144508362,0.11250092338599996,-0.6269553762918497,1.2875177197974599,142.25
94,4,1156,11,1198,55,1051.1309814453125,963.1541137695312,546.8471069335938,1177,33,1078,30,99,0.26727019250392914,0.5008293032646179,1.4725682735443115,0.25929142781637204,-0.6230475244799918,1.2745124903045562,144.39
94,5,872,0,900,43,1051.1309814453125,963.1541137695312,546.8471069335938,886,21,798,17,88,-0.10414864867925644,0.4928921103477478,1.5746219158172607,-0.10524436900836194,-0.7172974227843941,1.4338265515926258,151.37
94,6,833,13,864,47,1051.1309814453125,963.1541137695312,546.8471069335938,848,30,756,24,92,-0.1490238904953003,0.4961744487285614,1.5577884316444397,-0.1502498626540896,-0.6743676303684355,1.3714862667407726,150.51
94,7,855,37,892,75,1051.1309814453125,963.1541137695312,546.8471069335938,873,56,854,56,19,-0.10153856500983238,0.5189801990985871,1.3007388710975647,-0.5695795672474896,-3.1010951254717454,6.640880870534267,128.03
95,0,944,31,987,78,1051.1309814453125,963.1541137695312,546.8471069335938,965,54,763,53,202,0.0010917175095528364,0.5135472357273102,1.4423234462738037,0.001096922675850521,-0.29287567044990637,0.6246373096047083,132.9
95,1,791,36,830,87,1051.1309814453125,963.1541137695312,546.8471069335938,810,61,699,60,111,-0.16800589114427567,0.5233323514461518,1.245543897151947,-0.16562585815870842,-0.5254109213213367,1.1367273562175773,123.45
95,2,907,11,944,49,1051.1309814453125,963.1541137695312,546.8471069335938,925,30,832,27,93,-0.052846526727080345,0.4972055494785309,1.5621464848518372,-0.049247124277811846,-0.6671163655257641,1.3567391025822695,151.51
95,3,1034,13,1075,57,1051.1309814453125,963.1541137695312,546.8471069335938,1054,35,957,33,97,0.11422017216682434,0.5026545464992523,1.4755073189735413,0.1124232110141138,-0.6334188337793947,1.300791098352073,143.11
95,4,853,35,891,74,1051.1309814453125,963.1541137695312,546.8471069335938,872,54,854,55,18,-0.10673912614583969,0.5175788342952728,1.2928810119628906,-0.6078917111756255,-3.286715857271171,7.009818696675059,130.7
95,5,1157,11,1197,55,1051.1309814453125,963.1541137695312,546.8471069335938,1177,33,1079,30,98,0.2677934914827347,0.5009188294410706,1.4666383862495422,0.2619372587124575,-0.6294051522808081,1.2875177197974599,144.77
95,6,872,0,901,40,1051.1309814453125,963.1541137695312,546.8471069335938,886,20,797,17,89,-0.10402802377939224,0.492515766620636,1.5836814641952515,-0.104061848008268,-0.7105866542526477,1.4177161409005739,152.9
95,7,834,6,864,44,1051.1309814453125,963.1541137695312,546.8471069335938,849,25,757,23,92,-0.1503896564245224,0.4943010449409485,1.5805585384368896,-0.1489450906599705,-0.6808914903390311,1.3714862667407726,152.83
96,0,944,32,987,79,1051.1309814453125,963.1541137695312,546.8471069335938,965,55,854,55,111,0.0009243745298590511,0.5129627227783203,1.3193154335021973,0.0019962016263225697,-0.5318995171839832,1.1367273562175773,132.58
96,1,790,37,830,86,1051.1309814453125,963.1541137695312,546.8471069335938,810,61,763,54,47,-0.17170953750610352,0.5237854063510895,1.263317584991455,-0.39115894160886455,-1.2408640907801782,2.684611415747895,124.44
96,2,1034,12,1075,58,1051.1309814453125,963.1541137695312,546.8471069335938,1054,35,957,33,97,0.11456012353301048,0.5026376783847809,1.4808170795440674,0.1124232110141138,-0.6334188337793947,1.300791098352073,143.01
96,3,907,11,945,50,1051.1309814453125,963.1541137695312,546.8471069335938,926,30,833,28,93,-0.04861096478998661,0.49668907523155215,1.6468735337257385,-0.04795638209008112,-0.6671163655257641,1.3567391025822695,158.71
96,4,1157,10,1198,56,1051.1309814453125,963.1541137695312,546.8471069335938,1177,33,1080,29,97,0.2683067321777344,0.5011010110378266,1.4779274463653564,0.2646376428228952,-0.6358938651909195,1.300791098352073,144.94
96,5,856,35,893,73,1051.1309814453125,963.1541137695312,546.8471069335938,874,54,756,24,118,-0.10235581547021866,0.5165490299463272,1.29185950756073,-0.09069468435799444,-0.5013634358549244,1.0692943774589074,128.54
96,6,872,0,900,40,1051.1309814453125,963.1541137695312,546.8471069335938,886,20,798,17,88,-0.10513978451490402,0.4914108753204346,1.5821950435638428,-0.10524436900836194,-0.7186615025964277,1.4338265515926258,152.95
97,0,944,31,987,78,1051.1309814453125,963.1541137695312,546.8471069335938,965,54,763,54,202,0.0031541757052764297,0.5132695823907852,1.5069420337677002,0.001096922675850521,-0.29287567044990637,0.6246373096047083,139.55
97,1,790,38,829,86,1051.1309814453125,963.1541137695312,546.8471069335938,809,62,699,60,110,-0.16870756447315216,0.5241706013679505,1.2585278749465942,-0.16822281162795993,-0.5290961203928128,1.1470612412741006,121.16
97,2,1034,12,1076,57,1051.1309814453125,963.1541137695312,546.8471069335938,1055,34,957,33,98,0.11460009589791298,0.5018021702766419,1.4796271920204163,0.11250092338599996,-0.6281802642863289,1.2875177197974599,142.63
97,3,907,12,944,50,1051.1309814453125,963.1541137695312,546.8471069335938,925,31,832,27,93,-0.05185239017009735,0.5007025539875031,1.5655099153518677,-0.049247124277811846,-0.6658256233380333,1.3567391025822695,152.23
97,4,1157,11,1198,56,1051.1309814453125,963.1541137695312,546.8471069335938,1177,33,1079,30,98,0.2676289677619934,0.5011176705360413,1.4750654697418213,0.2619372587124575,-0.6294051522808081,1.2875177197974599,144.77
97,5,833,11,864,46,1051.1309814453125,963.1541137695312,546.8471069335938,848,28,756,24,92,-0.15103397518396378,0.4954770147800446,1.5735495686531067,-0.1502498626540896,-0.6769771743566738,1.3714862667407726,152.28
97,6,872,1,900,43,1051.1309814453125,963.1541137695312,546.8471069335938,886,22,798,17,88,-0.10465007275342941,0.494016432762146,1.581619381904602,-0.10524436900836194,-0.7159333429723606,1.4338265515926258,152.74
97,7,855,37,892,76,1051.1309814453125,963.1541137695312,546.8471069335938,873,56,854,55,19,-0.10129469633102417,0.5197334527969361,1.2930015325546265,-0.5695795672474896,-3.1010951254717454,6.640880870534267,127.2
98,0,944,32,987,79,1051.1309814453125,963.1541137695312,546.8471069335938,965,55,855,56,110,0.003696257364936173,0.5127510666847229,1.4563963413238525,0.002014348913834593,-0.5367349673402011,1.1470612412741006,135.4
98,1,791,37,830,86,1051.1309814453125,963.1541137695312,546.8471069335938,810,61,699,61,111,-0.16821378469467163,0.525315323472023,1.2670413255691528,-0.16562585815870842,-0.5254109213213367,1.1367273562175773,122.26
98,2,907,11,944,51,1051.1309814453125,963.1541137695312,546.8471069335938,925,31,833,27,92,-0.057547783479094505,0.49822732210159304,1.5560587048530579,-0.049782419106918496,-0.6730628583743165,1.3714862667407726,150.54
98,3,1034,12,1076,58,1051.1309814453125,963.1541137695312,546.8471069335938,1055,35,957,34,98,0.11458813399076462,0.5020379066467285,1.4540280103683472,0.11250092338599996,-0.6269553762918497,1.2875177197974599,141.8
98,4,1156,12,1198,55,1051.1309814453125,963.1541137695312,546.8471069335938,1177,33,1079,30,98,0.2663446068763733,0.5006719470024109,1.4646217823028564,0.2619372587124575,-0.6294051522808081,1.2875177197974599,143.86
98,5,872,1,900,43,1051.1309814453125,963.1541137695312,546.8471069335938,886,22,798,17,88,-0.1048840880393982,0.4930857062339783,1.5824291706085205,-0.10524436900836194,-0.7159333429723606,1.4338265515926258,152.54
98,6,854,36,893,74,1051.1309814453125,963.1541137695312,546.8471069335938,873,55,763,54,110,-0.10258940607309341,0.5179699301719666,1.2989996671676636,-0.0983819252518391,-0.5367349673402011,1.1470612412741006,129.3
98,7,834,10,864,46,1051.1309814453125,963.1541137695312,546.8471069335938,849,28,756,24,93,-0.14983943104743958,0.49570181369781496,1.5705113410949707,-0.14734353054534716,-0.6696978499012255,1.3567391025822695,152.21
99,0,944,31,988,78,1051.1309814453125,963.1541137695312,546.8471069335938,966,54,763,53,203,0.00312976585701108,0.5133151650428772,1.3497761487960815,0.0016828443545850388,-0.29143293315704966,0.6215602785229116,134.27
99,1,791,38,829,86,1051.1309814453125,963.1541137695312,546.8471069335938,810,62,699,60,111,-0.17472423613071442,0.523347669839859,1.2709718942642212,-0.16562585815870842,-0.5243294886775623,1.1367273562175773,122.82
99,2,907,11,944,50,1051.1309814453125,963.1541137695312,546.8471069335938,925,30,833,28,92,-0.04881090298295021,0.5009351015090943,1.7112172842025757,-0.049782419106918496,-0.6743676303684355,1.3714862667407726,157.05
99,3,1034,12,1075,56,1051.1309814453125,963.1541137695312,546.8471069335938,1054,34,957,33,97,0.11372815817594528,0.5010778546333313,1.4589105248451233,0.1124232110141138,-0.634656349485157,1.300791098352073,141.92
99,4,1156,10,1198,55,1051.1309814453125,963.1541137695312,546.8471069335938,1177,32,1078,30,99,0.26758216321468353,0.5008422672748566,1.4840179085731506,0.25929142781637204,-0.624260039868466,1.2745124903045562,145.13
99,5,872,1,900,43,1051.1309814453125,963.1541137695312,546.8471069335938,886,22,798,17,88,-0.10469499975442886,0.4886538624763489,1.589494228363037,-0.10524436900836194,-0.7159333429723606,1.4338265515926258,154.22
99,6,853,37,892,76,1051.1309814453125,963.1541137695312,546.8471069335938,872,56,855,55,17,-0.10217757523059845,0.5198756694793701,1.2893608808517456,-0.6436500471271329,-3.46592984611548,7.422160972950063,124.2
99,7,834,11,864,46,1051.1309814453125,963.1541137695312,546.8471069335938,849,28,757,25,92,-0.15040159225463867,0.49446424245834353,1.5854694247245789,-0.1489450906599705,-0.6769771743566738,1.3714862667407726,151.92
100,0,944,31,987,79,1051.1309814453125,963.1541137695312,546.8471069335938,965,55,763,55,202,-0.00016949561540968716,0.5088367700576782,1.423592209815979,0.001096922675850521,-0.2922814178585254,0.6246373096047083,135.2
100,1,791,36,830,86,1051.1309814453125,963.1541137695312,546.8471069335938,810,61,698,61,112,-0.16797685623168945,0.5234846413135529,1.2546544075012207,-0.16414705585371994,-0.5207197523809677,1.1265780048227774,121.42
100,2,907,11,945,51,1051.1309814453125,963.1541137695312,546.8471069335938,926,31,833,27,93,-0.049363406375050545,0.5009364724159241,1.5106724500656128,-0.04795638209008112,-0.6658256233380333,1.3567391025822695,145.68
100,3,1034,13,1074,59,1051.1309814453125,963.1541137695312,546.8471069335938,1054,36,957,33,97,0.11471490561962128,0.5014546751976013,1.4618277549743652,0.1124232110141138,-0.6321813180736322,1.300791098352073,141.69
100,4,854,36,892,75,1051.1309814453125,963.1541137695312,546.8471069335938,873,55,854,56,19,-0.10408397763967514,0.5184792518615723,1.2953609228134155,-0.5695795672474896,-3.1074129688116905,6.640880870534267,129.24
100,5,1156,10,1197,54,1051.1309814453125,963.1541137695312,546.8471069335938,1176,32,1079,30,97,0.2674301862716675,0.5004179120063782,1.51664137840271,0.26340012711713273,-0.637131380896682,1.300791098352073,147.11
100,6,873,0,903,38,1051.1309814453125,963.1541137695312,546.8471069335938,888,19,798,17,90,-0.10200028866529465,0.49080544114112856,1.5790713429450989,-0.10023807139797707,-0.7040250139104955,1.401963739335012,152.69
100,7,834,9,863,44,1051.1309814453125,963.1541137695312,546.8471069335938,848,26,756,24,92,-0.15103839337825775,0.49533107280731203,1.5734717845916748,-0.1502498626540896,-0.6795867183449119,1.3714862667407726,152.71
101,0,944,31,987,78,1051.1309814453125,963.1541137695312,546.8471069335938,965,54,763,54,202,0.0009286674903705716,0.5122967600822449,1.4823641777038574,0.001096922675850521,-0.29287567044990637,0.6246373096047083,135.33
101,1,791,36,829,86,1051.1309814453125,963.1541137695312,546.8471069335938,810,61,699,60,111,-0.16911011189222336,0.523662680387497,1.2637997269630432,-0.16562585815870842,-0.5254109213213367,1.1367273562175773,122.68
101,2,1034,12,1075,56,1051.1309814453125,963.1541137695312,546.8471069335938,1054,34,958,33,96,0.11631300300359726,0.4986844301223755,1.4699008464813232,0.11359428612884415,-0.6412673531256274,1.3143410056265736,141.72
101,3,907,10,945,50,1051.1309814453125,963.1541137695312,546.8471069335938,926,30,832,29,94,-0.053868627175688744,0.49583362936973574,1.5554417967796326,-0.047446207812527064,-0.6600193829137879,1.3423057078739475,150.4
101,4,854,36,893,74,1051.1309814453125,963.1541137695312,546.8471069335938,873,55,855,56,18,-0.10194069892168045,0.5184770315885544,1.2892224192619324,-0.6012228765390166,-3.2800470226345624,7.009818696675059,124.9
101,5,1157,10,1197,54,1051.1309814453125,963.1541137695312,546.8471069335938,1177,32,1078,30,99,0.2670985162258148,0.5000180244445801,1.4713319540023804,0.25929142781637204,-0.624260039868466,1.2745124903045562,144.31
101,6,871,0,900,40,1051.1309814453125,963.1541137695312,546.8471069335938,885,20,798,18,87,-0.10559951886534691,0.4879290103912354,1.5704665184020996,-0.1078338332895955,-0.726921979637766,1.4503073165534606,152.18
101,7,834,7,864,45,1051.1309814453125,963.1541137695312,546.8471069335938,849,26,756,24,93,-0.14879827201366425,0.4927315354347229,1.5672556161880493,-0.14734353054534716,-0.6722793342766871,1.3567391025822695,151.08
102,0,944,31,987,78,1051.1309814453125,963.1541137695312,546.8471069335938,965,54,762,54,203,0.0010717152617871761,0.509641432762146,1.4383236169815063,0.0010915191158709617,-0.29143293315704966,0.6215602785229116,132.37
102,1,791,38,829,85,1051.1309814453125,963.1541137695312,546.8471069335938,810,61,699,60,111,-0.1770140826702118,0.5227877289056778,1.2848470211029053,-0.16562585815870842,-0.5254109213213367,1.1367273562175773,125.28
102,2,907,11,945,49,1051.1309814453125,963.1541137695312,546.8471069335938,926,30,833,26,93,-0.0493590347468853,0.4951606929302216,1.5222911834716797,-0.04795638209008112,-0.6671163655257641,1.3567391025822695,148.24
102,3,1035,12,1075,57,1051.1309814453125,963.1541137695312,546.8471069335938,1055,34,957,33,98,0.11404455825686455,0.5013301610946655,1.4608289003372192,0.11250092338599996,-0.6281802642863289,1.2875177197974599,141.34
102,4,1156,10,1198,54,1051.1309814453125,963.1541137695312,546.8471069335938,1177,32,1079,30,98,0.268873006105423,0.5005553007125855,1.4807803630828857,0.2619372587124575,-0.6306300402752872,1.2875177197974599,145.52
102,5,872,0,900,41,1051.1309814453125,963.1541137695312,546.8471069335938,886,20,798,17,88,-0.1050679013133049,0.4915384590625763,1.5771469473838806,-0.10524436900836194,-0.7186615025964277,1.4338265515926258,152.28
102,6,833,10,863,45,1051.1309814453125,963.1541137695312,546.8471069335938,848,27,756,25,92,-0.15176666527986526,0.49471079707145693,1.5736592411994934,-0.1502498626540896,-0.6782819463507928,1.3714862667407726,152.59
102,7,854,37,892,74,1051.1309814453125,963.1541137695312,546.8471069335938,873,55,855,55,18,-0.10270126909017563,0.5178374141454697,1.2933763265609741,-0.6012228765390166,-3.2800470226345624,7.009818696675059,126.76
103,0,944,32,987,79,1051.1309814453125,963.1541137695312,546.8471069335938,965,55,763,54,202,0.0010691144270822406,0.5094383001327515,1.4432176351547241,0.001096922675850521,-0.2922814178585254,0.6246373096047083,135.86
103,1,791,37,829,86,1051.1309814453125,963.1541137695312,546.8471069335938,810,61,699,60,111,-0.17177100479602814,0.5215389966964722,1.2553901672363281,-0.16562585815870842,-0.5254109213213367,1.1367273562175773,123.21
103,2,907,11,944,51,1051.1309814453125,963.1541137695312,546.8471069335938,925,31,833,27,92,-0.04841667413711548,0.5022306084632874,1.4908794164657593,-0.049782419106918496,-0.6730628583743165,1.3714862667407726,144.2
103,3,1033,12,1076,58,1051.1309814453125,963.1541137695312,546.8471069335938,1054,35,957,33,97,0.11575110256671906,0.5004802584648133,1.4695357084274292,0.1124232110141138,-0.6334188337793947,1.300791098352073,141.95
103,4,854,36,892,75,1051.1309814453125,963.1541137695312,546.8471069335938,873,55,854,56,19,-0.10423480719327927,0.5208150833845139,1.304788589477539,-0.5695795672474896,-3.1074129688116905,6.640880870534267,126.83
103,5,1158,10,1197,55,1051.1309814453125,963.1541137695312,546.8471069335938,1177,32,1079,30,98,0.2687467038631439,0.5008259654045105,1.4944849014282227,0.2619372587124575,-0.6306300402752872,1.2875177197974599,145.71
103,6,834,10,864,46,1051.1309814453125,963.1541137695312,546.8471069335938,849,28,756,24,93,-0.14820921421051025,0.4928364992141724,1.5790361166000366,-0.14734353054534716,-0.6696978499012255,1.3567391025822695,152.08
103,7,872,1,900,43,1051.1309814453125,963.1541137695312,546.8471069335938,886,22,799,17,87,-0.10401531681418419,0.4882668197154999,1.5818618535995483,-0.10645407439926266,-0.7241624618571003,1.4503073165534606,153.33
104,0,944,32,987,78,1051.1309814453125,963.1541137695312,546.8471069335938,965,55,855,55,110,0.0010746869374997914,0.5100612580776215,1.4474557042121887,0.002014348913834593,-0.5367349673402011,1.1470612412741006,135.93
104,1,790,38,830,85,1051.1309814453125,963.1541137695312,546.8471069335938,810,61,699,60,111,-0.17874977737665176,0.5231203377246857,1.2968938946723938,-0.16562585815870842,-0.5254109213213367,1.1367273562175773,129.65
104,2,908,12,944,50,1051.1309814453125,963.1541137695312,546.8471069335938,926,31,832,27,94,-0.04877522028982639,0.5020461320877075,1.5011540055274963,-0.047446207812527064,-0.6587423720259267,1.3423057078739475,145.47
104,3,1034,12,1076,57,1051.1309814453125,963.1541137695312,546.8471069335938,1055,34,957,33,98,0.11430396512150764,0.501734459400177,1.4669179320335388,0.11250092338599996,-0.6281802642863289,1.2875177197974599,142.23
104,4,1156,12,1198,56,1051.1309814453125,963.1541137695312,546.8471069335938,1177,34,1079,30,98,0.2675354927778244,0.5019097864627838,1.4881333708763123,0.2619372587124575,-0.6281802642863289,1.2875177197974599,145.15
104,5,872,1,900,41,1051.1309814453125,963.1541137695312,546.8471069335938,886,21,798,17,88,-0.10381312668323517,0.49362766146659853,1.577789545059204,-0.10524436900836194,-0.7172974227843941,1.4338265515926258,152.04
104,6,834,9,865,45,1051.1309814453125,963.1541137695312,546.8471069335938,849,27,756,24,93,-0.14948909729719162,0.49542793035507204,1.5690890550613403,-0.14734353054534716,-0.6709885920889563,1.3567391025822695,151.73
104,7,856,35,892,74,1051.1309814453125,963.1541137695312,546.8471069335938,874,54,763,54,111,-0.10896474868059158,0.522136652469635,1.3556935787200928,-0.09641416895714724,-0.5329809498277576,1.1367273562175773,136.01
105,0,944,31,987,78,1051.1309814453125,963.1541137695312,546.8471069335938,965,54,855,55,110,0.002019290579482913,0.5137432157993317,1.3044706583023071,0.002014348913834593,-0.537826231189828,1.1470612412741006,131.11
105,1,790,36,829,86,1051.1309814453125,963.1541137695312,546.8471069335938,809,61,699,60,110,-0.17234357446432114,0.5239318400621414,1.2691192626953125,-0.16822281162795993,-0.5301873842424397,1.1470612412741006,123.79
105,2,907,10,944,49,1051.1309814453125,963.1541137695312,546.8471069335938,925,29,833,26,92,-0.05250411108136177,0.4963093936443329,1.583306908607483,-0.049782419106918496,-0.6756724023625547,1.3714862667407726,152.46
105,3,1033,13,1074,58,1051.1309814453125,963.1541137695312,546.8471069335938,1053,35,957,33,96,0.11123643815517426,0.5022498607635498,1.4513838291168213,0.11234387963448,-0.6400169466312633,1.3143410056265736,140.74
105,4,1156,10,1197,55,1051.1309814453125,963.1541137695312,546.8471069335938,1176,32,1079,31,97,0.26584872603416443,0.5000290513038635,1.4652286767959595,0.26340012711713273,-0.637131380896682,1.300791098352073,143.89
105,5,853,35,892,74,1051.1309814453125,963.1541137695312,546.8471069335938,872,54,763,54,109,-0.1043911874294281,0.517186963558197,1.2937438488006592,-0.10038578716661704,-0.5427604167970742,1.1575847389004685,128.01
105,6,833,10,864,45,1051.1309814453125,963.1541137695312,546.8471069335938,848,27,756,24,92,-0.15008166432380676,0.49423309564590456,1.5646624565124512,-0.1502498626540896,-0.6782819463507928,1.3714862667407726,151.51
105,7,872,0,901,39,1051.1309814453125,963.1541137695312,546.8471069335938,886,19,799,17,87,-0.10455559194087982,0.48968621492385866,1.5756486654281616,-0.10645407439926266,-0.7283017385280988,1.4503073165534606,152.27
106,0,944,30,987,78,1051.1309814453125,963.1541137695312,546.8471069335938,965,54,763,54,202,-0.00017157865659100935,0.5102811694145203,1.4569792747497559,0.001096922675850521,-0.29287567044990637,0.6246373096047083,137.43
106,1,791,37,830,86,1051.1309814453125,963.1541137695312,546.8471069335938,810,61,699,60,111,-0.1800062507390976,0.5190661191940308,1.2842686176300049,-0.16562585815870842,-0.5254109213213367,1.1367273562175773,125.88
106,2,1034,11,1075,57,1051.1309814453125,963.1541137695312,546.8471069335938,1054,34,957,33,97,0.11233877390623093,0.4986389219760895,1.4765361547470093,0.1124232110141138,-0.634656349485157,1.300791098352073,142.31
106,3,907,10,944,50,1051.1309814453125,963.1541137695312,546.8471069335938,925,30,833,27,92,-0.04886708781123161,0.4990008115768433,1.5115680694580078,-0.049782419106918496,-0.6743676303684355,1.3714862667407726,146.25
106,4,1156,11,1197,54,1051.1309814453125,963.1541137695312,546.8471069335938,1176,32,1078,30,98,0.2676345258951187,0.5005118191242218,1.4982994198799133,0.2607123707179783,-0.6306300402752872,1.2875177197974599,146.72
106,5,854,37,892,75,1051.1309814453125,963.1541137695312,546.8471069335938,873,56,854,55,19,-0.10266990587115288,0.5199299991130829,1.3164381384849548,-0.5695795672474896,-3.1010951254717454,6.640880870534267,130.62
106,6,872,0,901,44,1051.1309814453125,963.1541137695312,546.8471069335938,886,22,798,17,88,-0.10250554233789444,0.49346878528594973,1.5755764245986938,-0.10524436900836194,-0.7159333429723606,1.4338265515926258,151.4
106,7,833,11,864,47,1051.1309814453125,963.1541137695312,546.8471069335938,848,29,756,24,92,-0.1487872153520584,0.4952368974685669,1.5587811470031738,-0.1502498626540896,-0.6756724023625547,1.3714862667407726,150.93
107,0,944,30,987,78,1051.1309814453125,963.1541137695312,546.8471069335938,965,54,854,55,111,0.0009327245061285794,0.5145635843276978,1.5097285509109497,0.0019962016263225697,-0.5329809498277576,1.1367273562175773,137.71
107,1,791,36,830,86,1051.1309814453125,963.1541137695312,546.8471069335938,810,61,699,60,111,-0.16881248354911804,0.523843789100647,1.261317253112793,-0.16562585815870842,-0.5254109213213367,1.1367273562175773,122.91
107,2,1034,12,1075,58,1051.1309814453125,963.1541137695312,546.8471069335938,1054,35,957,33,97,0.1143178679049015,0.5013056337833405,1.4758079648017883,0.1124232110141138,-0.6334188337793947,1.300791098352073,141.9
107,3,907,10,945,50,1051.1309814453125,963.1541137695312,546.8471069335938,926,30,833,27,93,-0.04881434701383114,0.4955992639064789,1.5707608461380005,-0.04795638209008112,-0.6671163655257641,1.3567391025822695,152.95
107,4,1156,11,1198,55,1051.1309814453125,963.1541137695312,546.8471069335938,1177,33,1078,30,99,0.26849453151226044,0.5012412011623383,1.4934519529342651,0.25929142781637204,-0.6230475244799918,1.2745124903045562,146.76
107,5,855,34,893,74,1051.1309814453125,963.1541137695312,546.8471069335938,874,54,763,54,111,-0.1045580729842186,0.5177452504634857,1.2948713302612305,-0.09641416895714724,-0.5329809498277576,1.1367273562175773,127.97
107,6,871,0,900,40,1051.1309814453125,963.1541137695312,546.8471069335938,885,20,798,17,87,-0.10663622617721558,0.48931344747543337,1.5827203392982483,-0.1078338332895955,-0.726921979637766,1.4503073165534606,153.29
107,7,833,10,865,46,1051.1309814453125,963.1541137695312,546.8471069335938,849,28,756,24,93,-0.14847277104854584,0.49444558620452883,1.5749962329864502,-0.14734353054534716,-0.6696978499012255,1.3567391025822695,151.99
108,0,944,32,987,78,1051.1309814453125,963.1541137695312,546.8471069335938,965,55,763,54,202,-0.0001687801632215269,0.5106759011745453,1.420872151851654,0.001096922675850521,-0.2922814178585254,0.6246373096047083,132.83
108,1,790,38,830,86,1051.1309814453125,963.1541137695312,546.8471069335938,810,62,699,60,111,-0.17581837624311447,0.5215486228466034,1.2631732821464539,-0.16562585815870842,-0.5243294886775623,1.1367273562175773,126.17
108,2,907,11,944,50,1051.1309814453125,963.1541137695312,546.8471069335938,925,30,833,27,92,-0.05255008861422539,0.49884035587310793,1.5402331352233887,-0.049782419106918496,-0.6743676303684355,1.3714862667407726,148.51
108,3,1034,13,1075,57,1051.1309814453125,963.1541137695312,546.8471069335938,1054,35,957,33,97,0.11326586082577705,0.5014148890972138,1.4487298130989075,0.1124232110141138,-0.6334188337793947,1.300791098352073,140.97
108,4,854,36,892,75,1051.1309814453125,963.1541137695312,546.8471069335938,873,55,855,55,18,-0.10432881861925125,0.5184414625167847,1.2951291799545288,-0.6012228765390166,-3.2800470226345624,7.009818696675059,129.28
108,5,1157,11,1197,55,1051.1309814453125,963.1541137695312,546.8471069335938,1177,33,1078,30,99,0.26573504507541656,0.5003355979919434,1.4651597142219543,0.25929142781637204,-0.6230475244799918,1.2745124903045562,143.54
108,6,871,0,900,42,1051.1309814453125,963.1541137695312,546.8471069335938,885,21,798,17,87,-0.10562924295663834,0.4922951698303223,1.5775448083877563,-0.1078338332895955,-0.7255422207474331,1.4503073165534606,152.27
108,7,834,13,864,46,1051.1309814453125,963.1541137695312,546.8471069335938,849,29,756,24,93,-0.14859607815742493,0.49673386812210085,1.5518625974655151,-0.14734353054534716,-0.6684071077134949,1.3567391025822695,150.97
109,0,944,31,987,78,1051.1309814453125,963.1541137695312,546.8471069335938,965,54,763,54,202,-0.00018393237405689433,0.5134873628616333,1.3254066705703735,0.001096922675850521,-0.29287567044990637,0.6246373096047083,131.89
109,1,790,38,829,85,1051.1309814453125,963.1541137695312,546.8471069335938,809,61,699,60,110,-0.1684410721063614,0.5238795220851898,1.2650575637817383,-0.16822281162795993,-0.5301873842424397,1.1470612412741006,121.11
109,2,907,11,945,50,1051.1309814453125,963.1541137695312,546.8471069335938,926,30,833,28,93,-0.05085797235369682,0.49591326117515566,1.5548943281173706,-0.04795638209008112,-0.6671163655257641,1.3567391025822695,150.08
109,3,1034,12,1075,58,1051.1309814453125,963.1541137695312,546.8471069335938,1054,35,957,33,97,0.11348989605903625,0.5018444001674652,1.4703842401504517,0.1124232110141138,-0.6334188337793947,1.300791098352073,141.97
109,4,853,36,892,75,1051.1309814453125,963.1541137695312,546.8471069335938,872,55,854,55,18,-0.10399620980024338,0.5180690675973892,1.2957257628440857,-0.6078917111756255,-3.2800470226345624,7.009818696675059,127.65
109,5,1156,11,1197,55,1051.1309814453125,963.1541137695312,546.8471069335938,1176,33,1078,30,98,0.2669006288051605,0.500870281457901,1.4650652408599854,0.2607123707179783,-0.6294051522808081,1.2875177197974599,144.34
109,6,833,10,864,45,1051.1309814453125,963.1541137695312,546.8471069335938,848,27,756,24,92,-0.14963223040103912,0.49370654821395876,1.5616201162338257,-0.1502498626540896,-0.6782819463507928,1.3714862667407726,150.96
109,7,872,0,900,42,1051.1309814453125,963.1541137695312,546.8471069335938,886,21,798,17,88,-0.10487288236618042,0.49196856617927553,1.5764904022216797,-0.10524436900836194,-0.7172974227843941,1.4338265515926258,152.04
110,0,944,31,987,78,1051.1309814453125,963.1541137695312,546.8471069335938,965,54,763,54,202,-0.0001684124581515789,0.5115867793560028,1.3534969091415405,0.001096922675850521,-0.29287567044990637,0.6246373096047083,132.12
110,1,791,37,830,85,1051.1309814453125,963.1541137695312,546.8471069335938,810,61,699,60,111,-0.17536646127700806,0.5215770840644837,1.2631890773773193,-0.16562585815870842,-0.5254109213213367,1.1367273562175773,125.19
110,2,1034,12,1075,56,1051.1309814453125,963.1541137695312,546.8471069335938,1054,34,957,33,97,0.11325767636299133,0.5008206605911255,1.4726119637489319,0.1124232110141138,-0.634656349485157,1.300791098352073,141.78
110,3,907,11,944,49,1051.1309814453125,963.1541137695312,546.8471069335938,925,30,756,24,169,-0.05272229388356209,0.4980401635169983,1.5569939613342285,-0.027100488507908294,-0.3671113727449471,0.746607908521604,149.96
110,4,834,9,863,45,1051.1309814453125,963.1541137695312,546.8471069335938,848,27,833,27,15,-0.14950387179851532,0.494715029001236,1.554072618484497,-0.9215324909450828,-4.160129270951529,8.411782436010071,150.67
110,5,855,35,893,74,1051.1309814453125,963.1541137695312,546.8471069335938,874,54,855,55,19,-0.10554905980825424,0.518968814611435,1.3235480785369873,-0.5632617239075444,-3.113730812151636,6.640880870534267,132.53
110,6,1157,11,1196,55,1051.1309814453125,963.1541137695312,546.8471069335938,1176,33,1078,30,98,0.2676580995321274,0.5007274687290192,1.4806334376335144,0.2607123707179783,-0.6294051522808081,1.2875177197974599,144.89
110,7,872,0,900,40,1051.1309814453125,963.1541137695312,546.8471069335938,886,20,798,17,88,-0.10433275252580643,0.4924602746963501,1.574309527873993,-0.10524436900836194,-0.7186615025964277,1.4338265515926258,152.23
111,0,944,31,987,78,1051.1309814453125,963.1541137695312,546.8471069335938,965,54,763,54,202,0.002036106074228883,0.5122419536113739,1.4845179319381714,0.001096922675850521,-0.29287567044990637,0.6246373096047083,136.51
111,1,791,38,830,86,1051.1309814453125,963.1541137695312,546.8471069335938,810,62,699,61,111,-0.17051109671592712,0.5215810477733612,1.2470067739486694,-0.16562585815870842,-0.5243294886775623,1.1367273562175773,122.37
111,2,907,11,945,51,1051.1309814453125,963.1541137695312,546.8471069335938,926,31,833,29,93,-0.05453060008585453,0.4961209535598755,1.5413882732391357,-0.04795638209008112,-0.6658256233380333,1.3567391025822695,150.82
111,3,1034,12,1076,57,1051.1309814453125,963.1541137695312,546.8471069335938,1055,34,957,33,98,0.11440618336200714,0.5015312373638153,1.4789590239524841,0.11250092338599996,-0.6281802642863289,1.2875177197974599,142.39
111,4,853,37,892,76,1051.1309814453125,963.1541137695312,546.8471069335938,872,56,854,56,18,-0.10501472279429436,0.5201529949903488,1.3046604990959167,-0.6078917111756255,-3.2733781879979533,7.009818696675059,128.72
111,5,1157,11,1197,56,1051.1309814453125,963.1541137695312,546.8471069335938,1177,33,1079,30,98,0.26742973923683167,0.5010334491729737,1.4661372303962708,0.2619372587124575,-0.6294051522808081,1.2875177197974599,144.54
111,6,871,1,900,44,1051.1309814453125,963.1541137695312,546.8471069335938,885,22,798,17,87,-0.10468218848109245,0.4934302806854248,1.5720170736312866,-0.1078338332895955,-0.7241624618571003,1.4503073165534606,151.81
111,7,833,11,863,46,1051.1309814453125,963.1541137695312,546.8471069335938,848,28,756,24,92,-0.14977368712425232,0.49601843357086184,1.5581351518630981,-0.1502498626540896,-0.6769771743566738,1.3714862667407726,150.85
112,0,944,31,987,78,1051.1309814453125,963.1541137695312,546.8471069335938,965,54,763,54,202,0.0020204734755679965,0.510845685005188,1.4083145260810852,0.001096922675850521,-0.29287567044990637,0.6246373096047083,130.98
112,1,791,37,830,86,1051.1309814453125,963.1541137695312,546.8471069335938,810,61,699,60,111,-0.16719931364059448,0.522634619474411,1.2362860441207886,-0.16562585815870842,-0.5254109213213367,1.1367273562175773,121.9
112,2,908,11,944,49,1051.1309814453125,963.1541137695312,546.8471069335938,926,30,833,27,93,-0.0498296357691288,0.49700298309326174,1.5353590250015259,-0.04795638209008112,-0.6671163655257641,1.3567391025822695,149.01
112,3,1034,12,1076,57,1051.1309814453125,963.1541137695312,546.8471069335938,1055,34,956,33,99,0.11518622934818268,0.4997971296310425,1.4585599899291992,0.111364550422505,-0.6218350090915175,1.2745124903045562,140.88
112,4,855,35,892,74,1051.1309814453125,963.1541137695312,546.8471069335938,873,54,854,56,19,-0.1025000661611557,0.5182068884372711,1.301016926765442,-0.5695795672474896,-3.113730812151636,6.640880870534267,129.66
112,5,1157,10,1197,55,1051.1309814453125,963.1541137695312,546.8471069335938,1177,32,1078,30,99,0.2673361599445343,0.5004012227058411,1.4766689538955688,0.25929142781637204,-0.624260039868466,1.2745124903045562,144.38
112,6,872,0,900,40,1051.1309814453125,963.1541137695312,546.8471069335938,886,20,798,17,88,-0.1039820984005928,0.4921999216079712,1.5771137475967407,-0.10524436900836194,-0.7186615025964277,1.4338265515926258,152.29
112,7,833,11,863,46,1051.1309814453125,963.1541137695312,546.8471069335938,848,28,756,24,92,-0.1524665653705597,0.4955435633659363,1.5762651562690735,-0.1502498626540896,-0.6769771743566738,1.3714862667407726,153.21
113,0,944,31,987,77,1051.1309814453125,963.1541137695312,546.8471069335938,965,54,763,55,202,-0.0027579152956604958,0.5117772459983826,1.4336596727371216,0.001096922675850521,-0.29287567044990637,0.6246373096047083,133.99
113,1,790,37,830,86,1051.1309814453125,963.1541137695312,546.8471069335938,810,61,699,61,111,-0.16910392045974731,0.518566781282425,1.2723398208618164,-0.16562585815870842,-0.5254109213213367,1.1367273562175773,123.55
113,2,1034,12,1075,57,1051.1309814453125,963.1541137695312,546.8471069335938,1054,34,957,33,97,0.11307507753372192,0.501246178150177,1.4532197713851929,0.1124232110141138,-0.634656349485157,1.300791098352073,140.81
113,3,907,10,945,49,1051.1309814453125,963.1541137695312,546.8471069335938,926,29,832,28,94,-0.04815215617418289,0.4996420979499817,1.5106347799301147,-0.047446207812527064,-0.6612963938016492,1.3423057078739475,145.51
113,4,854,35,893,74,1051.1309814453125,963.1541137695312,546.8471069335938,873,54,854,56,19,-0.1047670766711235,0.5189380586147309,1.3042329549789429,-0.5695795672474896,-3.113730812151636,6.640880870534267,128.78
113,5,1156,11,1197,55,1051.1309814453125,963.1541137695312,546.8471069335938,1176,33,1079,30,97,0.2675527483224869,0.5010878384113312,1.4925785660743713,0.26340012711713273,-0.6358938651909195,1.300791098352073,145.32
113,6,872,0,900,41,1051.1309814453125,963.1541137695312,546.8471069335938,886,20,797,17,89,-0.10592961311340332,0.4894228219985962,1.5757035613059998,-0.104061848008268,-0.7105866542526477,1.4177161409005739,152.57
113,7,834,9,864,45,1051.1309814453125,963.1541137695312,546.8471069335938,849,27,755,24,94,-0.14987969398498535,0.49422898292541506,1.573617696762085,-0.14577604617784345,-0.6638504155773717,1.3423057078739475,151.92
114,0,944,32,987,78,1051.1309814453125,963.1541137695312,546.8471069335938,965,55,854,56,111,-0.002364870277233422,0.5131684333086014,1.3049260377883911,0.0019962016263225697,-0.5318995171839832,1.1367273562175773,128.94
114,1,791,37,830,86,1051.1309814453125,963.1541137695312,546.8471069335938,810,61,763,54,47,-0.16523954272270203,0.5232489943504334,1.245044231414795,-0.39115894160886455,-1.2408640907801782,2.684611415747895,119.7
114,2,907,11,944,50,1051.1309814453125,963.1541137695312,546.8471069335938,925,30,833,30,92,-0.05140938237309456,0.494996452331543,1.534118890762329,-0.049782419106918496,-0.6743676303684355,1.3714862667407726,148.62
114,3,1034,13,1075,58,1051.1309814453125,963.1541137695312,546.8471069335938,1054,35,957,33,97,0.11355537921190262,0.5024869680404663,1.474707841873169,0.1124232110141138,-0.6334188337793947,1.300791098352073,142.14
114,4,1156,9,1197,54,1051.1309814453125,963.1541137695312,546.8471069335938,1176,31,1079,30,97,0.26727643609046936,0.499731981754303,1.4863425493240356,0.26340012711713273,-0.6383688966024444,1.300791098352073,144.89
114,5,872,1,900,42,1051.1309814453125,963.1541137695312,546.8471069335938,886,21,798,17,88,-0.10418961569666862,0.4918482542037964,1.5632110238075256,-0.10524436900836194,-0.7172974227843941,1.4338265515926258,150.87
114,6,834,10,864,46,1051.1309814453125,963.1541137695312,546.8471069335938,849,28,756,24,93,-0.14953608810901642,0.4942690670490265,1.5571959018707275,-0.14734353054534716,-0.6696978499012255,1.3567391025822695,150.94
115,0,944,32,986,78,1051.1309814453125,963.1541137695312,546.8471069335938,965,55,854,55,111,0.001072191575076431,0.510894188284874,1.4234845638275146,0.0019962016263225697,-0.5318995171839832,1.1367273562175773,134.25
115,1,791,37,830,85,1051.1309814453125,963.1541137695312,546.8471069335938,810,61,699,60,111,-0.17177578806877136,0.5220290511846543,1.2699190378189087,-0.16562585815870842,-0.5254109213213367,1.1367273562175773,124.39
115,2,908,11,944,49,1051.1309814453125,963.1541137695312,546.8471069335938,926,30,833,27,93,-0.05160579830408096,0.5028980314731598,1.4984006881713867,-0.04795638209008112,-0.6671163655257641,1.3567391025822695,146.31
115,3,1034,13,1074,58,1051.1309814453125,963.1541137695312,546.8471069335938,1054,35,957,33,97,0.11258529126644135,0.5023645699024201,1.4620087146759033,0.1124232110141138,-0.6334188337793947,1.300791098352073,141.56
115,4,854,35,892,73,1051.1309814453125,963.1541137695312,546.8471069335938,873,54,763,54,110,-0.101902537047863,0.5185101568698883,1.3481166362762451,-0.0983819252518391,-0.537826231189828,1.1470612412741006,132.89
115,5,834,10,863,45,1051.1309814453125,963.1541137695312,546.8471069335938,848,27,756,24,92,-0.15095805376768112,0.49484490752220156,1.5720971822738647,-0.1502498626540896,-0.6782819463507928,1.3714862667407726,151.94
115,6,872,1,900,40,1051.1309814453125,963.1541137695312,546.8471069335938,886,20,798,17,88,-0.1038975790143013,0.4932590961456299,1.5799098014831543,-0.10524436900836194,-0.7186615025964277,1.4338265515926258,152.08
115,7,1156,11,1197,55,1051.1309814453125,963.1541137695312,546.8471069335938,1176,33,1079,29,97,0.268043115735054,0.5011452972888947,1.4773994088172913,0.26340012711713273,-0.6358938651909195,1.300791098352073,145.4
116,0,944,32,987,79,1051.1309814453125,963.1541137695312,546.8471069335938,965,55,763,54,202,0.001072398154065013,0.5122955083847046,1.4236894845962524,0.001096922675850521,-0.2922814178585254,0.6246373096047083,133.9
116,1,792,36,830,86,1051.1309814453125,963.1541137695312,546.8471069335938,811,61,699,60,112,-0.17091912031173706,0.5257326006889343,1.2799984216690063,-0.16307527885855067,-0.5207197523809677,1.1265780048227774,125.27
116,2,907,11,944,50,1051.1309814453125,963.1541137695312,546.8471069335938,925,30,833,26,92,-0.04842545464634895,0.5044508218765259,1.4834221601486206,-0.049782419106918496,-0.6743676303684355,1.3714862667407726,142.81
116,3,1034,13,1075,57,1051.1309814453125,963.1541137695312,546.8471069335938,1054,35,958,33,96,0.11639392003417015,0.5001015603542328,1.473081886768341,0.11359428612884415,-0.6400169466312633,1.3143410056265736,141.92
116,4,854,35,892,74,1051.1309814453125,963.1541137695312,546.8471069335938,873,54,855,54,18,-0.1038871631026268,0.5179149299860001,1.307882010936737,-0.6012228765390166,-3.286715857271171,7.009818696675059,129.68
116,5,1156,11,1198,55,1051.1309814453125,963.1541137695312,546.8471069335938,1177,33,1079,30,98,0.2667919099330902,0.5010505557060242,1.5005820393562317,0.2619372587124575,-0.6294051522808081,1.2875177197974599,146.29
116,6,833,10,863,45,1051.1309814453125,963.1541137695312,546.8471069335938,848,27,756,23,92,-0.15077542513608932,0.49449762105941775,1.5634114742279053,-0.1502498626540896,-0.6782819463507928,1.3714862667407726,151.35
116,7,872,0,900,41,1051.1309814453125,963.1541137695312,546.8471069335938,886,20,799,16,87,-0.10441342368721962,0.4914731323719025,1.5744678974151611,-0.10645407439926266,-0.726921979637766,1.4503073165534606,151.75
117,0,944,32,987,79,1051.1309814453125,963.1541137695312,546.8471069335938,965,55,763,54,202,0.0010936058242805302,0.5137705892324448,1.4497594237327576,0.001096922675850521,-0.2922814178585254,0.6246373096047083,133.62
117,1,790,38,829,87,1051.1309814453125,963.1541137695312,546.8471069335938,809,62,699,60,110,-0.1718742400407791,0.5234113574028015,1.263696312904358,-0.16822281162795993,-0.5290961203928128,1.1470612412741006,122.94
117,2,908,11,944,50,1051.1309814453125,963.1541137695312,546.8471069335938,926,30,832,27,94,-0.04436654597520828,0.49866836667060854,1.5313422679901123,-0.047446207812527064,-0.6600193829137879,1.3423057078739475,150.99
117,3,1035,13,1075,57,1051.1309814453125,963.1541137695312,546.8471069335938,1055,35,957,34,98,0.11392084136605263,0.5018753945827484,1.4649949073791504,0.11250092338599996,-0.6269553762918497,1.2875177197974599,141.67
117,4,853,36,892,75,1051.1309814453125,963.1541137695312,546.8471069335938,872,55,855,56,17,-0.1044292226433754,0.5188055276870728,1.2920591831207275,-0.6436500471271329,-3.4729909651424777,7.422160972950063,126.43
117,5,1157,10,1197,55,1051.1309814453125,963.1541137695312,546.8471069335938,1177,32,1079,30,98,0.26681727170944214,0.5002081334590912,1.476711392402649,0.2619372587124575,-0.6306300402752872,1.2875177197974599,144.79
117,6,872,1,900,41,1051.1309814453125,963.1541137695312,546.8471069335938,886,21,799,17,87,-0.10628379881381989,0.49019824862480166,1.581810712814331,-0.10645407439926266,-0.7255422207474331,1.4503073165534606,153.12
117,7,834,11,863,45,1051.1309814453125,963.1541137695312,546.8471069335938,848,28,756,24,92,-0.15027373284101486,0.4946774780750275,1.5643693208694458,-0.1502498626540896,-0.6769771743566738,1.3714862667407726,151.46
118,0,944,31,987,78,1051.1309814453125,963.1541137695312,546.8471069335938,965,54,763,54,202,0.0031490714754909277,0.5148466169834137,1.5017194747924805,0.001096922675850521,-0.29287567044990637,0.6246373096047083,140.94
118,1,790,37,830,87,1051.1309814453125,963.1541137695312,546.8471069335938,810,62,698,60,112,-0.1779376119375229,0.5234834790229798,1.2882590293884277,-0.16414705585371994,-0.5196479753857983,1.1265780048227774,126.32
118,2,907,10,945,51,1051.1309814453125,963.1541137695312,546.8471069335938,926,30,833,27,93,-0.05140276812016964,0.49781044721603396,1.6235219240188599,-0.04795638209008112,-0.6671163655257641,1.3567391025822695,156.42
118,3,1034,13,1075,57,1051.1309814453125,963.1541137695312,546.8471069335938,1054,35,957,34,97,0.11354837566614151,0.5019437313079834,1.4630131125450134,0.1124232110141138,-0.6334188337793947,1.300791098352073,141.82
118,4,1157,11,1197,55,1051.1309814453125,963.1541137695312,546.8471069335938,1177,33,1079,32,98,0.2666405290365219,0.5006438434123993,1.4697394371032715,0.2619372587124575,-0.6294051522808081,1.2875177197974599,144.27
118,5,854,36,893,75,1051.1309814453125,963.1541137695312,546.8471069335938,873,55,855,55,18,-0.10225128382444382,0.5187940239906311,1.2984085083007812,-0.6012228765390166,-3.2800470226345624,7.009818696675059,128.4
118,6,871,0,900,41,1051.1309814453125,963.1541137695312,546.8471069335938,885,20,798,17,87,-0.10605154186487198,0.4921255946159363,1.5907845497131348,-0.1078338332895955,-0.726921979637766,1.4503073165534606,153.51
118,7,833,11,864,45,1051.1309814453125,963.1541137695312,546.8471069335938,848,28,756,24,92,-0.1501145213842392,0.49555405378341677,1.5757654309272766,-0.1502498626540896,-0.6769771743566738,1.3714862667407726,152.17
119,0,944,32,987,78,1051.1309814453125,963.1541137695312,546.8471069335938,965,55,854,55,111,-0.0027566540520638227,0.5118839383125305,1.425032377243042,0.0019962016263225697,-0.5318995171839832,1.1367273562175773,132.86
119,1,791,37,830,87,1051.1309814453125,963.1541137695312,546.8471069335938,810,62,699,60,111,-0.16627584397792816,0.5234723627567291,1.2488511800765991,-0.16562585815870842,-0.5243294886775623,1.1367273562175773,121.15
119,2,908,12,945,49,1051.1309814453125,963.1541137695312,546.8471069335938,926,30,832,28,94,-0.049693185836076736,0.5020970344543457,1.4970248937606812,-0.047446207812527064,-0.6600193829137879,1.3423057078739475,145.54
119,3,1034,12,1075,57,1051.1309814453125,963.1541137695312,546.8471069335938,1054,34,957,33,97,0.11334741115570068,0.5014299988746643,1.4677034616470337,0.1124232110141138,-0.634656349485157,1.300791098352073,141.79
119,4,1157,11,1196,54,1051.1309814453125,963.1541137695312,546.8471069335938,1176,32,1078,30,98,0.2670672833919525,0.5004334092140198,1.4783661365509033,0.2607123707179783,-0.6306300402752872,1.2875177197974599,144.86
119,5,854,35,892,74,1051.1309814453125,963.1541137695312,546.8471069335938,873,54,763,54,110,-0.10486098751425743,0.5183713227510452,1.3036004900932312,-0.0983819252518391,-0.537826231189828,1.1470612412741006,128.69
119,6,834,10,864,45,1051.1309814453125,963.1541137695312,546.8471069335938,849,27,756,24,93,-0.151307575404644,0.4952797830104828,1.5797749161720276,-0.14734353054534716,-0.6709885920889563,1.3567391025822695,153.12
119,7,872,1,900,40,1051.1309814453125,963.1541137695312,546.8471069335938,886,20,797,17,89,-0.10663113743066788,0.49076941013336184,1.5876514911651611,-0.104061848008268,-0.7105866542526477,1.4177161409005739,153.69
120,0,944,31,987,79,1051.1309814453125,963.1541137695312,546.8471069335938,965,55,854,55,111,-0.0014621729496866465,0.5113526821136475,1.4110523462295532,0.0019962016263225697,-0.5318995171839832,1.1367273562175773,133.46
120,1,790,36,830,85,1051.1309814453125,963.1541137695312,546.8471069335938,810,60,699,61,111,-0.16962164640426636,0.5229597330093384,1.262759804725647,-0.16562585815870842,-0.5264923539651112,1.1367273562175773,121.44
120,2,908,10,945,50,1051.1309814453125,963.1541137695312,546.8471069335938,926,30,832,27,94,-0.050011634826660156,0.5019227504730225,1.492510437965393,-0.047446207812527064,-0.6600193829137879,1.3423057078739475,145.96
120,3,1034,13,1077,59,1051.1309814453125,963.1541137695312,546.8471069335938,1055,36,957,33,98,0.11422663927078247,0.5023933589458466,1.4514437913894653,0.11250092338599996,-0.6257304882973707,1.2875177197974599,140.76
120,4,1157,10,1197,55,1051.1309814453125,963.1541137695312,546.8471069335938,1177,32,1078,31,99,0.2673027664422989,0.5005407869815827,1.4823537468910217,0.25929142781637204,-0.624260039868466,1.2745124903045562,144.82
120,5,854,35,892,74,1051.1309814453125,963.1541137695312,546.8471069335938,873,54,763,54,110,-0.10633760318160057,0.5185032725334168,1.3501928448677063,-0.0983819252518391,-0.537826231189828,1.1470612412741006,133.26
120,6,872,0,900,40,1051.1309814453125,963.1541137695312,546.8471069335938,886,20,798,17,88,-0.10599519684910774,0.49243330359458926,1.5915804505348206,-0.10524436900836194,-0.7186615025964277,1.4338265515926258,153.91
120,7,834,8,864,45,1051.1309814453125,963.1541137695312,546.8471069335938,849,26,756,24,93,-0.15132038295269012,0.4958412289619446,1.5880061388015747,-0.14734353054534716,-0.6722793342766871,1.3567391025822695,153.56
121,0,944,31,987,78,1051.1309814453125,963.1541137695312,546.8471069335938,965,54,763,54,202,0.002321312204003334,0.5091821193695069,1.4629555940628052,0.001096922675850521,-0.29287567044990637,0.6246373096047083,137.31
121,1,791,36,830,86,1051.1309814453125,963.1541137695312,546.8471069335938,810,61,699,61,111,-0.17879527807235718,0.524469518661499,1.283963918685913,-0.16562585815870842,-0.5254109213213367,1.1367273562175773,124.75
121,2,1034,12,1075,56,1051.1309814453125,963.1541137695312,546.8471069335938,1054,34,957,33,97,0.11518452689051628,0.4981837809085846,1.4823496341705322,0.1124232110141138,-0.634656349485157,1.300791098352073,142.4
121,3,908,11,944,50,1051.1309814453125,963.1541137695312,546.8471069335938,926,30,833,27,93,-0.048316460102796555,0.5018546223640442,1.5142284631729126,-0.04795638209008112,-0.6671163655257641,1.3567391025822695,146.35
121,4,855,36,893,75,1051.1309814453125,963.1541137695312,546.8471069335938,874,55,855,55,19,-0.10170161724090576,0.5198758184909821,1.3004881143569946,-0.5632617239075444,-3.1074129688116905,6.640880870534267,129.18
121,5,1156,11,1197,55,1051.1309814453125,963.1541137695312,546.8471069335938,1176,33,1079,30,97,0.2683548629283905,0.5013516187667847,1.489977777004242,0.26340012711713273,-0.6358938651909195,1.300791098352073,145.68
121,6,872,1,901,40,1051.1309814453125,963.1541137695312,546.8471069335938,886,20,798,17,88,-0.104593425989151,0.4938428640365601,1.5898027420043945,-0.10524436900836194,-0.7186615025964277,1.4338265515926258,153.44
121,7,834,10,863,45,1051.1309814453125,963.1541137695312,546.8471069335938,848,27,756,24,92,-0.15196892619132996,0.4952573418617249,1.5836021900177002,-0.1502498626540896,-0.6782819463507928,1.3714862667407726,153.22
122,0,944,30,987,78,1051.1309814453125,963.1541137695312,546.8471069335938,965,54,958,32,7,0.0031161820515990257,0.5117693185806275,1.4898362755775452,0.03165405436025789,-8.451555061554439,18.025248077164438,136.99
122,1,790,37,830,86,1051.1309814453125,963.1541137695312,546.8471069335938,810,61,763,54,47,-0.16753538697957993,0.52349072098732,1.2647351622581482,-0.39115894160886455,-1.2408640907801782,2.684611415747895,121.65
122,2,907,10,945,49,1051.1309814453125,963.1541137695312,546.8471069335938,926,29,833,26,93,-0.053903866559267044,0.4979791283607483,1.581844449043274,-0.04795638209008112,-0.6684071077134949,1.3567391025822695,153.69
122,3,1034,12,1075,57,1051.1309814453125,963.1541137695312,546.8471069335938,1054,34,757,23,297,0.1148400753736496,0.5011435389518738,1.4861950874328613,0.03671734501134356,-0.2072783363638392,0.42483749676818544,142.87
122,4,854,35,893,74,1051.1309814453125,963.1541137695312,546.8471069335938,873,54,854,55,19,-0.10331742465496063,0.5177676767110825,1.2970591187477112,-0.5695795672474896,-3.113730812151636,6.640880870534267,129.02
122,5,1156,11,1198,55,1051.1309814453125,963.1541137695312,546.8471069335938,1177,33,1079,30,98,0.2659878730773926,0.5003839373588562,1.4632036089897156,0.2619372587124575,-0.6294051522808081,1.2875177197974599,143.83
122,6,872,0,901,39,1051.1309814453125,963.1541137695312,546.8471069335938,886,19,799,17,87,-0.10525034368038177,0.4908872485160828,1.587174892425537,-0.10645407439926266,-0.7283017385280988,1.4503073165534606,153.51
123,0,944,31,987,78,1051.1309814453125,963.1541137695312,546.8471069335938,965,54,957,33,8,0.0010673226206563413,0.5095269322395325,1.4420602321624756,0.027697297565225654,-7.395110678860135,15.772092067518884,135.04
123,1,791,36,830,86,1051.1309814453125,963.1541137695312,546.8471069335938,810,61,763,54,47,-0.17576715350151062,0.5227304488420487,1.2716819643974304,-0.39115894160886455,-1.2408640907801782,2.684611415747895,126.67
123,2,1034,12,1076,58,1051.1309814453125,963.1541137695312,546.8471069335938,1055,35,756,24,299,0.11421547085046768,0.5018194556236267,1.4622586369514465,0.03687321234725082,-0.20549039089164306,0.42199577438177616,141.79
123,3,907,10,944,49,1051.1309814453125,963.1541137695312,546.8471069335938,925,29,833,28,92,-0.04986264184117317,0.4980849862098694,1.5322601795196533,-0.049782419106918496,-0.6756724023625547,1.3714862667407726,147.65
123,4,854,35,892,73,1051.1309814453125,963.1541137695312,546.8471069335938,873,54,854,55,19,-0.10429713129997253,0.5176740825176239,1.3061672449111938,-0.5695795672474896,-3.113730812151636,6.640880870534267,130.16
123,5,1157,11,1197,55,1051.1309814453125,963.1541137695312,546.8471069335938,1177,33,1079,30,98,0.267790287733078,0.5009297966957093,1.472777545452118,0.2619372587124575,-0.6294051522808081,1.2875177197974599,144.95
123,6,871,0,900,39,1051.1309814453125,963.1541137695312,546.8471069335938,885,19,798,17,87,-0.10507254302501678,0.4921663045883179,1.5804578065872192,-0.1078338332895955,-0.7283017385280988,1.4503073165534606,152.74
124,0,944,32,987,78,1051.1309814453125,963.1541137695312,546.8471069335938,965,55,763,54,202,0.000928787630982697,0.5124049425125122,1.4759994745254517,0.001096922675850521,-0.2922814178585254,0.6246373096047083,136.98
124,1,790,38,829,86,1051.1309814453125,963.1541137695312,546.8471069335938,809,62,699,60,110,-0.17004940658807755,0.5234638690948487,1.2692545652389526,-0.16822281162795993,-0.5290961203928128,1.1470612412741006,121.94
124,2,908,11,944,50,1051.1309814453125,963.1541137695312,546.8471069335938,926,30,833,28,93,-0.04969454184174538,0.49854048490524294,1.525327205657959,-0.04795638209008112,-0.6671163655257641,1.3567391025822695,147.58
124,3,1034,13,1076,56,1051.1309814453125,963.1541137695312,546.8471069335938,1055,34,957,33,98,0.1138891912996769,0.501419746875763,1.4555678963661194,0.11250092338599996,-0.6281802642863289,1.2875177197974599,141.35
124,4,1156,11,1198,55,1051.1309814453125,963.1541137695312,546.8471069335938,1177,33,1079,30,98,0.26752500236034393,0.5007079780101776,1.472327470779419,0.2619372587124575,-0.6294051522808081,1.2875177197974599,144.54
124,5,871,2,900,42,1051.1309814453125,963.1541137695312,546.8471069335938,885,22,798,17,87,-0.1048562228679657,0.4945192575454712,1.5776801109313965,-0.1078338332895955,-0.7241624618571003,1.4503073165534606,152.19
124,6,855,37,893,75,1051.1309814453125,963.1541137695312,546.8471069335938,874,56,855,56,19,-0.1039448231458664,0.5198608130216599,1.2962769865989685,-0.5632617239075444,-3.1010951254717454,6.640880870534267,129.88
124,7,833,11,864,46,1051.1309814453125,963.1541137695312,546.8471069335938,848,28,756,24,92,-0.1500270515680313,0.4963946580886841,1.5688725709915161,-0.1502498626540896,-0.6769771743566738,1.3714862667407726,152.44
125,0,944,32,988,79,1051.1309814453125,963.1541137695312,546.8471069335938,966,55,854,56,112,0.0009300420642830431,0.5096304655075073,1.4200739860534668,0.0030501553926853826,-0.5271504143519833,1.1265780048227774,133.53
125,1,791,37,830,86,1051.1309814453125,963.1541137695312,546.8471069335938,810,61,699,61,111,-0.17018982023000717,0.5239502131938935,1.2592840194702148,-0.16562585815870842,-0.5254109213213367,1.1367273562175773,123.17
125,2,907,11,945,50,1051.1309814453125,963.1541137695312,546.8471069335938,926,30,832,28,94,-0.04878236725926399,0.500993275642395,1.503705620765686,-0.047446207812527064,-0.6600193829137879,1.3423057078739475,144.48
125,3,1034,13,1076,58,1051.1309814453125,963.1541137695312,546.8471069335938,1055,35,957,33,98,0.11357108131051064,0.5024037301540375,1.4614476561546326,0.11250092338599996,-0.6269553762918497,1.2875177197974599,141.25
125,4,1156,11,1197,55,1051.1309814453125,963.1541137695312,546.8471069335938,1176,33,1079,30,97,0.2676021456718445,0.5011053621768952,1.479232132434845,0.26340012711713273,-0.6358938651909195,1.300791098352073,145.16
125,5,854,35,892,74,1051.1309814453125,963.1541137695312,546.8471069335938,873,54,763,54,110,-0.10488421842455864,0.5190370619297028,1.3201788067817688,-0.0983819252518391,-0.537826231189828,1.1470612412741006,131.87
125,6,872,0,901,40,1051.1309814453125,963.1541137695312,546.8471069335938,886,20,798,17,88,-0.10403558611869812,0.492292994260788,1.5818079710006714,-0.10524436900836194,-0.7186615025964277,1.4338265515926258,152.84
125,7,834,10,864,45,1051.1309814453125,963.1541137695312,546.8471069335938,849,27,756,24,93,-0.15076623111963272,0.4956551730632782,1.5796657800674438,-0.14734353054534716,-0.6709885920889563,1.3567391025822695,153.24
126,0,944,32,987,78,1051.1309814453125,963.1541137695312,546.8471069335938,965,55,854,56,111,0.0009584856452420354,0.5146453022956848,1.5294324159622192,0.0019962016263225697,-0.5318995171839832,1.1367273562175773,141.9
126,1,791,36,829,86,1051.1309814453125,963.1541137695312,546.8471069335938,810,61,699,60,111,-0.183853417634964,0.5228215396404267,1.3167173862457275,-0.16562585815870842,-0.5254109213213367,1.1367273562175773,131.41
126,2,1035,13,1075,58,1051.1309814453125,963.1541137695312,546.8471069335938,1055,35,956,33,99,0.11558322608470917,0.5007179021835327,1.467247724533081,0.111364550422505,-0.6206224937030431,1.2745124903045562,141.45
126,3,907,11,944,49,1051.1309814453125,963.1541137695312,546.8471069335938,925,30,833,28,92,-0.052840422838926315,0.50169917345047,1.508672833442688,-0.049782419106918496,-0.6743676303684355,1.3714862667407726,148.11
126,4,1157,11,1197,55,1051.1309814453125,963.1541137695312,546.8471069335938,1177,33,1079,31,98,0.267621248960495,0.5009288430213928,1.4923402070999146,0.2619372587124575,-0.6294051522808081,1.2875177197974599,146.48
126,5,855,34,892,73,1051.1309814453125,963.1541137695312,546.8471069335938,873,53,763,54,110,-0.10426601767539978,0.5176535338163376,1.3878004550933838,-0.0983819252518391,-0.5389174950394549,1.1470612412741006,136.2
126,6,872,0,900,38,1051.1309814453125,963.1541137695312,546.8471069335938,886,19,799,17,87,-0.10462334752082825,0.49145075082778933,1.586990475654602,-0.10645407439926266,-0.7283017385280988,1.4503073165534606,153.67
126,7,834,7,864,44,1051.1309814453125,963.1541137695312,546.8471069335938,849,25,756,24,93,-0.1521349549293518,0.49419506788253786,1.588526427745819,-0.14734353054534716,-0.6735700764644177,1.3567391025822695,153.93
127,0,944,32,987,78,1051.1309814453125,963.1541137695312,546.8471069335938,965,55,854,55,111,0.0010944370878860354,0.5128928810358048,1.4507318139076233,0.0019962016263225697,-0.5318995171839832,1.1367273562175773,137.11
127,1,790,38,830,86,1051.1309814453125,963.1541137695312,546.8471069335938,810,62,699,60,111,-0.17876403033733368,0.5201233267784119,1.3017451763153076,-0.16562585815870842,-0.5243294886775623,1.1367273562175773,126.25
127,2,1034,12,1076,56,1051.1309814453125,963.1541137695312,546.8471069335938,1055,34,957,33,98,0.11394299939274788,0.500948840379715,1.4586824774742126,0.11250092338599996,-0.6281802642863289,1.2875177197974599,141.53
127,3,907,12,944,50,1051.1309814453125,963.1541137695312,546.8471069335938,925,31,833,26,92,-0.05268067307770252,0.5039325892925263,1.5007839798927307,-0.049782419106918496,-0.6730628583743165,1.3714862667407726,145.9
127,4,1156,9,1198,55,1051.1309814453125,963.1541137695312,546.8471069335938,1177,32,1079,30,98,0.26732340455055237,0.5000167727470398,1.472520351409912,0.2619372587124575,-0.6306300402752872,1.2875177197974599,144.54
127,5,833,11,864,47,1051.1309814453125,963.1541137695312,546.8471069335938,848,29,757,24,91,-0.15057387948036194,0.4955265462398529,1.5684336423873901,-0.15190096004589276,-0.6830973738170881,1.3865575443972644,151.69
127,6,871,2,900,44,1051.1309814453125,963.1541137695312,546.8471069335938,885,23,798,17,87,-0.10552224144339561,0.4938582718372345,1.580159604549408,-0.1078338332895955,-0.7227827029667675,1.4503073165534606,152.29
127,7,854,38,892,75,1051.1309814453125,963.1541137695312,546.8471069335938,873,56,763,54,110,-0.10429512336850166,0.5210612803697586,1.3110087513923645,-0.0983819252518391,-0.5356437034905742,1.1470612412741006,129.44
128,0,944,32,987,77,1051.1309814453125,963.1541137695312,546.8471069335938,965,54,763,54,202,0.004299297463148832,0.5170121431350708,1.5596889853477478,0.001096922675850521,-0.29287567044990637,0.6246373096047083,141.84
128,1,791,37,830,86,1051.1309814453125,963.1541137695312,546.8471069335938,810,61,699,60,111,-0.1662793606519699,0.5253882497549057,1.2648605108261108,-0.16562585815870842,-0.5254109213213367,1.1367273562175773,122.43
128,2,907,11,945,50,1051.1309814453125,963.1541137695312,546.8471069335938,926,30,833,27,93,-0.0537087544798851,0.4977299809455872,1.6470072269439697,-0.04795638209008112,-0.6671163655257641,1.3567391025822695,156.05
128,3,1034,12,1075,58,1051.1309814453125,963.1541137695312,546.8471069335938,1054,35,957,33,97,0.11715399846434593,0.4999054610729218,1.462278962135315,0.1124232110141138,-0.6334188337793947,1.300791098352073,142.49
128,4,855,35,893,73,1051.1309814453125,963.1541137695312,546.8471069335938,874,54,854,55,20,-0.10333584994077682,0.5170449256896973,1.2976553440093994,-0.5350986377121671,-2.958044271544054,6.308836827007553,128.93
128,5,1156,11,1197,55,1051.1309814453125,963.1541137695312,546.8471069335938,1176,33,1079,29,97,0.2706330269575119,0.49941458702087405,1.519962191581726,0.26340012711713273,-0.6358938651909195,1.300791098352073,147.55
128,6,872,0,900,39,1051.1309814453125,963.1541137695312,546.8471069335938,886,19,798,17,88,-0.10517675802111626,0.4907339155673981,1.5813413858413696,-0.10524436900836194,-0.7200255824084614,1.4338265515926258,152.86
128,7,834,10,863,44,1051.1309814453125,963.1541137695312,546.8471069335938,848,27,757,25,91,-0.1512601673603058,0.4950525999069214,1.5700557231903076,-0.15190096004589276,-0.6857355941128893,1.3865575443972644,152.31
129,0,945,32,987,78,1051.1309814453125,963.1541137695312,546.8471069335938,966,55,855,56,111,0.0020412500016391277,0.5123924851417542,1.478596806526184,0.0030776342700969636,-0.5318995171839832,1.1367273562175773,138.97
129,1,791,37,829,86,1051.1309814453125,963.1541137695312,546.8471069335938,810,61,699,60,111,-0.18476098775863647,0.5210109144449234,1.3379085659980774,-0.16562585815870842,-0.5254109213213367,1.1367273562175773,130.36
129,2,1034,12,1076,57,1051.1309814453125,963.1541137695312,546.8471069335938,1055,34,957,33,98,0.11480635777115822,0.5019204258918762,1.4746675491333008,0.11250092338599996,-0.6281802642863289,1.2875177197974599,142.91
129,3,908,11,944,49,1051.1309814453125,963.1541137695312,546.8471069335938,926,30,832,27,94,-0.050218090415000916,0.5040345430374146,1.5032225251197815,-0.047446207812527064,-0.6600193829137879,1.3423057078739475,149.23
129,4,855,34,892,73,1051.1309814453125,963.1541137695312,546.8471069335938,873,53,763,54,110,-0.10259672999382019,0.5188281327486038,1.3399315476417542,-0.0983819252518391,-0.5389174950394549,1.1470612412741006,133.9
129,5,1156,12,1198,56,1051.1309814453125,963.1541137695312,546.8471069335938,1177,34,1078,30,99,0.27108830213546753,0.5002298593521118,1.4823816418647766,0.25929142781637204,-0.6218350090915175,1.2745124903045562,146.11
129,6,872,0,900,38,1051.1309814453125,963.1541137695312,546.8471069335938,886,19,798,17,88,-0.10396366566419601,0.49124657511711123,1.5785977244377136,-0.10524436900836194,-0.7200255824084614,1.4338265515926258,152.37
129,7,834,9,864,44,1051.1309814453125,963.1541137695312,546.8471069335938,849,26,756,24,93,-0.14973846077919006,0.4949405431747437,1.5628279447555542,-0.14734353054534716,-0.6722793342766871,1.3567391025822695,151.6
130,0,944,31,987,78,1051.1309814453125,963.1541137695312,546.8471069335938,965,54,763,53,202,0.002288159215822816,0.508914852142334,1.4185374975204468,0.001096922675850521,-0.29287567044990637,0.6246373096047083,132.58
130,1,790,37,830,86,1051.1309814453125,963.1541137695312,546.8471069335938,810,61,699,60,111,-0.20374345779418945,0.523235821723938,1.460647702217102,-0.16562585815870842,-0.5254109213213367,1.1367273562175773,141.89
130,2,907,11,945,50,1051.1309814453125,963.1541137695312,546.8471069335938,926,30,833,26,93,-0.054615363478660583,0.4979549884796143,1.545966923236847,-0.04795638209008112,-0.6671163655257641,1.3567391025822695,150.26
130,3,1034,12,1076,56,1051.1309814453125,963.1541137695312,546.8471069335938,1055,34,958,33,97,0.114525455981493,0.5013428270816803,1.4680972695350647,0.11366072671987626,-0.634656349485157,1.300791098352073,142.34
130,4,854,35,892,74,1051.1309814453125,963.1541137695312,546.8471069335938,873,54,854,55,19,-0.11760829016566277,0.5201942414045334,1.4403037428855896,-0.5695795672474896,-3.113730812151636,6.640880870534267,138.99
130,5,1156,11,1197,56,1051.1309814453125,963.1541137695312,546.8471069335938,1176,33,1079,31,97,0.26817598938941956,0.5010107100009918,1.4923208951950073,0.26340012711713273,-0.6358938651909195,1.300791098352073,146.15
130,6,833,9,864,45,1051.1309814453125,963.1541137695312,546.8471069335938,848,27,756,24,92,-0.15145395696163177,0.49920608997344973,1.5511971712112427,-0.1502498626540896,-0.6782819463507928,1.3714862667407726,150.83
130,7,872,0,901,41,1051.1309814453125,963.1541137695312,546.8471069335938,886,20,798,17,88,-0.10520012676715851,0.49153479337692263,1.586071252822876,-0.10524436900836194,-0.7186615025964277,1.4338265515926258,153.18
131,0,944,31,987,78,1051.1309814453125,963.1541137695312,546.8471069335938,965,54,854,56,111,0.004203051794320345,0.5110473573207855,1.4500470161437988,0.0019962016263225697,-0.5329809498277576,1.1367273562175773,135.22
131,1,791,36,830,86,1051.1309814453125,963.1541137695312,546.8471069335938,810,61,699,60,111,-0.17342738807201385,0.5230278611183167,1.27375066280365,-0.16562585815870842,-0.5254109213213367,1.1367273562175773,123.28
131,2,907,11,945,49,1051.1309814453125,963.1541137695312,546.8471069335938,926,30,833,27,93,-0.05254330486059189,0.4991102457046509,1.6145412921905518,-0.04795638209008112,-0.6671163655257641,1.3567391025822695,157.17
131,3,1034,12,1075,57,1051.1309814453125,963.1541137695312,546.8471069335938,1054,34,957,33,97,0.11350264400243759,0.5015169024467468,1.4559524059295654,0.1124232110141138,-0.634656349485157,1.300791098352073,141.7
131,4,1157,10,1197,56,1051.1309814453125,963.1541137695312,546.8471069335938,1177,33,756,24,421,0.2670062184333801,0.5004469692707062,1.4591416120529175,0.060973518655156364,-0.14651236323876293,0.29970721268444434,143.83
131,5,872,0,901,39,1051.1309814453125,963.1541137695312,546.8471069335938,886,19,797,17,89,-0.10377576947212219,0.4904961228370667,1.5680897235870361,-0.104061848008268,-0.7119354073252202,1.4177161409005739,151.66
131,6,833,9,864,44,1051.1309814453125,963.1541137695312,546.8471069335938,848,26,736,16,112,-0.15072229504585266,0.4938449501991272,1.562694251537323,-0.12341953003728788,-0.5582319472118918,1.1265780048227774,151.47
131,7,855,34,892,73,1051.1309814453125,963.1541137695312,546.8471069335938,873,53,763,54,110,-0.10324472934007645,0.515863710641861,1.2919228076934814,-0.0983819252518391,-0.5389174950394549,1.1470612412741006,129.2
132,0,944,30,987,78,1051.1309814453125,963.1541137695312,546.8471069335938,965,54,763,54,202,-0.00016924190276768059,0.5132005751132965,1.2951207160949707,0.001096922675850521,-0.29287567044990637,0.6246373096047083,129.52
132,1,791,37,830,86,1051.1309814453125,963.1541137695312,546.8471069335938,810,61,699,60,111,-0.16644098609685898,0.5233513653278351,1.243227243423462,-0.16562585815870842,-0.5254109213213367,1.1367273562175773,119.44
132,2,1034,12,1074,56,1051.1309814453125,963.1541137695312,546.8471069335938,1054,34,957,33,97,0.11297789961099625,0.5013458371162415,1.4664806127548218,0.1124232110141138,-0.634656349485157,1.300791098352073,142.02
132,3,907,10,945,49,1051.1309814453125,963.1541137695312,546.8471069335938,926,29,833,27,93,-0.04747013747692108,0.4949476957321167,1.568476915359497,-0.04795638209008112,-0.6684071077134949,1.3567391025822695,152.49
132,4,853,35,892,74,1051.1309814453125,963.1541137695312,546.8471069335938,872,54,855,55,17,-0.10354362055659294,0.5166241019964218,1.2861916422843933,-0.6436500471271329,-3.480052084169475,7.422160972950063,127.48
132,5,1156,11,1198,55,1051.1309814453125,963.1541137695312,546.8471069335938,1177,33,1079,30,98,0.26952439546585083,0.5009883880615235,1.4734388589859009,0.2619372587124575,-0.6294051522808081,1.2875177197974599,146.0
132,6,833,8,864,45,1051.1309814453125,963.1541137695312,546.8471069335938,848,26,757,25,91,-0.14986494183540344,0.49351575374603274,1.5645625591278076,-0.15190096004589276,-0.68705470426079,1.3865575443972644,151.14
132,7,872,0,900,39,1051.1309814453125,963.1541137695312,546.8471069335938,886,19,799,17,87,-0.10456337779760361,0.490569406747818,1.575743854045868,-0.10645407439926266,-0.7283017385280988,1.4503073165534606,152.16
133,0,944,32,987,79,1051.1309814453125,963.1541137695312,546.8471069335938,965,55,763,54,202,0.0009300315286964178,0.513022267818451,1.3168989419937134,0.001096922675850521,-0.2922814178585254,0.6246373096047083,131.39
133,1,791,37,829,86,1051.1309814453125,963.1541137695312,546.8471069335938,810,61,699,60,111,-0.18427543342113495,0.5262471079826355,1.3275291919708252,-0.16562585815870842,-0.5254109213213367,1.1367273562175773,132.73
133,2,907,12,944,50,1051.1309814453125,963.1541137695312,546.8471069335938,925,31,832,28,93,-0.053956467658281326,0.4967696011066437,1.5672075748443604,-0.049247124277811846,-0.6658256233380333,1.3567391025822695,151.64
133,3,1034,13,1075,56,1051.1309814453125,963.1541137695312,546.8471069335938,1054,34,957,34,97,0.11360904574394226,0.5015144586563111,1.4700437784194946,0.1124232110141138,-0.634656349485157,1.300791098352073,141.91
133,4,854,36,892,74,1051.1309814453125,963.1541137695312,546.8471069335938,873,55,854,55,19,-0.10412240028381348,0.5185959279537201,1.3039073944091797,-0.5695795672474896,-3.1074129688116905,6.640880870534267,130.89
133,5,1156,11,1197,55,1051.1309814453125,963.1541137695312,546.8471069335938,1176,33,1079,31,97,0.26802217960357666,0.5014625132083893,1.4860815405845642,0.26340012711713273,-0.6358938651909195,1.300791098352073,145.64
133,6,872,1,901,42,1051.1309814453125,963.1541137695312,546.8471069335938,886,21,798,17,88,-0.10477519035339355,0.4925176739692688,1.5797818899154663,-0.10524436900836194,-0.7172974227843941,1.4338265515926258,152.5
133,7,834,8,865,44,1051.1309814453125,963.1541137695312,546.8471069335938,849,26,757,24,92,-0.14851683378219604,0.4952183306217194,1.5617892742156982,-0.1489450906599705,-0.6795867183449119,1.3714862667407726,151.21
134,0,944,32,987,78,1051.1309814453125,963.1541137695312,546.8471069335938,965,55,763,54,202,0.0020156537648290396,0.511149549484253,1.3386814594268799,0.001096922675850521,-0.2922814178585254,0.6246373096047083,131.84
134,1,791,38,829,85,1051.1309814453125,963.1541137695312,546.8471069335938,810,61,699,60,111,-0.18266981840133667,0.5215072572231293,1.2937008142471313,-0.16562585815870842,-0.5254109213213367,1.1367273562175773,129.04
134,2,907,11,944,50,1051.1309814453125,963.1541137695312,546.8471069335938,925,30,833,28,92,-0.049443285912275314,0.4980828404426575,1.5802111625671387,-0.049782419106918496,-0.6743676303684355,1.3714862667407726,156.87
134,3,1035,13,1075,57,1051.1309814453125,963.1541137695312,546.8471069335938,1055,35,957,33,98,0.11420716345310211,0.5018456220626831,1.4543165564537048,0.11250092338599996,-0.6269553762918497,1.2875177197974599,141.58
134,4,1156,11,1198,55,1051.1309814453125,963.1541137695312,546.8471069335938,1177,33,1079,30,98,0.26739391684532166,0.5009399592876435,1.475354254245758,0.2619372587124575,-0.6294051522808081,1.2875177197974599,144.86
134,5,854,37,892,75,1051.1309814453125,963.1541137695312,546.8471069335938,873,56,854,56,19,-0.10418959334492683,0.518529349565506,1.302603542804718,-0.5695795672474896,-3.1010951254717454,6.640880870534267,129.22
134,6,833,12,865,47,1051.1309814453125,963.1541137695312,546.8471069335938,849,29,756,24,93,-0.14825821667909622,0.4975730121135712,1.56685209274292,-0.14734353054534716,-0.6684071077134949,1.3567391025822695,151.62
134,7,871,2,900,43,1051.1309814453125,963.1541137695312,546.8471069335938,885,22,798,17,87,-0.10581893846392632,0.49348690509796145,1.5845211744308472,-0.1078338332895955,-0.7241624618571003,1.4503073165534606,152.72
135,0,944,31,987,78,1051.1309814453125,963.1541137695312,546.8471069335938,965,54,763,54,202,0.0015587626839987934,0.5100355684757233,1.4252819418907166,0.001096922675850521,-0.29287567044990637,0.6246373096047083,134.36
135,1,790,38,830,87,1051.1309814453125,963.1541137695312,546.8471069335938,810,62,699,60,111,-0.20942389965057373,0.5312630772590637,1.5293158292770386,-0.16562585815870842,-0.5243294886775623,1.1367273562175773,149.63
135,2,1034,12,1075,57,1051.1309814453125,963.1541137695312,546.8471069335938,1054,34,958,32,96,0.11351633071899414,0.5016476154327393,1.4488953351974487,0.11359428612884415,-0.6412673531256274,1.3143410056265736,141.55
135,3,907,11,944,50,1051.1309814453125,963.1541137695312,546.8471069335938,925,30,833,27,92,-0.055034222081303596,0.49858310222625735,1.5269750952720642,-0.049782419106918496,-0.6743676303684355,1.3714862667407726,148.93
135,4,1157,11,1197,55,1051.1309814453125,963.1541137695312,546.8471069335938,1177,33,1079,30,98,0.26651547849178314,0.5005989313125611,1.4663172364234924,0.2619372587124575,-0.6294051522808081,1.2875177197974599,143.94
135,5,872,0,901,42,1051.1309814453125,963.1541137695312,546.8471069335938,886,21,798,16,88,-0.10431418567895889,0.4927368998527527,1.5834721326828003,-0.10524436900836194,-0.7172974227843941,1.4338265515926258,152.45
135,6,834,11,865,46,1051.1309814453125,963.1541137695312,546.8471069335938,849,28,756,24,93,-0.15012052655220032,0.5004198789596558,1.5379481315612793,-0.14734353054534716,-0.6696978499012255,1.3567391025822695,150.39
135,7,854,36,891,74,1051.1309814453125,963.1541137695312,546.8471069335938,872,55,855,55,17,-0.1071508340537548,0.5191134303808213,1.387353241443634,-0.6436500471271329,-3.4729909651424777,7.422160972950063,136.67
136,0,944,31,987,78,1051.1309814453125,963.1541137695312,546.8471069335938,965,54,854,55,111,-0.00016848349332576618,0.5129591464996338,1.4598605632781982,0.0019962016263225697,-0.5329809498277576,1.1367273562175773,136.44
136,1,792,37,829,85,1051.1309814453125,963.1541137695312,546.8471069335938,810,61,698,61,112,-0.19367839395999908,0.5193508803844452,1.3683934211730957,-0.16414705585371994,-0.5207197523809677,1.1265780048227774,132.25
136,2,907,11,944,49,1051.1309814453125,963.1541137695312,546.8471069335938,925,30,756,24,169,-0.0539964996278286,0.5028985381126404,1.5263359546661377,-0.027100488507908294,-0.3671113727449471,0.746607908521604,147.98
136,3,1034,12,1074,58,1051.1309814453125,963.1541137695312,546.8471069335938,1054,35,958,33,96,0.11233808472752571,0.5017247438430786,1.4492310285568237,0.11359428612884415,-0.6400169466312633,1.3143410056265736,141.05
136,4,833,11,864,45,1051.1309814453125,963.1541137695312,546.8471069335938,848,28,832,27,16,-0.14952287077903748,0.49603387117385866,1.5631080865859985,-0.8639367102610152,-3.8926187525508738,7.886046033759442,151.71
136,5,1156,12,1196,55,1051.1309814453125,963.1541137695312,546.8471069335938,1176,33,1079,28,97,0.266331285238266,0.5014636158943176,1.4784671068191528,0.26340012711713273,-0.6358938651909195,1.300791098352073,144.81
136,6,854,36,892,73,1051.1309814453125,963.1541137695312,546.8471069335938,873,54,762,54,111,-0.10577891021966934,0.5196902692317963,1.34654700756073,-0.09749560160092163,-0.5329809498277576,1.1367273562175773,133.43
136,7,872,1,901,40,1051.1309814453125,963.1541137695312,546.8471069335938,886,20,798,16,88,-0.10374458134174347,0.4933634638786316,1.5833097696304321,-0.10524436900836194,-0.7186615025964277,1.4338265515926258,152.58
137,0,944,31,987,78,1051.1309814453125,963.1541137695312,546.8471069335938,965,54,855,56,110,0.0010561125818639994,0.5134202778339386,1.3086544275283813,0.002014348913834593,-0.537826231189828,1.1470612412741006,127.58
137,1,791,37,830,85,1051.1309814453125,963.1541137695312,546.8471069335938,810,61,698,61,112,-0.1645154505968094,0.522145414352417,1.2611148357391357,-0.16414705585371994,-0.5207197523809677,1.1265780048227774,120.63
137,2,1033,12,1075,59,1051.1309814453125,963.1541137695312,546.8471069335938,1054,35,957,33,97,0.11227928474545479,0.5021680235862732,1.449053406715393,0.1124232110141138,-0.6334188337793947,1.300791098352073,140.9
137,3,907,11,944,50,1051.1309814453125,963.1541137695312,546.8471069335938,925,30,833,28,92,-0.05080355703830719,0.501034164428711,1.5032823085784912,-0.049782419106918496,-0.6743676303684355,1.3714862667407726,145.07
137,4,1156,11,1198,56,1051.1309814453125,963.1541137695312,546.8471069335938,1177,33,1079,30,98,0.267756924033165,0.5016211211681366,1.4806426167488098,0.2619372587124575,-0.6294051522808081,1.2875177197974599,144.89
137,5,855,35,892,74,1051.1309814453125,963.1541137695312,546.8471069335938,873,54,764,55,109,-0.10236969590187073,0.5190349161624909,1.294387698173523,-0.09928451172203946,-0.5427604167970742,1.1575847389004685,125.6
137,6,834,9,864,45,1051.1309814453125,963.1541137695312,546.8471069335938,849,27,756,25,93,-0.14891985803842545,0.4939690470695496,1.5731133818626404,-0.14734353054534716,-0.6709885920889563,1.3567391025822695,151.52
137,7,872,0,900,41,1051.1309814453125,963.1541137695312,546.8471069335938,886,20,798,17,88,-0.10486244037747383,0.48749991655349734,1.5857515335083008,-0.10524436900836194,-0.7186615025964277,1.4338265515926258,153.8
138,0,944,31,987,79,1051.1309814453125,963.1541137695312,546.8471069335938,965,55,854,55,111,0.002330463845282793,0.5120892763137818,1.3722094297409058,0.0019962016263225697,-0.5318995171839832,1.1367273562175773,133.77
138,1,790,37,830,86,1051.1309814453125,963.1541137695312,546.8471069335938,810,61,699,61,111,-0.16923775523900986,0.524045267701149,1.2706201076507568,-0.16562585815870842,-0.5254109213213367,1.1367273562175773,122.07
138,2,907,12,945,50,1051.1309814453125,963.1541137695312,546.8471069335938,926,31,832,26,94,-0.050861287862062454,0.4996326804161072,1.5678699016571045,-0.047446207812527064,-0.6587423720259267,1.3423057078739475,152.12
138,3,1033,13,1077,58,1051.1309814453125,963.1541137695312,546.8471069335938,1055,35,957,33,98,0.11476867645978928,0.5029767990112305,1.4829131364822388,0.11250092338599996,-0.6269553762918497,1.2875177197974599,143.25
138,4,1156,11,1197,56,1051.1309814453125,963.1541137695312,546.8471069335938,1176,33,1078,30,98,0.26798704266548157,0.502475255727768,1.4787254333496094,0.2607123707179783,-0.6294051522808081,1.2875177197974599,146.37
138,5,872,0,901,42,1051.1309814453125,963.1541137695312,546.8471069335938,886,21,798,17,88,-0.10384075343608856,0.4914879441261292,1.5745699405670166,-0.10524436900836194,-0.7172974227843941,1.4338265515926258,151.66
138,6,833,10,864,46,1051.1309814453125,963.1541137695312,546.8471069335938,848,28,757,24,91,-0.15042072534561157,0.49424430131912234,1.5631619691848755,-0.15190096004589276,-0.6844164839649888,1.3865575443972644,151.69
138,7,854,37,893,75,1051.1309814453125,963.1541137695312,546.8471069335938,873,56,763,54,110,-0.10249237716197968,0.5188132613897324,1.2996005415916443,-0.0983819252518391,-0.5356437034905742,1.1470612412741006,127.25
139,0,944,31,987,78,1051.1309814453125,963.1541137695312,546.8471069335938,965,54,957,33,8,-0.0001695532992016524,0.5125915050506592,1.4418013095855713,0.027697297565225654,-7.395110678860135,15.772092067518884,133.2
139,1,791,37,829,85,1051.1309814453125,963.1541137695312,546.8471069335938,810,61,762,55,48,-0.17065098881721497,0.5235478520393372,1.2589831352233887,-0.3830097969920132,-1.2150127555555912,2.6286820112531473,123.62
139,2,907,11,944,50,1051.1309814453125,963.1541137695312,546.8471069335938,925,30,832,27,93,-0.05514536798000336,0.4984669625759125,1.5792849659919739,-0.049247124277811846,-0.6671163655257641,1.3567391025822695,154.27
139,3,1034,13,1075,58,1051.1309814453125,963.1541137695312,546.8471069335938,1054,35,756,24,298,0.11386772245168686,0.5028731465339661,1.4688153266906738,0.03659413244419141,-0.20617995596174926,0.4234118675843996,142.25
139,4,854,36,892,74,1051.1309814453125,963.1541137695312,546.8471069335938,873,55,855,55,18,-0.10391123220324516,0.5180471330881119,1.3003075122833252,-0.6012228765390166,-3.2800470226345624,7.009818696675059,128.52
139,5,1156,11,1197,55,1051.1309814453125,963.1541137695312,546.8471069335938,1176,33,1079,31,97,0.26632606983184814,0.5008219122886658,1.4665409922599792,0.26340012711713273,-0.6358938651909195,1.300791098352073,144.52
139,6,872,0,900,41,1051.1309814453125,963.1541137695312,546.8471069335938,886,20,798,17,88,-0.10466659814119339,0.49206759929656985,1.5783050060272217,-0.10524436900836194,-0.7186615025964277,1.4338265515926258,152.46
140,0,944,31,987,79,1051.1309814453125,963.1541137695312,546.8471069335938,965,55,855,55,110,0.001082379196304828,0.5106532663106919,1.4378029704093933,0.002014348913834593,-0.5367349673402011,1.1470612412741006,134.39
140,1,791,37,830,86,1051.1309814453125,963.1541137695312,546.8471069335938,810,61,698,60,112,-0.1655922383069992,0.5237218976020813,1.245058298110962,-0.16414705585371994,-0.5207197523809677,1.1265780048227774,119.68
140,2,908,11,945,50,1051.1309814453125,963.1541137695312,546.8471069335938,926,30,833,27,93,-0.04951375722885132,0.4961621403694153,1.5420966148376465,-0.04795638209008112,-0.6671163655257641,1.3567391025822695,150.54
140,3,1034,13,1074,58,1051.1309814453125,963.1541137695312,546.8471069335938,1054,35,957,33,97,0.11302633211016655,0.5025517582893372,1.4568614959716797,0.1124232110141138,-0.6334188337793947,1.300791098352073,141.83
140,4,1157,10,1197,55,1051.1309814453125,963.1541137695312,546.8471069335938,1177,32,1079,29,98,0.2672859728336334,0.5001335084438324,1.4522231817245483,0.2619372587124575,-0.6306300402752872,1.2875177197974599,144.1
140,5,855,36,893,75,1051.1309814453125,963.1541137695312,546.8471069335938,874,55,763,54,111,-0.10286382585763931,0.5188340485095978,1.2970373630523682,-0.09641416895714724,-0.5318995171839832,1.1367273562175773,126.97
140,6,834,10,864,45,1051.1309814453125,963.1541137695312,546.8471069335938,849,27,756,24,93,-0.15038233995437622,0.4950018167495728,1.5775268077850342,-0.14734353054534716,-0.6709885920889563,1.3567391025822695,152.34
140,7,872,0,900,41,1051.1309814453125,963.1541137695312,546.8471069335938,886,20,798,17,88,-0.10655879229307175,0.4903486013412476,1.5881876945495605,-0.10524436900836194,-0.7186615025964277,1.4338265515926258,153.67
141,0,944,31,988,78,1051.1309814453125,963.1541137695312,546.8471069335938,966,54,763,54,203,0.00202742381952703,0.5113896667957306,1.4069007635116577,0.0016828443545850388,-0.29143293315704966,0.6215602785229116,131.11
141,1,791,37,830,86,1051.1309814453125,963.1541137695312,546.8471069335938,810,61,698,60,112,-0.16668789088726044,0.5225882172584534,1.233565092086792,-0.16414705585371994,-0.5207197523809677,1.1265780048227774,122.14
141,2,907,10,945,49,1051.1309814453125,963.1541137695312,546.8471069335938,926,29,834,27,92,-0.05181858502328396,0.49686633944511416,1.5447574853897095,-0.048477647112799394,-0.6756724023625547,1.3714862667407726,150.6
141,3,1034,13,1076,58,1051.1309814453125,963.1541137695312,546.8471069335938,1055,35,956,33,99,0.11370429396629333,0.5019993424415589,1.4463912844657898,0.111364550422505,-0.6206224937030431,1.2745124903045562,140.9
141,4,854,35,892,74,1051.1309814453125,963.1541137695312,546.8471069335938,873,54,855,56,18,-0.10480961948633194,0.518422269821167,1.3076965808868408,-0.6012228765390166,-3.286715857271171,7.009818696675059,131.73
141,5,833,9,865,45,1051.1309814453125,963.1541137695312,546.8471069335938,849,27,756,24,93,-0.15020111203193665,0.4958962440490723,1.5864038467407227,-0.14734353054534716,-0.6709885920889563,1.3567391025822695,153.65
141,6,1157,10,1197,55,1051.1309814453125,963.1541137695312,546.8471069335938,1177,32,1079,29,98,0.27158910036087036,0.5008902788162232,1.5027409791946411,0.2619372587124575,-0.6306300402752872,1.2875177197974599,146.96
141,7,872,0,900,40,1051.1309814453125,963.1541137695312,546.8471069335938,886,20,799,17,87,-0.10472016036510468,0.49274983406066897,1.589657187461853,-0.10645407439926266,-0.726921979637766,1.4503073165534606,153.79
142,0,944,31,987,78,1051.1309814453125,963.1541137695312,546.8471069335938,965,54,763,54,202,-0.0014762349892407656,0.5120037436485291,1.4123469591140747,0.001096922675850521,-0.29287567044990637,0.6246373096047083,132.65
142,1,791,36,830,85,1051.1309814453125,963.1541137695312,546.8471069335938,810,60,699,60,111,-0.16817057877779007,0.5215622872114182,1.2577576637268066,-0.16562585815870842,-0.5264923539651112,1.1367273562175773,121.78
142,2,1034,13,1075,57,1051.1309814453125,963.1541137695312,546.8471069335938,1054,35,957,33,97,0.11329779401421547,0.501674497127533,1.451296329498291,0.1124232110141138,-0.6334188337793947,1.300791098352073,141.26
142,3,907,11,944,49,1051.1309814453125,963.1541137695312,546.8471069335938,925,30,833,27,92,-0.05281200259923935,0.4956718921661377,1.539107084274292,-0.049782419106918496,-0.6743676303684355,1.3714862667407726,149.65
142,4,855,35,892,73,1051.1309814453125,963.1541137695312,546.8471069335938,873,54,855,55,18,-0.10326144844293594,0.516741418838501,1.2957620024681091,-0.6012228765390166,-3.286715857271171,7.009818696675059,128.94
142,5,1156,11,1198,56,1051.1309814453125,963.1541137695312,546.8471069335938,1177,33,1079,29,98,0.2687937468290329,0.5014591753482819,1.4883388876914978,0.2619372587124575,-0.6294051522808081,1.2875177197974599,145.38
142,6,872,0,900,38,1051.1309814453125,963.1541137695312,546.8471069335938,886,19,798,17,88,-0.10504336282610893,0.49104841947555544,1.5847418308258057,-0.10524436900836194,-0.7200255824084614,1.4338265515926258,153.1
142,7,834,9,863,44,1051.1309814453125,963.1541137695312,546.8471069335938,848,26,756,24,92,-0.15029050409793854,0.4939365327358246,1.5687147974967957,-0.1502498626540896,-0.6795867183449119,1.3714862667407726,151.23
143,0,944,31,987,78,1051.1309814453125,963.1541137695312,546.8471069335938,965,54,854,56,111,0.00511506455950439,0.5126241832971573,1.527450978755951,0.0019962016263225697,-0.5329809498277576,1.1367273562175773,140.9
143,1,790,38,830,86,1051.1309814453125,963.1541137695312,546.8471069335938,810,62,699,61,111,-0.17825032770633698,0.5242185086011887,1.2879661917686462,-0.16562585815870842,-0.5243294886775623,1.1367273562175773,126.21
143,2,907,11,944,50,1051.1309814453125,963.1541137695312,546.8471069335938,925,30,832,27,93,-0.05381088703870773,0.5013932228088379,1.508176326751709,-0.049247124277811846,-0.6671163655257641,1.3567391025822695,147.5
143,3,1034,13,1075,59,1051.1309814453125,963.1541137695312,546.8471069335938,1054,36,956,33,98,0.11369394510984421,0.5026999950408936,1.4543195962905884,0.1112760353915208,-0.6257304882973707,1.2875177197974599,141.7
143,4,1156,11,1197,55,1051.1309814453125,963.1541137695312,546.8471069335938,1176,33,1079,30,97,0.2671317160129547,0.5010276079177857,1.4730174541473389,0.26340012711713273,-0.6358938651909195,1.300791098352073,144.73
143,5,855,35,892,74,1051.1309814453125,963.1541137695312,546.8471069335938,873,54,764,54,109,-0.10381611436605453,0.5182663142681122,1.303696870803833,-0.09928451172203946,-0.5427604167970742,1.1575847389004685,130.69
143,6,833,11,864,46,1051.1309814453125,963.1541137695312,546.8471069335938,848,28,757,24,91,-0.1494530290365219,0.49531193971633913,1.5626976490020752,-0.15190096004589276,-0.6844164839649888,1.3865575443972644,151.68
143,7,871,0,900,41,1051.1309814453125,963.1541137695312,546.8471069335938,885,20,797,17,88,-0.10481145977973938,0.4932949185371399,1.5797544717788696,-0.10660844882039557,-0.7186615025964277,1.4338265515926258,152.14
144,0,944,32,987,78,1051.1309814453125,963.1541137695312,546.8471069335938,965,55,855,55,110,-0.0001959263681783341,0.5122639775276184,1.3278464674949646,0.002014348913834593,-0.5367349673402011,1.1470612412741006,130.95
144,1,791,37,830,86,1051.1309814453125,963.1541137695312,546.8471069335938,810,61,698,60,112,-0.1677580028772354,0.5228093206882477,1.244182825088501,-0.16414705585371994,-0.5207197523809677,1.1265780048227774,122.1
144,2,907,11,944,49,1051.1309814453125,963.1541137695312,546.8471069335938,925,30,833,27,92,-0.047550106421113014,0.4970978140830994,1.5208579301834106,-0.049782419106918496,-0.6743676303684355,1.3714862667407726,148.45
144,3,1034,13,1075,57,1051.1309814453125,963.1541137695312,546.8471069335938,1054,35,957,33,97,0.1134410947561264,0.50173299908638,1.4577105641365051,0.1124232110141138,-0.6334188337793947,1.300791098352073,141.71
144,4,1157,11,1197,54,1051.1309814453125,963.1541137695312,546.8471069335938,1177,32,1079,30,98,0.26896604895591736,0.5004714369773865,1.4895857572555542,0.2619372587124575,-0.6306300402752872,1.2875177197974599,145.58
144,5,833,10,864,45,1051.1309814453125,963.1541137695312,546.8471069335938,848,27,755,24,93,-0.15018266439437866,0.4943293571472168,1.5661646127700806,-0.14863427273307786,-0.6709885920889563,1.3567391025822695,151.77
144,6,855,36,892,74,1051.1309814453125,963.1541137695312,546.8471069335938,873,55,763,54,110,-0.10379664227366447,0.5175456196069718,1.2934056520462036,-0.0983819252518391,-0.5367349673402011,1.1470612412741006,127.91
144,7,872,0,900,40,1051.1309814453125,963.1541137695312,546.8471069335938,886,20,797,17,89,-0.1048675924539566,0.49070032835006716,1.5767468214035034,-0.104061848008268,-0.7105866542526477,1.4177161409005739,152.32
145,0,944,32,987,78,1051.1309814453125,963.1541137695312,546.8471069335938,965,55,854,56,111,-0.0014970152406021953,0.5125315427780152,1.4537630081176758,0.0019962016263225697,-0.5318995171839832,1.1367273562175773,137.64
145,1,791,37,830,86,1051.1309814453125,963.1541137695312,546.8471069335938,810,61,699,60,111,-0.17729265987873077,0.5227470636367798,1.279462456703186,-0.16562585815870842,-0.5254109213213367,1.1367273562175773,127.99
145,2,1034,13,1074,58,1051.1309814453125,963.1541137695312,546.8471069335938,1054,35,957,33,97,0.11281488090753555,0.5025489568710327,1.4657830595970154,0.1124232110141138,-0.6334188337793947,1.300791098352073,141.89
145,3,908,11,943,49,1051.1309814453125,963.1541137695312,546.8471069335938,925,30,833,28,92,-0.05017392709851265,0.49859859943389895,1.5332697629928589,-0.049782419106918496,-0.6743676303684355,1.3714862667407726,149.0
145,4,1156,12,1198,55,1051.1309814453125,963.1541137695312,546.8471069335938,1177,33,1079,29,98,0.2668454051017761,0.49997963905334475,1.5056134462356567,0.2619372587124575,-0.6294051522808081,1.2875177197974599,146.95
145,5,855,35,893,74,1051.1309814453125,963.1541137695312,546.8471069335938,874,54,763,54,111,-0.1049470379948616,0.5197503805160523,1.3282458782196045,-0.09641416895714724,-0.5329809498277576,1.1367273562175773,132.91
145,6,834,10,864,45,1051.1309814453125,963.1541137695312,546.8471069335938,849,27,756,23,93,-0.1505011022090912,0.4962643027305603,1.5755271315574646,-0.14734353054534716,-0.6709885920889563,1.3567391025822695,152.74
145,7,872,0,900,40,1051.1309814453125,963.1541137695312,546.8471069335938,886,20,798,17,88,-0.10446207970380783,0.4926558375358582,1.5874207019805908,-0.10524436900836194,-0.7186615025964277,1.4338265515926258,153.29
146,0,944,32,987,79,1051.1309814453125,963.1541137695312,546.8471069335938,965,55,763,54,202,0.003134787082672119,0.5113926470279694,1.431765079498291,0.001096922675850521,-0.2922814178585254,0.6246373096047083,133.12
146,1,791,37,829,85,1051.1309814453125,963.1541137695312,546.8471069335938,810,61,699,60,111,-0.17049051821231842,0.5209259629249573,1.2422898411750793,-0.16562585815870842,-0.5254109213213367,1.1367273562175773,122.2
146,2,907,12,944,50,1051.1309814453125,963.1541137695312,546.8471069335938,925,31,833,29,92,-0.054781246930360794,0.4979661345481873,1.5396486520767212,-0.049782419106918496,-0.6730628583743165,1.3714862667407726,150.3
146,3,1034,12,1075,58,1051.1309814453125,963.1541137695312,546.8471069335938,1054,35,957,33,97,0.11342073604464531,0.5018331050872803,1.452159821987152,0.1124232110141138,-0.6334188337793947,1.300791098352073,141.43
146,4,855,36,893,74,1051.1309814453125,963.1541137695312,546.8471069335938,874,55,855,55,19,-0.10440487414598465,0.5184045970439911,1.2951571941375732,-0.5632617239075444,-3.1074129688116905,6.640880870534267,130.37
146,5,872,1,901,41,1051.1309814453125,963.1541137695312,546.8471069335938,886,21,799,17,87,-0.1043621152639389,0.4930478572845459,1.5783263444900513,-0.10645407439926266,-0.7255422207474331,1.4503073165534606,152.57
146,6,834,7,864,44,1051.1309814453125,963.1541137695312,546.8471069335938,849,25,756,25,93,-0.14955685287714005,0.4942787826061249,1.5686597228050232,-0.14734353054534716,-0.6735700764644177,1.3567391025822695,151.66
146,7,1156,11,1198,56,1051.1309814453125,963.1541137695312,546.8471069335938,1177,33,1078,30,99,0.2687690556049347,0.5012614369392395,1.499812126159668,0.25929142781637204,-0.6230475244799918,1.2745124903045562,146.42
147,0,944,32,987,78,1051.1309814453125,963.1541137695312,546.8471069335938,965,55,855,55,110,-0.0015076500130817294,0.5129052937030792,1.4472144842147827,0.002014348913834593,-0.5367349673402011,1.1470612412741006,134.14
147,1,791,37,830,86,1051.1309814453125,963.1541137695312,546.8471069335938,810,61,763,54,47,-0.17275722324848175,0.5196776032447815,1.250402808189392,-0.39115894160886455,-1.2408640907801782,2.684611415747895,123.03
147,2,908,11,944,50,1051.1309814453125,963.1541137695312,546.8471069335938,926,30,833,27,93,-0.05264537036418915,0.4959957838058472,1.535941243171692,-0.04795638209008112,-0.6671163655257641,1.3567391025822695,150.46
147,3,1034,13,1076,58,1051.1309814453125,963.1541137695312,546.8471069335938,1055,35,957,33,98,0.11407361924648285,0.5020966172218323,1.4566280245780945,0.11250092338599996,-0.6269553762918497,1.2875177197974599,141.25
147,4,1157,11,1197,55,1051.1309814453125,963.1541137695312,546.8471069335938,1177,33,1079,30,98,0.26718670129776,0.5015284657478333,1.4857696294784546,0.2619372587124575,-0.6294051522808081,1.2875177197974599,145.9
147,5,854,36,892,75,1051.1309814453125,963.1541137695312,546.8471069335938,873,55,756,24,117,-0.10203953832387924,0.5182904541492462,1.2906200885772705,-0.09249582715984873,-0.5046226188668559,1.078433645642317,127.61
147,6,872,0,901,41,1051.1309814453125,963.1541137695312,546.8471069335938,886,20,798,17,88,-0.10495706647634506,0.49144872426986697,1.5832449197769165,-0.10524436900836194,-0.7186615025964277,1.4338265515926258,152.82
148,0,945,32,987,77,1051.1309814453125,963.1541137695312,546.8471069335938,966,54,854,55,112,0.000929264526348561,0.5104643642902374,1.4035851955413818,0.0030501553926853826,-0.5282221913471524,1.1265780048227774,131.33
148,1,791,36,830,86,1051.1309814453125,963.1541137695312,546.8471069335938,810,61,698,60,112,-0.1738404631614685,0.5229888498783112,1.2774831056594849,-0.16414705585371994,-0.5207197523809677,1.1265780048227774,123.29
148,2,908,11,944,49,1051.1309814453125,963.1541137695312,546.8471069335938,926,30,834,27,92,-0.050773607566952705,0.49710973501205447,1.5576645731925964,-0.048477647112799394,-0.6743676303684355,1.3714862667407726,149.9
148,3,1034,12,1075,57,1051.1309814453125,963.1541137695312,546.8471069335938,1054,34,956,33,98,0.11352924257516861,0.5013383269309998,1.4601811170578003,0.1112760353915208,-0.6281802642863289,1.2875177197974599,141.65
148,4,1156,12,1197,56,1051.1309814453125,963.1541137695312,546.8471069335938,1176,34,1078,30,98,0.26617273688316345,0.5013289093971253,1.4549537897109985,0.2607123707179783,-0.6281802642863289,1.2875177197974599,144.1
148,5,834,9,864,45,1051.1309814453125,963.1541137695312,546.8471069335938,849,27,757,24,92,-0.15175536274909973,0.49510362148284914,1.5800364017486572,-0.1489450906599705,-0.6782819463507928,1.3714862667407726,153.26
148,6,873,0,901,41,1051.1309814453125,963.1541137695312,546.8471069335938,887,20,798,17,89,-0.10405834764242172,0.49130030870437624,1.5831087827682495,-0.10271309493569543,-0.7105866542526477,1.4177161409005739,152.74
148,7,854,35,892,74,1051.1309814453125,963.1541137695312,546.8471069335938,873,54,763,54,110,-0.10267819091677666,0.5178365796804428,1.296249270439148,-0.0983819252518391,-0.537826231189828,1.1470612412741006,128.98
149,0,944,31,987,77,1051.1309814453125,963.1541137695312,546.8471069335938,965,54,762,55,203,0.0023650461807847023,0.5118069887161255,1.4440257549285889,0.0010915191158709617,-0.29143293315704966,0.6215602785229116,134.81
149,1,791,37,829,85,1051.1309814453125,963.1541137695312,546.8471069335938,810,61,699,61,111,-0.18204890936613083,0.5237040758132935,1.293960988521576,-0.16562585815870842,-0.5254109213213367,1.1367273562175773,129.94
149,2,907,11,945,50,1051.1309814453125,963.1541137695312,546.8471069335938,926,30,833,27,93,-0.05607648193836212,0.4979399681091309,1.562099039554596,-0.04795638209008112,-0.6671163655257641,1.3567391025822695,152.15
149,3,1034,12,1074,58,1051.1309814453125,963.1541137695312,546.8471069335938,1054,35,957,33,97,0.11190717294812202,0.5013667583465576,1.4430303573608398,0.1124232110141138,-0.6334188337793947,1.300791098352073,140.42
149,4,854,36,892,74,1051.1309814453125,963.1541137695312,546.8471069335938,873,55,854,56,19,-0.1041366457939148,0.5184255927801132,1.3047612309455872,-0.5695795672474896,-3.1074129688116905,6.640880870534267,130.3
149,5,871,0,901,41,1051.1309814453125,963.1541137695312,546.8471069335938,886,20,799,17,87,-0.10528750345110893,0.4922316610813141,1.5808525085449219,-0.10645407439926266,-0.726921979637766,1.4503073165534606,152.72
149,6,833,9,864,45,1051.1309814453125,963.1541137695312,546.8471069335938,848,27,756,24,92,-0.14983180165290833,0.49494376182556155,1.5668631792068481,-0.1502498626540896,-0.6782819463507928,1.3714862667407726,151.52
149,7,1157,11,1197,55,1051.1309814453125,963.1541137695312,546.8471069335938,1177,33,1079,30,98,0.2672659009695053,0.5007843315601349,1.4758257865905762,0.2619372587124575,-0.6294051522808081,1.2875177197974599,144.52
