frame,ID,left_xmin,left_ymin,left_xmax,left_ymax,f,C_x,C_y,x_il,v_il,x_ir,v_ir,disparitas,X,Y,Z,X_val,Y_val,Z_val,distance_cm
0,0,820,167,859,205,1051.1309814453125,963.1541137695312,546.8471069335938,839,186,734,185,105,-0.15083155035972595,0.6632148265838623,1.2761175632476807,-0.14193655786006534,-0.4125308031837968,1.2016832051442958,130.87
0,1,1068,149,1098,188,1051.1309814453125,963.1541137695312,546.8471069335938,1083,168,993,167,90,0.16002047061920166,0.6785876393318176,1.4589008688926697,0.15984647942976457,-0.5052937417395545,1.401963739335012,143.91
0,2,1119,166,1149,200,1051.1309814453125,963.1541137695312,546.8471069335938,1134,183,1036,180,98,0.2192913144826889,0.6804281115531922,1.413365364074707,0.20926707494985358,-0.4456719531089341,1.2875177197974599,139.82
0,4,927,166,957,203,1051.1309814453125,963.1541137695312,546.8471069335938,942,184,842,183,100,-0.026584358885884285,0.6660545408725739,1.3087835311889648,-0.025393191590342215,-0.4355581238121658,1.2617673654015107,127.86
0,5,1006,171,1039,208,1051.1309814453125,963.1541137695312,546.8471069335938,1022,189,917,188,105,0.07434295862913132,0.6817118763923645,1.3977831602096558,0.06727431159697515,-0.40910111679925515,1.2016832051442958,139.38
0,8,899,157,928,194,1051.1309814453125,963.1541137695312,546.8471069335938,913,175,815,175,98,-0.06060544773936272,0.6624230086803437,1.3420088291168213,-0.06143317183004075,-0.45547105706476737,1.2875177197974599,130.3
0,9,843,142,876,174,1051.1309814453125,963.1541137695312,546.8471069335938,859,158,774,157,85,-0.141026109457016,0.6631402015686035,1.4347186088562012,-0.1470889188956201,-0.5491391410723468,1.4844321945900125,142.9
0,10,1000,145,1029,176,1051.1309814453125,963.1541137695312,546.8471069335938,1014,160,929,160,85,0.06766077876091003,0.6724313139915467,1.4794740676879883,0.07180577094130271,-0.5463146934615479,1.4844321945900125,145.59
0,11,945,147,970,184,1051.1309814453125,963.1541137695312,546.8471069335938,957,165,869,165,88,0.001093596569262445,0.6633886337280274,1.4147220849990845,-0.00839470235397564,-0.5208699298515542,1.4338265515926258,136.44
0,12,984,161,1010,194,1051.1309814453125,963.1541137695312,546.8471069335938,997,177,900,176,97,0.0487835630774498,0.6707337588071823,1.3819103240966797,0.04188481578565414,-0.4576916035611267,1.300791098352073,135.15
1,0,820,166,859,205,1051.1309814453125,963.1541137695312,546.8471069335938,839,185,734,185,105,-0.14865244925022125,0.6634550333023072,1.2891249656677246,-0.14193655786006534,-0.413674031978644,1.2016832051442958,129.28
1,1,1068,150,1098,188,1051.1309814453125,963.1541137695312,546.8471069335938,1083,169,992,166,91,0.16002683341503143,0.6804112136363983,1.4636677503585815,0.15808992471075614,-0.4984219531109994,1.3865575443972644,144.82
1,3,927,168,958,203,1051.1309814453125,963.1541137695312,546.8471069335938,942,185,842,183,100,-0.02551197912544012,0.6668589502573014,1.316690742969513,-0.025393191590342215,-0.43435773357757623,1.2617673654015107,129.09
1,6,842,141,875,174,1051.1309814453125,963.1541137695312,546.8471069335938,858,157,774,159,84,-0.14720900356769562,0.6664255499839783,1.4968465566635132,-0.1502690134474603,-0.5571055477929576,1.50210400643037,142.93
1,7,1007,171,1039,207,1051.1309814453125,963.1541137695312,546.8471069335938,1023,189,916,187,107,0.06437425315380096,0.6654414176940918,1.3137060403823853,0.06713870786113411,-0.40145436695254016,1.1792218368238419,131.45
1,8,898,157,928,194,1051.1309814453125,963.1541137695312,546.8471069335938,913,175,816,174,97,-0.061686862260103226,0.6633054703474045,1.3456159830093384,-0.0620665034983917,-0.4601666349726516,1.300791098352073,130.92
1,10,1001,145,1030,175,1051.1309814453125,963.1541137695312,546.8471069335938,1015,160,928,160,87,0.06265777349472046,0.6655007988214493,1.4504351019859314,0.07153482245367458,-0.5337557349911675,1.4503073165534606,140.86
1,11,948,148,974,182,1051.1309814453125,963.1541137695312,546.8471069335938,961,165,869,164,92,0.004945681896060705,0.6617775648832321,1.3878036737442017,-0.0028106273186307117,-0.4982234111623563,1.3714862667407726,135.88
1,12,984,161,1011,193,1051.1309814453125,963.1541137695312,546.8471069335938,997,177,900,178,97,0.048844967037439346,0.6665301412343979,1.361991286277771,0.04188481578565414,-0.4576916035611267,1.300791098352073,133.56
2,0,820,166,859,205,1051.1309814453125,963.1541137695312,546.8471069335938,839,185,734,184,105,-0.1472124308347702,0.6630938887596131,1.283737599849701,-0.14193655786006534,-0.413674031978644,1.2016832051442958,128.41
2,1,1067,149,1098,188,1051.1309814453125,963.1541137695312,546.8471069335938,1082,168,992,166,90,0.1625090092420578,0.6792218327522278,1.4624900817871094,0.1585127125024428,-0.5052937417395545,1.401963739335012,144.71
2,2,927,167,957,203,1051.1309814453125,963.1541137695312,546.8471069335938,942,185,842,183,100,-0.02672820445150137,0.6697948217391968,1.3314507007598877,-0.025393191590342215,-0.43435773357757623,1.2617673654015107,130.32
2,4,1119,166,1150,201,1051.1309814453125,963.1541137695312,546.8471069335938,1134,183,1036,181,98,0.2663266360759735,0.720069968700409,1.6534745693206787,0.20926707494985358,-0.4456719531089341,1.2875177197974599,165.74
2,6,897,155,928,193,1051.1309814453125,963.1541137695312,546.8471069335938,912,174,816,175,96,-0.06460018455982208,0.6639479041099549,1.3462871313095093,-0.06396343607086408,-0.4662104439146475,1.3143410056265736,131.26
2,7,1006,172,1040,209,1051.1309814453125,963.1541137695312,546.8471069335938,1023,190,917,188,106,0.06659390032291412,0.6703137695789337,1.3536020517349243,0.06777209189755991,-0.40410922868361165,1.1903465711335006,134.94
2,9,843,141,876,174,1051.1309814453125,963.1541137695312,546.8471069335938,859,157,774,157,85,-0.14323914051055908,0.6678985297679901,1.5050311088562012,-0.1470889188956201,-0.5505513648777464,1.4844321945900125,145.84
2,10,999,146,1031,178,1051.1309814453125,963.1541137695312,546.8471069335938,1015,162,928,161,87,0.06530201435089111,0.666387403011322,1.442857265472412,0.07153482245367458,-0.5309962172105017,1.4503073165534606,142.2
2,11,944,146,971,183,1051.1309814453125,963.1541137695312,546.8471069335938,957,164,870,165,87,0.002326740068383515,0.6633718401193619,1.389083445072174,-0.008491193185630531,-0.528236699429836,1.4503073165534606,136.19
2,12,984,162,1011,195,1051.1309814453125,963.1541137695312,546.8471069335938,997,178,900,179,97,0.05042809620499611,0.6699793875217438,1.3853598833084106,0.04188481578565414,-0.4564540878553643,1.300791098352073,135.76
3,1,819,166,858,205,1051.1309814453125,963.1541137695312,546.8471069335938,838,185,735,184,103,-0.14758819341659546,0.6614288330078125,1.277744174003601,-0.14585803493947397,-0.42170653745395753,1.2250168596131172,128.87
3,3,1068,150,1097,189,1051.1309814453125,963.1541137695312,546.8471069335938,1082,169,992,166,90,0.16033875942230225,0.6809621095657349,1.4657328128814697,0.1585127125024428,-0.5039599748122328,1.401963739335012,145.06
3,4,927,167,958,203,1051.1309814453125,963.1541137695312,546.8471069335938,942,185,842,183,100,-0.027012094855308533,0.6696487605571747,1.3309961557388306,-0.025393191590342215,-0.43435773357757623,1.2617673654015107,131.18
3,5,1007,172,1040,208,1051.1309814453125,963.1541137695312,546.8471069335938,1023,190,916,189,107,0.07819795608520508,0.6860872894525528,1.4328952431678772,0.06713870786113411,-0.4003325069202135,1.1792218368238419,142.43
3,8,897,156,928,194,1051.1309814453125,963.1541137695312,546.8471069335938,912,175,816,175,96,-0.06098996661603451,0.6623960226774216,1.3481082916259766,-0.06396343607086408,-0.46496003742028336,1.3143410056265736,130.8
3,9,999,145,1030,177,1051.1309814453125,963.1541137695312,546.8471069335938,1014,161,929,160,85,0.07176076620817184,0.6721467912197113,1.502310872077942,0.07180577094130271,-0.5449024696561483,1.4844321945900125,146.94
3,10,842,139,876,174,1051.1309814453125,963.1541137695312,546.8471069335938,859,156,774,157,85,-0.10799283906817436,0.6430974096059799,1.3220903873443604,-0.1470889188956201,-0.5519635886831459,1.4844321945900125,128.93
3,11,948,148,974,184,1051.1309814453125,963.1541137695312,546.8471069335938,961,166,869,164,92,0.0011099637486040592,0.6660191953182221,1.4140368700027466,-0.0028106273186307117,-0.49691863916823725,1.3714862667407726,138.18
3,12,983,160,1010,195,1051.1309814453125,963.1541137695312,546.8471069335938,996,177,900,177,96,0.04525277763605118,0.6692242115736008,1.398114800453186,0.041070709455723886,-0.46245922443155507,1.3143410056265736,137.14
4,0,820,167,858,204,1051.1309814453125,963.1541137695312,546.8471069335938,839,185,734,185,105,-0.1498943418264389,0.6625199854373932,1.2861882448196411,-0.14193655786006534,-0.413674031978644,1.2016832051442958,130.53
4,2,1119,165,1149,201,1051.1309814453125,963.1541137695312,546.8471069335938,1134,183,1036,181,98,0.21757566928863525,0.6844972163438797,1.431169033050537,0.20926707494985358,-0.4456719531089341,1.2875177197974599,141.86
4,3,1068,150,1098,189,1051.1309814453125,963.1541137695312,546.8471069335938,1083,169,992,167,91,0.16040390729904175,0.6791923880577088,1.4617455005645752,0.15808992471075614,-0.4984219531109994,1.3865575443972644,143.86
4,4,927,166,957,202,1051.1309814453125,963.1541137695312,546.8471069335938,942,184,842,183,100,-0.026100419461727142,0.6667433172464371,1.3163487911224365,-0.025393191590342215,-0.4355581238121658,1.2617673654015107,128.75
4,5,1006,170,1040,208,1051.1309814453125,963.1541137695312,546.8471069335938,1023,189,917,188,106,0.0711887776851654,0.6793047726154328,1.3895083665847778,0.06777209189755991,-0.405241672301149,1.1903465711335006,138.95
4,7,897,156,928,194,1051.1309814453125,963.1541137695312,546.8471069335938,912,175,814,175,98,-0.06209355778992176,0.6631255090236664,1.344624400138855,-0.06265805982451991,-0.45547105706476737,1.2875177197974599,130.72
4,9,843,141,876,174,1051.1309814453125,963.1541137695312,546.8471069335938,859,157,774,156,85,-0.10910717025399208,0.64553282558918,1.3355985879898071,-0.1470889188956201,-0.5505513648777464,1.4844321945900125,130.35
4,10,945,146,971,183,1051.1309814453125,963.1541137695312,546.8471069335938,958,164,869,165,89,0.00043273476330796257,0.6638043016195297,1.4184079766273499,-0.006951626783043803,-0.5163662118021993,1.4177161409005739,137.5
4,11,999,145,1031,177,1051.1309814453125,963.1541137695312,546.8471069335938,1015,161,929,159,86,0.07195667177438736,0.6735589444637299,1.5161062479019165,0.07236662271476382,-0.5385663944275885,1.4671713551180356,148.05
4,12,984,162,1011,196,1051.1309814453125,963.1541137695312,546.8471069335938,997,179,901,178,96,0.050970207899808884,0.6730958163738251,1.3915033340454102,0.04232111595008803,-0.4599584114428268,1.3143410056265736,137.1
5,0,1068,149,1098,188,1051.1309814453125,963.1541137695312,546.8471069335938,1083,168,993,167,90,0.15922996401786804,0.6794174402952194,1.4639476537704468,0.15984647942976457,-0.5052937417395545,1.401963739335012,144.73
5,1,820,167,858,205,1051.1309814453125,963.1541137695312,546.8471069335938,839,186,734,185,105,-0.14773498475551605,0.661016994714737,1.2712105512619019,-0.14193655786006534,-0.4125308031837968,1.2016832051442958,128.32
5,2,1119,166,1149,201,1051.1309814453125,963.1541137695312,546.8471069335938,1134,183,1037,181,97,0.21351183950901031,0.6794304043054581,1.397257387638092,0.21142446747510982,-0.450266509326552,1.300791098352073,138.7
5,4,927,166,957,203,1051.1309814453125,963.1541137695312,546.8471069335938,942,184,841,183,101,-0.027291538193821907,0.6683029472827912,1.3481082916259766,-0.025141773851823975,-0.4312456671407583,1.2492746192094166,132.89
5,6,898,155,928,194,1051.1309814453125,963.1541137695312,546.8471069335938,913,174,816,175,97,-0.058544546365737915,0.6606322765350342,1.351914882659912,-0.0620665034983917,-0.461404150678414,1.300791098352073,130.89
5,7,1007,171,1039,208,1051.1309814453125,963.1541137695312,546.8471069335938,1023,189,915,187,108,0.06594941765069962,0.6719494998455048,1.3605210781097412,0.0665170531587162,-0.3977371968881647,1.16830311611251,135.95
5,8,1171,171,1202,208,1051.1309814453125,963.1541137695312,546.8471069335938,1186,189,1084,189,102,0.3550068438053131,0.793501341342926,1.8459179401397705,0.26225688789168095,-0.4211335025874686,1.2370268288250106,187.87
5,9,843,141,875,174,1051.1309814453125,963.1541137695312,546.8471069335938,859,157,775,156,84,-0.10754341632127762,0.6401732355356217,1.3091487884521484,-0.1488399774539013,-0.5571055477929576,1.50210400643037,127.39
5,10,1001,145,1031,176,1051.1309814453125,963.1541137695312,546.8471069335938,1016,160,929,160,87,0.07022963464260101,0.6700706720352173,1.4915286302566528,0.07291458134400744,-0.5337557349911675,1.4503073165534606,145.48
5,11,947,148,974,183,1051.1309814453125,963.1541137695312,546.8471069335938,960,165,869,164,91,-0.0028045382350683212,0.6649292796850205,1.4188957810401917,-0.004160623481021793,-0.5036983937026019,1.3865575443972644,137.9
5,12,984,162,1012,196,1051.1309814453125,963.1541137695312,546.8471069335938,998,179,903,177,95,0.04746742360293865,0.6679903358221054,1.370424211025238,0.04403017004913062,-0.46480007893169867,1.3281761741068534,134.61
6,0,819,167,858,205,1051.1309814453125,963.1541137695312,546.8471069335938,838,186,734,185,104,-0.1450171172618866,0.6600315511226654,1.2725355625152588,-0.14445555383428674,-0.4164974455221026,1.2132378513476065,127.08
6,2,1068,149,1097,188,1051.1309814453125,963.1541137695312,546.8471069335938,1082,168,992,167,90,0.16070260107517242,0.6798270136117935,1.4648257493972778,0.1585127125024428,-0.5052937417395545,1.401963739335012,144.64
6,3,926,168,957,203,1051.1309814453125,963.1541137695312,546.8471069335938,941,185,842,182,99,-0.027854012325406075,0.6664756774902344,1.313443660736084,-0.026862203863567462,-0.43874518543189517,1.2745124903045562,128.39
6,6,1007,170,1040,208,1051.1309814453125,963.1541137695312,546.8471069335938,1023,189,917,188,106,0.06960543245077133,0.6786471843719483,1.3740077018737793,0.06777209189755991,-0.405241672301149,1.1903465711335006,137.91
6,8,842,141,876,174,1051.1309814453125,963.1541137695312,546.8471069335938,859,157,774,158,85,-0.10892599076032639,0.643882492184639,1.3312838077545166,-0.1470889188956201,-0.5505513648777464,1.4844321945900125,129.74
6,9,897,156,928,193,1051.1309814453125,963.1541137695312,546.8471069335938,912,174,815,174,97,-0.0642303004860878,0.6618478089570999,1.3332788944244385,-0.06330401920415414,-0.461404150678414,1.300791098352073,129.91
6,10,1001,145,1030,176,1051.1309814453125,963.1541137695312,546.8471069335938,1015,160,928,160,87,0.07174436375498772,0.6716598361730576,1.5128055810928345,0.07153482245367458,-0.5337557349911675,1.4503073165534606,147.56
6,11,945,146,971,183,1051.1309814453125,963.1541137695312,546.8471069335938,958,164,869,165,89,0.0022987336851656437,0.6639885544776917,1.4210683107376099,-0.006951626783043803,-0.5163662118021993,1.4177161409005739,137.13
6,12,984,161,1011,194,1051.1309814453125,963.1541137695312,546.8471069335938,997,177,900,178,97,0.050056831911206245,0.6685790359973908,1.3693559169769287,0.04188481578565414,-0.4576916035611267,1.300791098352073,134.93
7,0,820,166,859,205,1051.1309814453125,963.1541137695312,546.8471069335938,839,185,734,185,105,-0.14874598383903503,0.6650604099035263,1.288425087928772,-0.14193655786006534,-0.413674031978644,1.2016832051442958,131.64
7,1,1119,166,1149,200,1051.1309814453125,963.1541137695312,546.8471069335938,1134,183,1036,180,98,0.21466921269893646,0.6928927689790726,1.456747055053711,0.20926707494985358,-0.4456719531089341,1.2875177197974599,145.79
7,2,1068,150,1098,188,1051.1309814453125,963.1541137695312,546.8471069335938,1083,169,993,167,90,0.1592225581407547,0.6786545753479004,1.4545222520828247,0.15984647942976457,-0.5039599748122328,1.401963739335012,143.48
7,3,927,168,958,203,1051.1309814453125,963.1541137695312,546.8471069335938,942,185,842,183,100,-0.024909352883696556,0.6679616510868073,1.3230929374694824,-0.025393191590342215,-0.43435773357757623,1.2617673654015107,129.63
7,6,1006,170,1039,208,1051.1309814453125,963.1541137695312,546.8471069335938,1022,189,916,187,106,0.06561104208230972,0.6702873349189759,1.343580722808838,0.06663964828002257,-0.405241672301149,1.1903465711335006,134.63
7,8,842,141,875,174,1051.1309814453125,963.1541137695312,546.8471069335938,858,157,774,157,84,-0.14252221584320068,0.6677531838417053,1.4642231464385986,-0.1502690134474603,-0.5571055477929576,1.50210400643037,144.36
7,9,898,156,927,195,1051.1309814453125,963.1541137695312,546.8471069335938,912,175,814,174,98,-0.06220868043601513,0.6648991048336029,1.3501086235046387,-0.06265805982451991,-0.45547105706476737,1.2875177197974599,131.36
7,10,1000,145,1030,175,1051.1309814453125,963.1541137695312,546.8471069335938,1015,160,928,161,87,0.06905337423086166,0.6681457698345185,1.493018925189972,0.07153482245367458,-0.5337557349911675,1.4503073165534606,146.35
7,11,945,146,971,182,1051.1309814453125,963.1541137695312,546.8471069335938,958,164,869,164,89,0.00043235745397396386,0.6626898735761643,1.4115850329399109,-0.006951626783043803,-0.5163662118021993,1.4177161409005739,137.2
7,12,984,161,1011,194,1051.1309814453125,963.1541137695312,546.8471069335938,997,177,900,178,97,0.05110787972807884,0.6685377299785614,1.3738763332366943,0.04188481578565414,-0.4576916035611267,1.300791098352073,135.55
8,0,820,167,858,205,1051.1309814453125,963.1541137695312,546.8471069335938,839,186,734,185,105,-0.14730806648731232,0.6604451179504395,1.2765486240386963,-0.14193655786006534,-0.4125308031837968,1.2016832051442958,128.15
8,1,1068,150,1097,189,1051.1309814453125,963.1541137695312,546.8471069335938,1082,169,992,166,90,0.16042710840702057,0.6804711759090424,1.463515043258667,0.1585127125024428,-0.5039599748122328,1.401963739335012,144.63
8,4,926,167,957,203,1051.1309814453125,963.1541137695312,546.8471069335938,941,185,842,183,99,-0.026783911511301994,0.6674295157194138,1.3214082717895508,-0.026862203863567462,-0.43874518543189517,1.2745124903045562,129.27
8,7,1007,171,1039,208,1051.1309814453125,963.1541137695312,546.8471069335938,1023,189,916,187,107,0.06568796187639236,0.6705244421958924,1.3571513891220093,0.06713870786113411,-0.40145436695254016,1.1792218368238419,135.64
8,8,898,156,928,194,1051.1309814453125,963.1541137695312,546.8471069335938,913,175,814,175,99,-0.06329310312867165,0.6632209807634354,1.3356402516365051,-0.060812634740848415,-0.45087033931663834,1.2745124903045562,130.28
8,9,843,142,876,174,1051.1309814453125,963.1541137695312,546.8471069335938,859,158,774,158,85,-0.10868388041853905,0.6443170249462128,1.3315517902374268,-0.1470889188956201,-0.5491391410723468,1.4844321945900125,129.77
8,10,1000,145,1029,176,1051.1309814453125,963.1541137695312,546.8471069335938,1014,160,929,160,85,0.07289652526378632,0.6704178392887116,1.4905749559402466,0.07180577094130271,-0.5463146934615479,1.4844321945900125,146.23
8,11,945,146,971,182,1051.1309814453125,963.1541137695312,546.8471069335938,958,164,869,165,89,0.0004315229380154051,0.66246477663517,1.407518208026886,-0.006951626783043803,-0.5163662118021993,1.4177161409005739,136.97
8,12,984,161,1010,194,1051.1309814453125,963.1541137695312,546.8471069335938,997,177,901,178,96,0.044803865253925323,0.6675263285636902,1.3712302446365356,0.04232111595008803,-0.46245922443155507,1.3143410056265736,134.54
9,0,819,167,858,205,1051.1309814453125,963.1541137695312,546.8471069335938,838,186,734,184,104,-0.1522216498851776,0.6644598633050919,1.2832474112510681,-0.14445555383428674,-0.4164974455221026,1.2132378513476065,131.6
9,2,1068,149,1098,188,1051.1309814453125,963.1541137695312,546.8471069335938,1083,168,992,166,91,0.1643379181623459,0.678583899140358,1.4659518599510193,0.15808992471075614,-0.49974106325890005,1.3865575443972644,144.84
9,4,927,167,958,203,1051.1309814453125,963.1541137695312,546.8471069335938,942,185,842,183,100,-0.02507135458290577,0.6727015316486359,1.3396528959274292,-0.025393191590342215,-0.43435773357757623,1.2617673654015107,131.65
9,6,1006,170,1039,208,1051.1309814453125,963.1541137695312,546.8471069335938,1022,189,916,188,106,0.07347232103347778,0.6822694629430771,1.4180786609649658,0.06663964828002257,-0.405241672301149,1.1903465711335006,141.9
9,8,897,155,928,194,1051.1309814453125,963.1541137695312,546.8471069335938,912,174,814,175,98,-0.06461340934038162,0.6644597589969635,1.3440287113189697,-0.06265805982451991,-0.45669594505924654,1.2875177197974599,131.1
9,9,841,140,876,174,1051.1309814453125,963.1541137695312,546.8471069335938,858,157,774,157,84,-0.18769028782844543,0.6996818274259567,1.6920249462127686,-0.1502690134474603,-0.5571055477929576,1.50210400643037,167.46
9,10,1000,145,1031,177,1051.1309814453125,963.1541137695312,546.8471069335938,1015,161,928,160,87,0.07379346340894699,0.6749638855457306,1.5216368436813354,0.07153482245367458,-0.5323759761008346,1.4503073165534606,148.5
9,11,945,145,971,183,1051.1309814453125,963.1541137695312,546.8471069335938,958,164,869,165,89,0.0004379327438073233,0.6650164663791657,1.4233492016792297,-0.006951626783043803,-0.5163662118021993,1.4177161409005739,138.42
9,12,984,161,1010,195,1051.1309814453125,963.1541137695312,546.8471069335938,997,178,900,178,97,0.049051396548748016,0.6733776569366455,1.4065349102020264,0.04188481578565414,-0.4564540878553643,1.300791098352073,138.38
10,0,819,167,859,205,1051.1309814453125,963.1541137695312,546.8471069335938,839,186,734,185,105,-0.14969999343156815,0.6610374242067337,1.2773013710975647,-0.14193655786006534,-0.4125308031837968,1.2016832051442958,127.25
10,1,1068,149,1098,188,1051.1309814453125,963.1541137695312,546.8471069335938,1083,168,992,167,91,0.16179877519607544,0.6797207236289978,1.4654046297073364,0.15808992471075614,-0.49974106325890005,1.3865575443972644,144.88
10,2,1119,166,1149,201,1051.1309814453125,963.1541137695312,546.8471069335938,1134,183,1037,180,97,0.2936725914478302,0.8194861650466919,2.042156457901001,0.21142446747510982,-0.450266509326552,1.300791098352073,205.68
10,4,927,167,957,203,1051.1309814453125,963.1541137695312,546.8471069335938,942,185,842,183,100,-0.026367703452706337,0.6684201002120972,1.3229445219039917,-0.025393191590342215,-0.43435773357757623,1.2617673654015107,129.39
10,6,1006,170,1039,208,1051.1309814453125,963.1541137695312,546.8471069335938,1022,189,915,188,107,0.06488896906375885,0.6688937783241272,1.341770887374878,0.0660168478288074,-0.40145436695254016,1.1792218368238419,133.76
10,8,842,142,875,174,1051.1309814453125,963.1541137695312,546.8471069335938,858,158,774,157,84,-0.10922056064009666,0.6442576289176941,1.3295827507972717,-0.1502690134474603,-0.5556765117993986,1.50210400643037,129.65
10,9,897,156,928,195,1051.1309814453125,963.1541137695312,546.8471069335938,912,175,816,175,96,-0.06218924932181835,0.6624216228723526,1.3376545310020447,-0.06396343607086408,-0.46496003742028336,1.3143410056265736,130.17
10,10,945,145,971,183,1051.1309814453125,963.1541137695312,546.8471069335938,958,164,869,164,89,0.0004324091278249398,0.6629924267530442,1.4062301516532898,-0.006951626783043803,-0.5163662118021993,1.4177161409005739,136.97
10,11,999,144,1030,176,1051.1309814453125,963.1541137695312,546.8471069335938,1014,160,928,160,86,0.06281563639640808,0.6634482681751251,1.434981107711792,0.07097082011640385,-0.5399621970259484,1.4671713551180356,141.86
10,12,983,160,1010,194,1051.1309814453125,963.1541137695312,546.8471069335938,996,177,900,177,96,0.04871090315282345,0.668369272351265,1.3693810105323792,0.041070709455723886,-0.46245922443155507,1.3143410056265736,134.32
11,0,821,166,859,204,1051.1309814453125,963.1541137695312,546.8471069335938,840,185,734,186,106,-0.1473211646080017,0.6619515359401703,1.2822916507720947,-0.13946509011177266,-0.40977144677129834,1.1903465711335006,129.79
11,1,1119,166,1149,201,1051.1309814453125,963.1541137695312,546.8471069335938,1134,183,1037,182,97,0.2621058523654938,0.7046438097953797,1.6356464624404907,0.21142446747510982,-0.450266509326552,1.300791098352073,163.04
11,3,1068,150,1098,188,1051.1309814453125,963.1541137695312,546.8471069335938,1083,169,992,166,91,0.15776151418685913,0.6792289853096009,1.4651622772216797,0.15808992471075614,-0.4984219531109994,1.3865575443972644,145.02
11,4,927,167,958,203,1051.1309814453125,963.1541137695312,546.8471069335938,942,185,841,182,101,-0.024863090366125107,0.6666482925415039,1.3167747259140015,-0.025141773851823975,-0.43005716195799637,1.2492746192094166,128.98
11,6,1127,147,1159,179,1051.1309814453125,963.1541137695312,546.8471069335938,1143,163,1058,163,85,0.2624896317720413,0.7027549833059311,1.6248436570167542,0.2539826418378385,-0.5420780220453493,1.4844321945900125,162.83
11,7,1006,171,1039,208,1051.1309814453125,963.1541137695312,546.8471069335938,1022,189,915,188,107,0.06754905730485916,0.6753524482250214,1.3620567321777344,0.0660168478288074,-0.40145436695254016,1.1792218368238419,137.1
11,8,842,141,876,173,1051.1309814453125,963.1541137695312,546.8471069335938,859,157,774,157,85,-0.10830116644501686,0.6427628785371781,1.3262175917625427,-0.1470889188956201,-0.5505513648777464,1.4844321945900125,129.48
11,9,898,157,928,195,1051.1309814453125,963.1541137695312,546.8471069335938,913,176,815,174,98,-0.06336025148630142,0.6641427367925644,1.3351877927780151,-0.06143317183004075,-0.45424616907028825,1.2875177197974599,130.39
11,10,999,145,1031,177,1051.1309814453125,963.1541137695312,546.8471069335938,1015,161,928,161,87,0.07122024148702621,0.6691632211208344,1.485693097114563,0.07153482245367458,-0.5323759761008346,1.4503073165534606,144.49
11,11,945,146,971,183,1051.1309814453125,963.1541137695312,546.8471069335938,958,164,869,165,89,0.000431135696999263,0.6615370750427246,1.4011998176574707,-0.006951626783043803,-0.5163662118021993,1.4177161409005739,136.24
11,12,983,162,1010,196,1051.1309814453125,963.1541137695312,546.8471069335938,996,179,901,178,95,0.04355029761791229,0.6672856450080872,1.3644076585769653,0.04150303271315256,-0.46480007893169867,1.3281761741068534,134.06
12,0,821,167,858,205,1051.1309814453125,963.1541137695312,546.8471069335938,839,186,735,184,104,-0.1516052782535553,0.6679642736911774,1.2990314960479736,-0.1433013324548737,-0.4164974455221026,1.2132378513476065,133.49
12,1,1119,166,1149,201,1051.1309814453125,963.1541137695312,546.8471069335938,1134,183,1037,180,97,0.21721963584423065,0.6788663655519486,1.3986547589302063,0.21142446747510982,-0.450266509326552,1.300791098352073,138.82
12,2,926,167,958,203,1051.1309814453125,963.1541137695312,546.8471069335938,942,185,842,183,100,-0.026896853931248188,0.6686284184455872,1.3239601254463196,-0.025393191590342215,-0.43435773357757623,1.2617673654015107,129.91
12,4,1068,150,1097,188,1051.1309814453125,963.1541137695312,546.8471069335938,1082,169,992,167,90,0.1601644679903984,0.6783219814300537,1.4607049226760864,0.1585127125024428,-0.5039599748122328,1.401963739335012,143.87
12,7,1007,171,1039,209,1051.1309814453125,963.1541137695312,546.8471069335938,1023,190,916,188,107,0.07203423231840134,0.6741050720214844,1.3790466785430908,0.06713870786113411,-0.4003325069202135,1.1792218368238419,137.21
12,9,897,156,928,194,1051.1309814453125,963.1541137695312,546.8471069335938,912,175,814,175,98,-0.06457729637622833,0.6634221613407135,1.3414957523345947,-0.06265805982451991,-0.45547105706476737,1.2875177197974599,130.52
12,10,945,146,971,182,1051.1309814453125,963.1541137695312,546.8471069335938,958,164,869,164,89,0.00043676296627381817,0.6637472599744797,1.4174653887748718,-0.006951626783043803,-0.5163662118021993,1.4177161409005739,138.0
12,11,984,160,1011,194,1051.1309814453125,963.1541137695312,546.8471069335938,997,177,900,178,97,0.05024198442697525,0.6683700025081635,1.3818122148513794,0.04188481578565414,-0.4576916035611267,1.300791098352073,135.85
12,12,1002,144,1031,175,1051.1309814453125,963.1541137695312,546.8471069335938,1016,159,928,160,88,0.07160627841949463,0.6684717774391175,1.480932593345642,0.07208600655600735,-0.529054408723756,1.4338265515926258,145.12
13,0,820,167,858,205,1051.1309814453125,963.1541137695312,546.8471069335938,839,186,734,185,105,-0.14509183168411255,0.6601499706506729,1.2801480889320374,-0.14193655786006534,-0.4125308031837968,1.2016832051442958,127.71
13,1,1068,150,1098,189,1051.1309814453125,963.1541137695312,546.8471069335938,1083,169,992,166,91,0.16001910716295242,0.6806619554758072,1.4649141430854797,0.15808992471075614,-0.4984219531109994,1.3865575443972644,144.93
13,4,927,167,957,203,1051.1309814453125,963.1541137695312,546.8471069335938,942,185,842,183,100,-0.026251504197716713,0.6672968953847885,1.3169594407081604,-0.025393191590342215,-0.43435773357757623,1.2617673654015107,128.79
13,6,843,142,875,174,1051.1309814453125,963.1541137695312,546.8471069335938,859,158,774,157,85,-0.1082492545247078,0.6417621165513993,1.3176864981651306,-0.1470889188956201,-0.5491391410723468,1.4844321945900125,128.31
13,8,1007,172,1039,208,1051.1309814453125,963.1541137695312,546.8471069335938,1023,190,915,188,108,0.07003418356180191,0.6774179577827454,1.3933202028274536,0.0665170531587162,-0.39662572444872995,1.16830311611251,138.97
13,9,898,157,927,194,1051.1309814453125,963.1541137695312,546.8471069335938,912,175,816,174,96,-0.06368700414896011,0.6614578902721405,1.3268004655838013,-0.06396343607086408,-0.46496003742028336,1.3143410056265736,129.38
13,10,1002,146,1031,176,1051.1309814453125,963.1541137695312,546.8471069335938,1016,161,928,159,88,0.07198919355869293,0.6717515528202057,1.507887601852417,0.07208600655600735,-0.5263262490996887,1.4338265515926258,147.36
13,11,948,148,974,184,1051.1309814453125,963.1541137695312,546.8471069335938,961,166,869,164,92,0.0036084072198718786,0.6635327279567719,1.3953677415847778,-0.0028106273186307117,-0.49691863916823725,1.3714862667407726,136.5
13,12,984,161,1011,193,1051.1309814453125,963.1541137695312,546.8471069335938,997,177,902,178,95,0.05249553546309471,0.6717224955558777,1.3988569974899292,0.042766601381141585,-0.4673272162676767,1.3281761741068534,138.32
14,0,820,167,858,205,1051.1309814453125,963.1541137695312,546.8471069335938,839,186,734,185,105,-0.14732937514781952,0.6630062699317932,1.2809231281280518,-0.14193655786006534,-0.4125308031837968,1.2016832051442958,129.89
14,3,927,167,957,203,1051.1309814453125,963.1541137695312,546.8471069335938,942,185,842,183,100,-0.02649306319653988,0.6697796374559403,1.3271685242652893,-0.025393191590342215,-0.43435773357757623,1.2617673654015107,129.91
14,4,1068,149,1098,187,1051.1309814453125,963.1541137695312,546.8471069335938,1083,168,992,166,91,0.16026708483695984,0.6789124846458435,1.4634252786636353,0.15808992471075614,-0.49974106325890005,1.3865575443972644,144.48
14,7,842,142,875,174,1051.1309814453125,963.1541137695312,546.8471069335938,858,158,774,157,84,-0.108278788626194,0.6418115586042404,1.3179033994674683,-0.1502690134474603,-0.5556765117993986,1.50210400643037,128.33
14,8,1007,171,1039,207,1051.1309814453125,963.1541137695312,546.8471069335938,1023,189,915,188,108,0.06889358162879944,0.6744289338588715,1.3646546602249146,0.0665170531587162,-0.3977371968881647,1.16830311611251,137.28
14,9,1001,145,1031,176,1051.1309814453125,963.1541137695312,546.8471069335938,1016,160,928,160,88,0.07087446376681328,0.6680766880512238,1.4779196977615356,0.07208600655600735,-0.5276903289117224,1.4338265515926258,144.68
14,10,898,156,928,194,1051.1309814453125,963.1541137695312,546.8471069335938,913,175,816,175,97,-0.0632772296667099,0.6624269872903824,1.3329206109046936,-0.0620665034983917,-0.4601666349726516,1.300791098352073,129.79
14,11,945,147,971,183,1051.1309814453125,963.1541137695312,546.8471069335938,958,165,869,164,89,0.0004339426159276627,0.6637311220169068,1.4141151905059814,-0.006951626783043803,-0.5150174587296267,1.4177161409005739,137.54
14,12,984,161,1011,195,1051.1309814453125,963.1541137695312,546.8471069335938,997,178,901,178,96,0.04666464030742645,0.6664246559143067,1.3762982487678528,0.04232111595008803,-0.46120881793719093,1.3143410056265736,135.32
15,0,820,167,859,205,1051.1309814453125,963.1541137695312,546.8471069335938,839,186,734,185,105,-0.15000954270362854,0.6645655274391175,1.284710705280304,-0.14193655786006534,-0.4125308031837968,1.2016832051442958,130.03
15,2,1068,149,1098,188,1051.1309814453125,963.1541137695312,546.8471069335938,1083,168,992,166,91,0.16056088358163834,0.6744898945093155,1.4660825729370117,0.15808992471075614,-0.49974106325890005,1.3865575443972644,144.53
15,3,1119,166,1150,201,1051.1309814453125,963.1541137695312,546.8471069335938,1134,183,1036,180,98,0.2989998012781143,0.7522389531135559,1.8671592473983765,0.20926707494985358,-0.4456719531089341,1.2875177197974599,189.75
15,4,926,167,957,203,1051.1309814453125,963.1541137695312,546.8471069335938,941,185,842,184,99,-0.026891554705798626,0.6682967483997345,1.3221225142478943,-0.026862203863567462,-0.43874518543189517,1.2745124903045562,129.31
15,5,1127,147,1159,180,1051.1309814453125,963.1541137695312,546.8471069335938,1143,163,1058,163,85,0.29814720153808594,0.7515005707740784,1.8667329549789429,0.2539826418378385,-0.5420780220453493,1.4844321945900125,188.32
15,6,842,141,876,174,1051.1309814453125,963.1541137695312,546.8471069335938,859,157,774,158,85,-0.10795171931385994,0.642884486913681,1.3214859366416931,-0.1470889188956201,-0.5505513648777464,1.4844321945900125,128.85
15,7,1006,171,1039,208,1051.1309814453125,963.1541137695312,546.8471069335938,1022,189,916,188,106,0.06730031967163086,0.67252796292305,1.3645025491714478,0.06663964828002257,-0.405241672301149,1.1903465711335006,136.31
15,8,898,156,928,194,1051.1309814453125,963.1541137695312,546.8471069335938,913,175,816,175,97,-0.06147804856300354,0.6615986764431,1.341413140296936,-0.0620665034983917,-0.4601666349726516,1.300791098352073,130.15
15,10,999,145,1029,177,1051.1309814453125,963.1541137695312,546.8471069335938,1014,161,929,160,85,0.06280285120010376,0.6669694870710373,1.4576126337051392,0.07180577094130271,-0.5449024696561483,1.4844321945900125,143.47
15,11,945,145,971,182,1051.1309814453125,963.1541137695312,546.8471069335938,958,163,869,164,89,-0.0014868127182126045,0.6638653814792633,1.4216669797897339,-0.006951626783043803,-0.5177149648747719,1.4177161409005739,138.11
15,12,984,162,1011,196,1051.1309814453125,963.1541137695312,546.8471069335938,997,179,900,178,97,0.05157983675599098,0.6687262892723084,1.380258321762085,0.04188481578565414,-0.4552165721496018,1.300791098352073,136.08
16,0,820,166,859,205,1051.1309814453125,963.1541137695312,546.8471069335938,839,185,734,184,105,-0.14747567474842072,0.663437956571579,1.2865498065948486,-0.14193655786006534,-0.413674031978644,1.2016832051442958,129.19
16,2,927,167,958,203,1051.1309814453125,963.1541137695312,546.8471069335938,942,185,842,182,100,-0.02488645724952221,0.6682332396507263,1.3217296600341797,-0.025393191590342215,-0.43435773357757623,1.2617673654015107,129.64
16,3,1119,166,1149,201,1051.1309814453125,963.1541137695312,546.8471069335938,1134,183,1037,180,97,0.26603007316589355,0.7053016364574433,1.6599540710449219,0.21142446747510982,-0.450266509326552,1.300791098352073,166.13
16,4,1068,150,1098,188,1051.1309814453125,963.1541137695312,546.8471069335938,1083,169,993,167,90,0.16409297287464142,0.6780074179172516,1.463744044303894,0.15984647942976457,-0.5039599748122328,1.401963739335012,144.51
16,5,1006,172,1039,209,1051.1309814453125,963.1541137695312,546.8471069335938,1022,190,916,188,106,0.06773179396986961,0.6695000618696213,1.363864541053772,0.06663964828002257,-0.40410922868361165,1.1903465711335006,135.7
16,7,1127,147,1159,180,1051.1309814453125,963.1541137695312,546.8471069335938,1143,163,1058,164,85,0.264517217874527,0.7039914965629578,1.6607104539871216,0.2539826418378385,-0.5420780220453493,1.4844321945900125,166.2
16,8,842,142,875,175,1051.1309814453125,963.1541137695312,546.8471069335938,858,158,774,157,84,-0.1087520644068718,0.6435097396373749,1.3237764835357666,-0.1502690134474603,-0.5556765117993986,1.50210400643037,128.89
16,9,898,157,928,194,1051.1309814453125,963.1541137695312,546.8471069335938,913,175,814,174,99,-0.0633082464337349,0.6630425095558167,1.3336491584777832,-0.060812634740848415,-0.45087033931663834,1.2745124903045562,130.15
16,10,1000,145,1030,176,1051.1309814453125,963.1541137695312,546.8471069335938,1015,160,928,160,87,0.07217555493116379,0.6692168951034546,1.4913538694381714,0.07153482245367458,-0.5337557349911675,1.4503073165534606,146.22
16,11,947,148,974,183,1051.1309814453125,963.1541137695312,546.8471069335938,960,165,869,165,91,0.002315612742677331,0.663688862323761,1.4131771326065063,-0.004160623481021793,-0.5036983937026019,1.3865575443972644,137.31
16,12,983,161,1011,194,1051.1309814453125,963.1541137695312,546.8471069335938,997,177,899,178,98,0.049863262102007866,0.6667550295591355,1.370613932609558,0.04145741970620868,-0.453021281075809,1.2875177197974599,135.08
17,0,819,167,859,205,1051.1309814453125,963.1541137695312,546.8471069335938,839,186,734,184,105,-0.14866982400417328,0.662341856956482,1.2891693115234375,-0.14193655786006534,-0.4125308031837968,1.2016832051442958,129.5
17,1,1119,166,1149,201,1051.1309814453125,963.1541137695312,546.8471069335938,1134,183,1036,181,98,0.26348675787448883,0.6940631210803986,1.636304795742035,0.20926707494985358,-0.4456719531089341,1.2875177197974599,160.7
17,2,1068,149,1097,188,1051.1309814453125,963.1541137695312,546.8471069335938,1082,168,992,166,90,0.1615317463874817,0.6785932421684265,1.4628822803497314,0.1585127125024428,-0.5052937417395545,1.401963739335012,144.3
17,3,926,167,957,203,1051.1309814453125,963.1541137695312,546.8471069335938,941,185,842,184,99,-0.03324313648045063,0.6686010897159577,1.3351271748542786,-0.026862203863567462,-0.43874518543189517,1.2745124903045562,131.39
17,5,1127,146,1159,179,1051.1309814453125,963.1541137695312,546.8471069335938,1143,162,1058,163,85,0.2652788907289505,0.6947359383106232,1.6385398507118225,0.2539826418378385,-0.5434902458507488,1.4844321945900125,163.33
17,7,897,156,928,193,1051.1309814453125,963.1541137695312,546.8471069335938,912,174,815,176,97,-0.0596835371106863,0.6616820484399796,1.3496627807617188,-0.06330401920415414,-0.461404150678414,1.300791098352073,131.08
17,8,1006,171,1039,208,1051.1309814453125,963.1541137695312,546.8471069335938,1022,189,917,188,105,0.06924550235271454,0.6775052785873413,1.3939947485923767,0.06727431159697515,-0.40910111679925515,1.2016832051442958,138.31
17,9,842,141,876,173,1051.1309814453125,963.1541137695312,546.8471069335938,859,157,774,157,85,-0.10824769735336304,0.6426444441080094,1.325570523738861,-0.1470889188956201,-0.5505513648777464,1.4844321945900125,129.24
17,10,1000,145,1030,176,1051.1309814453125,963.1541137695312,546.8471069335938,1015,160,928,160,87,0.0714196190237999,0.6708514034748078,1.4937654733657837,0.07153482245367458,-0.5337557349911675,1.4503073165534606,146.8
17,11,945,146,971,183,1051.1309814453125,963.1541137695312,546.8471069335938,958,164,869,164,89,0.00043414003448560834,0.6645463347434998,1.4218396544456482,-0.006951626783043803,-0.5163662118021993,1.4177161409005739,137.84
17,12,984,161,1010,195,1051.1309814453125,963.1541137695312,546.8471069335938,997,178,900,177,97,0.04933086782693863,0.6711949944496155,1.3859241008758545,0.04188481578565414,-0.4564540878553643,1.300791098352073,136.35
18,0,819,168,859,205,1051.1309814453125,963.1541137695312,546.8471069335938,839,186,734,185,105,-0.14984731376171112,0.6627216279506684,1.2801460027694702,-0.14193655786006534,-0.4125308031837968,1.2016832051442958,128.09
18,2,1068,151,1098,189,1051.1309814453125,963.1541137695312,546.8471069335938,1083,170,993,167,90,0.16404492408037186,0.6781561464071274,1.4658318161964417,0.15984647942976457,-0.5026262078849111,1.401963739335012,146.27
18,3,927,167,957,203,1051.1309814453125,963.1541137695312,546.8471069335938,942,185,841,183,101,-0.026359609328210354,0.6675507813692093,1.31762033700943,-0.025141773851823975,-0.43005716195799637,1.2492746192094166,129.01
18,5,1007,172,1040,208,1051.1309814453125,963.1541137695312,546.8471069335938,1023,190,917,188,106,0.06852183118462563,0.6730750143527985,1.365123450756073,0.06777209189755991,-0.40410922868361165,1.1903465711335006,136.52
18,8,897,157,928,195,1051.1309814453125,963.1541137695312,546.8471069335938,912,176,814,174,98,-0.06215829402208328,0.6621416449546814,1.3352986574172974,-0.06265805982451991,-0.45424616907028825,1.2875177197974599,130.1
18,9,842,141,876,174,1051.1309814453125,963.1541137695312,546.8471069335938,859,157,774,156,85,-0.10833077505230904,0.6434641420841217,1.3261083364486694,-0.1470889188956201,-0.5505513648777464,1.4844321945900125,129.25
18,10,945,147,971,183,1051.1309814453125,963.1541137695312,546.8471069335938,958,165,869,164,89,0.00043446121708257124,0.6636509984731674,1.4145832061767578,-0.006951626783043803,-0.5150174587296267,1.4177161409005739,137.55
18,11,1001,145,1030,176,1051.1309814453125,963.1541137695312,546.8471069335938,1015,160,928,160,87,0.07293901592493057,0.6707987427711487,1.4916536808013916,0.07153482245367458,-0.5337557349911675,1.4503073165534606,146.44
18,12,984,161,1011,194,1051.1309814453125,963.1541137695312,546.8471069335938,997,177,900,177,97,0.050125446170568466,0.6678345143795014,1.3781803846359253,0.04188481578565414,-0.4576916035611267,1.300791098352073,135.77
19,0,819,167,859,205,1051.1309814453125,963.1541137695312,546.8471069335938,839,186,734,185,105,-0.15031183511018753,0.6646511942148209,1.2860089540481567,-0.14193655786006534,-0.4125308031837968,1.2016832051442958,130.9
19,1,1119,166,1149,200,1051.1309814453125,963.1541137695312,546.8471069335938,1134,183,1036,180,98,0.2739812731742859,0.7252212703227997,1.7033350467681885,0.20926707494985358,-0.4456719531089341,1.2875177197974599,170.94
19,3,1068,150,1097,188,1051.1309814453125,963.1541137695312,546.8471069335938,1082,169,992,166,90,0.16257740557193756,0.6763161063194275,1.459668755531311,0.1585127125024428,-0.5039599748122328,1.401963739335012,143.48
19,4,927,168,958,203,1051.1309814453125,963.1541137695312,546.8471069335938,942,185,842,183,100,-0.026863494887948036,0.6686581909656525,1.3231875896453857,-0.025393191590342215,-0.43435773357757623,1.2617673654015107,130.09
19,5,1127,146,1159,178,1051.1309814453125,963.1541137695312,546.8471069335938,1143,162,1057,163,86,0.2739812731742859,0.7198239207267761,1.706451177597046,0.2510293553048404,-0.5371705918292285,1.4671713551180356,171.15
19,7,1007,171,1039,208,1051.1309814453125,963.1541137695312,546.8471069335938,1023,189,917,188,106,0.06634338945150375,0.668857479095459,1.3317357301712036,0.06777209189755991,-0.405241672301149,1.1903465711335006,134.01
19,8,898,157,928,194,1051.1309814453125,963.1541137695312,546.8471069335938,913,175,816,175,97,-0.061453450471162796,0.6626055479049683,1.3425059914588928,-0.0620665034983917,-0.4601666349726516,1.300791098352073,130.45
19,9,842,141,876,173,1051.1309814453125,963.1541137695312,546.8471069335938,859,157,774,157,85,-0.1443098708987236,0.6711970061063767,1.5224957466125488,-0.1470889188956201,-0.5505513648777464,1.4844321945900125,147.44
19,10,945,146,971,182,1051.1309814453125,963.1541137695312,546.8471069335938,958,164,869,164,89,0.00043599218042800203,0.6639628201723099,1.4192670583724976,-0.006951626783043803,-0.5163662118021993,1.4177161409005739,138.17
19,11,1000,145,1029,176,1051.1309814453125,963.1541137695312,546.8471069335938,1014,160,928,160,86,0.06772240996360779,0.6689097076654434,1.4921852946281433,0.07097082011640385,-0.5399621970259484,1.4671713551180356,146.22
19,12,983,161,1010,195,1051.1309814453125,963.1541137695312,546.8471069335938,996,178,900,179,96,0.04309447854757309,0.6701150178909302,1.3962559700012207,0.041070709455723886,-0.46120881793719093,1.3143410056265736,137.6
20,0,820,167,859,205,1051.1309814453125,963.1541137695312,546.8471069335938,839,186,734,185,105,-0.149697445333004,0.6638520747423172,1.3000370860099792,-0.14193655786006534,-0.4125308031837968,1.2016832051442958,130.38
20,1,1068,151,1098,188,1051.1309814453125,963.1541137695312,546.8471069335938,1083,169,992,166,91,0.1634635329246521,0.6770587205886841,1.4665956497192383,0.15808992471075614,-0.4984219531109994,1.3865575443972644,145.98
20,2,1119,166,1149,201,1051.1309814453125,963.1541137695312,546.8471069335938,1134,183,1036,181,98,0.24825222790241241,0.6842881679534912,1.5493782758712769,0.20926707494985358,-0.4456719531089341,1.2875177197974599,154.37
20,4,927,168,958,203,1051.1309814453125,963.1541137695312,546.8471069335938,942,185,842,183,100,-0.025530963204801083,0.6671779841184616,1.3184571862220764,-0.025393191590342215,-0.43435773357757623,1.2617673654015107,129.26
20,5,1126,147,1158,180,1051.1309814453125,963.1541137695312,546.8471069335938,1142,163,1057,164,85,0.24825222790241241,0.6842881679534912,1.5493782758712769,0.25257041803243896,-0.5420780220453493,1.4844321945900125,154.37
20,6,842,142,875,175,1051.1309814453125,963.1541137695312,546.8471069335938,858,158,774,157,84,-0.11027702689170837,0.646323972940445,1.342079758644104,-0.1502690134474603,-0.5556765117993986,1.50210400643037,130.64
20,7,1006,171,1038,207,1051.1309814453125,963.1541137695312,546.8471069335938,1022,189,916,188,106,0.06687543168663979,0.6683005332946778,1.3618961572647095,0.06663964828002257,-0.405241672301149,1.1903465711335006,134.67
20,9,898,156,928,194,1051.1309814453125,963.1541137695312,546.8471069335938,913,175,816,175,97,-0.06166471913456917,0.6632606327533722,1.3459930419921875,-0.0620665034983917,-0.4601666349726516,1.300791098352073,130.8
20,10,1001,146,1029,176,1051.1309814453125,963.1541137695312,546.8471069335938,1015,161,929,160,86,0.06918279826641083,0.6679544985294342,1.473158836364746,0.07236662271476382,-0.5385663944275885,1.4671713551180356,143.99
20,11,945,147,971,183,1051.1309814453125,963.1541137695312,546.8471069335938,958,165,869,165,89,0.0004337077116360888,0.6627610564231873,1.4080974459648132,-0.006951626783043803,-0.5150174587296267,1.4177161409005739,137.01
20,12,984,161,1010,194,1051.1309814453125,963.1541137695312,546.8471069335938,997,177,901,177,96,0.048628050833940506,0.6669126093387604,1.3721795082092285,0.04232111595008803,-0.46245922443155507,1.3143410056265736,135.0
21,0,1067,149,1098,188,1051.1309814453125,963.1541137695312,546.8471069335938,1082,168,992,166,90,0.16173800081014633,0.6736559212207794,1.4643127918243408,0.1585127125024428,-0.5052937417395545,1.401963739335012,144.4
21,1,820,167,858,205,1051.1309814453125,963.1541137695312,546.8471069335938,839,186,735,184,104,-0.14693832397460938,0.6621499598026276,1.2926785945892334,-0.1433013324548737,-0.4164974455221026,1.2132378513476065,128.95
21,4,927,166,957,203,1051.1309814453125,963.1541137695312,546.8471069335938,942,184,842,183,100,-0.027317199856042862,0.6728644013404846,1.3429409265518188,-0.025393191590342215,-0.4355581238121658,1.2617673654015107,131.88
21,7,1007,170,1039,208,1051.1309814453125,963.1541137695312,546.8471069335938,1023,189,915,188,108,0.0686287209391594,0.6703146040439606,1.381612777709961,0.0665170531587162,-0.3977371968881647,1.16830311611251,136.51
21,8,897,156,928,195,1051.1309814453125,963.1541137695312,546.8471069335938,912,175,815,174,97,-0.06236344203352928,0.6648158371448517,1.3500763177871704,-0.06330401920415414,-0.4601666349726516,1.300791098352073,131.76
21,9,1000,143,1030,176,1051.1309814453125,963.1541137695312,546.8471069335938,1015,159,928,160,87,0.07053282111883163,0.6672059834003449,1.4723542928695679,0.07153482245367458,-0.5351354938815003,1.4503073165534606,145.16
21,11,945,146,971,184,1051.1309814453125,963.1541137695312,546.8471069335938,958,165,869,164,89,-0.00019783689640462399,0.6669559419155121,1.4223356246948242,-0.006951626783043803,-0.5150174587296267,1.4177161409005739,138.72
21,12,983,161,1010,195,1051.1309814453125,963.1541137695312,546.8471069335938,996,178,901,179,95,0.044202424585819244,0.6706236243247986,1.3952630758285522,0.04150303271315256,-0.4660636475996877,1.3281761741068534,137.58
22,0,820,167,859,205,1051.1309814453125,963.1541137695312,546.8471069335938,839,186,734,185,105,-0.1463851034641266,0.6624460458755493,1.2783669233322144,-0.14193655786006534,-0.4125308031837968,1.2016832051442958,126.82
22,3,1068,150,1098,189,1051.1309814453125,963.1541137695312,546.8471069335938,1083,169,992,168,91,0.1616058498620987,0.6797573059797287,1.4655503630638123,0.15808992471075614,-0.4984219531109994,1.3865575443972644,145.26
22,4,926,167,958,203,1051.1309814453125,963.1541137695312,546.8471069335938,942,185,842,182,100,-0.02817055955529213,0.6696575522422791,1.3278390169143677,-0.025393191590342215,-0.43435773357757623,1.2617673654015107,130.68
22,6,1007,172,1039,208,1051.1309814453125,963.1541137695312,546.8471069335938,1023,190,916,188,107,0.06683691218495369,0.6688482254743576,1.3510221242904663,0.06713870786113411,-0.4003325069202135,1.1792218368238419,134.99
22,8,842,141,875,174,1051.1309814453125,963.1541137695312,546.8471069335938,858,157,774,157,84,-0.10911968350410461,0.6437430769205094,1.3283109664916992,-0.1502690134474603,-0.5571055477929576,1.50210400643037,129.45
22,9,897,156,928,193,1051.1309814453125,963.1541137695312,546.8471069335938,912,174,816,176,96,-0.06219049170613289,0.6619059383869171,1.3470988273620605,-0.06396343607086408,-0.4662104439146475,1.3143410056265736,130.67
22,10,1001,145,1031,176,1051.1309814453125,963.1541137695312,546.8471069335938,1016,160,928,160,88,0.0692523643374443,0.6682718634605408,1.4934006929397583,0.07208600655600735,-0.5276903289117224,1.4338265515926258,145.93
22,11,944,148,971,183,1051.1309814453125,963.1541137695312,546.8471069335938,957,165,869,165,88,-0.0001942912131198682,0.6644254267215729,1.4208503365516663,-0.00839470235397564,-0.5208699298515542,1.4338265515926258,138.38
22,12,984,161,1010,193,1051.1309814453125,963.1541137695312,546.8471069335938,997,177,901,178,96,0.05095395818352699,0.666158401966095,1.370582938194275,0.04232111595008803,-0.46245922443155507,1.3143410056265736,135.38
23,0,1068,150,1098,188,1051.1309814453125,963.1541137695312,546.8471069335938,1083,169,992,167,91,0.1628933846950531,0.6736999243497849,1.4656585454940796,0.15808992471075614,-0.4984219531109994,1.3865575443972644,144.53
23,1,820,167,859,205,1051.1309814453125,963.1541137695312,546.8471069335938,839,186,734,185,105,-0.14707763493061066,0.6627553939819336,1.279462456703186,-0.14193655786006534,-0.4125308031837968,1.2016832051442958,128.26
23,3,927,167,958,203,1051.1309814453125,963.1541137695312,546.8471069335938,942,185,842,183,100,-0.024929789826273918,0.6676146030426026,1.3185818195343018,-0.025393191590342215,-0.43435773357757623,1.2617673654015107,129.4
23,7,1006,170,1039,208,1051.1309814453125,963.1541137695312,546.8471069335938,1022,189,916,188,106,0.06586814671754837,0.6677881419658661,1.349792242050171,0.06663964828002257,-0.405241672301149,1.1903465711335006,134.9
23,8,898,156,928,194,1051.1309814453125,963.1541137695312,546.8471069335938,913,175,816,175,97,-0.06087849661707878,0.6632429003715515,1.3486339449882507,-0.0620665034983917,-0.4601666349726516,1.300791098352073,131.12
23,9,999,145,1030,176,1051.1309814453125,963.1541137695312,546.8471069335938,1014,160,929,159,85,0.07000897824764252,0.668693819642067,1.4907817840576172,0.07180577094130271,-0.5463146934615479,1.4844321945900125,145.61
23,10,842,141,876,173,1051.1309814453125,963.1541137695312,546.8471069335938,859,157,774,157,85,-0.12097370252013206,0.6438044846057892,1.3393093347549438,-0.1470889188956201,-0.5505513648777464,1.4844321945900125,138.41
23,11,948,148,974,183,1051.1309814453125,963.1541137695312,546.8471069335938,961,165,869,164,92,0.0023126411251723766,0.663411819934845,1.4103420972824097,-0.0028106273186307117,-0.4982234111623563,1.3714862667407726,137.13
23,12,983,161,1010,194,1051.1309814453125,963.1541137695312,546.8471069335938,996,177,901,178,95,0.04904100485146046,0.6676831185817719,1.3669294714927673,0.04150303271315256,-0.4673272162676767,1.3281761741068534,134.53
24,0,820,167,859,205,1051.1309814453125,963.1541137695312,546.8471069335938,839,186,735,185,104,-0.14979630708694458,0.6638378441333771,1.277893304824829,-0.1433013324548737,-0.4164974455221026,1.2132378513476065,130.52
24,1,1068,150,1098,187,1051.1309814453125,963.1541137695312,546.8471069335938,1083,168,992,167,91,0.16048821806907654,0.6790700346231461,1.4646399021148682,0.15808992471075614,-0.49974106325890005,1.3865575443972644,144.62
24,2,1119,166,1149,201,1051.1309814453125,963.1541137695312,546.8471069335938,1134,183,1036,180,98,0.2697092592716217,0.700320565700531,1.6367551684379578,0.20926707494985358,-0.4456719531089341,1.2875177197974599,163.77
24,4,927,167,957,203,1051.1309814453125,963.1541137695312,546.8471069335938,942,185,842,183,100,-0.02645617350935936,0.6679682075977326,1.3205469250679016,-0.025393191590342215,-0.43435773357757623,1.2617673654015107,129.22
24,5,1126,146,1159,179,1051.1309814453125,963.1541137695312,546.8471069335938,1142,162,1058,164,84,0.2697092592716217,0.700320565700531,1.6367551684379578,0.25557720872330136,-0.5499603678251626,1.50210400643037,163.77
24,7,898,156,928,194,1051.1309814453125,963.1541137695312,546.8471069335938,913,175,816,175,97,-0.06203728914260864,0.6636198699474335,1.3467991352081299,-0.0620665034983917,-0.4601666349726516,1.300791098352073,130.95
24,8,1007,171,1039,209,1051.1309814453125,963.1541137695312,546.8471069335938,1023,190,916,188,107,0.06993108615279198,0.6786760330200196,1.396168053150177,0.06713870786113411,-0.4003325069202135,1.1792218368238419,139.23
24,9,842,142,876,174,1051.1309814453125,963.1541137695312,546.8471069335938,859,158,774,157,85,-0.1438247263431549,0.6694364488124848,1.5108853578567505,-0.1470889188956201,-0.5491391410723468,1.4844321945900125,146.58
24,10,1001,145,1030,176,1051.1309814453125,963.1541137695312,546.8471069335938,1015,160,928,160,87,0.07121114432811737,0.6679067850112915,1.486505150794983,0.07153482245367458,-0.5337557349911675,1.4503073165534606,146.04
24,11,945,147,971,183,1051.1309814453125,963.1541137695312,546.8471069335938,958,165,869,165,89,0.00043428153003333136,0.6633263170719147,1.4103586673736572,-0.006951626783043803,-0.5150174587296267,1.4177161409005739,137.23
24,12,983,161,1010,195,1051.1309814453125,963.1541137695312,546.8471069335938,996,178,900,178,96,0.04477006755769253,0.6699060589075089,1.390766978263855,0.041070709455723886,-0.46120881793719093,1.3143410056265736,136.52
25,0,819,167,859,205,1051.1309814453125,963.1541137695312,546.8471069335938,839,186,734,185,105,-0.14616259932518005,0.6607969045639038,1.27227121591568,-0.14193655786006534,-0.4125308031837968,1.2016832051442958,127.08
25,2,1068,149,1098,188,1051.1309814453125,963.1541137695312,546.8471069335938,1083,168,992,167,91,0.1610722541809082,0.6785883247852326,1.4618526697158813,0.15808992471075614,-0.49974106325890005,1.3865575443972644,145.68
25,3,927,166,958,203,1051.1309814453125,963.1541137695312,546.8471069335938,942,184,843,183,99,-0.028087779879570007,0.6668643891811371,1.3253175020217896,-0.025649688475093142,-0.4399577008203695,1.2745124903045562,130.52
25,5,1007,171,1040,208,1051.1309814453125,963.1541137695312,546.8471069335938,1023,189,915,188,108,0.07175182923674583,0.6757329642772675,1.3739257454872131,0.0665170531587162,-0.3977371968881647,1.16830311611251,138.83
25,7,842,141,875,174,1051.1309814453125,963.1541137695312,546.8471069335938,858,157,774,157,84,-0.10769284516572952,0.6405252158641815,1.3107435703277588,-0.1502690134474603,-0.5571055477929576,1.50210400643037,127.57
25,8,897,156,929,194,1051.1309814453125,963.1541137695312,546.8471069335938,913,175,816,174,97,-0.05953896418213844,0.6610267996788025,1.3444440364837646,-0.0620665034983917,-0.4601666349726516,1.300791098352073,130.52
25,10,1000,144,1030,176,1051.1309814453125,963.1541137695312,546.8471069335938,1015,160,929,159,86,0.06902827322483063,0.6665345519781113,1.478720247745514,0.07236662271476382,-0.5399621970259484,1.4671713551180356,144.08
25,11,983,160,1011,194,1051.1309814453125,963.1541137695312,546.8471069335938,997,177,901,178,96,0.04379854537546635,0.6648953795433045,1.3781737685203552,0.04232111595008803,-0.46245922443155507,1.3143410056265736,135.28
25,12,945,146,971,183,1051.1309814453125,963.1541137695312,546.8471069335938,958,164,869,165,89,-0.0014864775585010648,0.6633780390024185,1.4102153182029724,-0.006951626783043803,-0.5163662118021993,1.4177161409005739,137.0
26,0,820,167,859,205,1051.1309814453125,963.1541137695312,546.8471069335938,839,186,734,185,105,-0.1462796926498413,0.6601019144058228,1.2802711725234985,-0.14193655786006534,-0.4125308031837968,1.2016832051442958,127.22
26,1,1068,149,1098,188,1051.1309814453125,963.1541137695312,546.8471069335938,1083,168,992,166,91,0.16012395918369293,0.6790580987930298,1.4622766375541687,0.15808992471075614,-0.49974106325890005,1.3865575443972644,144.11
26,2,1119,166,1149,200,1051.1309814453125,963.1541137695312,546.8471069335938,1134,183,1036,180,98,0.23859547078609467,0.6954404056072235,1.5468323230743408,0.20926707494985358,-0.4456719531089341,1.2875177197974599,153.42
26,4,926,167,957,203,1051.1309814453125,963.1541137695312,546.8471069335938,941,185,842,184,99,-0.026884554885327816,0.6685060054063797,1.320749044418335,-0.026862203863567462,-0.43874518543189517,1.2745124903045562,129.16
26,5,1007,171,1040,208,1051.1309814453125,963.1541137695312,546.8471069335938,1023,189,916,188,107,0.06915592029690742,0.6731419950723648,1.384792149066925,0.06713870786113411,-0.40145436695254016,1.1792218368238419,138.34
26,6,1126,145,1159,178,1051.1309814453125,963.1541137695312,546.8471069335938,1142,161,1058,163,84,0.24476303160190582,0.6942679822444916,1.5700947046279907,0.25557720872330136,-0.5513894038187216,1.50210400643037,156.6
26,8,842,141,875,174,1051.1309814453125,963.1541137695312,546.8471069335938,858,157,774,157,84,-0.1075698770582676,0.6401847094297409,1.3089983463287354,-0.1502690134474603,-0.5571055477929576,1.50210400643037,127.39
26,9,898,155,928,194,1051.1309814453125,963.1541137695312,546.8471069335938,913,174,816,175,97,-0.06101544201374054,0.6609035968780518,1.335690200328827,-0.0620665034983917,-0.461404150678414,1.300791098352073,129.65
26,10,1000,145,1030,176,1051.1309814453125,963.1541137695312,546.8471069335938,1015,160,929,160,86,0.07208568602800369,0.672134393453598,1.5076285600662231,0.07236662271476382,-0.5399621970259484,1.4671713551180356,147.53
26,11,947,147,974,184,1051.1309814453125,963.1541137695312,546.8471069335938,960,165,869,164,91,0.002307996852323413,0.6636145651340485,1.4076939821243286,-0.004160623481021793,-0.5036983937026019,1.3865575443972644,136.87
26,12,984,160,1011,194,1051.1309814453125,963.1541137695312,546.8471069335938,997,177,900,178,97,0.05183776840567589,0.6693001925945282,1.3857390880584717,0.04188481578565414,-0.4576916035611267,1.300791098352073,136.89
27,0,1068,149,1098,188,1051.1309814453125,963.1541137695312,546.8471069335938,1083,168,992,167,91,0.16154886782169342,0.6777777314186096,1.4600732326507568,0.15808992471075614,-0.49974106325890005,1.3865575443972644,143.87
27,1,820,166,859,205,1051.1309814453125,963.1541137695312,546.8471069335938,839,185,734,185,105,-0.1486678048968315,0.6628695368766785,1.2735545635223389,-0.14193655786006534,-0.413674031978644,1.2016832051442958,129.39
27,2,1119,166,1149,200,1051.1309814453125,963.1541137695312,546.8471069335938,1134,183,1036,180,98,0.21691635251045227,0.6853983938694,1.419234275817871,0.20926707494985358,-0.4456719531089341,1.2875177197974599,141.43
27,4,926,168,958,203,1051.1309814453125,963.1541137695312,546.8471069335938,942,185,842,182,100,-0.025525329634547234,0.6673431038856507,1.3151131868362427,-0.025393191590342215,-0.43435773357757623,1.2617673654015107,128.85
27,5,1006,171,1040,208,1051.1309814453125,963.1541137695312,546.8471069335938,1023,189,916,187,107,0.06521645188331604,0.6733049094676972,1.3597594499588013,0.06713870786113411,-0.40145436695254016,1.1792218368238419,135.93
27,7,897,156,928,194,1051.1309814453125,963.1541137695312,546.8471069335938,912,175,816,175,96,-0.06430163979530334,0.6620457857847214,1.3287861347198486,-0.06396343607086408,-0.46496003742028336,1.3143410056265736,129.64
27,9,842,140,876,175,1051.1309814453125,963.1541137695312,546.8471069335938,859,157,774,158,85,-0.11936334148049355,0.6440992891788483,1.3403077125549316,-0.1470889188956201,-0.5505513648777464,1.4844321945900125,137.77
27,10,998,145,1029,177,1051.1309814453125,963.1541137695312,546.8471069335938,1013,161,928,159,85,0.07147128880023956,0.6696774899959564,1.501117467880249,0.07039354713590322,-0.5449024696561483,1.4844321945900125,145.81
27,11,945,146,971,183,1051.1309814453125,963.1541137695312,546.8471069335938,958,164,869,165,89,-0.00019201601389795542,0.6638472318649292,1.4191478490829468,-0.006951626783043803,-0.5163662118021993,1.4177161409005739,137.49
27,12,984,160,1010,193,1051.1309814453125,963.1541137695312,546.8471069335938,997,176,902,178,95,0.04976939968764782,0.6680841535329819,1.3717570304870605,0.042766601381141585,-0.46859078493566575,1.3281761741068534,134.61
28,0,819,166,858,205,1051.1309814453125,963.1541137695312,546.8471069335938,838,185,734,184,104,-0.14706073701381683,0.6591995596885681,1.269803762435913,-0.14445555383428674,-0.4176516669015157,1.2132378513476065,126.99
28,3,1068,148,1098,188,1051.1309814453125,963.1541137695312,546.8471069335938,1083,168,992,167,91,0.16001175343990326,0.6785544395446778,1.4599570035934448,0.15808992471075614,-0.49974106325890005,1.3865575443972644,144.12
28,4,927,166,957,203,1051.1309814453125,963.1541137695312,546.8471069335938,942,184,842,183,100,-0.02602123375982046,0.6650674432516098,1.3060100078582764,-0.025393191590342215,-0.4355581238121658,1.2617673654015107,127.52
28,6,897,155,928,194,1051.1309814453125,963.1541137695312,546.8471069335938,912,174,816,175,96,-0.06411134824156761,0.6602412849664688,1.3190861344337463,-0.06396343607086408,-0.4662104439146475,1.3143410056265736,128.75
28,9,1006,171,1039,208,1051.1309814453125,963.1541137695312,546.8471069335938,1022,189,916,187,106,0.06481637805700302,0.6688477784395218,1.3313663601875305,0.06663964828002257,-0.405241672301149,1.1903465711335006,133.59
28,10,1001,145,1031,176,1051.1309814453125,963.1541137695312,546.8471069335938,1016,160,928,160,88,0.07199560105800629,0.6691743820905686,1.5044546127319336,0.07208600655600735,-0.5276903289117224,1.4338265515926258,146.18
28,11,945,147,971,183,1051.1309814453125,963.1541137695312,546.8471069335938,958,165,869,165,89,-0.0014163422165438533,0.6612429559230805,1.4000134468078613,-0.006951626783043803,-0.5150174587296267,1.4177161409005739,135.9
28,12,984,160,1010,194,1051.1309814453125,963.1541137695312,546.8471069335938,997,177,899,178,98,0.04864426143467426,0.6669193893671036,1.3627060651779175,0.04145741970620868,-0.453021281075809,1.2875177197974599,133.53
29,0,820,167,859,205,1051.1309814453125,963.1541137695312,546.8471069335938,839,186,734,184,105,-0.14383584260940552,0.6599923610687256,1.2718899250030518,-0.14193655786006534,-0.4125308031837968,1.2016832051442958,125.89
29,1,1119,166,1149,201,1051.1309814453125,963.1541137695312,546.8471069335938,1134,183,1037,181,97,0.26822012662887573,0.711367154121399,1.6783509254455566,0.21142446747510982,-0.450266509326552,1.300791098352073,166.39
29,2,1068,150,1098,189,1051.1309814453125,963.1541137695312,546.8471069335938,1083,169,992,167,91,0.16424768418073654,0.6788228243589401,1.4631627202033997,0.15808992471075614,-0.4984219531109994,1.3865575443972644,145.59
29,3,927,167,957,203,1051.1309814453125,963.1541137695312,546.8471069335938,942,185,842,183,100,-0.02618479449301958,0.6666070759296417,1.3131252527236938,-0.025393191590342215,-0.43435773357757623,1.2617673654015107,128.36
29,5,1127,146,1159,179,1051.1309814453125,963.1541137695312,546.8471069335938,1143,162,1058,163,85,0.2667941749095917,0.7021237552165985,1.6420210599899292,0.2539826418378385,-0.5434902458507488,1.4844321945900125,165.08
29,7,1006,172,1039,208,1051.1309814453125,963.1541137695312,546.8471069335938,1022,190,916,188,106,0.06409501656889915,0.668820658326149,1.340619444847107,0.06663964828002257,-0.40410922868361165,1.1903465711335006,133.35
29,8,898,156,928,194,1051.1309814453125,963.1541137695312,546.8471069335938,913,175,815,175,98,-0.061121171340346336,0.6613397389650345,1.3366649746894836,-0.06143317183004075,-0.45547105706476737,1.2875177197974599,129.92
29,9,842,142,876,173,1051.1309814453125,963.1541137695312,546.8471069335938,859,157,774,157,85,-0.10742128640413284,0.6408610880374909,1.315828025341034,-0.1470889188956201,-0.5505513648777464,1.4844321945900125,128.34
29,10,1000,145,1029,176,1051.1309814453125,963.1541137695312,546.8471069335938,1014,160,928,160,86,0.06933889165520668,0.6675690054893494,1.4866450428962708,0.07097082011640385,-0.5399621970259484,1.4671713551180356,145.37
29,11,945,147,971,184,1051.1309814453125,963.1541137695312,546.8471069335938,958,165,869,165,89,-0.00019135685579385608,0.6631559371948242,1.411819577217102,-0.006951626783043803,-0.5150174587296267,1.4177161409005739,136.41
29,12,984,160,1010,194,1051.1309814453125,963.1541137695312,546.8471069335938,997,177,900,178,97,0.049693018198013306,0.6657937854528427,1.3588546514511108,0.04188481578565414,-0.4576916035611267,1.300791098352073,133.9
30,0,820,167,858,205,1051.1309814453125,963.1541137695312,546.8471069335938,839,186,734,185,105,-0.15000223368406296,0.6634392380714417,1.2738702297210693,-0.14193655786006534,-0.4125308031837968,1.2016832051442958,130.41
30,3,1068,149,1098,187,1051.1309814453125,963.1541137695312,546.8471069335938,1083,168,992,166,91,0.16143301129341125,0.6742576748132706,1.4636568427085876,0.15808992471075614,-0.49974106325890005,1.3865575443972644,144.9
30,4,927,167,957,203,1051.1309814453125,963.1541137695312,546.8471069335938,942,185,842,183,100,-0.026366552338004112,0.6685327827930451,1.3199195265769958,-0.025393191590342215,-0.43435773357757623,1.2617673654015107,129.33
30,5,898,157,928,194,1051.1309814453125,963.1541137695312,546.8471069335938,913,175,816,175,97,-0.06169789843261242,0.6636441737413407,1.347493052482605,-0.0620665034983917,-0.4601666349726516,1.300791098352073,130.91
30,7,1006,171,1039,208,1051.1309814453125,963.1541137695312,546.8471069335938,1022,189,916,188,106,0.06861400976777077,0.6715926170349121,1.3583389520645142,0.06663964828002257,-0.405241672301149,1.1903465711335006,136.92
30,9,841,141,875,174,1051.1309814453125,963.1541137695312,546.8471069335938,858,157,774,158,84,-0.1515137329697609,0.6761812806129456,1.5448219180107117,-0.1502690134474603,-0.5571055477929576,1.50210400643037,155.92
30,10,1000,145,1030,176,1051.1309814453125,963.1541137695312,546.8471069335938,1015,160,928,160,87,0.07303433865308762,0.6715925872325897,1.5098671913146973,0.07153482245367458,-0.5337557349911675,1.4503073165534606,147.91
30,11,948,148,974,183,1051.1309814453125,963.1541137695312,546.8471069335938,961,165,869,164,92,0.001103104674257338,0.6646004855632782,1.4247522354125977,-0.0028106273186307117,-0.4982234111623563,1.3714862667407726,138.01
30,12,983,161,1010,194,1051.1309814453125,963.1541137695312,546.8471069335938,996,177,901,179,95,0.04881225526332855,0.6684216499328614,1.3713998794555664,0.04150303271315256,-0.4673272162676767,1.3281761741068534,135.44
31,0,819,167,859,205,1051.1309814453125,963.1541137695312,546.8471069335938,839,186,734,185,105,-0.15090759098529816,0.6648066580295563,1.2833896279335022,-0.14193655786006534,-0.4125308031837968,1.2016832051442958,130.84
31,1,1119,167,1149,200,1051.1309814453125,963.1541137695312,546.8471069335938,1134,183,1036,181,98,0.24973921477794647,0.6902297079563141,1.5549051761627197,0.20926707494985358,-0.4456719531089341,1.2875177197974599,155.21
31,2,1068,149,1097,188,1051.1309814453125,963.1541137695312,546.8471069335938,1082,168,992,167,90,0.16392356157302856,0.6777064740657807,1.4606866836547852,0.1585127125024428,-0.5052937417395545,1.401963739335012,144.14
31,3,927,167,957,203,1051.1309814453125,963.1541137695312,546.8471069335938,942,185,842,184,100,-0.02669263817369938,0.6666878998279572,1.3127328157424927,-0.025393191590342215,-0.43435773357757623,1.2617673654015107,128.31
31,5,1127,147,1159,179,1051.1309814453125,963.1541137695312,546.8471069335938,1143,163,1058,162,85,0.24961011111736298,0.6876704037189484,1.5557684898376465,0.2539826418378385,-0.5420780220453493,1.4844321945900125,155.18
31,6,842,141,875,174,1051.1309814453125,963.1541137695312,546.8471069335938,858,157,774,157,84,-0.12595656514167786,0.6611306607723236,1.4684325456619263,-0.1502690134474603,-0.5571055477929576,1.50210400643037,141.92
31,8,898,156,928,194,1051.1309814453125,963.1541137695312,546.8471069335938,913,175,816,174,97,-0.06144178472459316,0.6630703449249268,1.345341682434082,-0.0620665034983917,-0.4601666349726516,1.300791098352073,130.67
31,9,1006,171,1038,208,1051.1309814453125,963.1541137695312,546.8471069335938,1022,189,916,188,106,0.06444157660007477,0.6651195228099823,1.3167487382888794,0.06663964828002257,-0.405241672301149,1.1903465711335006,132.32
31,10,1002,145,1030,175,1051.1309814453125,963.1541137695312,546.8471069335938,1016,160,928,160,88,0.06891767308115959,0.6673546075820923,1.4892380237579346,0.07208600655600735,-0.5276903289117224,1.4338265515926258,145.75
31,11,945,146,971,182,1051.1309814453125,963.1541137695312,546.8471069335938,958,164,869,164,89,0.0023411691654473543,0.6642162144184113,1.420628547668457,-0.006951626783043803,-0.5163662118021993,1.4177161409005739,137.35
31,12,984,161,1010,194,1051.1309814453125,963.1541137695312,546.8471069335938,997,177,901,178,96,0.04823542572557926,0.6654392570257187,1.3613550662994385,0.04232111595008803,-0.46245922443155507,1.3143410056265736,133.89
32,0,819,167,858,205,1051.1309814453125,963.1541137695312,546.8471069335938,838,186,734,184,104,-0.15403048694133759,0.6719379365444184,1.348811388015747,-0.14445555383428674,-0.4164974455221026,1.2132378513476065,134.82
32,1,1068,149,1097,188,1051.1309814453125,963.1541137695312,546.8471069335938,1082,168,992,166,90,0.16298723965883255,0.6778212130069733,1.4620312452316284,0.1585127125024428,-0.5052937417395545,1.401963739335012,144.3
32,2,1119,166,1149,200,1051.1309814453125,963.1541137695312,546.8471069335938,1134,183,1037,180,97,0.27886462211608887,0.7200308680534363,1.740038275718689,0.21142446747510982,-0.450266509326552,1.300791098352073,174.6
32,4,927,167,958,203,1051.1309814453125,963.1541137695312,546.8471069335938,942,185,842,184,100,-0.02734769508242607,0.666555979847908,1.3208069801330566,-0.025393191590342215,-0.43435773357757623,1.2617673654015107,129.11
32,5,898,156,929,194,1051.1309814453125,963.1541137695312,546.8471069335938,913,175,816,175,97,-0.061025455594062805,0.6659935802221298,1.3536192774772644,-0.0620665034983917,-0.4601666349726516,1.300791098352073,132.31
32,6,1006,171,1039,208,1051.1309814453125,963.1541137695312,546.8471069335938,1022,189,916,188,106,0.0726700946688652,0.6818205952644348,1.4001069068908691,0.06663964828002257,-0.405241672301149,1.1903465711335006,140.38
32,8,1127,146,1159,179,1051.1309814453125,963.1541137695312,546.8471069335938,1143,162,1058,163,85,0.2764858603477478,0.7186575174331665,1.7408310174942017,0.2539826418378385,-0.5434902458507488,1.4844321945900125,174.72
32,9,841,140,875,174,1051.1309814453125,963.1541137695312,546.8471069335938,858,157,774,157,84,-0.12069755792617798,0.6576067447662354,1.4212620258331299,-0.1502690134474603,-0.5571055477929576,1.50210400643037,145.4
32,10,1000,145,1029,176,1051.1309814453125,963.1541137695312,546.8471069335938,1014,160,929,160,85,0.06729711219668388,0.6693319022655487,1.4647091031074524,0.07180577094130271,-0.5463146934615479,1.4844321945900125,145.67
32,11,945,147,971,183,1051.1309814453125,963.1541137695312,546.8471069335938,958,165,869,164,89,0.0023096809163689613,0.6639363706111908,1.412697196006775,-0.006951626783043803,-0.5150174587296267,1.4177161409005739,137.08
32,12,984,161,1010,193,1051.1309814453125,963.1541137695312,546.8471069335938,997,177,902,178,95,0.05049274489283562,0.6711000740528107,1.3925199508666992,0.042766601381141585,-0.4673272162676767,1.3281761741068534,136.34
33,0,820,168,859,205,1051.1309814453125,963.1541137695312,546.8471069335938,839,186,734,185,105,-0.15080104768276215,0.6617265284061432,1.272698700428009,-0.14193655786006534,-0.4125308031837968,1.2016832051442958,127.84
33,3,927,167,957,203,1051.1309814453125,963.1541137695312,546.8471069335938,942,185,841,183,101,-0.028048817068338394,0.6671701014041901,1.3221569061279297,-0.025141773851823975,-0.43005716195799637,1.2492746192094166,129.4
33,4,1068,150,1097,189,1051.1309814453125,963.1541137695312,546.8471069335938,1082,169,992,167,90,0.16392932832241058,0.6781099081039429,1.462859869003296,0.1585127125024428,-0.5039599748122328,1.401963739335012,144.94
33,5,1007,172,1040,208,1051.1309814453125,963.1541137695312,546.8471069335938,1023,190,916,188,107,0.06896950304508209,0.6727351486682892,1.3794804811477661,0.06713870786113411,-0.4003325069202135,1.1792218368238419,138.33
33,8,897,156,928,195,1051.1309814453125,963.1541137695312,546.8471069335938,912,175,815,174,97,-0.0608691219240427,0.6617935389280319,1.3397327065467834,-0.06330401920415414,-0.4601666349726516,1.300791098352073,130.17
33,9,841,141,875,174,1051.1309814453125,963.1541137695312,546.8471069335938,858,157,774,157,84,-0.1664917767047882,0.674462178349495,1.4958263635635376,-0.1502690134474603,-0.5571055477929576,1.50210400643037,147.67
33,10,945,146,971,183,1051.1309814453125,963.1541137695312,546.8471069335938,958,164,869,165,89,0.0004330716546974145,0.6631437480449677,1.4095057845115662,-0.006951626783043803,-0.5163662118021993,1.4177161409005739,137.08
33,11,1000,145,1029,176,1051.1309814453125,963.1541137695312,546.8471069335938,1014,160,928,160,86,0.07318935543298721,0.6705991566181183,1.5011345148086548,0.07097082011640385,-0.5399621970259484,1.4671713551180356,148.11
33,12,984,160,1011,194,1051.1309814453125,963.1541137695312,546.8471069335938,997,177,900,177,97,0.051279131323099136,0.66853147149086,1.383610486984253,0.04188481578565414,-0.4576916035611267,1.300791098352073,136.22
34,0,1068,149,1098,188,1051.1309814453125,963.1541137695312,546.8471069335938,1083,168,992,166,91,0.16126763820648193,0.6793960571289063,1.4620057344436646,0.15808992471075614,-0.49974106325890005,1.3865575443972644,144.49
34,1,819,166,859,204,1051.1309814453125,963.1541137695312,546.8471069335938,839,185,734,185,105,-0.1485375016927719,0.6646540403366089,1.2864761352539062,-0.14193655786006534,-0.413674031978644,1.2016832051442958,130.06
34,3,1119,166,1149,201,1051.1309814453125,963.1541137695312,546.8471069335938,1134,183,1036,180,98,0.2758368253707886,0.7972898125648499,1.911986768245697,0.20926707494985358,-0.4456719531089341,1.2875177197974599,193.12
34,4,926,167,957,203,1051.1309814453125,963.1541137695312,546.8471069335938,941,185,842,183,99,-0.026977889239788055,0.6691570371389389,1.328305184841156,-0.026862203863567462,-0.43874518543189517,1.2745124903045562,129.92
34,7,1006,170,1040,208,1051.1309814453125,963.1541137695312,546.8471069335938,1023,189,915,188,108,0.06691515818238258,0.6699283659458161,1.3501070141792297,0.0665170531587162,-0.3977371968881647,1.16830311611251,133.89
34,8,841,141,876,174,1051.1309814453125,963.1541137695312,546.8471069335938,858,157,774,157,84,-0.12703253328800201,0.657700264453888,1.4338431358337402,-0.1502690134474603,-0.5571055477929576,1.50210400643037,141.56
34,9,897,155,928,194,1051.1309814453125,963.1541137695312,546.8471069335938,912,174,816,175,96,-0.06213642470538616,0.6659450471401215,1.3524813055992126,-0.06396343607086408,-0.4662104439146475,1.3143410056265736,132.54
34,10,999,145,1030,177,1051.1309814453125,963.1541137695312,546.8471069335938,1014,161,927,160,87,0.0655955970287323,0.6645630240440369,1.478962779045105,0.07015506356334174,-0.5323759761008346,1.4503073165534606,144.09
34,11,945,145,971,183,1051.1309814453125,963.1541137695312,546.8471069335938,958,164,869,165,89,0.0004323332686908543,0.6629909217357636,1.4102306365966797,-0.006951626783043803,-0.5163662118021993,1.4177161409005739,137.02
34,12,984,160,1010,194,1051.1309814453125,963.1541137695312,546.8471069335938,997,177,900,178,97,0.0493268258869648,0.6658573985099793,1.3646419048309326,0.04188481578565414,-0.4576916035611267,1.300791098352073,133.96
35,0,820,167,859,205,1051.1309814453125,963.1541137695312,546.8471069335938,839,186,735,185,104,-0.15057732909917831,0.6629856169223786,1.2728129029273987,-0.1433013324548737,-0.4164974455221026,1.2132378513476065,129.39
35,2,1068,150,1098,188,1051.1309814453125,963.1541137695312,546.8471069335938,1083,169,993,166,90,0.161832295358181,0.6731523662805557,1.46174818277359,0.15984647942976457,-0.5039599748122328,1.401963739335012,144.11
35,4,926,167,957,203,1051.1309814453125,963.1541137695312,546.8471069335938,941,185,841,182,100,-0.02673476655036211,0.6665500491857529,1.3152543306350708,-0.02659358182493179,-0.43435773357757623,1.2617673654015107,128.51
35,5,898,155,928,193,1051.1309814453125,963.1541137695312,546.8471069335938,913,174,815,174,98,-0.063340924680233,0.6633985131978989,1.3437654972076416,-0.06143317183004075,-0.45669594505924654,1.2875177197974599,130.67
35,6,842,141,876,174,1051.1309814453125,963.1541137695312,546.8471069335938,859,157,774,156,85,-0.14047721028327942,0.6730172723531723,1.5275976061820984,-0.1470889188956201,-0.5505513648777464,1.4844321945900125,147.79
35,8,1007,170,1040,208,1051.1309814453125,963.1541137695312,546.8471069335938,1023,189,916,187,107,0.06617271155118942,0.6707898914813996,1.3432512283325195,0.06713870786113411,-0.40145436695254016,1.1792218368238419,133.31
35,10,1000,145,1029,176,1051.1309814453125,963.1541137695312,546.8471069335938,1014,160,928,160,86,0.07512125372886658,0.6724498808383942,1.5201980471611023,0.07097082011640385,-0.5399621970259484,1.4671713551180356,146.99
35,11,945,146,971,183,1051.1309814453125,963.1541137695312,546.8471069335938,958,164,869,165,89,0.0022799621801823378,0.6611420154571533,1.3930158615112305,-0.006951626783043803,-0.5163662118021993,1.4177161409005739,135.51
35,12,984,160,1011,194,1051.1309814453125,963.1541137695312,546.8471069335938,997,177,900,178,97,0.04719406180083752,0.6670111358165741,1.3623262643814087,0.04188481578565414,-0.4576916035611267,1.300791098352073,133.5
36,0,819,167,858,205,1051.1309814453125,963.1541137695312,546.8471069335938,838,186,734,185,104,-0.1520780771970749,0.6652235329151154,1.3023998737335205,-0.14445555383428674,-0.4164974455221026,1.2132378513476065,130.41
36,1,1068,149,1097,188,1051.1309814453125,963.1541137695312,546.8471069335938,1082,168,992,167,90,0.1601659059524536,0.6786352634429932,1.459760069847107,0.1585127125024428,-0.5052937417395545,1.401963739335012,144.31
36,2,1119,166,1149,200,1051.1309814453125,963.1541137695312,546.8471069335938,1134,183,1036,180,98,0.21550440788269043,0.6946241199970246,1.506557583808899,0.20926707494985358,-0.4456719531089341,1.2875177197974599,154.59
36,3,927,167,957,203,1051.1309814453125,963.1541137695312,546.8471069335938,942,185,842,183,100,-0.026691577397286892,0.6701963484287262,1.3299542665481567,-0.025393191590342215,-0.43435773357757623,1.2617673654015107,130.51
36,6,1127,146,1159,179,1051.1309814453125,963.1541137695312,546.8471069335938,1143,162,1058,163,85,0.2679412066936493,0.7127732872962952,1.6688315868377686,0.2539826418378385,-0.5434902458507488,1.4844321945900125,167.14
36,7,842,141,876,174,1051.1309814453125,963.1541137695312,546.8471069335938,859,157,774,157,85,-0.12380187213420868,0.6556430995464325,1.4169381856918335,-0.1470889188956201,-0.5505513648777464,1.4844321945900125,140.89
36,8,898,157,928,195,1051.1309814453125,963.1541137695312,546.8471069335938,913,176,815,175,98,-0.06217820197343826,0.665381932258606,1.3517720699310303,-0.06143317183004075,-0.45424616907028825,1.2875177197974599,131.95
36,9,1007,171,1038,207,1051.1309814453125,963.1541137695312,546.8471069335938,1022,189,916,188,106,0.06914237141609192,0.6749977707862854,1.3814146518707275,0.06663964828002257,-0.405241672301149,1.1903465711335006,138.27
36,10,1001,146,1031,176,1051.1309814453125,963.1541137695312,546.8471069335938,1016,161,928,160,88,0.0736168883740902,0.6732086926698685,1.5083679556846619,0.07208600655600735,-0.5263262490996887,1.4338265515926258,147.29
36,11,945,147,970,182,1051.1309814453125,963.1541137695312,546.8471069335938,957,164,869,164,88,-0.0002008972442126833,0.6650118619203568,1.426448106765747,-0.00839470235397564,-0.5222340096635879,1.4338265515926258,138.65
36,12,984,163,1011,196,1051.1309814453125,963.1541137695312,546.8471069335938,997,179,901,178,96,0.04691321216523647,0.6677820771932602,1.3847171664237976,0.04232111595008803,-0.4599584114428268,1.3143410056265736,136.02
37,0,1068,149,1098,188,1051.1309814453125,963.1541137695312,546.8471069335938,1083,168,992,166,91,0.16125653684139252,0.6788669914007187,1.4612630009651184,0.15808992471075614,-0.49974106325890005,1.3865575443972644,144.26
37,1,820,167,858,205,1051.1309814453125,963.1541137695312,546.8471069335938,839,186,735,185,104,-0.14678850024938583,0.6616403549909592,1.2770496010780334,-0.1433013324548737,-0.4164974455221026,1.2132378513476065,125.84
37,4,927,168,957,203,1051.1309814453125,963.1541137695312,546.8471069335938,942,185,842,183,100,-0.02699937019497156,0.6708369940519333,1.3372560143470764,-0.025393191590342215,-0.43435773357757623,1.2617673654015107,131.12
37,5,898,156,929,194,1051.1309814453125,963.1541137695312,546.8471069335938,913,175,814,175,99,-0.06214776262640953,0.6660455107688904,1.3521019220352173,-0.060812634740848415,-0.45087033931663834,1.2745124903045562,132.08
37,7,1006,170,1039,208,1051.1309814453125,963.1541137695312,546.8471069335938,1022,189,916,188,106,0.07006053254008293,0.6724832892417908,1.3667889833450317,0.06663964828002257,-0.405241672301149,1.1903465711335006,135.0
37,10,1000,144,1030,176,1051.1309814453125,963.1541137695312,546.8471069335938,1015,160,928,160,87,0.06571818888187408,0.6691583633422852,1.4698256254196167,0.07153482245367458,-0.5337557349911675,1.4503073165534606,140.86
37,11,945,147,971,183,1051.1309814453125,963.1541137695312,546.8471069335938,958,165,869,165,89,0.0023737670853734016,0.6655822038650513,1.4022654294967651,-0.006951626783043803,-0.5150174587296267,1.4177161409005739,137.29
37,12,984,161,1010,194,1051.1309814453125,963.1541137695312,546.8471069335938,997,177,901,178,96,0.04861685633659363,0.6688722908496857,1.3718034029006958,0.04232111595008803,-0.46245922443155507,1.3143410056265736,134.76
38,1,820,167,859,205,1051.1309814453125,963.1541137695312,546.8471069335938,839,186,734,184,105,-0.15873835235834122,0.6735271453857422,1.3272318243980408,-0.14193655786006534,-0.4125308031837968,1.2016832051442958,137.08
38,2,1068,149,1097,188,1051.1309814453125,963.1541137695312,546.8471069335938,1082,168,992,167,90,0.1631290167570114,0.6779266238212586,1.4623363018035889,0.1585127125024428,-0.5052937417395545,1.401963739335012,144.34
38,3,1119,166,1149,201,1051.1309814453125,963.1541137695312,546.8471069335938,1134,183,1036,181,98,0.2864192724227905,0.7442172408103943,1.7782185077667236,0.20926707494985358,-0.4456719531089341,1.2875177197974599,178.95
38,4,927,167,957,203,1051.1309814453125,963.1541137695312,546.8471069335938,942,185,842,182,100,-0.026654964312911034,0.6687062472105026,1.3248852491378784,-0.025393191590342215,-0.43435773357757623,1.2617673654015107,129.85
38,5,1007,171,1040,208,1051.1309814453125,963.1541137695312,546.8471069335938,1023,189,915,188,108,0.06828782707452774,0.6703147828578949,1.3833112716674805,0.0665170531587162,-0.3977371968881647,1.16830311611251,137.51
38,8,898,156,928,194,1051.1309814453125,963.1541137695312,546.8471069335938,913,175,816,175,97,-0.06407692283391953,0.665494704246521,1.348233938217163,-0.0620665034983917,-0.4601666349726516,1.300791098352073,131.56
38,9,1001,145,1030,176,1051.1309814453125,963.1541137695312,546.8471069335938,1015,160,928,161,87,0.07185840606689453,0.6709922790527344,1.5093270540237427,0.07153482245367458,-0.5337557349911675,1.4503073165534606,147.15
38,10,842,140,876,174,1051.1309814453125,963.1541137695312,546.8471069335938,859,157,774,157,85,-0.1410462111234665,0.6719051986932755,1.5216858983039856,-0.1470889188956201,-0.5505513648777464,1.4844321945900125,147.96
38,11,945,145,971,183,1051.1309814453125,963.1541137695312,546.8471069335938,958,164,869,164,89,0.00043699354137061164,0.6637705057859421,1.4091600179672241,-0.006951626783043803,-0.5163662118021993,1.4177161409005739,137.39
38,12,984,160,1011,194,1051.1309814453125,963.1541137695312,546.8471069335938,997,177,901,178,96,0.05050120875239372,0.6694627046585083,1.3896749019622803,0.04232111595008803,-0.46245922443155507,1.3143410056265736,136.94
39,0,820,167,858,205,1051.1309814453125,963.1541137695312,546.8471069335938,839,186,735,184,104,-0.15137989819049835,0.6638876438140869,1.2974900007247925,-0.1433013324548737,-0.4164974455221026,1.2132378513476065,129.13
39,2,1119,166,1149,201,1051.1309814453125,963.1541137695312,546.8471069335938,1134,183,1037,181,97,0.2185763642191887,0.7036620765924454,1.5040671229362488,0.21142446747510982,-0.450266509326552,1.300791098352073,148.76
39,3,1067,149,1097,188,1051.1309814453125,963.1541137695312,546.8471069335938,1082,168,992,166,90,0.16055363416671753,0.67970489859581,1.4631363153457642,0.1585127125024428,-0.5052937417395545,1.401963739335012,144.63
39,4,927,167,958,203,1051.1309814453125,963.1541137695312,546.8471069335938,942,185,842,183,100,-0.02517767809331417,0.6714022994041443,1.335974097251892,-0.025393191590342215,-0.43435773357757623,1.2617673654015107,131.09
39,5,1007,172,1040,208,1051.1309814453125,963.1541137695312,546.8471069335938,1023,190,916,187,107,0.0715879499912262,0.6803367376327515,1.3918538093566895,0.06713870786113411,-0.4003325069202135,1.1792218368238419,139.27
39,9,898,156,928,194,1051.1309814453125,963.1541137695312,546.8471069335938,913,175,814,175,99,-0.06248149275779724,0.6658887803554535,1.345706045627594,-0.060812634740848415,-0.45087033931663834,1.2745124903045562,131.42
39,10,999,145,1030,176,1051.1309814453125,963.1541137695312,546.8471069335938,1014,160,928,160,86,0.07325802743434906,0.6729526609182358,1.512033462524414,0.07097082011640385,-0.5399621970259484,1.4671713551180356,146.89
39,11,947,147,974,183,1051.1309814453125,963.1541137695312,546.8471069335938,960,165,869,165,91,0.001111461198888719,0.6641366422176361,1.4178844094276428,-0.004160623481021793,-0.5036983937026019,1.3865575443972644,138.09
39,12,984,161,1010,194,1051.1309814453125,963.1541137695312,546.8471069335938,997,177,899,178,98,0.05010688304901123,0.6681320309638977,1.373711347579956,0.04145741970620868,-0.453021281075809,1.2875177197974599,135.49
40,1,821,168,858,204,1051.1309814453125,963.1541137695312,546.8471069335938,839,186,734,184,105,-0.15007875859737396,0.6650294303894043,1.2959740161895752,-0.14193655786006534,-0.4125308031837968,1.2016832051442958,131.36
40,2,927,168,958,203,1051.1309814453125,963.1541137695312,546.8471069335938,942,185,842,183,100,-0.025714687071740627,0.6689735442399979,1.3240679502487183,-0.025393191590342215,-0.43435773357757623,1.2617673654015107,129.69
40,3,1068,150,1098,188,1051.1309814453125,963.1541137695312,546.8471069335938,1083,169,992,166,91,0.15873216837644577,0.6801835089921952,1.464622974395752,0.15808992471075614,-0.4984219531109994,1.3865575443972644,145.5
40,7,1008,171,1039,207,1051.1309814453125,963.1541137695312,546.8471069335938,1023,189,916,188,107,0.06624435633420944,0.6674567699432373,1.3175287246704102,0.06713870786113411,-0.40145436695254016,1.1792218368238419,132.93
40,8,898,157,928,194,1051.1309814453125,963.1541137695312,546.8471069335938,913,175,815,175,98,-0.062094252556562424,0.6640835046768189,1.3492118120193481,-0.06143317183004075,-0.45547105706476737,1.2875177197974599,131.21
40,9,844,141,876,173,1051.1309814453125,963.1541137695312,546.8471069335938,860,157,774,157,86,-0.13454944640398026,0.6605236768722534,1.4369275569915771,-0.14398278003103196,-0.5441496048210284,1.4671713551180356,141.01
40,10,945,147,970,183,1051.1309814453125,963.1541137695312,546.8471069335938,957,165,869,164,88,0.0010950573487207294,0.663254314661026,1.3993383646011353,-0.00839470235397564,-0.5208699298515542,1.4338265515926258,136.09
40,11,1001,145,1030,175,1051.1309814453125,963.1541137695312,546.8471069335938,1015,160,928,161,87,0.06559646129608154,0.6671474814414978,1.4525063037872314,0.07153482245367458,-0.5337557349911675,1.4503073165534606,144.61
40,12,984,163,1011,196,1051.1309814453125,963.1541137695312,546.8471069335938,997,179,900,177,97,0.04962921887636185,0.6687433362007141,1.3690096735954285,0.04188481578565414,-0.4552165721496018,1.300791098352073,134.25
41,0,820,167,859,204,1051.1309814453125,963.1541137695312,546.8471069335938,839,185,734,185,105,-0.15349120646715164,0.6718763202428818,1.3237497806549072,-0.14193655786006534,-0.413674031978644,1.2016832051442958,134.77
41,1,1068,149,1098,187,1051.1309814453125,963.1541137695312,546.8471069335938,1083,168,992,166,91,0.160432830452919,0.6791154384613037,1.4655970335006714,0.15808992471075614,-0.49974106325890005,1.3865575443972644,144.77
41,4,927,167,957,203,1051.1309814453125,963.1541137695312,546.8471069335938,942,185,841,183,101,-0.027025552466511726,0.664559417963028,1.3328502178192139,-0.025141773851823975,-0.43005716195799637,1.2492746192094166,131.44
41,6,1006,171,1039,208,1051.1309814453125,963.1541137695312,546.8471069335938,1022,189,917,188,105,0.06773564592003822,0.6746091187000275,1.3754737377166748,0.06727431159697515,-0.40910111679925515,1.2016832051442958,138.11
41,8,898,157,928,195,1051.1309814453125,963.1541137695312,546.8471069335938,913,176,815,175,98,-0.05982261896133423,0.6635831236839295,1.3493849039077759,-0.06143317183004075,-0.45424616907028825,1.2875177197974599,131.06
41,9,999,145,1030,176,1051.1309814453125,963.1541137695312,546.8471069335938,1014,160,929,160,85,0.07177767157554626,0.6706458568572998,1.5008100271224976,0.07180577094130271,-0.5463146934615479,1.4844321945900125,146.98
41,10,842,141,875,174,1051.1309814453125,963.1541137695312,546.8471069335938,858,157,774,158,84,-0.1224403977394104,0.6487095594406128,1.370457410812378,-0.1502690134474603,-0.5571055477929576,1.50210400643037,140.98
41,11,945,146,971,183,1051.1309814453125,963.1541137695312,546.8471069335938,958,164,869,164,89,-0.005266630556434393,0.6609926760196686,1.3905562162399292,-0.006951626783043803,-0.5163662118021993,1.4177161409005739,135.54
41,12,984,161,1010,194,1051.1309814453125,963.1541137695312,546.8471069335938,997,177,899,178,98,0.049057891592383385,0.6685294151306153,1.3748024106025696,0.04145741970620868,-0.453021281075809,1.2875177197974599,135.47
42,0,819,166,859,205,1051.1309814453125,963.1541137695312,546.8471069335938,839,185,734,185,105,-0.1459384486079216,0.6606571316719055,1.2734357714653015,-0.14193655786006534,-0.413674031978644,1.2016832051442958,124.91
42,2,1068,149,1098,188,1051.1309814453125,963.1541137695312,546.8471069335938,1083,168,992,166,91,0.1608508974313736,0.6783610820770264,1.4613180756568909,0.15808992471075614,-0.49974106325890005,1.3865575443972644,144.24
42,3,926,168,958,203,1051.1309814453125,963.1541137695312,546.8471069335938,942,185,842,183,100,-0.02557414211332798,0.6672965526580811,1.3183459043502808,-0.025393191590342215,-0.43435773357757623,1.2617673654015107,129.07
42,7,1006,171,1039,208,1051.1309814453125,963.1541137695312,546.8471069335938,1022,189,917,188,105,0.06405460089445114,0.6680556923151016,1.3332053422927856,0.06727431159697515,-0.40910111679925515,1.2016832051442958,132.19
42,9,898,156,928,194,1051.1309814453125,963.1541137695312,546.8471069335938,913,175,814,174,99,-0.062042806297540665,0.6628032714128494,1.3322290182113647,-0.060812634740848415,-0.45087033931663834,1.2745124903045562,129.99
42,10,947,148,974,183,1051.1309814453125,963.1541137695312,546.8471069335938,960,165,869,164,91,-0.00019109238201053813,0.6615226209163666,1.397049903869629,-0.004160623481021793,-0.5036983937026019,1.3865575443972644,135.89
42,11,1000,145,1030,176,1051.1309814453125,963.1541137695312,546.8471069335938,1015,160,928,159,87,0.060723159462213516,0.6614813297986984,1.4248999953269958,0.07153482245367458,-0.5337557349911675,1.4503073165534606,140.82
42,12,983,160,1011,193,1051.1309814453125,963.1541137695312,546.8471069335938,997,176,900,178,97,0.0495021678507328,0.6653456330299378,1.3568370938301086,0.04188481578565414,-0.4589291192668892,1.300791098352073,133.34
43,0,820,167,859,205,1051.1309814453125,963.1541137695312,546.8471069335938,839,186,734,184,105,-0.15731455385684967,0.675315061211586,1.3832554817199707,-0.14193655786006534,-0.4125308031837968,1.2016832051442958,139.27
43,1,1119,166,1149,200,1051.1309814453125,963.1541137695312,546.8471069335938,1134,183,1036,180,98,0.2630351185798645,0.7018400073051453,1.6306933760643005,0.20926707494985358,-0.4456719531089341,1.2875177197974599,163.43
43,2,926,167,958,203,1051.1309814453125,963.1541137695312,546.8471069335938,942,185,842,184,100,-0.02567801345139742,0.6690151780843735,1.3236569166183472,-0.025393191590342215,-0.43435773357757623,1.2617673654015107,129.81
43,3,1068,150,1098,188,1051.1309814453125,963.1541137695312,546.8471069335938,1083,169,992,166,91,0.1609805002808571,0.6801438271999359,1.46589195728302,0.15808992471075614,-0.4984219531109994,1.3865575443972644,144.83
43,5,1126,146,1159,178,1051.1309814453125,963.1541137695312,546.8471069335938,1142,162,1058,163,84,0.25666919350624084,0.690495902299881,1.5952020287513733,0.25557720872330136,-0.5499603678251626,1.50210400643037,162.5
43,6,1007,171,1040,209,1051.1309814453125,963.1541137695312,546.8471069335938,1023,190,916,187,107,0.06687594205141068,0.6727451622486115,1.3741909265518188,0.06713870786113411,-0.4003325069202135,1.1792218368238419,138.03
43,8,898,156,928,194,1051.1309814453125,963.1541137695312,546.8471069335938,913,175,814,175,99,-0.061860447749495506,0.6644012868404389,1.3507603406906128,-0.060812634740848415,-0.45087033931663834,1.2745124903045562,131.54
43,9,842,141,875,174,1051.1309814453125,963.1541137695312,546.8471069335938,858,157,774,157,84,-0.14095057547092438,0.6651258260011673,1.462687909603119,-0.1502690134474603,-0.5571055477929576,1.50210400643037,144.93
43,10,945,147,971,184,1051.1309814453125,963.1541137695312,546.8471069335938,958,165,869,164,89,0.0010960325598716736,0.6638114392757416,1.4004065990447998,-0.006951626783043803,-0.5150174587296267,1.4177161409005739,136.5
43,11,983,161,1011,194,1051.1309814453125,963.1541137695312,546.8471069335938,997,177,901,178,96,0.05015837028622627,0.667407774925232,1.3744492530822754,0.04232111595008803,-0.46245922443155507,1.3143410056265736,135.26
43,12,1001,145,1030,175,1051.1309814453125,963.1541137695312,546.8471069335938,1015,160,929,159,86,0.07333415746688843,0.6716312110424042,1.5095258951187134,0.07236662271476382,-0.5399621970259484,1.4671713551180356,146.65
44,0,819,167,859,205,1051.1309814453125,963.1541137695312,546.8471069335938,839,186,735,185,104,-0.15853698551654816,0.675707870721817,1.333103895187378,-0.1433013324548737,-0.4164974455221026,1.2132378513476065,137.25
44,1,1119,166,1149,201,1051.1309814453125,963.1541137695312,546.8471069335938,1134,183,1036,180,98,0.2551752179861069,0.6936794459819794,1.5967631340026855,0.20926707494985358,-0.4456719531089341,1.2875177197974599,159.43
44,3,1068,150,1098,188,1051.1309814453125,963.1541137695312,546.8471069335938,1083,169,993,166,90,0.16166503727436066,0.6782314717769623,1.4610515832901,0.15984647942976457,-0.5039599748122328,1.401963739335012,144.0
44,4,927,168,957,203,1051.1309814453125,963.1541137695312,546.8471069335938,942,185,842,183,100,-0.026576697826385498,0.6704821527004242,1.324338138103485,-0.025393191590342215,-0.43435773357757623,1.2617673654015107,130.19
44,5,1127,146,1159,179,1051.1309814453125,963.1541137695312,546.8471069335938,1143,162,1058,162,85,0.25299233198165894,0.6924191653728485,1.5974905490875244,0.2539826418378385,-0.5434902458507488,1.4844321945900125,159.55
44,6,1007,172,1040,208,1051.1309814453125,963.1541137695312,546.8471069335938,1023,190,916,188,107,0.07457886636257172,0.6783132791519165,1.3927183151245117,0.06713870786113411,-0.4003325069202135,1.1792218368238419,138.63
44,7,898,157,928,194,1051.1309814453125,963.1541137695312,546.8471069335938,913,175,815,175,98,-0.06338193267583847,0.6641549408435822,1.3407419323921204,-0.06143317183004075,-0.45547105706476737,1.2875177197974599,130.6
44,9,841,141,876,174,1051.1309814453125,963.1541137695312,546.8471069335938,858,157,774,157,84,-0.14313042163848877,0.6754958271980286,1.5416884422302246,-0.1502690134474603,-0.5571055477929576,1.50210400643037,151.13
44,10,945,146,971,182,1051.1309814453125,963.1541137695312,546.8471069335938,958,164,869,165,89,-0.00020040875824633986,0.664912486076355,1.4262083768844604,-0.006951626783043803,-0.5163662118021993,1.4177161409005739,138.84
44,11,1000,145,1029,176,1051.1309814453125,963.1541137695312,546.8471069335938,1014,160,928,160,86,0.07190153002738953,0.6712297439575196,1.500722050666809,0.07097082011640385,-0.5399621970259484,1.4671713551180356,146.4
44,12,984,161,1010,194,1051.1309814453125,963.1541137695312,546.8471069335938,997,177,901,178,96,0.04779588803648949,0.6687688171863556,1.3862167596817017,0.04232111595008803,-0.46245922443155507,1.3143410056265736,136.39
45,0,820,168,858,205,1051.1309814453125,963.1541137695312,546.8471069335938,839,186,734,185,105,-0.14883816242218018,0.6631997764110565,1.3080285787582397,-0.14193655786006534,-0.4125308031837968,1.2016832051442958,129.42
45,1,1119,166,1149,200,1051.1309814453125,963.1541137695312,546.8471069335938,1134,183,1036,180,98,0.2896401584148407,0.8104794263839722,2.0187618732452393,0.20926707494985358,-0.4456719531089341,1.2875177197974599,188.49
45,2,1067,149,1097,188,1051.1309814453125,963.1541137695312,546.8471069335938,1082,168,992,166,90,0.16267456114292145,0.6766349017620087,1.463411569595337,0.1585127125024428,-0.5052937417395545,1.401963739335012,145.11
45,3,927,167,957,203,1051.1309814453125,963.1541137695312,546.8471069335938,942,185,842,183,100,-0.026521467603743076,0.6692504227161408,1.323283612728119,-0.025393191590342215,-0.43435773357757623,1.2617673654015107,129.77
45,5,1127,145,1159,178,1051.1309814453125,963.1541137695312,546.8471069335938,1143,161,1058,163,85,0.26196008920669556,0.6999858111143112,1.6349307894706726,0.2539826418378385,-0.5449024696561483,1.4844321945900125,163.45
45,6,1006,171,1039,207,1051.1309814453125,963.1541137695312,546.8471069335938,1022,189,916,188,106,0.06532055512070656,0.6679851353168488,1.34293133020401,0.06663964828002257,-0.405241672301149,1.1903465711335006,133.13
45,8,898,156,928,194,1051.1309814453125,963.1541137695312,546.8471069335938,913,175,816,175,97,-0.06081855297088623,0.6631248831748963,1.3478108644485474,-0.0620665034983917,-0.4601666349726516,1.300791098352073,131.2
45,9,999,145,1030,176,1051.1309814453125,963.1541137695312,546.8471069335938,1014,160,929,160,85,0.06741432845592499,0.6684410214424134,1.4951255321502686,0.07180577094130271,-0.5463146934615479,1.4844321945900125,145.75
45,10,843,142,876,174,1051.1309814453125,963.1541137695312,546.8471069335938,859,158,774,158,85,-0.110022634267807,0.6476933747529984,1.3472758531570435,-0.1470889188956201,-0.5491391410723468,1.4844321945900125,131.64
45,11,945,147,971,184,1051.1309814453125,963.1541137695312,546.8471069335938,958,165,869,164,89,-0.0001996090286411345,0.6649266123771668,1.4192719459533691,-0.006951626783043803,-0.5150174587296267,1.4177161409005739,137.97
45,12,984,163,1010,196,1051.1309814453125,963.1541137695312,546.8471069335938,997,179,901,178,96,0.04693673551082611,0.6683014273643494,1.3798115849494934,0.04232111595008803,-0.4599584114428268,1.3143410056265736,135.86
46,0,819,167,858,205,1051.1309814453125,963.1541137695312,546.8471069335938,838,186,734,185,104,-0.1584036573767662,0.6750252336263657,1.336636245250702,-0.14445555383428674,-0.4164974455221026,1.2132378513476065,136.86
46,1,1068,149,1098,188,1051.1309814453125,963.1541137695312,546.8471069335938,1083,168,993,167,90,0.16283385455608368,0.6774255871772766,1.4656416177749634,0.15984647942976457,-0.5052937417395545,1.401963739335012,144.72
46,4,927,166,957,203,1051.1309814453125,963.1541137695312,546.8471069335938,942,184,842,183,100,-0.0265324292704463,0.6680078446865082,1.3226172924041748,-0.025393191590342215,-0.4355581238121658,1.2617673654015107,129.35
46,5,1007,171,1040,208,1051.1309814453125,963.1541137695312,546.8471069335938,1023,189,917,188,106,0.06743838638067245,0.6759434878826142,1.366175651550293,0.06777209189755991,-0.405241672301149,1.1903465711335006,137.22
46,8,843,141,875,174,1051.1309814453125,963.1541137695312,546.8471069335938,859,157,774,157,85,-0.12759634852409363,0.6598525434732437,1.4399819374084473,-0.1470889188956201,-0.5505513648777464,1.4844321945900125,141.82
46,9,898,156,927,194,1051.1309814453125,963.1541137695312,546.8471069335938,912,175,817,176,95,-0.06216287985444069,0.6650115787982941,1.3507420420646667,-0.0646367353979258,-0.4698543536036548,1.3281761741068534,131.99
46,10,1000,145,1029,176,1051.1309814453125,963.1541137695312,546.8471069335938,1014,160,928,160,86,0.0712444931268692,0.6692721784114838,1.4868348240852356,0.07097082011640385,-0.5399621970259484,1.4671713551180356,146.29
46,11,945,147,971,182,1051.1309814453125,963.1541137695312,546.8471069335938,958,164,869,164,89,0.00043111123522976413,0.6623800337314606,1.408458173274994,-0.006951626783043803,-0.5163662118021993,1.4177161409005739,137.08
46,12,984,161,1010,194,1051.1309814453125,963.1541137695312,546.8471069335938,997,177,901,177,96,0.047808412462472916,0.6680156230926514,1.37935209274292,0.04232111595008803,-0.46245922443155507,1.3143410056265736,135.56
47,0,820,168,858,205,1051.1309814453125,963.1541137695312,546.8471069335938,839,186,734,185,105,-0.14625020325183868,0.6621225714683533,1.2855599522590637,-0.14193655786006534,-0.4125308031837968,1.2016832051442958,126.8
47,2,927,167,957,203,1051.1309814453125,963.1541137695312,546.8471069335938,942,185,842,183,100,-0.026616286486387253,0.6684148252010346,1.3251402974128723,-0.025393191590342215,-0.43435773357757623,1.2617673654015107,129.77
47,4,1068,150,1098,190,1051.1309814453125,963.1541137695312,546.8471069335938,1083,170,992,166,91,0.16409672796726227,0.6790932059288025,1.4641988277435303,0.15808992471075614,-0.4971028429630987,1.3865575443972644,145.33
47,5,1007,172,1039,209,1051.1309814453125,963.1541137695312,546.8471069335938,1023,190,915,188,108,0.0661902166903019,0.6668717652559281,1.3078921437263489,0.0665170531587162,-0.39662572444872995,1.16830311611251,130.06
47,8,898,156,928,194,1051.1309814453125,963.1541137695312,546.8471069335938,913,175,815,175,98,-0.06389528140425682,0.6653156667947769,1.3474709391593933,-0.06143317183004075,-0.45547105706476737,1.2875177197974599,131.61
47,9,842,140,875,175,1051.1309814453125,963.1541137695312,546.8471069335938,858,157,774,157,84,-0.1110268235206604,0.6482552826404572,1.351474404335022,-0.1502690134474603,-0.5571055477929576,1.50210400643037,131.67
47,10,1000,146,1029,177,1051.1309814453125,963.1541137695312,546.8471069335938,1014,161,928,160,86,0.07238248735666275,0.6738201022148133,1.524526834487915,0.07097082011640385,-0.5385663944275885,1.4671713551180356,148.68
47,11,945,146,971,183,1051.1309814453125,963.1541137695312,546.8471069335938,958,164,869,164,89,-0.0001942739763762802,0.6636878490447998,1.4131126403808594,-0.006951626783043803,-0.5163662118021993,1.4177161409005739,137.69
47,12,984,161,1011,194,1051.1309814453125,963.1541137695312,546.8471069335938,997,177,901,178,96,0.04873787611722946,0.6687994539737702,1.3729051351547241,0.04232111595008803,-0.46245922443155507,1.3143410056265736,134.64
48,0,1067,150,1097,189,1051.1309814453125,963.1541137695312,546.8471069335938,1082,169,993,166,89,0.1622614562511444,0.6733495235443115,1.4630308151245117,0.1602937542159534,-0.5096224464393365,1.4177161409005739,144.24
48,1,820,167,858,204,1051.1309814453125,963.1541137695312,546.8471069335938,839,185,734,185,105,-0.14849123358726501,0.6609027326107025,1.279094636440277,-0.14193655786006534,-0.413674031978644,1.2016832051442958,128.65
48,4,927,168,957,203,1051.1309814453125,963.1541137695312,546.8471069335938,942,185,842,182,100,-0.026454786770045757,0.6687171399593353,1.3221611380577087,-0.025393191590342215,-0.43435773357757623,1.2617673654015107,129.46
48,7,1005,171,1038,207,1051.1309814453125,963.1541137695312,546.8471069335938,1021,189,917,188,104,0.06679864972829819,0.6695990651845932,1.3776832222938538,0.06676695859830227,-0.41303478138386346,1.2132378513476065,136.4
48,8,843,141,876,173,1051.1309814453125,963.1541137695312,546.8471069335938,859,157,774,157,85,-0.10908915847539902,0.6444973886013031,1.3356932997703552,-0.1470889188956201,-0.5505513648777464,1.4844321945900125,130.36
48,9,898,157,928,194,1051.1309814453125,963.1541137695312,546.8471069335938,913,175,815,175,98,-0.06212614104151726,0.6639327049255371,1.3483937978744507,-0.06143317183004075,-0.45547105706476737,1.2875177197974599,131.2
48,10,1000,145,1030,176,1051.1309814453125,963.1541137695312,546.8471069335938,1015,160,928,160,87,0.07152430340647697,0.6706181704998017,1.4991855025291443,0.07153482245367458,-0.5337557349911675,1.4503073165534606,146.04
48,11,945,147,971,183,1051.1309814453125,963.1541137695312,546.8471069335938,958,165,869,164,89,0.00043076137808384374,0.6643210291862488,1.418106496334076,-0.006951626783043803,-0.5150174587296267,1.4177161409005739,137.53
48,12,984,160,1010,194,1051.1309814453125,963.1541137695312,546.8471069335938,997,177,900,178,97,0.05088761821389198,0.6680327892303467,1.37697434425354,0.04188481578565414,-0.4576916035611267,1.300791098352073,135.88
49,0,819,166,859,205,1051.1309814453125,963.1541137695312,546.8471069335938,839,185,734,185,105,-0.15278741717338562,0.6690842747688294,1.310083270072937,-0.14193655786006534,-0.413674031978644,1.2016832051442958,133.39
49,1,1067,149,1098,188,1051.1309814453125,963.1541137695312,546.8471069335938,1082,168,992,166,90,0.16393060982227325,0.6774007320404053,1.4621256589889526,0.1585127125024428,-0.5052937417395545,1.401963739335012,145.13
49,4,927,166,957,203,1051.1309814453125,963.1541137695312,546.8471069335938,942,184,842,182,100,-0.02659343834966421,0.669021287560463,1.325501024723053,-0.025393191590342215,-0.4355581238121658,1.2617673654015107,129.87
49,6,897,156,929,195,1051.1309814453125,963.1541137695312,546.8471069335938,913,175,814,175,99,-0.0638415776193142,0.6652906477451325,1.3418380618095398,-0.060812634740848415,-0.45087033931663834,1.2745124903045562,131.13
49,7,1006,170,1040,208,1051.1309814453125,963.1541137695312,546.8471069335938,1023,189,915,188,108,0.06436349079012871,0.6654389441013336,1.3293959498405457,0.0665170531587162,-0.3977371968881647,1.16830311611251,131.33
49,9,841,141,875,174,1051.1309814453125,963.1541137695312,546.8471069335938,858,157,774,156,84,-0.14495444297790527,0.6737456560134888,1.531894564628601,-0.1502690134474603,-0.5571055477929576,1.50210400643037,149.98
49,10,1000,144,1030,176,1051.1309814453125,963.1541137695312,546.8471069335938,1015,160,928,160,87,0.06378232687711716,0.662119472026825,1.4602068662643433,0.07153482245367458,-0.5337557349911675,1.4503073165534606,143.86
49,11,945,147,971,185,1051.1309814453125,963.1541137695312,546.8471069335938,958,166,869,164,89,0.0011023416882380843,0.6660396099090576,1.4082562923431396,-0.006951626783043803,-0.5136687056570541,1.4177161409005739,137.52
49,12,983,161,1011,195,1051.1309814453125,963.1541137695312,546.8471069335938,997,178,901,179,96,0.051159629598259926,0.6665919810533524,1.37331622838974,0.04232111595008803,-0.46120881793719093,1.3143410056265736,135.68
50,0,820,167,858,205,1051.1309814453125,963.1541137695312,546.8471069335938,839,186,734,185,105,-0.1472766473889351,0.6595276087522507,1.2794317603111267,-0.14193655786006534,-0.4125308031837968,1.2016832051442958,127.41
50,1,1068,149,1098,188,1051.1309814453125,963.1541137695312,546.8471069335938,1083,168,992,167,91,0.1632917821407318,0.6767231166362763,1.4646326303482056,0.15808992471075614,-0.49974106325890005,1.3865575443972644,145.75
50,4,926,167,956,203,1051.1309814453125,963.1541137695312,546.8471069335938,941,185,843,183,98,-0.027993052266538143,0.6674854695796967,1.3174874782562256,-0.027136307984624276,-0.44322217711997575,1.2875177197974599,128.85
50,6,1006,171,1039,208,1051.1309814453125,963.1541137695312,546.8471069335938,1022,189,916,188,106,0.0639808177947998,0.6651032060384751,1.3271744847297668,0.06663964828002257,-0.405241672301149,1.1903465711335006,132.05
50,8,842,142,875,174,1051.1309814453125,963.1541137695312,546.8471069335938,858,158,774,157,84,-0.10783703252673149,0.6408516108989716,1.3127403855323792,-0.1502690134474603,-0.5556765117993986,1.50210400643037,127.78
50,9,898,157,928,194,1051.1309814453125,963.1541137695312,546.8471069335938,913,175,816,175,97,-0.06167500838637352,0.6620027661323548,1.3392845392227173,-0.0620665034983917,-0.4601666349726516,1.300791098352073,130.22
50,10,945,148,971,184,1051.1309814453125,963.1541137695312,546.8471069335938,958,166,869,164,89,-0.00019286673341412097,0.6644370198249817,1.4189616441726685,-0.006951626783043803,-0.5136687056570541,1.4177161409005739,137.41
50,11,1000,145,1030,176,1051.1309814453125,963.1541137695312,546.8471069335938,1015,160,928,160,87,0.06986770406365395,0.6697508931159973,1.5112622380256653,0.07153482245367458,-0.5337557349911675,1.4503073165534606,146.55
50,12,983,161,1010,193,1051.1309814453125,963.1541137695312,546.8471069335938,996,177,900,178,96,0.04973014071583748,0.6657245695590973,1.3637973070144653,0.041070709455723886,-0.46245922443155507,1.3143410056265736,134.32
51,0,820,167,859,205,1051.1309814453125,963.1541137695312,546.8471069335938,839,186,734,184,105,-0.15166914463043213,0.6702732235193253,1.343664526939392,-0.14193655786006534,-0.4125308031837968,1.2016832051442958,134.59
51,1,1068,149,1098,188,1051.1309814453125,963.1541137695312,546.8471069335938,1083,168,993,167,90,0.16181844472885132,0.6771859765052796,1.4655534029006958,0.15984647942976457,-0.5052937417395545,1.401963739335012,144.64
51,3,927,167,958,203,1051.1309814453125,963.1541137695312,546.8471069335938,942,185,842,183,100,-0.026781410910189152,0.66750448346138,1.320603370666504,-0.025393191590342215,-0.43435773357757623,1.2617673654015107,129.56
51,6,898,156,928,194,1051.1309814453125,963.1541137695312,546.8471069335938,913,175,816,175,97,-0.06384845823049545,0.6659021615982056,1.3481324911117554,-0.0620665034983917,-0.4601666349726516,1.300791098352073,131.92
51,7,1006,170,1039,208,1051.1309814453125,963.1541137695312,546.8471069335938,1022,189,916,188,106,0.06907729059457779,0.6790123522281647,1.383388876914978,0.06663964828002257,-0.405241672301149,1.1903465711335006,138.24
51,9,842,140,876,174,1051.1309814453125,963.1541137695312,546.8471069335938,859,157,775,158,84,-0.12948979437351227,0.6539272606372833,1.3860011100769043,-0.1488399774539013,-0.5571055477929576,1.50210400643037,139.83
51,10,1001,144,1030,175,1051.1309814453125,963.1541137695312,546.8471069335938,1015,159,928,161,87,0.06934255361557007,0.6728135883808136,1.5103323459625244,0.07153482245367458,-0.5351354938815003,1.4503073165534606,147.48
51,11,945,146,970,182,1051.1309814453125,963.1541137695312,546.8471069335938,957,164,869,164,88,0.00169985496904701,0.6622649520635605,1.3952849507331848,-0.00839470235397564,-0.5222340096635879,1.4338265515926258,136.15
51,12,984,160,1010,194,1051.1309814453125,963.1541137695312,546.8471069335938,997,177,900,177,97,0.049174077808856964,0.6702229022979737,1.3821732997894287,0.04188481578565414,-0.4576916035611267,1.300791098352073,135.85
52,0,821,167,859,205,1051.1309814453125,963.1541137695312,546.8471069335938,840,186,734,185,106,-0.15175755321979523,0.6685746848583222,1.3098187446594238,-0.13946509011177266,-0.408639003153761,1.1903465711335006,133.13
52,2,1068,149,1098,188,1051.1309814453125,963.1541137695312,546.8471069335938,1083,168,992,166,91,0.16165803372859955,0.6779668271541596,1.4646844863891602,0.15808992471075614,-0.49974106325890005,1.3865575443972644,144.94
52,4,926,167,957,203,1051.1309814453125,963.1541137695312,546.8471069335938,941,185,842,183,99,-0.03184198960661888,0.6668777704238892,1.3339916467666626,-0.026862203863567462,-0.43874518543189517,1.2745124903045562,131.33
52,6,897,155,928,193,1051.1309814453125,963.1541137695312,546.8471069335938,912,174,815,175,97,-0.05872713401913643,0.6629534900188446,1.355118751525879,-0.06330401920415414,-0.461404150678414,1.300791098352073,132.38
52,8,842,141,875,174,1051.1309814453125,963.1541137695312,546.8471069335938,858,157,774,157,84,-0.11095451936125755,0.6478328943252564,1.3506906628608704,-0.1502690134474603,-0.5571055477929576,1.50210400643037,131.84
52,9,1006,170,1039,208,1051.1309814453125,963.1541137695312,546.8471069335938,1022,189,916,188,106,0.07003702968358994,0.6713617384433747,1.3963769674301147,0.06663964828002257,-0.405241672301149,1.1903465711335006,138.71
52,10,945,147,971,183,1051.1309814453125,963.1541137695312,546.8471069335938,958,165,869,165,89,-0.0014502094127237797,0.6629334032535553,1.4086132049560547,-0.006951626783043803,-0.5150174587296267,1.4177161409005739,137.3
52,11,1001,144,1030,175,1051.1309814453125,963.1541137695312,546.8471069335938,1015,159,927,160,88,0.07329240068793297,0.67118319272995,1.5086786150932312,0.07072192674397375,-0.529054408723756,1.4338265515926258,147.61
52,12,984,159,1011,193,1051.1309814453125,963.1541137695312,546.8471069335938,997,176,901,177,96,0.04644008353352547,0.6668230831623078,1.3826532363891602,0.04232111595008803,-0.4637096309259192,1.3143410056265736,136.15
53,0,820,167,859,205,1051.1309814453125,963.1541137695312,546.8471069335938,839,186,734,184,105,-0.15421967208385468,0.674082362651825,1.3386435508728027,-0.14193655786006534,-0.4125308031837968,1.2016832051442958,135.42
53,3,927,167,957,203,1051.1309814453125,963.1541137695312,546.8471069335938,942,185,842,183,100,-0.02815435826778412,0.6686921954154968,1.3281458616256714,-0.025393191590342215,-0.43435773357757623,1.2617673654015107,130.12
53,4,1068,149,1097,188,1051.1309814453125,963.1541137695312,546.8471069335938,1082,168,992,166,90,0.16262178868055344,0.6794012129306793,1.4632301926612854,0.1585127125024428,-0.5052937417395545,1.401963739335012,144.44
53,7,898,156,928,195,1051.1309814453125,963.1541137695312,546.8471069335938,913,175,815,175,98,-0.06268058344721794,0.6668117582798004,1.350459337234497,-0.06143317183004075,-0.45547105706476737,1.2875177197974599,131.78
53,8,843,142,876,174,1051.1309814453125,963.1541137695312,546.8471069335938,859,158,774,157,85,-0.14377811551094055,0.6754869759082794,1.5422367453575134,-0.1470889188956201,-0.5491391410723468,1.4844321945900125,147.55
53,9,1006,171,1038,208,1051.1309814453125,963.1541137695312,546.8471069335938,1022,189,917,188,105,0.07095027714967728,0.6753942906856537,1.3646214008331299,0.06727431159697515,-0.40910111679925515,1.2016832051442958,137.54
53,10,1001,145,1031,175,1051.1309814453125,963.1541137695312,546.8471069335938,1016,160,928,159,88,0.07435410469770432,0.6799250036478043,1.5212507843971252,0.07208600655600735,-0.5276903289117224,1.4338265515926258,146.56
53,11,947,148,974,184,1051.1309814453125,963.1541137695312,546.8471069335938,960,166,869,165,91,0.002385629341006279,0.6643021643161774,1.383205533027649,-0.004160623481021793,-0.5023792835547013,1.3865575443972644,136.12
53,12,983,161,1010,194,1051.1309814453125,963.1541137695312,546.8471069335938,996,177,900,178,96,0.048554129898548126,0.6677874267101288,1.3663889169692993,0.041070709455723886,-0.46245922443155507,1.3143410056265736,134.57
54,0,820,168,859,205,1051.1309814453125,963.1541137695312,546.8471069335938,839,186,734,185,105,-0.1486712396144867,0.6635971903800965,1.2920827865600586,-0.14193655786006534,-0.4125308031837968,1.2016832051442958,127.88
54,1,1068,149,1098,188,1051.1309814453125,963.1541137695312,546.8471069335938,1083,168,992,167,91,0.16316084563732147,0.6781257629394531,1.4638588428497314,0.15808992471075614,-0.49974106325890005,1.3865575443972644,144.69
54,3,927,167,958,203,1051.1309814453125,963.1541137695312,546.8471069335938,942,185,842,183,100,-0.024918073788285255,0.6675809562206269,1.321038007736206,-0.025393191590342215,-0.43435773357757623,1.2617673654015107,129.51
54,6,1006,171,1039,208,1051.1309814453125,963.1541137695312,546.8471069335938,1022,189,916,188,106,0.06807337701320648,0.6716679573059082,1.3737237453460693,0.06663964828002257,-0.405241672301149,1.1903465711335006,136.8
54,9,898,156,928,194,1051.1309814453125,963.1541137695312,546.8471069335938,913,175,816,174,97,-0.06189703941345215,0.6644478380680084,1.3510167598724365,-0.0620665034983917,-0.4601666349726516,1.300791098352073,131.48
54,10,1000,145,1030,177,1051.1309814453125,963.1541137695312,546.8471069335938,1015,161,928,160,87,0.07052646204829216,0.667382100224495,1.4762594103813171,0.07153482245367458,-0.5323759761008346,1.4503073165534606,144.17
54,11,947,148,974,183,1051.1309814453125,963.1541137695312,546.8471069335938,960,165,869,164,91,0.0023752255365252495,0.6626316547393799,1.4038580656051636,-0.004160623481021793,-0.5036983937026019,1.3865575443972644,136.69
54,12,984,161,1010,195,1051.1309814453125,963.1541137695312,546.8471069335938,997,178,901,178,96,0.04892664961516857,0.6699479907751084,1.375052273273468,0.04232111595008803,-0.46120881793719093,1.3143410056265736,135.41
55,0,1068,149,1097,188,1051.1309814453125,963.1541137695312,546.8471069335938,1082,168,992,167,90,0.1591241955757141,0.6742924988269806,1.4653176069259644,0.1585127125024428,-0.5052937417395545,1.401963739335012,144.49
55,1,820,167,859,204,1051.1309814453125,963.1541137695312,546.8471069335938,839,185,734,185,105,-0.1519620716571808,0.6712026536464691,1.3211474418640137,-0.14193655786006534,-0.413674031978644,1.2016832051442958,135.13
55,3,927,168,957,203,1051.1309814453125,963.1541137695312,546.8471069335938,942,185,842,183,100,-0.027119838632643223,0.6701778113842011,1.3324912786483765,-0.025393191590342215,-0.43435773357757623,1.2617673654015107,130.69
55,6,898,157,928,194,1051.1309814453125,963.1541137695312,546.8471069335938,913,175,815,175,98,-0.06344767659902573,0.6658809125423432,1.3535627126693726,-0.06143317183004075,-0.45547105706476737,1.2875177197974599,132.27
55,7,1007,172,1039,208,1051.1309814453125,963.1541137695312,546.8471069335938,1023,190,916,188,107,0.06485222280025482,0.665246331691742,1.3080796003341675,0.06713870786113411,-0.4003325069202135,1.1792218368238419,129.26
55,9,842,140,875,173,1051.1309814453125,963.1541137695312,546.8471069335938,858,156,774,157,84,-0.1384073868393898,0.6695860713720322,1.4958280324935913,-0.1502690134474603,-0.5585345837865167,1.50210400643037,143.92
55,10,945,147,971,184,1051.1309814453125,963.1541137695312,546.8471069335938,958,165,869,164,89,0.001101647736504674,0.6660240381956101,1.3937215209007263,-0.006951626783043803,-0.5150174587296267,1.4177161409005739,137.31
55,11,1001,145,1030,176,1051.1309814453125,963.1541137695312,546.8471069335938,1015,160,928,161,87,0.058383580297231674,0.6594432681798935,1.4010197520256042,0.07153482245367458,-0.5337557349911675,1.4503073165534606,137.15
55,12,984,161,1010,194,1051.1309814453125,963.1541137695312,546.8471069335938,997,177,901,177,96,0.04985739104449749,0.6664352506399155,1.3680810928344727,0.04232111595008803,-0.46245922443155507,1.3143410056265736,134.37
56,0,1068,149,1098,188,1051.1309814453125,963.1541137695312,546.8471069335938,1083,168,993,167,90,0.16048632562160492,0.6794169634580612,1.4627097249031067,0.15984647942976457,-0.5052937417395545,1.401963739335012,144.55
56,1,819,167,859,205,1051.1309814453125,963.1541137695312,546.8471069335938,839,186,734,185,105,-0.1520247757434845,0.6665759027004242,1.304636001586914,-0.14193655786006534,-0.4125308031837968,1.2016832051442958,131.1
56,4,927,167,958,203,1051.1309814453125,963.1541137695312,546.8471069335938,942,185,842,183,100,-0.024818403646349907,0.6691110670566559,1.3248299360275269,-0.025393191590342215,-0.43435773357757623,1.2617673654015107,129.98
56,6,1007,171,1039,208,1051.1309814453125,963.1541137695312,546.8471069335938,1023,189,916,188,107,0.06639440357685089,0.6773250341415405,1.3683940172195435,0.06713870786113411,-0.40145436695254016,1.1792218368238419,136.93
56,7,898,156,928,194,1051.1309814453125,963.1541137695312,546.8471069335938,913,175,816,175,97,-0.06178578548133373,0.663730451464653,1.3462707996368408,-0.0620665034983917,-0.4601666349726516,1.300791098352073,131.01
56,8,842,141,876,174,1051.1309814453125,963.1541137695312,546.8471069335938,859,157,774,157,85,-0.13792698085308075,0.6689739167690277,1.548862338066101,-0.1470889188956201,-0.5505513648777464,1.4844321945900125,147.34
56,10,945,146,971,182,1051.1309814453125,963.1541137695312,546.8471069335938,958,164,869,164,89,0.0004331880481913686,0.6643943727016449,1.4206514358520508,-0.006951626783043803,-0.5163662118021993,1.4177161409005739,138.1
56,11,1000,145,1031,176,1051.1309814453125,963.1541137695312,546.8471069335938,1015,160,928,161,87,0.07201877981424332,0.671075576543808,1.5059959292411804,0.07153482245367458,-0.5337557349911675,1.4503073165534606,148.52
56,12,984,160,1011,193,1051.1309814453125,963.1541137695312,546.8471069335938,997,176,900,178,97,0.05099448189139366,0.6688902020454407,1.3759170770645142,0.04188481578565414,-0.4589291192668892,1.300791098352073,135.71
57,0,820,166,858,205,1051.1309814453125,963.1541137695312,546.8471069335938,839,185,734,185,105,-0.15032079815864563,0.6624687254428864,1.271261215209961,-0.14193655786006534,-0.413674031978644,1.2016832051442958,129.47
57,3,1068,149,1098,188,1051.1309814453125,963.1541137695312,546.8471069335938,1083,168,992,166,91,0.163734070956707,0.6768005877733231,1.46486496925354,0.15808992471075614,-0.49974106325890005,1.3865575443972644,145.85
57,4,927,167,957,203,1051.1309814453125,963.1541137695312,546.8471069335938,942,185,842,183,100,-0.0316583551466465,0.665600711107254,1.3199379444122314,-0.025393191590342215,-0.43435773357757623,1.2617673654015107,130.01
57,6,897,157,928,195,1051.1309814453125,963.1541137695312,546.8471069335938,912,176,816,175,96,-0.061160556972026825,0.6609679400920868,1.3316142559051514,-0.06396343607086408,-0.4637096309259192,1.3143410056265736,129.71
57,8,1005,170,1038,208,1051.1309814453125,963.1541137695312,546.8471069335938,1021,189,916,188,105,0.06490670517086983,0.6672713100910187,1.336091160774231,0.06613108280212794,-0.40910111679925515,1.2016832051442958,133.48
57,9,841,141,876,173,1051.1309814453125,963.1541137695312,546.8471069335938,858,157,774,157,84,-0.18258024752140045,0.6888781279325485,1.6458041667938232,-0.1502690134474603,-0.5571055477929576,1.50210400643037,152.4
57,10,945,146,971,183,1051.1309814453125,963.1541137695312,546.8471069335938,958,164,869,164,89,0.0004349419177742675,0.6632472962141037,1.4126849174499512,-0.006951626783043803,-0.5163662118021993,1.4177161409005739,137.36
57,11,1001,145,1031,176,1051.1309814453125,963.1541137695312,546.8471069335938,1016,160,928,160,88,0.06857270747423172,0.670281583070755,1.5106918215751648,0.07208600655600735,-0.5276903289117224,1.4338265515926258,146.84
57,12,984,161,1010,194,1051.1309814453125,963.1541137695312,546.8471069335938,997,177,900,178,97,0.04770198091864586,0.6670552134513855,1.3773546814918518,0.04188481578565414,-0.4576916035611267,1.300791098352073,135.66
58,0,820,167,858,205,1051.1309814453125,963.1541137695312,546.8471069335938,839,186,734,185,105,-0.14866305887699127,0.6629223018884659,1.2936405539512634,-0.14193655786006534,-0.4125308031837968,1.2016832051442958,129.54
58,1,1068,150,1097,188,1051.1309814453125,963.1541137695312,546.8471069335938,1082,169,992,166,90,0.16096318513154984,0.6799401581287384,1.4666367173194885,0.1585127125024428,-0.5039599748122328,1.401963739335012,144.95
58,4,927,168,957,203,1051.1309814453125,963.1541137695312,546.8471069335938,942,185,842,183,100,-0.02640032023191452,0.6678276002407074,1.3191021084785461,-0.025393191590342215,-0.43435773357757623,1.2617673654015107,129.1
58,7,1007,172,1039,208,1051.1309814453125,963.1541137695312,546.8471069335938,1023,190,916,188,107,0.0761016346514225,0.6880247831344605,1.4386184811592102,0.06713870786113411,-0.4003325069202135,1.1792218368238419,143.08
58,8,898,156,928,194,1051.1309814453125,963.1541137695312,546.8471069335938,913,175,815,175,98,-0.06206602603197098,0.6633351683616638,1.3445652723312378,-0.06143317183004075,-0.45547105706476737,1.2875177197974599,130.79
58,9,843,141,875,174,1051.1309814453125,963.1541137695312,546.8471069335938,859,157,774,157,85,-0.10917885228991508,0.6438694536685944,1.328938603401184,-0.1470889188956201,-0.5505513648777464,1.4844321945900125,129.52
58,10,945,147,971,183,1051.1309814453125,963.1541137695312,546.8471069335938,958,165,869,164,89,0.0004313995232223533,0.6632134854793549,1.4106034636497498,-0.006951626783043803,-0.5150174587296267,1.4177161409005739,137.11
58,11,1001,144,1030,176,1051.1309814453125,963.1541137695312,546.8471069335938,1015,160,928,160,87,0.07257233560085297,0.6734251320362091,1.5135908722877502,0.07153482245367458,-0.5337557349911675,1.4503073165534606,148.31
58,12,984,161,1011,193,1051.1309814453125,963.1541137695312,546.8471069335938,997,177,901,178,96,0.052987948060035706,0.6741332650184632,1.4209798574447632,0.04232111595008803,-0.46245922443155507,1.3143410056265736,139.26
59,0,820,167,858,205,1051.1309814453125,963.1541137695312,546.8471069335938,839,186,734,185,105,-0.15124298632144928,0.6662727534770966,1.3010841012001038,-0.14193655786006534,-0.4125308031837968,1.2016832051442958,132.52
59,1,1068,150,1098,188,1051.1309814453125,963.1541137695312,546.8471069335938,1083,169,992,166,91,0.15907185524702072,0.6791908532381058,1.464602768421173,0.15808992471075614,-0.4984219531109994,1.3865575443972644,144.75
59,3,1119,166,1149,200,1051.1309814453125,963.1541137695312,546.8471069335938,1134,183,1036,180,98,0.2547449469566345,0.6998782396316529,1.585192084312439,0.20926707494985358,-0.4456719531089341,1.2875177197974599,158.34
59,4,927,166,957,203,1051.1309814453125,963.1541137695312,546.8471069335938,942,184,842,183,100,-0.02805095724761486,0.6675664275884629,1.321517288684845,-0.025393191590342215,-0.4355581238121658,1.2617673654015107,129.4
59,5,898,156,928,194,1051.1309814453125,963.1541137695312,546.8471069335938,913,175,815,175,98,-0.06345591321587563,0.6641464322805405,1.3415203094482422,-0.06143317183004075,-0.45547105706476737,1.2875177197974599,130.72
59,6,1126,146,1159,180,1051.1309814453125,963.1541137695312,546.8471069335938,1142,163,1058,162,84,0.2547449469566345,0.6986236214637757,1.5859163999557495,0.25557720872330136,-0.5485313318316035,1.50210400643037,158.4
59,8,1006,170,1039,208,1051.1309814453125,963.1541137695312,546.8471069335938,1022,189,916,188,106,0.06578347086906433,0.6653051316738129,1.3524922132492065,0.06663964828002257,-0.405241672301149,1.1903465711335006,134.88
59,9,843,139,875,174,1051.1309814453125,963.1541137695312,546.8471069335938,859,156,774,157,85,-0.1099851094186306,0.6457710653543473,1.3387768268585205,-0.1470889188956201,-0.5519635886831459,1.4844321945900125,130.59
59,10,999,145,1030,176,1051.1309814453125,963.1541137695312,546.8471069335938,1014,160,929,159,85,0.07226929813623428,0.6702977359294892,1.508065104484558,0.07180577094130271,-0.5463146934615479,1.4844321945900125,146.54
59,11,945,145,971,183,1051.1309814453125,963.1541137695312,546.8471069335938,958,164,869,164,89,0.0023314934223890305,0.6636923789978028,1.4026076793670654,-0.006951626783043803,-0.5163662118021993,1.4177161409005739,136.83
59,12,983,161,1010,194,1051.1309814453125,963.1541137695312,546.8471069335938,996,177,900,178,96,0.04914114996790886,0.6651715576648712,1.3660902976989746,0.041070709455723886,-0.46245922443155507,1.3143410056265736,134.5
60,1,820,167,858,204,1051.1309814453125,963.1541137695312,546.8471069335938,839,185,734,185,105,-0.149943009018898,0.6626529186964035,1.3101471066474915,-0.14193655786006534,-0.413674031978644,1.2016832051442958,130.59
60,2,1068,150,1098,189,1051.1309814453125,963.1541137695312,546.8471069335938,1083,169,992,166,91,0.16052229702472687,0.6794153094291687,1.466338872909546,0.15808992471075614,-0.4984219531109994,1.3865575443972644,145.13
60,4,927,166,957,203,1051.1309814453125,963.1541137695312,546.8471069335938,942,184,842,184,100,-0.02674285788089037,0.6698655873537064,1.3316423892974854,-0.025393191590342215,-0.4355581238121658,1.2617673654015107,130.45
60,5,1007,170,1040,209,1051.1309814453125,963.1541137695312,546.8471069335938,1023,189,916,188,107,0.06653054431080818,0.6691180408000946,1.3584264516830444,0.06713870786113411,-0.40145436695254016,1.1792218368238419,136.31
60,7,897,156,928,195,1051.1309814453125,963.1541137695312,546.8471069335938,912,175,815,175,97,-0.06460996717214584,0.6660129964351654,1.3491746187210083,-0.06330401920415414,-0.4601666349726516,1.300791098352073,131.82
60,8,842,141,875,174,1051.1309814453125,963.1541137695312,546.8471069335938,858,157,774,158,84,-0.14109393954277039,0.6539626955986023,1.3946770429611206,-0.1502690134474603,-0.5571055477929576,1.50210400643037,141.25
60,10,1001,145,1030,176,1051.1309814453125,963.1541137695312,546.8471069335938,1015,160,928,160,87,0.0730295479297638,0.6704354822635651,1.5031612515449524,0.07153482245367458,-0.5337557349911675,1.4503073165534606,146.97
60,11,945,146,971,183,1051.1309814453125,963.1541137695312,546.8471069335938,958,164,869,164,89,0.0004348905713413842,0.6623819559812546,1.4028306603431702,-0.006951626783043803,-0.5163662118021993,1.4177161409005739,136.67
60,12,984,161,1011,195,1051.1309814453125,963.1541137695312,546.8471069335938,997,178,901,179,96,0.049755316227674484,0.6681812942028046,1.365639328956604,0.04232111595008803,-0.46120881793719093,1.3143410056265736,134.41
61,1,820,167,859,205,1051.1309814453125,963.1541137695312,546.8471069335938,839,186,734,185,105,-0.14787359535694122,0.6626516073942185,1.2801499366760254,-0.14193655786006534,-0.4125308031837968,1.2016832051442958,128.66
61,2,927,166,957,203,1051.1309814453125,963.1541137695312,546.8471069335938,942,184,842,183,100,-0.025568753480911255,0.6665458768606186,1.3167943954467773,-0.025393191590342215,-0.4355581238121658,1.2617673654015107,129.15
61,4,1068,152,1097,190,1051.1309814453125,963.1541137695312,546.8471069335938,1082,171,993,167,89,0.16144081950187683,0.68082275390625,1.465022623538971,0.1602937542159534,-0.5069249402941913,1.4177161409005739,144.76
61,5,1007,171,1040,209,1051.1309814453125,963.1541137695312,546.8471069335938,1023,190,915,188,108,0.06651106104254723,0.6664700746536255,1.3349642157554626,0.0665170531587162,-0.39662572444872995,1.16830311611251,133.65
61,8,897,156,928,194,1051.1309814453125,963.1541137695312,546.8471069335938,912,175,814,175,98,-0.05977780744433403,0.6613269686698914,1.3489067554473877,-0.06265805982451991,-0.45547105706476737,1.2875177197974599,130.75
61,9,843,140,876,174,1051.1309814453125,963.1541137695312,546.8471069335938,859,157,774,157,85,-0.1325952112674713,0.6596185505390167,1.4312835931777954,-0.1470889188956201,-0.5505513648777464,1.4844321945900125,138.8
61,10,984,161,1010,193,1051.1309814453125,963.1541137695312,546.8471069335938,997,177,901,177,96,0.04726501554250717,0.6659291923046112,1.3675510883331299,0.04232111595008803,-0.46245922443155507,1.3143410056265736,134.5
61,11,1001,145,1029,175,1051.1309814453125,963.1541137695312,546.8471069335938,1015,160,929,160,86,0.07079068571329117,0.6678837180137634,1.495898962020874,0.07236662271476382,-0.5399621970259484,1.4671713551180356,145.15
61,12,948,149,974,183,1051.1309814453125,963.1541137695312,546.8471069335938,961,166,869,164,92,0.0010549387661740184,0.6619304656982422,1.4029521942138672,-0.0028106273186307117,-0.49691863916823725,1.3714862667407726,136.31
62,0,820,168,858,205,1051.1309814453125,963.1541137695312,546.8471069335938,839,186,734,185,105,-0.15052177011966705,0.6634843289852143,1.29667729139328,-0.14193655786006534,-0.4125308031837968,1.2016832051442958,129.96
62,2,927,167,957,203,1051.1309814453125,963.1541137695312,546.8471069335938,942,185,842,183,100,-0.02665095403790474,0.669243136048317,1.328292429447174,-0.025393191590342215,-0.43435773357757623,1.2617673654015107,130.01
62,3,1068,149,1098,188,1051.1309814453125,963.1541137695312,546.8471069335938,1083,168,992,167,91,0.16031494736671448,0.679752254486084,1.4655277729034424,0.15808992471075614,-0.49974106325890005,1.3865575443972644,144.76
62,6,842,142,875,174,1051.1309814453125,963.1541137695312,546.8471069335938,858,158,774,157,84,-0.10990719124674797,0.6455290853977204,1.3379412293434143,-0.1502690134474603,-0.5556765117993986,1.50210400643037,130.5
62,8,1007,171,1039,208,1051.1309814453125,963.1541137695312,546.8471069335938,1023,189,917,188,106,0.06619858741760254,0.6681349217891693,1.349165439605713,0.06777209189755991,-0.405241672301149,1.1903465711335006,134.73
62,9,898,157,927,194,1051.1309814453125,963.1541137695312,546.8471069335938,912,175,815,175,97,-0.06337788701057434,0.6634046375751496,1.3495382070541382,-0.06330401920415414,-0.4601666349726516,1.300791098352073,131.39
62,10,1001,145,1030,176,1051.1309814453125,963.1541137695312,546.8471069335938,1015,160,928,161,87,0.07098915055394173,0.6686543464660645,1.4940687417984009,0.07153482245367458,-0.5337557349911675,1.4503073165534606,146.42
62,11,984,161,1011,194,1051.1309814453125,963.1541137695312,546.8471069335938,997,177,900,177,97,0.049891797825694084,0.6681007236242295,1.3696433901786804,0.04188481578565414,-0.4576916035611267,1.300791098352073,135.12
62,12,945,146,971,181,1051.1309814453125,963.1541137695312,546.8471069335938,958,163,869,165,89,0.0004331885284045711,0.6623230963945389,1.408334493637085,-0.006951626783043803,-0.5177149648747719,1.4177161409005739,137.38
63,0,819,167,858,205,1051.1309814453125,963.1541137695312,546.8471069335938,838,186,734,185,104,-0.15331289172172546,0.6659713327884674,1.298512578010559,-0.14445555383428674,-0.4164974455221026,1.2132378513476065,133.76
63,2,1068,149,1098,188,1051.1309814453125,963.1541137695312,546.8471069335938,1083,168,992,166,91,0.16184967756271362,0.68045654296875,1.468002438545227,0.15808992471075614,-0.49974106325890005,1.3865575443972644,145.0
63,4,926,168,958,203,1051.1309814453125,963.1541137695312,546.8471069335938,942,185,842,183,100,-0.025563284754753113,0.6670039534568787,1.3184990882873535,-0.025393191590342215,-0.43435773357757623,1.2617673654015107,129.16
63,7,843,142,876,174,1051.1309814453125,963.1541137695312,546.8471069335938,859,158,774,157,85,-0.10964163020253181,0.6467795610427857,1.3429483771324158,-0.1470889188956201,-0.5491391410723468,1.4844321945900125,131.11
63,8,1006,170,1038,207,1051.1309814453125,963.1541137695312,546.8471069335938,1022,188,916,188,106,0.07435900717973709,0.6845132052898407,1.4291070699691772,0.06663964828002257,-0.40637411591868633,1.1903465711335006,141.54
63,9,898,156,928,193,1051.1309814453125,963.1541137695312,546.8471069335938,913,174,816,175,97,-0.06204984709620476,0.6630639672279358,1.3480607271194458,-0.0620665034983917,-0.461404150678414,1.300791098352073,131.09
63,10,1001,144,1030,176,1051.1309814453125,963.1541137695312,546.8471069335938,1015,160,929,160,86,0.071162149310112,0.6702501714229584,1.495222270488739,0.07236662271476382,-0.5399621970259484,1.4671713551180356,146.36
63,11,984,161,1010,194,1051.1309814453125,963.1541137695312,546.8471069335938,997,177,900,177,97,0.05069331079721451,0.671537184715271,1.3868528604507446,0.04188481578565414,-0.4576916035611267,1.300791098352073,136.86
63,12,945,147,971,183,1051.1309814453125,963.1541137695312,546.8471069335938,958,165,869,165,89,0.0004304995236452669,0.6620228379964829,1.4033397436141968,-0.006951626783043803,-0.5150174587296267,1.4177161409005739,136.64
64,0,1068,148,1098,188,1051.1309814453125,963.1541137695312,546.8471069335938,1083,168,992,166,91,0.16403089463710785,0.6778600156307221,1.4616281986236572,0.15808992471075614,-0.49974106325890005,1.3865575443972644,144.25
64,1,820,167,859,205,1051.1309814453125,963.1541137695312,546.8471069335938,839,186,734,185,105,-0.1527182012796402,0.6668195962905884,1.3067705631256104,-0.14193655786006534,-0.4125308031837968,1.2016832051442958,133.04
64,4,926,166,957,203,1051.1309814453125,963.1541137695312,546.8471069335938,941,184,842,183,99,-0.026677736081182957,0.6662699818611145,1.3137323260307312,-0.026862203863567462,-0.4399577008203695,1.2745124903045562,128.45
64,5,1006,170,1039,208,1051.1309814453125,963.1541137695312,546.8471069335938,1022,189,917,188,105,0.06397294253110886,0.6649218142032624,1.3094719648361206,0.06727431159697515,-0.40910111679925515,1.2016832051442958,130.72
64,8,897,155,927,194,1051.1309814453125,963.1541137695312,546.8471069335938,912,174,815,175,97,-0.06494839861989021,0.664564722776413,1.3437160849571228,-0.06330401920415414,-0.461404150678414,1.300791098352073,130.84
64,9,999,144,1028,176,1051.1309814453125,963.1541137695312,546.8471069335938,1013,160,929,160,84,0.0666998103260994,0.6689310312271118,1.4875826835632324,0.07123156555418778,-0.5528184398122806,1.50210400643037,144.93
64,10,842,141,875,174,1051.1309814453125,963.1541137695312,546.8471069335938,858,157,774,157,84,-0.11099174618721008,0.6478142529726029,1.3512173891067505,-0.1502690134474603,-0.5571055477929576,1.50210400643037,131.87
64,11,948,148,974,183,1051.1309814453125,963.1541137695312,546.8471069335938,961,165,869,165,92,0.0016925696982070804,0.6614271640777588,1.4002445340156555,-0.0028106273186307117,-0.4982234111623563,1.3714862667407726,135.79
64,12,983,161,1010,194,1051.1309814453125,963.1541137695312,546.8471069335938,996,177,900,179,96,0.04832543432712555,0.6673822343349457,1.358694314956665,0.041070709455723886,-0.46245922443155507,1.3143410056265736,133.42
65,0,820,166,859,205,1051.1309814453125,963.1541137695312,546.8471069335938,839,185,734,185,105,-0.14976554363965988,0.6633907645940781,1.2736411690711975,-0.14193655786006534,-0.413674031978644,1.2016832051442958,130.23
65,1,1068,149,1098,188,1051.1309814453125,963.1541137695312,546.8471069335938,1083,168,993,166,90,0.16252923011779785,0.6793634831905365,1.4632196426391602,0.15984647942976457,-0.5052937417395545,1.401963739335012,144.8
65,2,1119,166,1149,201,1051.1309814453125,963.1541137695312,546.8471069335938,1134,183,1037,180,97,0.2756630778312683,0.7114567399024964,1.6971721649169922,0.21142446747510982,-0.450266509326552,1.300791098352073,170.14
65,4,927,167,957,203,1051.1309814453125,963.1541137695312,546.8471069335938,942,185,842,183,100,-0.02627095766365528,0.6673106640577317,1.3159577250480652,-0.025393191590342215,-0.43435773357757623,1.2617673654015107,128.79
65,5,1127,147,1159,179,1051.1309814453125,963.1541137695312,546.8471069335938,1143,163,1058,163,85,0.2741890102624893,0.7108019828796387,1.6928026676177979,0.2539826418378385,-0.5420780220453493,1.4844321945900125,169.62
65,7,1007,172,1039,209,1051.1309814453125,963.1541137695312,546.8471069335938,1023,190,916,188,107,0.06974171102046967,0.6758506983518601,1.388956606388092,0.06713870786113411,-0.4003325069202135,1.1792218368238419,139.33
65,8,842,141,875,174,1051.1309814453125,963.1541137695312,546.8471069335938,858,157,774,157,84,-0.1379123479127884,0.6734602391719818,1.5296016931533813,-0.1502690134474603,-0.5571055477929576,1.50210400643037,145.77
65,9,898,157,928,194,1051.1309814453125,963.1541137695312,546.8471069335938,913,175,814,175,99,-0.0616189893335104,0.6635031044483185,1.3484305143356323,-0.060812634740848415,-0.45087033931663834,1.2745124903045562,131.0
65,10,945,147,971,183,1051.1309814453125,963.1541137695312,546.8471069335938,958,165,869,164,89,0.00043161438952665776,0.663377457857132,1.4113828539848328,-0.006951626783043803,-0.5150174587296267,1.4177161409005739,137.24
65,11,1001,145,1030,176,1051.1309814453125,963.1541137695312,546.8471069335938,1015,160,928,160,87,0.07129709795117378,0.6701522707939148,1.4921618700027466,0.07153482245367458,-0.5337557349911675,1.4503073165534606,146.96
65,12,985,161,1012,195,1051.1309814453125,963.1541137695312,546.8471069335938,998,178,900,178,98,0.04936904273927212,0.6693557292222977,1.386097013950348,0.042682307700687844,-0.45179639308132985,1.2875177197974599,136.71
66,0,820,167,859,205,1051.1309814453125,963.1541137695312,546.8471069335938,839,186,734,185,105,-0.14767470955848694,0.6627068161964417,1.2798773050308228,-0.14193655786006534,-0.4125308031837968,1.2016832051442958,128.33
66,1,1067,149,1098,188,1051.1309814453125,963.1541137695312,546.8471069335938,1082,168,992,167,90,0.16407635807991028,0.6779243141412735,1.4641259908676147,0.1585127125024428,-0.5052937417395545,1.401963739335012,145.35
66,2,1119,166,1149,201,1051.1309814453125,963.1541137695312,546.8471069335938,1134,183,1036,181,98,0.2614051401615143,0.6954521477222443,1.609151005744934,0.20926707494985358,-0.4456719531089341,1.2875177197974599,160.88
66,3,926,167,958,203,1051.1309814453125,963.1541137695312,546.8471069335938,942,185,842,183,100,-0.02589099481701851,0.6708512544631958,1.3304578065872192,-0.025393191590342215,-0.43435773357757623,1.2617673654015107,130.88
66,5,1006,171,1040,208,1051.1309814453125,963.1541137695312,546.8471069335938,1023,189,916,188,107,0.07293859124183655,0.6830820232629776,1.414303719997406,0.06713870786113411,-0.40145436695254016,1.1792218368238419,141.27
66,7,1126,146,1158,180,1051.1309814453125,963.1541137695312,546.8471069335938,1142,163,1058,164,84,0.2598848044872284,0.6952900677919388,1.6080220937728882,0.25557720872330136,-0.5485313318316035,1.50210400643037,160.61
66,9,897,155,928,194,1051.1309814453125,963.1541137695312,546.8471069335938,912,174,815,175,97,-0.06447353959083557,0.6629928290843964,1.3340431451797485,-0.06330401920415414,-0.461404150678414,1.300791098352073,130.28
66,10,1000,145,1031,177,1051.1309814453125,963.1541137695312,546.8471069335938,1015,161,928,160,87,0.07169151678681374,0.6720398157835007,1.5081524848937988,0.07153482245367458,-0.5323759761008346,1.4503073165534606,147.97
66,11,945,146,971,183,1051.1309814453125,963.1541137695312,546.8471069335938,958,164,869,164,89,0.0004396486692712642,0.6655207961797714,1.4244728088378906,-0.006951626783043803,-0.5163662118021993,1.4177161409005739,138.67
66,12,984,160,1010,194,1051.1309814453125,963.1541137695312,546.8471069335938,997,177,900,178,97,0.05103707313537598,0.6742723226547241,1.4008426666259766,0.04188481578565414,-0.4576916035611267,1.300791098352073,138.09
67,0,821,167,858,205,1051.1309814453125,963.1541137695312,546.8471069335938,839,186,734,185,105,-0.14614664763212204,0.6611075639724732,1.272652804851532,-0.14193655786006534,-0.4125308031837968,1.2016832051442958,125.87
67,1,927,167,957,203,1051.1309814453125,963.1541137695312,546.8471069335938,942,185,842,183,100,-0.026402774266898632,0.6673949748277664,1.3196626901626587,-0.025393191590342215,-0.43435773357757623,1.2617673654015107,129.01
67,2,1119,166,1149,201,1051.1309814453125,963.1541137695312,546.8471069335938,1134,183,1036,180,98,0.26183202862739563,0.6998391687870026,1.6341317892074585,0.20926707494985358,-0.4456719531089341,1.2875177197974599,163.37
67,4,1068,151,1097,190,1051.1309814453125,963.1541137695312,546.8471069335938,1082,170,992,167,90,0.1605866327881813,0.6804957330226898,1.4632545113563538,0.1585127125024428,-0.5026262078849111,1.401963739335012,144.52
67,5,1127,147,1159,181,1051.1309814453125,963.1541137695312,546.8471069335938,1143,164,1058,163,85,0.2603430449962616,0.6991944253444672,1.634503960609436,0.2539826418378385,-0.5406657982399499,1.4844321945900125,163.48
67,6,1006,171,1039,209,1051.1309814453125,963.1541137695312,546.8471069335938,1022,190,917,187,105,0.07125433534383774,0.675750994682312,1.3736470937728882,0.06727431159697515,-0.4079578880044079,1.2016832051442958,136.6
67,7,897,157,928,195,1051.1309814453125,963.1541137695312,546.8471069335938,912,176,815,174,97,-0.062315305694937706,0.6639865875244141,1.3427959084510803,-0.06330401920415414,-0.4589291192668892,1.300791098352073,130.91
67,9,843,141,876,173,1051.1309814453125,963.1541137695312,546.8471069335938,859,157,774,157,85,-0.10885799303650856,0.6441452592611313,1.3337695598602295,-0.1470889188956201,-0.5505513648777464,1.4844321945900125,130.07
67,10,1000,145,1030,175,1051.1309814453125,963.1541137695312,546.8471069335938,1015,160,927,159,88,0.0687507688999176,0.665946090221405,1.471724510192871,0.07072192674397375,-0.5276903289117224,1.4338265515926258,144.49
67,11,948,149,974,183,1051.1309814453125,963.1541137695312,546.8471069335938,961,166,869,164,92,0.003671143320389092,0.6617730349302292,1.39572674036026,-0.0028106273186307117,-0.49691863916823725,1.3714862667407726,135.95
67,12,983,160,1010,194,1051.1309814453125,963.1541137695312,546.8471069335938,996,177,900,177,96,0.049738308414816856,0.6676795423030853,1.3658871054649353,0.041070709455723886,-0.46245922443155507,1.3143410056265736,134.37
68,0,1068,149,1098,188,1051.1309814453125,963.1541137695312,546.8471069335938,1083,168,992,166,91,0.16155924648046494,0.67923883497715,1.4646672010421753,0.15808992471075614,-0.49974106325890005,1.3865575443972644,144.64
68,2,820,167,859,204,1051.1309814453125,963.1541137695312,546.8471069335938,839,185,734,185,105,-0.14855287969112396,0.6633654773235321,1.2829774618148804,-0.14193655786006534,-0.413674031978644,1.2016832051442958,127.52
68,3,927,167,958,203,1051.1309814453125,963.1541137695312,546.8471069335938,942,185,842,182,100,-0.02565248589962721,0.668869623541832,1.3249595761299133,-0.025393191590342215,-0.43435773357757623,1.2617673654015107,129.91
68,6,898,156,928,194,1051.1309814453125,963.1541137695312,546.8471069335938,913,175,814,174,99,-0.06409191712737083,0.6652484774589539,1.3476303219795227,-0.060812634740848415,-0.45087033931663834,1.2745124903045562,131.51
68,8,1006,171,1039,208,1051.1309814453125,963.1541137695312,546.8471069335938,1022,189,916,188,106,0.06825679168105125,0.6768179327249527,1.3869019150733948,0.06663964828002257,-0.405241672301149,1.1903465711335006,137.72
68,9,842,140,875,174,1051.1309814453125,963.1541137695312,546.8471069335938,858,157,774,157,84,-0.11108627542853355,0.6482278347015381,1.352294683456421,-0.1502690134474603,-0.5571055477929576,1.50210400643037,132.01
68,10,1000,145,1031,176,1051.1309814453125,963.1541137695312,546.8471069335938,1015,160,928,160,87,0.07241171598434448,0.6699347138404846,1.4936330318450928,0.07153482245367458,-0.5337557349911675,1.4503073165534606,146.92
68,11,945,146,971,181,1051.1309814453125,963.1541137695312,546.8471069335938,958,163,869,164,89,0.0036668049870058894,0.6661892026662827,1.422518253326416,-0.006951626783043803,-0.5177149648747719,1.4177161409005739,138.3
68,12,984,161,1010,194,1051.1309814453125,963.1541137695312,546.8471069335938,997,177,900,179,97,0.049898333847522736,0.672647500038147,1.3944289088249207,0.04188481578565414,-0.4576916035611267,1.300791098352073,136.79
69,0,819,166,859,205,1051.1309814453125,963.1541137695312,546.8471069335938,839,185,734,184,105,-0.1529841050505638,0.6680623084306717,1.293053388595581,-0.14193655786006534,-0.413674031978644,1.2016832051442958,134.23
69,1,1119,166,1149,201,1051.1309814453125,963.1541137695312,546.8471069335938,1134,183,1036,181,98,0.28552502393722534,0.8099345803260803,1.9728407859802246,0.20926707494985358,-0.4456719531089341,1.2875177197974599,199.75
69,3,1068,150,1098,189,1051.1309814453125,963.1541137695312,546.8471069335938,1083,169,992,167,91,0.16276784241199493,0.6777172327041626,1.4606478214263916,0.15808992471075614,-0.4984219531109994,1.3865575443972644,143.97
69,4,927,167,958,203,1051.1309814453125,963.1541137695312,546.8471069335938,942,185,842,184,100,-0.02557435631752014,0.6675763666629791,1.320005178451538,-0.025393191590342215,-0.43435773357757623,1.2617673654015107,129.32
69,6,1007,171,1040,208,1051.1309814453125,963.1541137695312,546.8471069335938,1023,189,917,188,106,0.06658767908811569,0.6656768262386322,1.323667287826538,0.06777209189755991,-0.405241672301149,1.1903465711335006,132.18
69,7,842,141,876,174,1051.1309814453125,963.1541137695312,546.8471069335938,859,157,774,157,85,-0.1424880027770996,0.673017942905426,1.5288314819335938,-0.1470889188956201,-0.5505513648777464,1.4844321945900125,147.46
69,9,898,156,928,194,1051.1309814453125,963.1541137695312,546.8471069335938,913,175,816,175,97,-0.06363493949174881,0.6645054459571839,1.3433914184570312,-0.0620665034983917,-0.4601666349726516,1.300791098352073,130.91
69,10,1001,145,1031,176,1051.1309814453125,963.1541137695312,546.8471069335938,1016,160,928,160,88,0.07656260952353477,0.6766308039426804,1.5356216430664062,0.07208600655600735,-0.5276903289117224,1.4338265515926258,148.93
69,11,947,148,974,182,1051.1309814453125,963.1541137695312,546.8471069335938,960,165,869,164,91,0.003596892114728689,0.6638943642377854,1.409984290599823,-0.004160623481021793,-0.5036983937026019,1.3865575443972644,136.85
69,12,983,161,1011,195,1051.1309814453125,963.1541137695312,546.8471069335938,997,178,900,178,97,0.04914058744907379,0.6680505514144898,1.3716999292373657,0.04188481578565414,-0.4564540878553643,1.300791098352073,134.32
70,0,820,166,859,205,1051.1309814453125,963.1541137695312,546.8471069335938,839,185,734,185,105,-0.14957024902105331,0.663389140367508,1.275383472442627,-0.14193655786006534,-0.413674031978644,1.2016832051442958,130.69
70,1,1119,165,1149,200,1051.1309814453125,963.1541137695312,546.8471069335938,1134,182,1036,180,98,0.2467985451221466,0.6981056571006775,1.5312962532043457,0.20926707494985358,-0.4468968411034132,1.2875177197974599,153.82
70,2,926,167,958,203,1051.1309814453125,963.1541137695312,546.8471069335938,942,185,843,183,99,-0.02562277391552925,0.6679424583911896,1.3208869695663452,-0.025649688475093142,-0.43874518543189517,1.2745124903045562,129.51
70,3,1068,148,1098,188,1051.1309814453125,963.1541137695312,546.8471069335938,1083,168,992,166,91,0.16147083044052124,0.6789385616779328,1.462510347366333,0.15808992471075614,-0.49974106325890005,1.3865575443972644,144.34
70,5,1127,146,1159,179,1051.1309814453125,963.1541137695312,546.8471069335938,1143,162,1058,163,85,0.2530907094478607,0.6942734062671662,1.5907015800476074,0.2539826418378385,-0.5434902458507488,1.4844321945900125,158.94
70,6,1007,172,1039,208,1051.1309814453125,963.1541137695312,546.8471069335938,1023,190,916,188,107,0.07652606442570686,0.6846502959728241,1.4256377816200256,0.06713870786113411,-0.4003325069202135,1.1792218368238419,141.92
70,8,842,140,875,174,1051.1309814453125,963.1541137695312,546.8471069335938,858,157,774,157,84,-0.10910436511039734,0.6437883764505387,1.3281455039978027,-0.1502690134474603,-0.5571055477929576,1.50210400643037,129.45
70,9,945,147,971,184,1051.1309814453125,963.1541137695312,546.8471069335938,958,165,869,164,89,-0.0001926808909047395,0.6632205486297608,1.4118595123291016,-0.006951626783043803,-0.5150174587296267,1.4177161409005739,136.8
70,10,896,156,926,194,1051.1309814453125,963.1541137695312,546.8471069335938,911,175,815,175,96,-0.06690775603055954,0.6632435262203217,1.3346761465072632,-0.06521384256522822,-0.46496003742028336,1.3143410056265736,130.32
70,11,1001,144,1030,176,1051.1309814453125,963.1541137695312,546.8471069335938,1015,160,928,160,87,0.07149885967373848,0.6721717357635498,1.5063952207565308,0.07153482245367458,-0.5337557349911675,1.4503073165534606,147.35
70,12,983,161,1010,195,1051.1309814453125,963.1541137695312,546.8471069335938,996,178,900,178,96,0.050371117889881134,0.6704402804374695,1.381803035736084,0.041070709455723886,-0.46120881793719093,1.3143410056265736,136.88
71,0,1068,149,1097,188,1051.1309814453125,963.1541137695312,546.8471069335938,1082,168,992,167,90,0.16039857268333435,0.6792287021875382,1.4631181359291077,0.1585127125024428,-0.5052937417395545,1.401963739335012,144.43
71,1,820,167,859,205,1051.1309814453125,963.1541137695312,546.8471069335938,839,186,734,185,105,-0.15436646342277527,0.6723839282989502,1.3213800191879272,-0.14193655786006534,-0.4125308031837968,1.2016832051442958,135.39
71,2,1119,166,1149,201,1051.1309814453125,963.1541137695312,546.8471069335938,1134,183,1036,181,98,0.21501336991786957,0.6904347479343415,1.4435938596725464,0.20926707494985358,-0.4456719531089341,1.2875177197974599,143.82
71,4,926,167,957,203,1051.1309814453125,963.1541137695312,546.8471069335938,941,185,842,183,99,-0.026822450570762157,0.6679010033607483,1.3195382356643677,-0.026862203863567462,-0.43874518543189517,1.2745124903045562,129.13
71,5,1007,171,1041,209,1051.1309814453125,963.1541137695312,546.8471069335938,1024,190,917,188,107,0.07084976881742477,0.6797519564628601,1.3779301643371582,0.06826056789346083,-0.4003325069202135,1.1792218368238419,137.83
71,8,842,141,876,174,1051.1309814453125,963.1541137695312,546.8471069335938,859,157,774,157,85,-0.13986200094223022,0.674743139743805,1.5430244207382202,-0.1470889188956201,-0.5505513648777464,1.4844321945900125,145.79
71,9,898,156,928,194,1051.1309814453125,963.1541137695312,546.8471069335938,913,175,815,174,98,-0.0633104220032692,0.6639309465885163,1.3411036133766174,-0.06143317183004075,-0.45547105706476737,1.2875177197974599,130.66
71,10,1000,145,1030,176,1051.1309814453125,963.1541137695312,546.8471069335938,1015,160,928,160,87,0.0735163688659668,0.6726753205060959,1.51664799451828,0.07153482245367458,-0.5337557349911675,1.4503073165534606,146.83
71,11,984,160,1011,194,1051.1309814453125,963.1541137695312,546.8471069335938,997,177,901,178,96,0.04994112625718117,0.6681895196437836,1.3685665130615234,0.04232111595008803,-0.46245922443155507,1.3143410056265736,134.57
71,12,948,148,974,183,1051.1309814453125,963.1541137695312,546.8471069335938,961,165,869,164,92,0.0035456838086247444,0.6636929750442505,1.4085386991500854,-0.0028106273186307117,-0.4982234111623563,1.3714862667407726,136.66
72,0,1068,149,1098,188,1051.1309814453125,963.1541137695312,546.8471069335938,1083,168,992,166,91,0.16141459345817566,0.678536319732666,1.4609315395355225,0.15808992471075614,-0.49974106325890005,1.3865575443972644,144.05
72,1,1119,166,1150,201,1051.1309814453125,963.1541137695312,546.8471069335938,1134,183,1036,180,98,0.21467865258455276,0.6846525013446808,1.4327861666679382,0.20926707494985358,-0.4456719531089341,1.2875177197974599,142.1
72,3,819,166,858,205,1051.1309814453125,963.1541137695312,546.8471069335938,838,185,734,184,104,-0.15135811269283295,0.6658688127994538,1.2926974296569824,-0.14445555383428674,-0.4176516669015157,1.2132378513476065,132.97
72,4,927,167,958,203,1051.1309814453125,963.1541137695312,546.8471069335938,942,185,843,184,99,-0.02476324513554573,0.6690151035785675,1.3237593173980713,-0.025649688475093142,-0.43874518543189517,1.2745124903045562,129.95
72,5,1007,170,1040,209,1051.1309814453125,963.1541137695312,546.8471069335938,1023,189,917,188,106,0.06400960683822632,0.6678581476211548,1.327705979347229,0.06777209189755991,-0.405241672301149,1.1903465711335006,130.98
72,8,898,155,928,194,1051.1309814453125,963.1541137695312,546.8471069335938,913,174,816,175,97,-0.06243840046226978,0.6635807693004608,1.343082070350647,-0.0620665034983917,-0.461404150678414,1.300791098352073,130.74
72,9,945,146,971,183,1051.1309814453125,963.1541137695312,546.8471069335938,958,164,869,164,89,0.0004340878367656842,0.6641977667808533,1.4199143052101135,-0.006951626783043803,-0.5163662118021993,1.4177161409005739,137.84
72,10,841,140,875,175,1051.1309814453125,963.1541137695312,546.8471069335938,858,157,774,157,84,-0.1386471390724182,0.6737821340560913,1.5374139547348022,-0.1502690134474603,-0.5571055477929576,1.50210400643037,145.26
72,11,1000,144,1030,176,1051.1309814453125,963.1541137695312,546.8471069335938,1015,160,928,160,87,0.06978512555360794,0.6684937864542008,1.4931057691574097,0.07153482245367458,-0.5337557349911675,1.4503073165534606,144.77
72,12,984,161,1012,194,1051.1309814453125,963.1541137695312,546.8471069335938,998,177,900,178,98,0.04988495819270611,0.6678463608026505,1.3667210340499878,0.042682307700687844,-0.453021281075809,1.2875177197974599,133.98
73,0,820,167,859,205,1051.1309814453125,963.1541137695312,546.8471069335938,839,186,734,184,105,-0.14751094579696655,0.663187438249588,1.3021365404129028,-0.14193655786006534,-0.4125308031837968,1.2016832051442958,129.77
73,1,1068,150,1098,188,1051.1309814453125,963.1541137695312,546.8471069335938,1083,169,993,166,90,0.1643258035182953,0.6782589793205261,1.4650739431381226,0.15984647942976457,-0.5039599748122328,1.401963739335012,144.85
73,3,1119,167,1149,201,1051.1309814453125,963.1541137695312,546.8471069335938,1134,184,1036,181,98,0.25614118576049805,0.6939529716968537,1.598250389099121,0.20926707494985358,-0.4444470651144549,1.2875177197974599,159.59
73,4,927,167,957,203,1051.1309814453125,963.1541137695312,546.8471069335938,942,185,841,183,101,-0.0264437859877944,0.667560288310051,1.3196964859962463,-0.025141773851823975,-0.43005716195799637,1.2492746192094166,129.2
73,5,1126,146,1159,179,1051.1309814453125,963.1541137695312,546.8471069335938,1142,162,1058,163,84,0.25322797894477844,0.6926915585994721,1.5989785194396973,0.25557720872330136,-0.5499603678251626,1.50210400643037,159.69
73,6,898,157,928,194,1051.1309814453125,963.1541137695312,546.8471069335938,913,175,815,175,98,-0.061945561319589615,0.6642273604869843,1.349673330783844,-0.06143317183004075,-0.45547105706476737,1.2875177197974599,131.49
73,7,1007,171,1040,208,1051.1309814453125,963.1541137695312,546.8471069335938,1023,189,917,187,106,0.06482122093439102,0.6645169794559479,1.3207937479019165,0.06777209189755991,-0.405241672301149,1.1903465711335006,131.6
73,9,843,141,876,174,1051.1309814453125,963.1541137695312,546.8471069335938,859,157,774,158,85,-0.12262749671936035,0.6489022016525269,1.360143780708313,-0.1470889188956201,-0.5505513648777464,1.4844321945900125,139.3
73,10,1001,145,1030,176,1051.1309814453125,963.1541137695312,546.8471069335938,1015,160,928,160,87,0.07354582846164703,0.6721731662750244,1.510827898979187,0.07153482245367458,-0.5337557349911675,1.4503073165534606,146.85
73,11,948,149,974,184,1051.1309814453125,963.1541137695312,546.8471069335938,961,166,869,164,92,0.0023396334145218134,0.6639071196317673,1.4057475328445435,-0.0028106273186307117,-0.49691863916823725,1.3714862667407726,136.64
73,12,984,161,1011,194,1051.1309814453125,963.1541137695312,546.8471069335938,997,177,899,178,98,0.049774494022130966,0.6661880254745484,1.3642932176589966,0.04145741970620868,-0.453021281075809,1.2875177197974599,133.69
74,0,819,166,858,205,1051.1309814453125,963.1541137695312,546.8471069335938,838,185,734,184,104,-0.1496775597333908,0.6637557536363602,1.2864707112312317,-0.14445555383428674,-0.4176516669015157,1.2132378513476065,130.68
74,1,1068,149,1097,187,1051.1309814453125,963.1541137695312,546.8471069335938,1082,168,992,166,90,0.16089099645614624,0.6795267105102539,1.4651439189910889,0.1585127125024428,-0.5052937417395545,1.401963739335012,144.78
74,2,1119,166,1149,200,1051.1309814453125,963.1541137695312,546.8471069335938,1134,183,1037,180,97,0.2689496576786041,0.7789066374301911,1.8647241592407227,0.21142446747510982,-0.450266509326552,1.300791098352073,187.32
74,4,927,166,957,203,1051.1309814453125,963.1541137695312,546.8471069335938,942,184,842,183,100,-0.026497323997318745,0.6696065902709961,1.3245015144348145,-0.025393191590342215,-0.4355581238121658,1.2617673654015107,129.88
74,5,898,156,928,194,1051.1309814453125,963.1541137695312,546.8471069335938,913,175,815,175,98,-0.06331996619701385,0.6635535001754761,1.3369571566581726,-0.06143317183004075,-0.45547105706476737,1.2875177197974599,130.43
74,8,1007,170,1040,208,1051.1309814453125,963.1541137695312,546.8471069335938,1023,189,916,188,107,0.06669827550649643,0.6763786017894745,1.37385094165802,0.06713870786113411,-0.40145436695254016,1.1792218368238419,137.55
74,10,945,147,971,183,1051.1309814453125,963.1541137695312,546.8471069335938,958,165,869,164,89,0.00043484292837092653,0.6645005732774735,1.4207655191421509,-0.006951626783043803,-0.5150174587296267,1.4177161409005739,137.95
74,11,1001,145,1030,175,1051.1309814453125,963.1541137695312,546.8471069335938,1015,160,928,160,87,0.07093308866024017,0.6715411484241486,1.5047446489334106,0.07153482245367458,-0.5337557349911675,1.4503073165534606,146.64
74,12,984,161,1011,194,1051.1309814453125,963.1541137695312,546.8471069335938,997,177,900,178,97,0.04648503288626671,0.6683686017990113,1.3826072216033936,0.04188481578565414,-0.4576916035611267,1.300791098352073,135.96
75,0,1068,148,1098,188,1051.1309814453125,963.1541137695312,546.8471069335938,1083,168,992,167,91,0.16039691865444183,0.6792268693447113,1.4635164737701416,0.15808992471075614,-0.49974106325890005,1.3865575443972644,144.58
75,1,820,167,859,205,1051.1309814453125,963.1541137695312,546.8471069335938,839,186,734,185,105,-0.15273089706897736,0.6696830928325653,1.3059219121932983,-0.14193655786006534,-0.4125308031837968,1.2016832051442958,133.8
75,3,927,167,957,203,1051.1309814453125,963.1541137695312,546.8471069335938,942,185,842,183,100,-0.02632353361696005,0.6661333233118057,1.3136926293373108,-0.025393191590342215,-0.43435773357757623,1.2617673654015107,128.42
75,5,898,156,928,194,1051.1309814453125,963.1541137695312,546.8471069335938,913,175,816,175,97,-0.06332152709364891,0.6639195173978806,1.339093565940857,-0.0620665034983917,-0.4601666349726516,1.300791098352073,130.55
75,6,1007,171,1039,209,1051.1309814453125,963.1541137695312,546.8471069335938,1023,190,916,188,107,0.06300199404358864,0.6680987119674683,1.3275346159934998,0.06713870786113411,-0.4003325069202135,1.1792218368238419,132.2
75,9,842,140,876,174,1051.1309814453125,963.1541137695312,546.8471069335938,859,157,774,157,85,-0.14431655406951904,0.6726657688617707,1.5257080793380737,-0.1470889188956201,-0.5505513648777464,1.4844321945900125,149.55
75,10,1001,145,1031,176,1051.1309814453125,963.1541137695312,546.8471069335938,1016,160,928,160,88,0.07488375902175903,0.673198127746582,1.5248446464538574,0.07208600655600735,-0.5276903289117224,1.4338265515926258,147.41
75,11,945,146,971,183,1051.1309814453125,963.1541137695312,546.8471069335938,958,164,870,164,88,0.0022932984866201878,0.6630416750907898,1.4063650369644165,-0.007030622541942028,-0.5222340096635879,1.4338265515926258,136.35
75,12,984,160,1011,194,1051.1309814453125,963.1541137695312,546.8471069335938,997,177,901,178,96,0.04859419912099838,0.6676822692155838,1.3634758591651917,0.04232111595008803,-0.46245922443155507,1.3143410056265736,133.42
76,0,820,167,858,205,1051.1309814453125,963.1541137695312,546.8471069335938,839,186,734,185,105,-0.14614400267601013,0.6617258578538895,1.2759643197059631,-0.14193655786006534,-0.4125308031837968,1.2016832051442958,125.57
76,1,1068,149,1098,188,1051.1309814453125,963.1541137695312,546.8471069335938,1083,168,993,167,90,0.16285760700702667,0.6769310176372528,1.4602011442184448,0.15984647942976457,-0.5052937417395545,1.401963739335012,143.87
76,4,927,167,957,203,1051.1309814453125,963.1541137695312,546.8471069335938,942,185,842,183,100,-0.026811720803380013,0.6691038548946381,1.3261255025863647,-0.025393191590342215,-0.43435773357757623,1.2617673654015107,129.99
76,6,1006,171,1039,208,1051.1309814453125,963.1541137695312,546.8471069335938,1022,189,917,188,105,0.06415814161300659,0.6635039985179901,1.2946053743362427,0.06727431159697515,-0.40910111679925515,1.2016832051442958,129.11
76,8,898,156,928,193,1051.1309814453125,963.1541137695312,546.8471069335938,913,174,814,175,99,-0.06358683854341507,0.6638250440359116,1.3444923758506775,-0.060812634740848415,-0.45208285470511267,1.2745124903045562,130.91
76,10,1000,146,1029,177,1051.1309814453125,963.1541137695312,546.8471069335938,1014,161,928,160,86,0.061370592564344406,0.6645906507968903,1.4239405989646912,0.07097082011640385,-0.5385663944275885,1.4671713551180356,138.74
76,11,945,147,971,183,1051.1309814453125,963.1541137695312,546.8471069335938,958,165,869,164,89,0.002339077997021377,0.6644165009260178,1.3951340913772583,-0.006951626783043803,-0.5150174587296267,1.4177161409005739,136.72
76,12,983,161,1011,194,1051.1309814453125,963.1541137695312,546.8471069335938,997,177,900,178,97,0.04961009696125984,0.6662605941295624,1.3631724119186401,0.04188481578565414,-0.4576916035611267,1.300791098352073,134.29
77,0,820,167,858,205,1051.1309814453125,963.1541137695312,546.8471069335938,839,186,735,185,104,-0.14726342260837555,0.6602736353874207,1.2776472568511963,-0.1433013324548737,-0.4164974455221026,1.2132378513476065,128.05
77,1,1068,149,1098,188,1051.1309814453125,963.1541137695312,546.8471069335938,1083,168,992,166,91,0.16264685988426208,0.6766867280006409,1.463067889213562,0.15808992471075614,-0.49974106325890005,1.3865575443972644,144.6
77,4,1007,172,1040,208,1051.1309814453125,963.1541137695312,546.8471069335938,1023,190,916,188,107,0.06479152292013168,0.6672986090183258,1.3362772464752197,0.06713870786113411,-0.4003325069202135,1.1792218368238419,133.6
77,5,927,167,957,203,1051.1309814453125,963.1541137695312,546.8471069335938,942,185,842,183,100,-0.026487589813768864,0.6705858647823334,1.3292374014854431,-0.025393191590342215,-0.43435773357757623,1.2617673654015107,130.32
77,8,898,156,928,194,1051.1309814453125,963.1541137695312,546.8471069335938,913,175,815,175,98,-0.06198490038514137,0.6631968557834625,1.3433853387832642,-0.06143317183004075,-0.45547105706476737,1.2875177197974599,130.68
77,9,1000,145,1030,177,1051.1309814453125,963.1541137695312,546.8471069335938,1015,161,928,161,87,0.06772395223379135,0.6673167884349823,1.4860763549804688,0.07153482245367458,-0.5323759761008346,1.4503073165534606,145.0
77,10,842,141,876,173,1051.1309814453125,963.1541137695312,546.8471069335938,859,157,774,156,85,-0.10827221348881721,0.6426716685295105,1.3257192969322205,-0.1470889188956201,-0.5505513648777464,1.4844321945900125,129.34
77,11,945,146,971,182,1051.1309814453125,963.1541137695312,546.8471069335938,958,164,869,164,89,0.00043756014929385856,0.6642583698034287,1.4222328662872314,-0.006951626783043803,-0.5163662118021993,1.4177161409005739,138.31
77,12,983,160,1010,194,1051.1309814453125,963.1541137695312,546.8471069335938,996,177,900,178,96,0.04863854683935642,0.6669479250907898,1.371548056602478,0.041070709455723886,-0.46245922443155507,1.3143410056265736,134.86
78,0,820,167,858,205,1051.1309814453125,963.1541137695312,546.8471069335938,839,186,734,185,105,-0.14837894588708878,0.6618357688188553,1.273224651813507,-0.14193655786006534,-0.4125308031837968,1.2016832051442958,129.14
78,1,1068,149,1098,187,1051.1309814453125,963.1541137695312,546.8471069335938,1083,168,993,167,90,0.16164027154445648,0.6795775830745697,1.4657987356185913,0.15984647942976457,-0.5052937417395545,1.401963739335012,145.0
78,2,1119,166,1149,200,1051.1309814453125,963.1541137695312,546.8471069335938,1134,183,1036,180,98,0.21820347011089325,0.6952073812484741,1.5181150436401367,0.20926707494985358,-0.4456719531089341,1.2875177197974599,151.16
78,3,926,167,958,203,1051.1309814453125,963.1541137695312,546.8471069335938,942,185,842,183,100,-0.027814319357275963,0.6732752859592438,1.3663822412490845,-0.025393191590342215,-0.43435773357757623,1.2617673654015107,134.06
78,6,1006,171,1039,207,1051.1309814453125,963.1541137695312,546.8471069335938,1022,189,916,188,106,0.07535040378570557,0.6865163087844849,1.4360947012901306,0.06663964828002257,-0.405241672301149,1.1903465711335006,142.58
78,7,898,155,928,193,1051.1309814453125,963.1541137695312,546.8471069335938,913,174,815,175,98,-0.061950042843818665,0.6632418125867844,1.3493202328681946,-0.06143317183004075,-0.45669594505924654,1.2875177197974599,131.31
78,9,842,140,876,174,1051.1309814453125,963.1541137695312,546.8471069335938,859,157,774,157,85,-0.13288657367229462,0.6504559755325318,1.3754194974899292,-0.1470889188956201,-0.5505513648777464,1.4844321945900125,140.14
78,10,1001,145,1031,176,1051.1309814453125,963.1541137695312,546.8471069335938,1016,160,928,160,88,0.07238102331757545,0.6730484306812287,1.5094128847122192,0.07208600655600735,-0.5276903289117224,1.4338265515926258,148.16
78,11,983,161,1010,195,1051.1309814453125,963.1541137695312,546.8471069335938,996,178,900,178,96,0.05139581672847271,0.6759051769971848,1.4153451919555664,0.041070709455723886,-0.46120881793719093,1.3143410056265736,139.22
78,12,945,147,971,183,1051.1309814453125,963.1541137695312,546.8471069335938,958,165,869,164,89,-0.0014996793470345438,0.6670974135398865,1.4203235507011414,-0.006951626783043803,-0.5150174587296267,1.4177161409005739,138.77
79,0,820,167,859,204,1051.1309814453125,963.1541137695312,546.8471069335938,839,185,734,185,105,-0.15991227328777313,0.6744577527046204,1.3314167261123657,-0.14193655786006534,-0.413674031978644,1.2016832051442958,136.52
79,1,1068,149,1098,189,1051.1309814453125,963.1541137695312,546.8471069335938,1083,169,992,166,91,0.16282248497009277,0.6815934419631958,1.4652549028396606,0.15808992471075614,-0.4984219531109994,1.3865575443972644,146.09
79,4,927,168,958,203,1051.1309814453125,963.1541137695312,546.8471069335938,942,185,841,183,101,-0.025620504282414913,0.6681861370801926,1.3201711773872375,-0.025141773851823975,-0.43005716195799637,1.2492746192094166,129.48
79,7,842,142,876,175,1051.1309814453125,963.1541137695312,546.8471069335938,859,158,775,158,84,-0.11039669066667557,0.6489047348499298,1.3533185720443726,-0.1488399774539013,-0.5556765117993986,1.50210400643037,132.02
79,8,898,156,928,195,1051.1309814453125,963.1541137695312,546.8471069335938,913,175,814,175,99,-0.06188701465725899,0.6639831900596619,1.3449821472167969,-0.060812634740848415,-0.45087033931663834,1.2745124903045562,130.91
79,9,1007,171,1039,208,1051.1309814453125,963.1541137695312,546.8471069335938,1023,189,916,187,107,0.06769438087940216,0.6682459354400635,1.3350437879562378,0.06713870786113411,-0.40145436695254016,1.1792218368238419,134.8
79,10,944,146,970,182,1051.1309814453125,963.1541137695312,546.8471069335938,957,164,869,164,88,0.0010960501385852695,0.6643450200557709,1.4161797761917114,-0.00839470235397564,-0.5222340096635879,1.4338265515926258,137.64
79,11,1001,145,1031,176,1051.1309814453125,963.1541137695312,546.8471069335938,1016,160,928,160,88,0.0689304880797863,0.6678627371788025,1.4927363395690918,0.07208600655600735,-0.5276903289117224,1.4338265515926258,146.08
79,12,984,161,1011,193,1051.1309814453125,963.1541137695312,546.8471069335938,997,177,901,178,96,0.05142530798912048,0.6680704891681671,1.3784289360046387,0.04232111595008803,-0.46245922443155507,1.3143410056265736,135.72
80,0,1068,148,1098,188,1051.1309814453125,963.1541137695312,546.8471069335938,1083,168,992,166,91,0.16143770515918732,0.6793421447277069,1.462761402130127,0.15808992471075614,-0.49974106325890005,1.3865575443972644,144.56
80,1,820,166,859,206,1051.1309814453125,963.1541137695312,546.8471069335938,839,186,734,185,105,-0.1485959142446518,0.664740064740181,1.2857590317726135,-0.14193655786006534,-0.4125308031837968,1.2016832051442958,130.79
80,2,1119,166,1149,201,1051.1309814453125,963.1541137695312,546.8471069335938,1134,183,1036,180,98,0.2128468155860901,0.6888665497303009,1.4772671461105347,0.20926707494985358,-0.4456719531089341,1.2875177197974599,145.18
80,4,927,167,958,203,1051.1309814453125,963.1541137695312,546.8471069335938,942,185,842,183,100,-0.026794495061039925,0.6667689919471741,1.3192959427833557,-0.025393191590342215,-0.43435773357757623,1.2617673654015107,129.25
80,5,1007,171,1040,208,1051.1309814453125,963.1541137695312,546.8471069335938,1023,189,917,188,106,0.06747172772884369,0.6655068933963776,1.3271579146385193,0.06777209189755991,-0.405241672301149,1.1903465711335006,131.11
80,8,897,156,928,195,1051.1309814453125,963.1541137695312,546.8471069335938,912,175,816,175,96,-0.06306575983762741,0.6646591514348984,1.3372061848640442,-0.06396343607086408,-0.46496003742028336,1.3143410056265736,130.53
80,9,842,138,876,174,1051.1309814453125,963.1541137695312,546.8471069335938,859,156,774,157,85,-0.11047232151031494,0.6487337738275528,1.3526120781898499,-0.1470889188956201,-0.5519635886831459,1.4844321945900125,132.2
80,10,999,145,1030,177,1051.1309814453125,963.1541137695312,546.8471069335938,1014,161,928,160,86,0.058019548654556274,0.656091058254242,1.3815737962722778,0.07097082011640385,-0.5385663944275885,1.4671713551180356,135.81
80,11,984,160,1010,194,1051.1309814453125,963.1541137695312,546.8471069335938,997,177,900,176,97,0.04806132987141609,0.6651427090168,1.352137804031372,0.04188481578565414,-0.4576916035611267,1.300791098352073,132.97
80,12,945,145,971,183,1051.1309814453125,963.1541137695312,546.8471069335938,958,164,869,164,89,-0.00019263065041741356,0.6618202567100525,1.3698977828025818,-0.006951626783043803,-0.5163662118021993,1.4177161409005739,135.22
81,0,820,167,859,205,1051.1309814453125,963.1541137695312,546.8471069335938,839,186,734,185,105,-0.14739932119846344,0.6618372738361359,1.2817920446395874,-0.14193655786006534,-0.4125308031837968,1.2016832051442958,128.11
81,2,1068,151,1098,189,1051.1309814453125,963.1541137695312,546.8471069335938,1083,170,992,166,91,0.16260088980197906,0.6777676433324814,1.4641462564468384,0.15808992471075614,-0.4971028429630987,1.3865575443972644,146.74
81,3,927,168,957,203,1051.1309814453125,963.1541137695312,546.8471069335938,942,185,842,183,100,-0.02636998798698187,0.6667819708585739,1.3161253929138184,-0.025393191590342215,-0.43435773357757623,1.2617673654015107,128.72
81,6,1006,172,1039,208,1051.1309814453125,963.1541137695312,546.8471069335938,1022,190,916,188,106,0.06462729349732399,0.6732407748699188,1.3569352626800537,0.06663964828002257,-0.40410922868361165,1.1903465711335006,134.04
81,7,898,156,928,193,1051.1309814453125,963.1541137695312,546.8471069335938,913,174,900,177,13,-0.061667267233133316,0.6626170516014099,1.3460156321525574,-0.4631116030264611,-3.442784816600474,9.705902810780852,130.92
81,9,842,141,876,174,1051.1309814453125,963.1541137695312,546.8471069335938,859,157,774,157,85,-0.10880172625184059,0.6449513673782349,1.3320345878601074,-0.1470889188956201,-0.5505513648777464,1.4844321945900125,130.07
81,10,1001,146,1030,176,1051.1309814453125,963.1541137695312,546.8471069335938,1015,161,928,160,87,0.05810602754354477,0.6635882496833801,1.4387123584747314,0.07153482245367458,-0.5323759761008346,1.4503073165534606,141.82
81,11,945,147,971,183,1051.1309814453125,963.1541137695312,546.8471069335938,958,165,869,164,89,0.00042942477739416063,0.6621767967939377,1.404447615146637,-0.006951626783043803,-0.5150174587296267,1.4177161409005739,136.52
81,12,984,160,1010,193,1051.1309814453125,963.1541137695312,546.8471069335938,997,176,817,176,180,0.05016372911632061,0.6683201134204865,1.3731764554977417,0.02257126184004695,-0.24731180316049026,0.700981869667506,134.82
82,0,1067,149,1098,188,1051.1309814453125,963.1541137695312,546.8471069335938,1082,168,992,166,90,0.16068780422210693,0.6804253101348877,1.4709988832473755,0.1585127125024428,-0.5052937417395545,1.401963739335012,145.86
82,3,819,167,858,205,1051.1309814453125,963.1541137695312,546.8471069335938,838,186,734,185,104,-0.150717630982399,0.6651984095573426,1.2847395539283752,-0.14445555383428674,-0.4164974455221026,1.2132378513476065,129.96
82,4,927,167,957,203,1051.1309814453125,963.1541137695312,546.8471069335938,942,185,842,182,100,-0.026271098293364048,0.6672634720802307,1.3178023099899292,-0.025393191590342215,-0.43435773357757623,1.2617673654015107,128.69
82,6,1006,170,1039,208,1051.1309814453125,963.1541137695312,546.8471069335938,1022,189,916,188,106,0.06508003547787666,0.6718626856803894,1.361384928226471,0.06663964828002257,-0.405241672301149,1.1903465711335006,136.34
82,8,897,156,928,194,1051.1309814453125,963.1541137695312,546.8471069335938,912,175,815,175,97,-0.06442693620920181,0.6630484402179718,1.3367761373519897,-0.06330401920415414,-0.4601666349726516,1.300791098352073,130.2
82,9,842,140,876,174,1051.1309814453125,963.1541137695312,546.8471069335938,859,157,774,156,85,-0.14040303230285645,0.6736358046531677,1.5252573490142822,-0.1470889188956201,-0.5505513648777464,1.4844321945900125,145.09
82,10,1000,145,1029,176,1051.1309814453125,963.1541137695312,546.8471069335938,1014,160,928,160,86,0.06940839067101479,0.6685583978891373,1.489015281200409,0.07097082011640385,-0.5399621970259484,1.4671713551180356,146.78
82,11,945,147,970,184,1051.1309814453125,963.1541137695312,546.8471069335938,957,165,869,164,88,-0.0001978144864551723,0.6596682459115982,1.3585777878761292,-0.00839470235397564,-0.5208699298515542,1.4338265515926258,133.52
82,12,984,160,1010,193,1051.1309814453125,963.1541137695312,546.8471069335938,997,176,900,178,97,0.05057729408144951,0.66877760887146,1.3792437314987183,0.04188481578565414,-0.4589291192668892,1.300791098352073,135.76
83,0,820,167,859,205,1051.1309814453125,963.1541137695312,546.8471069335938,839,186,734,185,105,-0.14400984346866608,0.6612139880657196,1.2853745222091675,-0.14193655786006534,-0.4125308031837968,1.2016832051442958,126.34
83,1,1068,148,1098,188,1051.1309814453125,963.1541137695312,546.8471069335938,1083,168,992,166,91,0.16135337948799133,0.6785412967205048,1.4611730575561523,0.15808992471075614,-0.49974106325890005,1.3865575443972644,144.1
83,2,1119,165,1149,200,1051.1309814453125,963.1541137695312,546.8471069335938,1134,182,1036,180,98,0.21546585857868195,0.6824346721172333,1.4105302095413208,0.20926707494985358,-0.4468968411034132,1.2875177197974599,140.17
83,4,927,167,957,203,1051.1309814453125,963.1541137695312,546.8471069335938,942,185,841,183,101,-0.02648810390383005,0.6686414122581482,1.322783887386322,-0.025141773851823975,-0.43005716195799637,1.2492746192094166,129.6
83,5,1006,171,1040,208,1051.1309814453125,963.1541137695312,546.8471069335938,1023,189,917,188,106,0.06804165244102478,0.6728229761123657,1.3598778247833252,0.06777209189755991,-0.405241672301149,1.1903465711335006,136.4
83,7,898,155,928,194,1051.1309814453125,963.1541137695312,546.8471069335938,913,174,814,174,99,-0.0633365735411644,0.6633940875530243,1.3366771936416626,-0.060812634740848415,-0.45208285470511267,1.2745124903045562,130.38
83,9,843,140,876,174,1051.1309814453125,963.1541137695312,546.8471069335938,859,157,774,157,85,-0.10928066819906235,0.6457004189491272,1.3383716344833374,-0.1470889188956201,-0.5505513648777464,1.4844321945900125,130.56
83,10,999,145,1029,176,1051.1309814453125,963.1541137695312,546.8471069335938,1014,160,928,160,86,0.07180508971214294,0.6726201117038727,1.5178221464157104,0.07097082011640385,-0.5399621970259484,1.4671713551180356,147.1
83,11,945,146,971,184,1051.1309814453125,963.1541137695312,546.8471069335938,958,165,869,164,89,-0.00019408497610129416,0.6637104988098145,1.4044599533081055,-0.006951626783043803,-0.5150174587296267,1.4177161409005739,136.99
83,12,984,160,1010,194,1051.1309814453125,963.1541137695312,546.8471069335938,997,177,900,177,97,0.050649382174015045,0.6707577049732208,1.3869198560714722,0.04188481578565414,-0.4576916035611267,1.300791098352073,136.56
84,0,820,166,859,204,1051.1309814453125,963.1541137695312,546.8471069335938,839,185,734,184,105,-0.14267250895500183,0.6599303722381592,1.2826038599014282,-0.14193655786006534,-0.413674031978644,1.2016832051442958,127.18
84,1,1068,149,1098,188,1051.1309814453125,963.1541137695312,546.8471069335938,1083,168,992,166,91,0.16028374433517456,0.6794721126556397,1.4654619693756104,0.15808992471075614,-0.49974106325890005,1.3865575443972644,144.75
84,4,927,167,957,203,1051.1309814453125,963.1541137695312,546.8471069335938,942,185,843,183,99,-0.026779625564813614,0.6693529278039932,1.3287620544433594,-0.025649688475093142,-0.43874518543189517,1.2745124903045562,130.18
84,7,1006,170,1039,208,1051.1309814453125,963.1541137695312,546.8471069335938,1022,189,916,188,106,0.06727685034275055,0.6708732187747956,1.3653017282485962,0.06663964828002257,-0.405241672301149,1.1903465711335006,136.42
84,8,897,155,928,194,1051.1309814453125,963.1541137695312,546.8471069335938,912,174,816,175,96,-0.06444066762924194,0.6641010582447052,1.3412437438964844,-0.06396343607086408,-0.4662104439146475,1.3143410056265736,130.85
84,9,842,140,876,174,1051.1309814453125,963.1541137695312,546.8471069335938,859,157,774,157,85,-0.10874577984213829,0.6448327541351319,1.3312824964523315,-0.1470889188956201,-0.5505513648777464,1.4844321945900125,129.97
84,10,999,145,1030,176,1051.1309814453125,963.1541137695312,546.8471069335938,1014,160,928,160,86,0.07206809520721436,0.6709845751523972,1.504651427268982,0.07097082011640385,-0.5399621970259484,1.4671713551180356,146.68
84,11,948,148,974,183,1051.1309814453125,963.1541137695312,546.8471069335938,961,165,869,164,92,0.0035954504273831844,0.6641433477401734,1.4022639393806458,-0.0028106273186307117,-0.4982234111623563,1.3714862667407726,137.07
84,12,983,160,1010,194,1051.1309814453125,963.1541137695312,546.8471069335938,996,177,900,178,96,0.04737662896513939,0.6685086578130722,1.3705594539642334,0.041070709455723886,-0.46245922443155507,1.3143410056265736,135.07
85,0,820,167,859,205,1051.1309814453125,963.1541137695312,546.8471069335938,839,186,734,184,105,-0.1452631577849388,0.6626197785139084,1.276292324066162,-0.14193655786006534,-0.4125308031837968,1.2016832051442958,126.32
85,1,1119,166,1148,201,1051.1309814453125,963.1541137695312,546.8471069335938,1133,183,1037,180,96,0.2648635804653168,0.7039629757404328,1.6526756286621094,0.2123763991836114,-0.4549567854653702,1.3143410056265736,165.36
85,2,1068,150,1098,188,1051.1309814453125,963.1541137695312,546.8471069335938,1083,169,992,167,91,0.1614774614572525,0.6799864411354065,1.4649579524993896,0.15808992471075614,-0.4984219531109994,1.3865575443972644,144.8
85,4,1007,171,1040,208,1051.1309814453125,963.1541137695312,546.8471069335938,1023,189,915,188,108,0.06883307546377182,0.6709918916225434,1.381654977798462,0.0665170531587162,-0.3977371968881647,1.16830311611251,137.08
85,5,927,167,957,203,1051.1309814453125,963.1541137695312,546.8471069335938,942,185,842,183,100,-0.02622487861663103,0.6671387642621994,1.3151823282241821,-0.025393191590342215,-0.43435773357757623,1.2617673654015107,128.65
85,7,1127,146,1159,178,1051.1309814453125,963.1541137695312,546.8471069335938,1143,162,1059,163,84,0.2626042366027832,0.7026585578918457,1.653428554534912,0.25700624471686034,-0.5499603678251626,1.50210400643037,165.48
85,8,898,156,928,195,1051.1309814453125,963.1541137695312,546.8471069335938,913,175,816,175,97,-0.06328389793634415,0.6633936405181885,1.333974838256836,-0.0620665034983917,-0.4601666349726516,1.300791098352073,130.09
85,9,842,142,875,174,1051.1309814453125,963.1541137695312,546.8471069335938,858,158,774,157,84,-0.10949287563562393,0.6445875108242035,1.3328975439071655,-0.1502690134474603,-0.5556765117993986,1.50210400643037,129.95
85,10,1000,144,1029,176,1051.1309814453125,963.1541137695312,546.8471069335938,1014,160,928,160,86,0.07084420323371887,0.669087940454483,1.4849241971969604,0.07097082011640385,-0.5399621970259484,1.4671713551180356,145.48
85,11,945,146,970,183,1051.1309814453125,963.1541137695312,546.8471069335938,957,164,869,164,88,-0.00020034133922308683,0.6642611265182495,1.42057204246521,-0.00839470235397564,-0.5222340096635879,1.4338265515926258,137.74
85,12,984,161,1010,195,1051.1309814453125,963.1541137695312,546.8471069335938,997,178,901,178,96,0.050329726189374924,0.6687551081180573,1.3802765607833862,0.04232111595008803,-0.46120881793719093,1.3143410056265736,136.09
86,0,819,167,859,205,1051.1309814453125,963.1541137695312,546.8471069335938,839,186,734,185,105,-0.151408813893795,0.6656388431787491,1.304042398929596,-0.14193655786006534,-0.4125308031837968,1.2016832051442958,131.17
86,1,1119,166,1149,200,1051.1309814453125,963.1541137695312,546.8471069335938,1134,183,1036,180,98,0.21379268169403076,0.6892400026321411,1.486405372619629,0.20926707494985358,-0.4456719531089341,1.2875177197974599,147.6
86,2,927,167,957,203,1051.1309814453125,963.1541137695312,546.8471069335938,942,185,842,183,100,-0.02546538133174181,0.671649107336998,1.3351417779922485,-0.025393191590342215,-0.43435773357757623,1.2617673654015107,131.49
86,4,1068,149,1098,188,1051.1309814453125,963.1541137695312,546.8471069335938,1083,168,992,166,91,0.16024397313594818,0.6800483107566834,1.4649556875228882,0.15808992471075614,-0.49974106325890005,1.3865575443972644,144.88
86,6,898,156,929,194,1051.1309814453125,963.1541137695312,546.8471069335938,913,175,814,175,99,-0.06329493224620819,0.6638456225395203,1.3375822305679321,-0.060812634740848415,-0.45087033931663834,1.2745124903045562,130.51
86,8,841,141,875,174,1051.1309814453125,963.1541137695312,546.8471069335938,858,157,774,157,84,-0.1490156352519989,0.6654545456171036,1.4564371705055237,-0.1502690134474603,-0.5571055477929576,1.50210400643037,141.99
86,9,1005,170,1037,207,1051.1309814453125,963.1541137695312,546.8471069335938,1021,188,916,188,105,0.06681723892688751,0.6762271761894226,1.3861522674560547,0.06613108280212794,-0.41024434559410233,1.2016832051442958,138.62
86,10,1001,146,1032,176,1051.1309814453125,963.1541137695312,546.8471069335938,1016,161,928,161,88,0.07410226762294769,0.673224949836731,1.5183151960372925,0.07208600655600735,-0.5263262490996887,1.4338265515926258,146.96
86,11,945,147,971,183,1051.1309814453125,963.1541137695312,546.8471069335938,958,165,869,164,89,-0.0015096269780769944,0.6652508020401001,1.4305715560913086,-0.006951626783043803,-0.5150174587296267,1.4177161409005739,139.33
86,12,984,163,1011,196,1051.1309814453125,963.1541137695312,546.8471069335938,997,179,901,178,96,0.04437069594860077,0.6694024443626404,1.3892792463302612,0.04232111595008803,-0.4599584114428268,1.3143410056265736,136.29
87,0,1068,148,1098,188,1051.1309814453125,963.1541137695312,546.8471069335938,1083,168,992,167,91,0.16401200741529465,0.6776445150375366,1.4613630771636963,0.15808992471075614,-0.49974106325890005,1.3865575443972644,144.06
87,1,819,167,858,205,1051.1309814453125,963.1541137695312,546.8471069335938,838,186,734,185,104,-0.1535472571849823,0.6702342867851258,1.3115472197532654,-0.14445555383428674,-0.4164974455221026,1.2132378513476065,134.04
87,4,927,167,958,204,1051.1309814453125,963.1541137695312,546.8471069335938,942,185,842,183,100,-0.02548804134130478,0.6675416767597199,1.3166176080703735,-0.025393191590342215,-0.43435773357757623,1.2617673654015107,129.05
87,6,898,156,928,195,1051.1309814453125,963.1541137695312,546.8471069335938,913,175,816,175,97,-0.0632455013692379,0.6647153288125992,1.3403304815292358,-0.0620665034983917,-0.4601666349726516,1.300791098352073,130.72
87,8,1006,171,1039,208,1051.1309814453125,963.1541137695312,546.8471069335938,1022,189,917,188,105,0.06532958149909973,0.6678627073764801,1.3369592428207397,0.06727431159697515,-0.40910111679925515,1.2016832051442958,134.18
87,9,842,141,875,174,1051.1309814453125,963.1541137695312,546.8471069335938,858,157,774,157,84,-0.14006264507770538,0.6777239680290222,1.553804337978363,-0.1502690134474603,-0.5571055477929576,1.50210400643037,149.3
87,10,1001,145,1031,176,1051.1309814453125,963.1541137695312,546.8471069335938,1016,160,928,160,88,0.06745189428329468,0.6681314051151276,1.4919103384017944,0.07208600655600735,-0.5276903289117224,1.4338265515926258,145.87
87,11,945,147,970,184,1051.1309814453125,963.1541137695312,546.8471069335938,957,165,869,164,88,0.0010726870968937874,0.6634109556674957,1.4090160131454468,-0.00839470235397564,-0.5208699298515542,1.4338265515926258,136.51
87,12,984,161,1011,194,1051.1309814453125,963.1541137695312,546.8471069335938,997,177,899,178,98,0.05159162916243076,0.668480122089386,1.3811281323432922,0.04145741970620868,-0.453021281075809,1.2875177197974599,136.22
88,0,1068,149,1098,188,1051.1309814453125,963.1541137695312,546.8471069335938,1083,168,993,166,90,0.16094151139259338,0.6803542166948319,1.466018557548523,0.15984647942976457,-0.5052937417395545,1.401963739335012,144.98
88,1,820,167,859,205,1051.1309814453125,963.1541137695312,546.8471069335938,839,186,734,185,105,-0.1465234011411667,0.6626688331365586,1.2816967964172363,-0.14193655786006534,-0.4125308031837968,1.2016832051442958,126.47
88,2,1119,165,1149,200,1051.1309814453125,963.1541137695312,546.8471069335938,1134,182,1037,180,97,0.25854113698005676,0.6885482162237168,1.5901952981948853,0.21142446747510982,-0.45150402503231446,1.300791098352073,162.19
88,3,927,167,958,203,1051.1309814453125,963.1541137695312,546.8471069335938,942,185,841,183,101,-0.024540895596146584,0.6688818871974945,1.3188576698303223,-0.025141773851823975,-0.43005716195799637,1.2492746192094166,129.62
88,5,1126,146,1159,179,1051.1309814453125,963.1541137695312,546.8471069335938,1142,162,1058,163,84,0.25998303294181824,0.6878121435642243,1.5930603742599487,0.25557720872330136,-0.5499603678251626,1.50210400643037,159.11
88,6,1007,171,1040,208,1051.1309814453125,963.1541137695312,546.8471069335938,1023,189,915,188,108,0.06842316687107086,0.6766484022140503,1.3704144954681396,0.0665170531587162,-0.3977371968881647,1.16830311611251,138.18
88,8,842,141,875,175,1051.1309814453125,963.1541137695312,546.8471069335938,858,158,774,157,84,-0.1386501044034958,0.6749230861663819,1.537784218788147,-0.1502690134474603,-0.5556765117993986,1.50210400643037,146.31
88,9,897,156,928,195,1051.1309814453125,963.1541137695312,546.8471069335938,912,175,815,174,97,-0.062094924971461296,0.6623343765735626,1.3336604833602905,-0.06330401920415414,-0.4601666349726516,1.300791098352073,130.06
88,10,1000,145,1029,176,1051.1309814453125,963.1541137695312,546.8471069335938,1014,160,929,160,85,0.07092230021953583,0.668557220697403,1.4943172335624695,0.07180577094130271,-0.5463146934615479,1.4844321945900125,146.01
88,11,945,146,971,184,1051.1309814453125,963.1541137695312,546.8471069335938,958,165,869,164,89,-0.0001978479340323247,0.6648946046829224,1.4238831400871277,-0.006951626783043803,-0.5150174587296267,1.4177161409005739,137.72
88,12,984,160,1011,194,1051.1309814453125,963.1541137695312,546.8471069335938,997,177,901,178,96,0.05044662579894066,0.6688775509595871,1.3759112358093262,0.04232111595008803,-0.46245922443155507,1.3143410056265736,135.69
89,0,820,167,859,205,1051.1309814453125,963.1541137695312,546.8471069335938,839,186,735,184,104,-0.14300331473350525,0.6621417045593262,1.2870537042617798,-0.1433013324548737,-0.4164974455221026,1.2132378513476065,126.64
89,1,1068,149,1098,188,1051.1309814453125,963.1541137695312,546.8471069335938,1083,168,992,166,91,0.1614435464143753,0.6795687913894654,1.4632766246795654,0.15808992471075614,-0.49974106325890005,1.3865575443972644,144.67
89,4,927,167,957,203,1051.1309814453125,963.1541137695312,546.8471069335938,942,185,842,182,100,-0.026263365522027016,0.6662958949804306,1.313607096672058,-0.025393191590342215,-0.43435773357757623,1.2617673654015107,128.41
89,5,1006,171,1040,207,1051.1309814453125,963.1541137695312,546.8471069335938,1023,189,915,188,108,0.072468101978302,0.6826691567897797,1.398470163345337,0.0665170531587162,-0.3977371968881647,1.16830311611251,140.29
89,8,898,156,928,194,1051.1309814453125,963.1541137695312,546.8471069335938,913,175,815,175,98,-0.06322067603468895,0.6630685269832611,1.333960771560669,-0.06143317183004075,-0.45547105706476737,1.2875177197974599,130.17
89,9,843,141,876,174,1051.1309814453125,963.1541137695312,546.8471069335938,859,157,775,158,84,-0.10884004458785057,0.6450865209102631,1.3326640129089355,-0.1488399774539013,-0.5571055477929576,1.50210400643037,130.07
89,10,1000,145,1029,176,1051.1309814453125,963.1541137695312,546.8471069335938,1014,160,928,160,86,0.07146847993135452,0.6710125744342804,1.4998224973678589,0.07097082011640385,-0.5399621970259484,1.4671713551180356,147.02
89,11,948,148,974,183,1051.1309814453125,963.1541137695312,546.8471069335938,961,165,869,164,92,0.0016983310924842954,0.6615455836057663,1.4005645513534546,-0.0028106273186307117,-0.4982234111623563,1.3714862667407726,136.01
89,12,984,160,1011,193,1051.1309814453125,963.1541137695312,546.8471069335938,997,176,901,178,96,0.05184660851955414,0.6702191472053528,1.386882722377777,0.04232111595008803,-0.4637096309259192,1.3143410056265736,136.89
90,0,1068,148,1098,187,1051.1309814453125,963.1541137695312,546.8471069335938,1083,167,992,167,91,0.1601233333349228,0.6789786756038666,1.4629671573638916,0.15808992471075614,-0.5010601734068006,1.3865575443972644,144.53
90,1,1119,166,1149,201,1051.1309814453125,963.1541137695312,546.8471069335938,1134,183,1036,180,98,0.21496503055095673,0.6824687659740448,1.414697289466858,0.20926707494985358,-0.4456719531089341,1.2875177197974599,140.31
90,3,927,167,957,202,1051.1309814453125,963.1541137695312,546.8471069335938,942,184,842,183,100,-0.026136593893170357,0.6659570127725601,1.3138599395751953,-0.025393191590342215,-0.4355581238121658,1.2617673654015107,128.32
90,4,820,168,859,205,1051.1309814453125,963.1541137695312,546.8471069335938,839,186,734,184,105,-0.14917883276939392,0.6660439908504486,1.293916940689087,-0.14193655786006534,-0.4125308031837968,1.2016832051442958,130.69
90,5,1007,171,1040,208,1051.1309814453125,963.1541137695312,546.8471069335938,1023,189,916,188,107,0.07987923175096512,0.6878492325544358,1.4521284699440002,0.06713870786113411,-0.40145436695254016,1.1792218368238419,143.6
90,8,897,157,928,194,1051.1309814453125,963.1541137695312,546.8471069335938,912,175,815,175,97,-0.062040653079748154,0.6630777955055237,1.3465322256088257,-0.06330401920415414,-0.4601666349726516,1.300791098352073,130.73
90,9,843,140,876,174,1051.1309814453125,963.1541137695312,546.8471069335938,859,157,774,157,85,-0.14711858332157135,0.6749900817871094,1.5446140766143799,-0.1470889188956201,-0.5505513648777464,1.4844321945900125,149.75
90,10,1000,144,1030,176,1051.1309814453125,963.1541137695312,546.8471069335938,1015,160,928,160,87,0.07346236705780029,0.6745101302862168,1.5177285075187683,0.07153482245367458,-0.5337557349911675,1.4503073165534606,148.49
90,11,947,148,974,183,1051.1309814453125,963.1541137695312,546.8471069335938,960,165,869,165,91,-0.00019902136409655213,0.6611700743436814,1.3963951468467712,-0.004160623481021793,-0.5036983937026019,1.3865575443972644,135.59
90,12,983,161,1011,194,1051.1309814453125,963.1541137695312,546.8471069335938,997,177,900,178,97,0.05011148378252983,0.6707456797361374,1.3964884877204895,0.04188481578565414,-0.4576916035611267,1.300791098352073,137.17
91,0,1067,149,1098,188,1051.1309814453125,963.1541137695312,546.8471069335938,1082,168,993,167,89,0.15991467237472534,0.6770184129476547,1.4576138257980347,0.1602937542159534,-0.5109711995119091,1.4177161409005739,143.02
91,1,819,167,859,205,1051.1309814453125,963.1541137695312,546.8471069335938,839,186,734,185,105,-0.1552630215883255,0.6726746648550034,1.3144410252571106,-0.14193655786006534,-0.4125308031837968,1.2016832051442958,136.88
91,2,1119,165,1150,201,1051.1309814453125,963.1541137695312,546.8471069335938,1134,183,1037,180,97,0.21745217591524124,0.6790882289409638,1.4027507305145264,0.21142446747510982,-0.450266509326552,1.300791098352073,139.55
91,4,927,167,958,203,1051.1309814453125,963.1541137695312,546.8471069335938,942,185,843,182,99,-0.027028698474168777,0.6698136121034622,1.3372995257377625,-0.025649688475093142,-0.43874518543189517,1.2745124903045562,131.04
91,6,1126,146,1158,180,1051.1309814453125,963.1541137695312,546.8471069335938,1142,163,1058,163,84,0.23663444817066193,0.6782004177570343,1.475708246231079,0.25557720872330136,-0.5485313318316035,1.50210400643037,146.67
91,7,897,155,928,194,1051.1309814453125,963.1541137695312,546.8471069335938,912,174,816,175,96,-0.06469418853521347,0.6650801837444306,1.3492275476455688,-0.06396343607086408,-0.4662104439146475,1.3143410056265736,131.7
91,8,1005,171,1038,208,1051.1309814453125,963.1541137695312,546.8471069335938,1021,189,916,187,105,0.06510652601718903,0.668134281039238,1.3428816199302673,0.06613108280212794,-0.40910111679925515,1.2016832051442958,134.08
91,9,945,147,971,183,1051.1309814453125,963.1541137695312,546.8471069335938,958,165,869,165,89,0.002341358456760645,0.6638647854328156,1.4007680416107178,-0.006951626783043803,-0.5150174587296267,1.4177161409005739,136.91
91,10,841,141,876,174,1051.1309814453125,963.1541137695312,546.8471069335938,858,157,774,158,84,-0.14976458251476288,0.675403380393982,1.5394526720046997,-0.1502690134474603,-0.5571055477929576,1.50210400643037,157.24
91,11,1001,144,1031,176,1051.1309814453125,963.1541137695312,546.8471069335938,1016,160,929,160,87,0.06907093524932861,0.6684065997600556,1.4908968210220337,0.07291458134400744,-0.5337557349911675,1.4503073165534606,145.42
91,12,984,160,1010,194,1051.1309814453125,963.1541137695312,546.8471069335938,997,177,900,178,97,0.0476674921810627,0.6680251151323319,1.3783096671104431,0.04188481578565414,-0.4576916035611267,1.300791098352073,135.54
92,0,819,167,859,205,1051.1309814453125,963.1541137695312,546.8471069335938,839,186,734,184,105,-0.14756621420383453,0.6624606192111969,1.2859889268875122,-0.14193655786006534,-0.4125308031837968,1.2016832051442958,128.5
92,2,1119,166,1149,201,1051.1309814453125,963.1541137695312,546.8471069335938,1134,183,1037,179,97,0.3273961991071701,0.7582835495471955,1.990454375743866,0.21142446747510982,-0.450266509326552,1.300791098352073,200.93
92,3,1068,150,1097,189,1051.1309814453125,963.1541137695312,546.8471069335938,1082,169,992,167,90,0.16173940896987915,0.6815323173999787,1.4685271978378296,0.1585127125024428,-0.5039599748122328,1.401963739335012,145.35
92,4,927,166,957,203,1051.1309814453125,963.1541137695312,546.8471069335938,942,184,842,182,100,-0.026362141594290733,0.6678965628147125,1.3212374448776245,-0.025393191590342215,-0.4355581238121658,1.2617673654015107,129.03
92,6,1127,147,1159,180,1051.1309814453125,963.1541137695312,546.8471069335938,1143,163,1058,164,85,0.3273961842060089,0.7574995994567871,1.990906834602356,0.2539826418378385,-0.5420780220453493,1.4844321945900125,201.17
92,7,1006,171,1039,208,1051.1309814453125,963.1541137695312,546.8471069335938,1022,189,916,188,106,0.0711163692176342,0.6785521894693375,1.380483329296112,0.06663964828002257,-0.405241672301149,1.1903465711335006,138.03
92,8,842,141,875,174,1051.1309814453125,963.1541137695312,546.8471069335938,858,157,774,157,84,-0.10948040708899498,0.6445482015609741,1.3325796127319336,-0.1502690134474603,-0.5571055477929576,1.50210400643037,129.91
92,9,897,156,928,195,1051.1309814453125,963.1541137695312,546.8471069335938,912,175,816,176,96,-0.06453094631433487,0.6640426754951477,1.336225152015686,-0.06396343607086408,-0.46496003742028336,1.3143410056265736,130.48
92,10,1000,144,1030,176,1051.1309814453125,963.1541137695312,546.8471069335938,1015,160,928,160,87,0.07052183896303177,0.6684174180030823,1.483095407485962,0.07153482245367458,-0.5337557349911675,1.4503073165534606,145.75
92,11,945,146,971,184,1051.1309814453125,963.1541137695312,546.8471069335938,958,165,869,165,89,-0.001421815250068903,0.6602224946022034,1.3890560865402222,-0.006951626783043803,-0.5150174587296267,1.4177161409005739,135.07
92,12,983,160,1010,195,1051.1309814453125,963.1541137695312,546.8471069335938,996,177,900,178,96,0.04882441833615303,0.6671226263046265,1.3607054948806763,0.041070709455723886,-0.46245922443155507,1.3143410056265736,133.98
93,0,820,167,859,205,1051.1309814453125,963.1541137695312,546.8471069335938,839,186,734,185,105,-0.1592315062880516,0.6781448364257813,1.3922662734985352,-0.14193655786006534,-0.4125308031837968,1.2016832051442958,139.31
93,1,1068,148,1098,188,1051.1309814453125,963.1541137695312,546.8471069335938,1083,168,992,166,91,0.16028983891010284,0.6794685363769531,1.4641717672348022,0.15808992471075614,-0.49974106325890005,1.3865575443972644,144.66
93,2,1119,166,1149,201,1051.1309814453125,963.1541137695312,546.8471069335938,1134,183,1036,180,98,0.21594920754432678,0.6855925858020783,1.4430668354034424,0.20926707494985358,-0.4456719531089341,1.2875177197974599,143.56
93,3,926,166,957,203,1051.1309814453125,963.1541137695312,546.8471069335938,941,184,842,183,99,-0.029545056633651257,0.6707960903644562,1.3446226119995117,-0.026862203863567462,-0.4399577008203695,1.2745124903045562,131.48
93,7,1007,171,1040,208,1051.1309814453125,963.1541137695312,546.8471069335938,1023,189,916,188,107,0.06872459501028061,0.6694368660449982,1.3476552963256836,0.06713870786113411,-0.40145436695254016,1.1792218368238419,133.25
93,8,842,140,876,174,1051.1309814453125,963.1541137695312,546.8471069335938,859,157,774,158,85,-0.13944662362337112,0.6635174989700318,1.4453557133674622,-0.1470889188956201,-0.5505513648777464,1.4844321945900125,144.42
93,9,898,155,928,194,1051.1309814453125,963.1541137695312,546.8471069335938,913,174,816,175,97,-0.06475834175944328,0.6682432532310486,1.3653990626335144,-0.0620665034983917,-0.461404150678414,1.300791098352073,133.82
93,10,1002,145,1030,176,1051.1309814453125,963.1541137695312,546.8471069335938,1016,160,928,159,88,0.0671728327870369,0.6625352740287781,1.4559270143508911,0.07208600655600735,-0.5276903289117224,1.4338265515926258,142.24
93,11,948,149,974,183,1051.1309814453125,963.1541137695312,546.8471069335938,961,166,869,164,92,0.002343235071748495,0.6643254697322846,1.4063963890075684,-0.0028106273186307117,-0.49691863916823725,1.3714862667407726,137.51
93,12,984,161,1011,194,1051.1309814453125,963.1541137695312,546.8471069335938,997,177,900,179,97,0.04976095072925091,0.6668069750070572,1.3662733435630798,0.04188481578565414,-0.4576916035611267,1.300791098352073,134.55
94,0,820,167,858,205,1051.1309814453125,963.1541137695312,546.8471069335938,839,186,734,184,105,-0.14863647520542145,0.6632295787334442,1.2790030241012573,-0.14193655786006534,-0.4125308031837968,1.2016832051442958,127.82
94,1,1068,149,1098,188,1051.1309814453125,963.1541137695312,546.8471069335938,1083,168,992,167,91,0.1600572019815445,0.6804898917675019,1.4696377515792847,0.15808992471075614,-0.49974106325890005,1.3865575443972644,145.87
94,4,927,167,957,203,1051.1309814453125,963.1541137695312,546.8471069335938,942,185,842,183,100,-0.026326394639909267,0.666884908080101,1.3167133331298828,-0.025393191590342215,-0.43435773357757623,1.2617673654015107,128.68
94,6,898,157,928,194,1051.1309814453125,963.1541137695312,546.8471069335938,913,175,816,175,97,-0.06312123313546181,0.6624182403087616,1.3314552307128906,-0.0620665034983917,-0.4601666349726516,1.300791098352073,129.84
94,9,1006,171,1039,208,1051.1309814453125,963.1541137695312,546.8471069335938,1022,189,915,187,107,0.07578547671437263,0.6862096130847931,1.4265162348747253,0.0660168478288074,-0.40145436695254016,1.1792218368238419,140.86
94,10,945,147,971,183,1051.1309814453125,963.1541137695312,546.8471069335938,958,165,869,165,89,0.002341333543881774,0.661021375656128,1.382141351699829,-0.006951626783043803,-0.5150174587296267,1.4177161409005739,135.09
94,11,1001,145,1030,176,1051.1309814453125,963.1541137695312,546.8471069335938,1015,160,928,160,87,0.07548985630273819,0.6718192338943482,1.4992284774780273,0.07153482245367458,-0.5337557349911675,1.4503073165534606,145.07
94,12,984,160,1010,194,1051.1309814453125,963.1541137695312,546.8471069335938,997,177,901,179,96,0.0497097410261631,0.6673941850662232,1.3635517358779907,0.04232111595008803,-0.46245922443155507,1.3143410056265736,134.09
95,0,820,167,859,204,1051.1309814453125,963.1541137695312,546.8471069335938,839,185,734,185,105,-0.15201247483491898,0.6621752619743347,1.2716096639633179,-0.14193655786006534,-0.413674031978644,1.2016832051442958,131.87
95,1,1068,150,1098,188,1051.1309814453125,963.1541137695312,546.8471069335938,1083,169,992,167,91,0.16297201812267303,0.6799984514713288,1.4671233892440796,0.15808992471075614,-0.4984219531109994,1.3865575443972644,145.53
95,3,927,166,957,203,1051.1309814453125,963.1541137695312,546.8471069335938,942,184,842,183,100,-0.02621842734515667,0.6670921236276627,1.3157871961593628,-0.025393191590342215,-0.4355581238121658,1.2617673654015107,128.64
95,7,1006,170,1038,207,1051.1309814453125,963.1541137695312,546.8471069335938,1022,188,916,188,106,0.06311384588479996,0.6660729885101319,1.3322181701660156,0.06663964828002257,-0.40637411591868633,1.1903465711335006,131.2
95,8,842,141,875,174,1051.1309814453125,963.1541137695312,546.8471069335938,858,157,774,156,84,-0.10869144275784492,0.6428594678640366,1.3231344819068909,-0.1502690134474603,-0.5571055477929576,1.50210400643037,128.89
95,9,897,156,928,195,1051.1309814453125,963.1541137695312,546.8471069335938,912,175,815,175,97,-0.06377743184566498,0.6615040838718415,1.3236219882965088,-0.06330401920415414,-0.4601666349726516,1.300791098352073,129.25
95,10,1001,145,1031,176,1051.1309814453125,963.1541137695312,546.8471069335938,1016,160,928,159,88,0.05835952237248421,0.658570209145546,1.4000977873802185,0.07208600655600735,-0.5276903289117224,1.4338265515926258,136.98
95,11,983,161,1010,195,1051.1309814453125,963.1541137695312,546.8471069335938,996,178,901,178,95,0.046981094405055046,0.6680459767580033,1.3582575917243958,0.04150303271315256,-0.4660636475996877,1.3281761741068534,132.97
95,12,947,147,974,183,1051.1309814453125,963.1541137695312,546.8471069335938,960,165,869,164,91,0.004824821837246418,0.6608077228069306,1.3749937415122986,-0.004160623481021793,-0.5036983937026019,1.3865575443972644,134.92
96,1,1119,166,1149,200,1051.1309814453125,963.1541137695312,546.8471069335938,1134,183,1036,180,98,0.26344946026802063,0.7101248741149903,1.6393570303916931,0.20926707494985358,-0.4456719531089341,1.2875177197974599,164.09
96,2,1068,150,1098,188,1051.1309814453125,963.1541137695312,546.8471069335938,1083,169,992,166,91,0.1618310809135437,0.6765612602233887,1.4627406597137451,0.15808992471075614,-0.4984219531109994,1.3865575443972644,144.24
96,3,927,167,958,203,1051.1309814453125,963.1541137695312,546.8471069335938,942,185,842,183,100,-0.026850292459130287,0.6665982842445374,1.3281931281089783,-0.025393191590342215,-0.43435773357757623,1.2617673654015107,131.16
96,4,821,167,859,205,1051.1309814453125,963.1541137695312,546.8471069335938,840,186,734,185,106,-0.14834871888160706,0.6621182799339295,1.2708665132522583,-0.13946509011177266,-0.408639003153761,1.1903465711335006,128.85
96,5,1126,146,1159,179,1051.1309814453125,963.1541137695312,546.8471069335938,1142,162,1057,163,85,0.26344946026802063,0.7081786930561066,1.6404807567596436,0.25257041803243896,-0.5434902458507488,1.4844321945900125,164.18
96,7,1006,172,1039,208,1051.1309814453125,963.1541137695312,546.8471069335938,1022,190,917,188,105,0.06730010360479355,0.6669071406126023,1.3596011400222778,0.06727431159697515,-0.4079578880044079,1.2016832051442958,135.72
96,8,897,156,928,194,1051.1309814453125,963.1541137695312,546.8471069335938,912,175,815,175,97,-0.05840525031089783,0.6602114975452423,1.3450262546539307,-0.06330401920415414,-0.4601666349726516,1.300791098352073,130.46
96,9,1000,146,1031,177,1051.1309814453125,963.1541137695312,546.8471069335938,1015,161,928,160,87,0.06883921474218369,0.6668846845626831,1.4849261045455933,0.07153482245367458,-0.5323759761008346,1.4503073165534606,144.25
96,11,945,146,971,183,1051.1309814453125,963.1541137695312,546.8471069335938,958,164,869,165,89,-0.0015115959686227143,0.6638855427503586,1.4277005195617676,-0.006951626783043803,-0.5163662118021993,1.4177161409005739,138.49
96,12,984,161,1010,194,1051.1309814453125,963.1541137695312,546.8471069335938,997,177,899,177,98,0.04364812187850475,0.664505222439766,1.3814669847488403,0.04145741970620868,-0.453021281075809,1.2875177197974599,135.17
97,0,819,167,858,205,1051.1309814453125,963.1541137695312,546.8471069335938,838,186,734,185,104,-0.1495075672864914,0.663908714056015,1.2879891395568848,-0.14445555383428674,-0.4164974455221026,1.2132378513476065,128.75
97,1,1068,149,1098,188,1051.1309814453125,963.1541137695312,546.8471069335938,1083,168,992,166,91,0.16293831169605255,0.6780497819185257,1.463787019252777,0.15808992471075614,-0.49974106325890005,1.3865575443972644,144.45
97,3,927,167,957,203,1051.1309814453125,963.1541137695312,546.8471069335938,942,185,842,183,100,-0.027000827714800835,0.6690038979053498,1.3263700008392334,-0.025393191590342215,-0.43435773357757623,1.2617673654015107,129.81
97,6,1007,170,1039,208,1051.1309814453125,963.1541137695312,546.8471069335938,1023,189,916,188,107,0.06919266283512115,0.6741179019212723,1.3823623657226562,0.06713870786113411,-0.40145436695254016,1.1792218368238419,138.42
97,8,843,141,875,174,1051.1309814453125,963.1541137695312,546.8471069335938,859,157,774,157,85,-0.13829347491264343,0.6702953964471817,1.518409550189972,-0.1470889188956201,-0.5505513648777464,1.4844321945900125,144.24
97,9,898,156,928,194,1051.1309814453125,963.1541137695312,546.8471069335938,913,175,815,174,98,-0.06331674382090569,0.6633859217166901,1.336210310459137,-0.06143317183004075,-0.45547105706476737,1.2875177197974599,130.32
97,10,1000,144,1029,175,1051.1309814453125,963.1541137695312,546.8471069335938,1014,159,928,160,86,0.07323901727795601,0.6717854082584381,1.5062442421913147,0.07097082011640385,-0.5413579996243084,1.4671713551180356,147.97
97,11,948,148,974,184,1051.1309814453125,963.1541137695312,546.8471069335938,961,166,869,165,92,0.003599278978072107,0.6625608742237091,1.389315128326416,-0.0028106273186307117,-0.49691863916823725,1.3714862667407726,136.15
97,12,984,161,1009,194,1051.1309814453125,963.1541137695312,546.8471069335938,996,177,901,178,95,0.04783439449965954,0.6708424627780915,1.3784363269805908,0.04150303271315256,-0.4673272162676767,1.3281761741068534,135.53
98,0,820,167,859,205,1051.1309814453125,963.1541137695312,546.8471069335938,839,186,734,185,105,-0.1481645554304123,0.6663451731204987,1.3014670610427856,-0.14193655786006534,-0.4125308031837968,1.2016832051442958,130.66
98,1,1119,166,1149,200,1051.1309814453125,963.1541137695312,546.8471069335938,1134,183,1036,180,98,0.27297793328762054,0.7071761876344681,1.6722728610038757,0.20926707494985358,-0.4456719531089341,1.2875177197974599,167.79
98,3,1068,149,1098,188,1051.1309814453125,963.1541137695312,546.8471069335938,1083,168,992,167,91,0.16019272804260254,0.6740354835987091,1.46298086643219,0.15808992471075614,-0.49974106325890005,1.3865575443972644,144.21
98,4,927,167,958,203,1051.1309814453125,963.1541137695312,546.8471069335938,942,185,842,183,100,-0.028280343860387802,0.6682917714118958,1.3386433124542236,-0.025393191590342215,-0.43435773357757623,1.2617673654015107,131.79
98,5,1126,147,1159,179,1051.1309814453125,963.1541137695312,546.8471069335938,1142,163,1058,162,84,0.2709844410419464,0.7069413304328919,1.6712020635604858,0.25557720872330136,-0.5485313318316035,1.50210400643037,167.33
98,7,1007,170,1039,208,1051.1309814453125,963.1541137695312,546.8471069335938,1023,189,916,188,107,0.0648193359375,0.6751528769731522,1.3596451878547668,0.06713870786113411,-0.40145436695254016,1.1792218368238419,135.0
98,8,842,141,875,174,1051.1309814453125,963.1541137695312,546.8471069335938,858,157,774,157,84,-0.14264650642871857,0.6674931287765503,1.4597011804580688,-0.1502690134474603,-0.5571055477929576,1.50210400643037,145.01
98,9,897,156,928,194,1051.1309814453125,963.1541137695312,546.8471069335938,912,175,815,175,97,-0.061031680554151535,0.6639267146587372,1.350647211074829,-0.06330401920415414,-0.4601666349726516,1.300791098352073,131.78
98,10,947,149,974,183,1051.1309814453125,963.1541137695312,546.8471069335938,960,166,869,164,91,0.002388441003859043,0.6643478810787201,1.4153038263320923,-0.004160623481021793,-0.5023792835547013,1.3865575443972644,137.81
98,11,1000,145,1030,175,1051.1309814453125,963.1541137695312,546.8471069335938,1015,160,928,160,87,0.05889776349067688,0.6638998627662659,1.4408951997756958,0.07153482245367458,-0.5337557349911675,1.4503073165534606,140.73
98,12,984,160,1011,194,1051.1309814453125,963.1541137695312,546.8471069335938,997,177,899,178,98,0.05035828612744808,0.6704047113656998,1.379665195941925,0.04145741970620868,-0.453021281075809,1.2875177197974599,135.54
99,0,820,166,859,205,1051.1309814453125,963.1541137695312,546.8471069335938,839,185,734,185,105,-0.14758893102407455,0.6634471207857132,1.3084973692893982,-0.14193655786006534,-0.413674031978644,1.2016832051442958,129.43
99,2,927,167,957,203,1051.1309814453125,963.1541137695312,546.8471069335938,942,185,842,183,100,-0.027054053731262684,0.670135447382927,1.3279585242271423,-0.025393191590342215,-0.43435773357757623,1.2617673654015107,130.38
99,4,1068,150,1098,189,1051.1309814453125,963.1541137695312,546.8471069335938,1083,169,992,167,91,0.1640986055135727,0.6788578271865845,1.461809754371643,0.15808992471075614,-0.4984219531109994,1.3865575443972644,144.45
99,6,897,156,928,194,1051.1309814453125,963.1541137695312,546.8471069335938,912,175,814,175,98,-0.06449510157108307,0.6642603516578675,1.3419979810714722,-0.06265805982451991,-0.45547105706476737,1.2875177197974599,130.71
99,7,842,141,875,174,1051.1309814453125,963.1541137695312,546.8471069335938,858,157,774,157,84,-0.11032163724303246,0.646407300233841,1.3429864048957825,-0.1502690134474603,-0.5571055477929576,1.50210400643037,131.01
99,9,1006,171,1039,208,1051.1309814453125,963.1541137695312,546.8471069335938,1022,189,916,188,106,0.06796221807599068,0.673689404129982,1.3747763633728027,0.06663964828002257,-0.405241672301149,1.1903465711335006,137.56
99,10,945,146,971,182,1051.1309814453125,963.1541137695312,546.8471069335938,958,164,869,164,89,0.00044331374374451116,0.6663435339927674,1.4265424013137817,-0.006951626783043803,-0.5163662118021993,1.4177161409005739,139.29
99,11,1000,144,1029,175,1051.1309814453125,963.1541137695312,546.8471069335938,1014,159,929,159,85,0.0690886415541172,0.668133670091629,1.5030686259269714,0.07180577094130271,-0.5477269172669473,1.4844321945900125,145.92
99,12,983,160,1010,194,1051.1309814453125,963.1541137695312,546.8471069335938,996,177,901,178,95,0.05011871084570885,0.6678731977939606,1.381567120552063,0.04150303271315256,-0.4673272162676767,1.3281761741068534,136.7
100,0,1067,149,1098,188,1051.1309814453125,963.1541137695312,546.8471069335938,1082,168,992,167,90,0.1613524705171585,0.6788284718990326,1.4616811275482178,0.1585127125024428,-0.5052937417395545,1.401963739335012,144.3
100,1,820,167,859,205,1051.1309814453125,963.1541137695312,546.8471069335938,839,186,734,185,105,-0.1679401844739914,0.6794353067874909,1.3787299394607544,-0.14193655786006534,-0.4125308031837968,1.2016832051442958,140.24
100,3,1119,166,1150,201,1051.1309814453125,963.1541137695312,546.8471069335938,1134,183,1036,180,98,0.21155574917793274,0.6909685671329499,1.4402755498886108,0.20926707494985358,-0.4456719531089341,1.2875177197974599,144.15
100,4,927,167,957,203,1051.1309814453125,963.1541137695312,546.8471069335938,942,185,842,182,100,-0.026469025760889053,0.6681152671575546,1.319557011127472,-0.025393191590342215,-0.43435773357757623,1.2617673654015107,129.21
100,6,898,156,928,194,1051.1309814453125,963.1541137695312,546.8471069335938,913,175,817,176,96,-0.06365886330604553,0.6651632875204087,1.3458712697029114,-0.06271302957649993,-0.46496003742028336,1.3143410056265736,131.53
100,8,1006,171,1039,208,1051.1309814453125,963.1541137695312,546.8471069335938,1022,189,915,188,107,0.06683933734893799,0.6746820896863938,1.3579266667366028,0.0660168478288074,-0.40145436695254016,1.1792218368238419,136.51
100,9,842,141,875,174,1051.1309814453125,963.1541137695312,546.8471069335938,858,157,774,157,84,-0.14874865114688873,0.6779097855091095,1.5528088808059692,-0.1502690134474603,-0.5571055477929576,1.50210400643037,151.37
100,10,1000,144,1029,176,1051.1309814453125,963.1541137695312,546.8471069335938,1014,160,928,160,86,0.07138705253601074,0.6695863246917725,1.4981884360313416,0.07097082011640385,-0.5399621970259484,1.4671713551180356,146.27
100,11,945,147,971,183,1051.1309814453125,963.1541137695312,546.8471069335938,958,165,869,165,89,0.0023096795193850994,0.6648800015449524,1.4176008701324463,-0.006951626783043803,-0.5150174587296267,1.4177161409005739,137.48
100,12,984,161,1011,194,1051.1309814453125,963.1541137695312,546.8471069335938,997,177,900,178,97,0.05046787112951279,0.6673929333686829,1.3679200410842896,0.04188481578565414,-0.4576916035611267,1.300791098352073,134.56
101,0,820,167,859,205,1051.1309814453125,963.1541137695312,546.8471069335938,839,186,734,185,105,-0.1492428034543991,0.6649252414703369,1.3101022243499756,-0.14193655786006534,-0.4125308031837968,1.2016832051442958,130.94
101,2,1119,165,1149,201,1051.1309814453125,963.1541137695312,546.8471069335938,1134,183,1037,181,97,0.21302476525306702,0.6921923995018006,1.4799909591674805,0.21142446747510982,-0.450266509326552,1.300791098352073,146.2
101,3,1068,148,1098,188,1051.1309814453125,963.1541137695312,546.8471069335938,1083,168,992,167,91,0.15914275497198105,0.6792759835720062,1.464663028717041,0.15808992471075614,-0.49974106325890005,1.3865575443972644,144.77
101,4,927,167,958,203,1051.1309814453125,963.1541137695312,546.8471069335938,942,185,842,183,100,-0.025256173685193062,0.6688509225845337,1.3260598182678223,-0.025393191590342215,-0.43435773357757623,1.2617673654015107,130.13
101,7,1007,171,1039,208,1051.1309814453125,963.1541137695312,546.8471069335938,1023,189,917,188,106,0.07105392962694168,0.6776488065719605,1.3864330053329468,0.06777209189755991,-0.405241672301149,1.1903465711335006,139.28
101,8,898,156,928,194,1051.1309814453125,963.1541137695312,546.8471069335938,913,175,816,174,97,-0.06390571966767311,0.6651690542697907,1.3485784530639648,-0.0620665034983917,-0.4601666349726516,1.300791098352073,131.74
101,9,842,141,875,174,1051.1309814453125,963.1541137695312,546.8471069335938,858,157,774,157,84,-0.14228777587413788,0.6561115324497223,1.406477928161621,-0.1502690134474603,-0.5571055477929576,1.50210400643037,141.16
101,10,984,162,1011,196,1051.1309814453125,963.1541137695312,546.8471069335938,997,179,900,178,97,0.04541008546948433,0.6699812352657318,1.3928114175796509,0.04188481578565414,-0.4552165721496018,1.300791098352073,136.98
101,11,1001,145,1031,176,1051.1309814453125,963.1541137695312,546.8471069335938,1016,160,928,160,88,0.07359760254621506,0.6739746123552323,1.5164936184883118,0.07208600655600735,-0.5276903289117224,1.4338265515926258,147.66
101,12,945,146,971,183,1051.1309814453125,963.1541137695312,546.8471069335938,958,164,869,164,89,0.00043496390571817756,0.6636052817106247,1.4122716784477234,-0.006951626783043803,-0.5163662118021993,1.4177161409005739,137.42
102,0,820,167,859,205,1051.1309814453125,963.1541137695312,546.8471069335938,839,186,734,185,105,-0.1539880633354187,0.6717236280441284,1.3180733919143677,-0.14193655786006534,-0.4125308031837968,1.2016832051442958,134.8
102,1,1068,150,1098,188,1051.1309814453125,963.1541137695312,546.8471069335938,1083,169,992,166,91,0.16288422048091888,0.6779170572757721,1.4625073671340942,0.15808992471075614,-0.4984219531109994,1.3865575443972644,144.33
102,3,927,167,957,203,1051.1309814453125,963.1541137695312,546.8471069335938,942,185,842,184,100,-0.026563930325210094,0.6686937898397446,1.3235425353050232,-0.025393191590342215,-0.43435773357757623,1.2617673654015107,129.67
102,7,1007,172,1040,208,1051.1309814453125,963.1541137695312,546.8471069335938,1023,190,915,188,108,0.06998226791620255,0.6761353552341461,1.3727309703826904,0.0665170531587162,-0.39662572444872995,1.16830311611251,138.32
102,8,843,142,876,173,1051.1309814453125,963.1541137695312,546.8471069335938,859,157,774,158,85,-0.15121737122535706,0.6717726826667786,1.5238640308380127,-0.1470889188956201,-0.5505513648777464,1.4844321945900125,146.1
102,9,999,146,1029,177,1051.1309814453125,963.1541137695312,546.8471069335938,1014,161,928,160,86,0.07091104239225388,0.6690261900424957,1.4979195594787598,0.07097082011640385,-0.5385663944275885,1.4671713551180356,146.42
102,10,898,157,928,194,1051.1309814453125,963.1541137695312,546.8471069335938,913,175,816,175,97,-0.06214721128344536,0.6645108699798584,1.3506168127059937,-0.0620665034983917,-0.4601666349726516,1.300791098352073,131.72
102,11,945,147,971,183,1051.1309814453125,963.1541137695312,546.8471069335938,958,165,869,164,89,0.00043546951201278716,0.6626904100179672,1.4091086387634277,-0.006951626783043803,-0.5150174587296267,1.4177161409005739,137.09
102,12,984,161,1010,193,1051.1309814453125,963.1541137695312,546.8471069335938,997,177,901,178,96,0.04641106352210045,0.6679673731327057,1.3796641826629639,0.04232111595008803,-0.46245922443155507,1.3143410056265736,135.88
103,0,820,167,859,205,1051.1309814453125,963.1541137695312,546.8471069335938,839,186,734,184,105,-0.14941582083702087,0.667507553100586,1.3128869533538818,-0.14193655786006534,-0.4125308031837968,1.2016832051442958,130.83
103,1,1068,149,1098,187,1051.1309814453125,963.1541137695312,546.8471069335938,1083,168,992,166,91,0.16237683594226837,0.6734034955501557,1.4634599685668945,0.15808992471075614,-0.49974106325890005,1.3865575443972644,144.29
103,3,927,167,957,204,1051.1309814453125,963.1541137695312,546.8471069335938,942,185,842,184,100,-0.026340529322624207,0.6674854099750519,1.3157421946525574,-0.025393191590342215,-0.43435773357757623,1.2617673654015107,128.79
103,5,1006,170,1040,208,1051.1309814453125,963.1541137695312,546.8471069335938,1023,189,916,188,107,0.0664827823638916,0.674183064699173,1.3810201287269592,0.06713870786113411,-0.40145436695254016,1.1792218368238419,137.67
103,8,897,155,928,194,1051.1309814453125,963.1541137695312,546.8471069335938,912,174,817,176,95,-0.061896275728940964,0.6628572285175324,1.343719720840454,-0.0646367353979258,-0.4711179222716438,1.3281761741068534,130.79
103,9,842,140,876,174,1051.1309814453125,963.1541137695312,546.8471069335938,859,157,774,157,85,-0.14150786399841309,0.6690137624740601,1.4656037092208862,-0.1470889188956201,-0.5505513648777464,1.4844321945900125,145.21
103,10,998,144,1030,176,1051.1309814453125,963.1541137695312,546.8471069335938,1014,160,929,160,85,0.07178965210914612,0.6716787159442902,1.5095713138580322,0.07180577094130271,-0.5463146934615479,1.4844321945900125,147.61
103,11,945,146,971,184,1051.1309814453125,963.1541137695312,546.8471069335938,958,165,869,165,89,-0.00019563549722079188,0.6628975212574005,1.409734845161438,-0.006951626783043803,-0.5150174587296267,1.4177161409005739,136.79
103,12,984,160,1011,194,1051.1309814453125,963.1541137695312,546.8471069335938,997,177,900,178,97,0.05144887417554855,0.6705777883529663,1.3844395875930786,0.04188481578565414,-0.4576916035611267,1.300791098352073,136.64
104,0,821,166,859,205,1051.1309814453125,963.1541137695312,546.8471069335938,840,185,734,185,106,-0.15126949548721313,0.6679960876703263,1.3332219123840332,-0.13946509011177266,-0.40977144677129834,1.1903465711335006,132.6
104,1,1068,149,1098,189,1051.1309814453125,963.1541137695312,546.8471069335938,1083,169,992,167,91,0.16164305806159973,0.6811860740184784,1.466644287109375,0.15808992471075614,-0.4984219531109994,1.3865575443972644,145.1
104,4,927,167,957,203,1051.1309814453125,963.1541137695312,546.8471069335938,942,185,842,183,100,-0.026909155771136284,0.6736246436834336,1.3471038341522217,-0.025393191590342215,-0.43435773357757623,1.2617673654015107,131.86
104,6,1007,172,1040,209,1051.1309814453125,963.1541137695312,546.8471069335938,1023,190,916,188,107,0.0730934850871563,0.6826780527830124,1.400857150554657,0.06713870786113411,-0.4003325069202135,1.1792218368238419,139.33
104,8,844,142,876,174,1051.1309814453125,963.1541137695312,546.8471069335938,860,158,775,157,85,-0.11143515631556511,0.6507440447807312,1.3646024465560913,-0.14567669509022058,-0.5491391410723468,1.4844321945900125,133.43
104,9,898,156,928,194,1051.1309814453125,963.1541137695312,546.8471069335938,913,175,814,174,99,-0.06210415065288544,0.6648235857486725,1.352785050868988,-0.060812634740848415,-0.45087033931663834,1.2745124903045562,131.97
104,10,1001,146,1031,177,1051.1309814453125,963.1541137695312,546.8471069335938,1016,161,928,160,88,0.0676703229546547,0.665058845281601,1.4627126455307007,0.07208600655600735,-0.5263262490996887,1.4338265515926258,144.66
104,11,945,146,971,182,1051.1309814453125,963.1541137695312,546.8471069335938,958,164,869,164,89,-0.00019282671564724296,0.6637721002101898,1.4186402559280396,-0.006951626783043803,-0.5163662118021993,1.4177161409005739,137.81
104,12,984,161,1010,194,1051.1309814453125,963.1541137695312,546.8471069335938,997,177,901,178,96,0.04878746718168259,0.6669276297092438,1.3689874410629272,0.04232111595008803,-0.46245922443155507,1.3143410056265736,134.66
105,0,820,167,859,205,1051.1309814453125,963.1541137695312,546.8471069335938,839,186,734,185,105,-0.1528794914484024,0.6686332315206528,1.3199827671051025,-0.14193655786006534,-0.4125308031837968,1.2016832051442958,132.15
105,1,1068,149,1098,188,1051.1309814453125,963.1541137695312,546.8471069335938,1083,168,992,167,91,0.16020669043064117,0.6802339494228363,1.4631662368774414,0.15808992471075614,-0.49974106325890005,1.3865575443972644,144.59
105,2,1119,166,1150,201,1051.1309814453125,963.1541137695312,546.8471069335938,1134,183,1036,180,98,0.2576063275337219,0.7698510229587555,1.7799357175827026,0.20926707494985358,-0.4456719531089341,1.2875177197974599,177.84
105,3,927,167,958,203,1051.1309814453125,963.1541137695312,546.8471069335938,942,185,842,183,100,-0.024843446910381317,0.6690958082675934,1.3240649700164795,-0.025393191590342215,-0.43435773357757623,1.2617673654015107,129.88
105,5,1007,171,1040,209,1051.1309814453125,963.1541137695312,546.8471069335938,1023,190,917,188,106,0.06948887556791306,0.6797826826572418,1.3697203397750854,0.06777209189755991,-0.40410922868361165,1.1903465711335006,137.69
105,8,843,141,875,175,1051.1309814453125,963.1541137695312,546.8471069335938,859,158,774,157,85,-0.1114259734749794,0.6494387030601502,1.3562216758728027,-0.1470889188956201,-0.5491391410723468,1.4844321945900125,132.24
105,9,897,156,928,194,1051.1309814453125,963.1541137695312,546.8471069335938,912,175,816,175,96,-0.0620998777449131,0.6635148167610169,1.346327781677246,-0.06396343607086408,-0.46496003742028336,1.3143410056265736,131.06
105,10,1000,145,1030,176,1051.1309814453125,963.1541137695312,546.8471069335938,1015,160,929,160,86,0.059118738397955894,0.6631663680076599,1.4335821270942688,0.07236662271476382,-0.5399621970259484,1.4671713551180356,143.16
105,11,945,146,971,183,1051.1309814453125,963.1541137695312,546.8471069335938,958,164,869,165,89,0.0004329820003476925,0.6637695819139481,1.4162896275520325,-0.006951626783043803,-0.5163662118021993,1.4177161409005739,137.54
105,12,984,161,1011,194,1051.1309814453125,963.1541137695312,546.8471069335938,997,177,900,178,97,0.04950329661369324,0.6683208882808686,1.3703913688659668,0.04188481578565414,-0.4576916035611267,1.300791098352073,134.54
106,0,819,167,859,205,1051.1309814453125,963.1541137695312,546.8471069335938,839,186,734,185,105,-0.14974723756313324,0.6631137669086457,1.2999560832977295,-0.14193655786006534,-0.4125308031837968,1.2016832051442958,129.05
106,2,1068,150,1098,188,1051.1309814453125,963.1541137695312,546.8471069335938,1083,169,992,166,91,0.16025732457637787,0.680943050980568,1.4673022627830505,0.15808992471075614,-0.4984219531109994,1.3865575443972644,145.2
106,4,926,167,957,203,1051.1309814453125,963.1541137695312,546.8471069335938,941,185,842,184,99,-0.02687147632241249,0.6683135420084,1.321981132030487,-0.026862203863567462,-0.43874518543189517,1.2745124903045562,129.36
106,6,1007,170,1040,208,1051.1309814453125,963.1541137695312,546.8471069335938,1023,189,917,188,106,0.065687395632267,0.6698872983455658,1.338836669921875,0.06777209189755991,-0.405241672301149,1.1903465711335006,133.3
106,8,898,155,927,192,1051.1309814453125,963.1541137695312,546.8471069335938,912,173,814,175,98,-0.060780491679906845,0.6616521418094635,1.3476245403289795,-0.06265805982451991,-0.45792083305372566,1.2875177197974599,131.08
106,9,842,140,875,174,1051.1309814453125,963.1541137695312,546.8471069335938,858,157,774,157,84,-0.10988305509090424,0.6454852461814881,1.3376772999763489,-0.1502690134474603,-0.5571055477929576,1.50210400643037,130.45
106,10,984,161,1011,194,1051.1309814453125,963.1541137695312,546.8471069335938,997,177,900,178,97,0.04483204148709774,0.6672082632780075,1.3735896944999695,0.04188481578565414,-0.4576916035611267,1.300791098352073,134.93
106,11,1002,144,1030,175,1051.1309814453125,963.1541137695312,546.8471069335938,1016,159,928,160,88,0.06667967140674591,0.6661177814006806,1.4738820791244507,0.07208600655600735,-0.529054408723756,1.4338265515926258,145.0
106,12,945,147,971,183,1051.1309814453125,963.1541137695312,546.8471069335938,958,165,869,165,89,0.0004307822382543236,0.6632045596837998,1.4131121039390564,-0.006951626783043803,-0.5150174587296267,1.4177161409005739,137.15
107,0,1068,149,1098,187,1051.1309814453125,963.1541137695312,546.8471069335938,1083,168,992,166,91,0.16288038343191147,0.6769314348697663,1.4652042984962463,0.15808992471075614,-0.49974106325890005,1.3865575443972644,144.75
107,1,1119,166,1149,201,1051.1309814453125,963.1541137695312,546.8471069335938,1134,183,1036,179,98,0.27384549379348755,0.7111168742179871,1.7032697200775146,0.20926707494985358,-0.4456719531089341,1.2875177197974599,170.14
107,3,927,167,957,203,1051.1309814453125,963.1541137695312,546.8471069335938,942,185,842,182,100,-0.02637120895087719,0.6673198133707047,1.3192479610443115,-0.025393191590342215,-0.43435773357757623,1.2617673654015107,128.94
107,4,819,167,858,205,1051.1309814453125,963.1541137695312,546.8471069335938,838,186,734,185,104,-0.14840786159038544,0.661883020401001,1.277058482170105,-0.14445555383428674,-0.4164974455221026,1.2132378513476065,128.89
107,5,1127,147,1159,179,1051.1309814453125,963.1541137695312,546.8471069335938,1143,163,1057,163,86,0.275066614151001,0.7081555366516114,1.70489501953125,0.2510293553048404,-0.5357747892308685,1.4671713551180356,170.05
107,6,1007,171,1039,208,1051.1309814453125,963.1541137695312,546.8471069335938,1023,189,916,187,107,0.0664210170507431,0.672647887468338,1.3520065546035767,0.06713870786113411,-0.40145436695254016,1.1792218368238419,136.59
107,8,898,157,928,195,1051.1309814453125,963.1541137695312,546.8471069335938,913,176,815,175,98,-0.06154019758105278,0.6632795721292496,1.3413272500038147,-0.06143317183004075,-0.45424616907028825,1.2875177197974599,130.51
107,9,842,140,875,174,1051.1309814453125,963.1541137695312,546.8471069335938,858,157,774,157,84,-0.10945957154035568,0.6445327639579773,1.332492172718048,-0.1502690134474603,-0.5571055477929576,1.50210400643037,129.9
107,10,1001,145,1030,176,1051.1309814453125,963.1541137695312,546.8471069335938,1015,160,928,160,87,0.07147151976823807,0.6706197202205658,1.5072335004806519,0.07153482245367458,-0.5337557349911675,1.4503073165534606,147.35
107,11,945,146,971,183,1051.1309814453125,963.1541137695312,546.8471069335938,958,164,869,164,89,-0.00019160563533660024,0.6618816494941712,1.4044816493988037,-0.006951626783043803,-0.5163662118021993,1.4177161409005739,136.43
107,12,984,161,1010,194,1051.1309814453125,963.1541137695312,546.8471069335938,997,177,900,177,97,0.050195060670375824,0.6683810591697693,1.3724250793457031,0.04188481578565414,-0.4576916035611267,1.300791098352073,135.31
108,0,1068,150,1098,188,1051.1309814453125,963.1541137695312,546.8471069335938,1083,169,992,167,91,0.16326886415481567,0.6782041132450104,1.4641978740692139,0.15808992471075614,-0.4984219531109994,1.3865575443972644,144.72
108,1,820,167,858,205,1051.1309814453125,963.1541137695312,546.8471069335938,839,186,734,185,105,-0.14967282116413116,0.6630843818187714,1.3071177005767822,-0.14193655786006534,-0.4125308031837968,1.2016832051442958,131.69
108,4,927,167,957,203,1051.1309814453125,963.1541137695312,546.8471069335938,942,185,842,183,100,-0.026371088810265064,0.6673876881599426,1.3195745348930359,-0.025393191590342215,-0.43435773357757623,1.2617673654015107,129.0
108,7,842,141,875,175,1051.1309814453125,963.1541137695312,546.8471069335938,858,158,774,157,84,-0.14123160392045975,0.6596314698457718,1.4244322776794434,-0.1502690134474603,-0.5556765117993986,1.50210400643037,141.26
108,8,1006,171,1039,208,1051.1309814453125,963.1541137695312,546.8471069335938,1022,189,916,189,106,0.06961235404014587,0.6758654356002808,1.3771985173225403,0.06663964828002257,-0.405241672301149,1.1903465711335006,137.65
108,9,898,156,928,195,1051.1309814453125,963.1541137695312,546.8471069335938,913,175,816,175,97,-0.06327289342880249,0.6641839385032654,1.3344969749450684,-0.0620665034983917,-0.4601666349726516,1.300791098352073,130.37
108,10,1000,145,1030,176,1051.1309814453125,963.1541137695312,546.8471069335938,1015,160,928,160,87,0.06973358988761902,0.6656877338886261,1.475964069366455,0.07153482245367458,-0.5337557349911675,1.4503073165534606,145.82
108,11,945,146,971,183,1051.1309814453125,963.1541137695312,546.8471069335938,958,164,869,164,89,0.0023001262452453375,0.6613399028778076,1.395951509475708,-0.006951626783043803,-0.5163662118021993,1.4177161409005739,135.92
108,12,984,161,1010,194,1051.1309814453125,963.1541137695312,546.8471069335938,997,177,900,177,97,0.04910570755600929,0.6694945633411408,1.3761950731277466,0.04188481578565414,-0.4576916035611267,1.300791098352073,135.07
109,0,1068,148,1098,188,1051.1309814453125,963.1541137695312,546.8471069335938,1083,168,992,166,91,0.16106025874614716,0.6806951105594635,1.4656647443771362,0.15808992471075614,-0.49974106325890005,1.3865575443972644,144.87
109,1,819,167,859,206,1051.1309814453125,963.1541137695312,546.8471069335938,839,186,734,184,105,-0.1530989408493042,0.6834815382957459,1.413670301437378,-0.14193655786006534,-0.4125308031837968,1.2016832051442958,143.4
109,4,927,166,957,203,1051.1309814453125,963.1541137695312,546.8471069335938,942,184,842,183,100,-0.028290264308452606,0.6702735364437103,1.337450385093689,-0.025393191590342215,-0.4355581238121658,1.2617673654015107,131.02
109,7,897,156,928,195,1051.1309814453125,963.1541137695312,546.8471069335938,912,175,815,175,97,-0.0619464498013258,0.6669278383255005,1.3581000566482544,-0.06330401920415414,-0.4601666349726516,1.300791098352073,132.97
109,8,1006,171,1039,208,1051.1309814453125,963.1541137695312,546.8471069335938,1022,189,916,188,106,0.06587136536836624,0.6690636515617371,1.3535737991333008,0.06663964828002257,-0.405241672301149,1.1903465711335006,134.08
109,9,842,140,875,174,1051.1309814453125,963.1541137695312,546.8471069335938,858,157,774,157,84,-0.13085449486970901,0.6595118284225464,1.419798493385315,-0.1502690134474603,-0.5571055477929576,1.50210400643037,142.24
109,10,1000,145,1031,176,1051.1309814453125,963.1541137695312,546.8471069335938,1015,160,928,160,87,0.061882609501481056,0.6673615366220474,1.4591577649116516,0.07153482245367458,-0.5337557349911675,1.4503073165534606,143.8
109,11,947,148,974,183,1051.1309814453125,963.1541137695312,546.8471069335938,960,165,869,165,91,0.00111050542909652,0.664209657907486,1.4040243029594421,-0.004160623481021793,-0.5036983937026019,1.3865575443972644,137.56
109,12,983,161,1010,195,1051.1309814453125,963.1541137695312,546.8471069335938,996,178,900,177,96,0.05062801390886307,0.6720448672771454,1.3949757814407349,0.041070709455723886,-0.46120881793719093,1.3143410056265736,137.31
110,0,820,167,859,205,1051.1309814453125,963.1541137695312,546.8471069335938,839,186,734,185,105,-0.15094774216413498,0.6649200111627579,1.2932970523834229,-0.14193655786006534,-0.4125308031837968,1.2016832051442958,130.52
110,1,1119,166,1149,201,1051.1309814453125,963.1541137695312,546.8471069335938,1134,183,1036,180,98,0.26565423607826233,0.7047389388084412,1.6610067486763,0.20926707494985358,-0.4456719531089341,1.2875177197974599,156.7
110,2,927,168,957,203,1051.1309814453125,963.1541137695312,546.8471069335938,942,185,841,184,101,-0.02654160186648369,0.6676762491464615,1.3228816986083984,-0.025141773851823975,-0.43005716195799637,1.2492746192094166,129.4
110,4,1068,150,1097,188,1051.1309814453125,963.1541137695312,546.8471069335938,1082,169,992,167,90,0.1606588214635849,0.6793981581926346,1.4640251994132996,0.1585127125024428,-0.5039599748122328,1.401963739335012,144.51
110,5,1127,146,1159,180,1051.1309814453125,963.1541137695312,546.8471069335938,1143,163,1058,163,85,0.2778182625770569,0.707174563407898,1.7080930471420288,0.2539826418378385,-0.5420780220453493,1.4844321945900125,170.41
110,6,1008,172,1040,208,1051.1309814453125,963.1541137695312,546.8471069335938,1024,190,916,188,108,0.06858737766742706,0.6781980931758881,1.3735939264297485,0.067628525598151,-0.39662572444872995,1.16830311611251,138.19
110,7,898,156,928,193,1051.1309814453125,963.1541137695312,546.8471069335938,913,174,816,175,97,-0.06353501603007317,0.6635522037744522,1.3429340720176697,-0.0620665034983917,-0.461404150678414,1.300791098352073,130.78
110,9,842,141,875,174,1051.1309814453125,963.1541137695312,546.8471069335938,858,157,774,158,84,-0.13464653491973877,0.6712805271148682,1.524122714996338,-0.1502690134474603,-0.5571055477929576,1.50210400643037,141.04
110,10,1000,145,1029,177,1051.1309814453125,963.1541137695312,546.8471069335938,1014,161,929,160,85,0.07156392931938171,0.6713056653738022,1.4991639852523804,0.07180577094130271,-0.5449024696561483,1.4844321945900125,146.5
110,11,945,147,970,182,1051.1309814453125,963.1541137695312,546.8471069335938,957,164,869,165,88,-0.00019852757395710796,0.6627592384815216,1.4088146686553955,-0.00839470235397564,-0.5222340096635879,1.4338265515926258,137.26
110,12,985,161,1010,193,1051.1309814453125,963.1541137695312,546.8471069335938,997,177,900,178,97,0.05115995183587074,0.6693200409412384,1.3815382719039917,0.04188481578565414,-0.4576916035611267,1.300791098352073,136.32
111,0,819,166,859,205,1051.1309814453125,963.1541137695312,546.8471069335938,839,185,734,184,105,-0.15305358916521072,0.6640362828969956,1.304151713848114,-0.14193655786006534,-0.413674031978644,1.2016832051442958,130.62
111,1,1068,149,1098,189,1051.1309814453125,963.1541137695312,546.8471069335938,1083,169,993,167,90,0.16148049384355545,0.6731059491634369,1.4638989567756653,0.15984647942976457,-0.5039599748122328,1.401963739335012,144.34
111,2,1119,165,1149,200,1051.1309814453125,963.1541137695312,546.8471069335938,1134,182,1036,180,98,0.2596813589334488,0.6975830435752869,1.625700831413269,0.20926707494985358,-0.4468968411034132,1.2875177197974599,162.47
111,3,927,167,957,203,1051.1309814453125,963.1541137695312,546.8471069335938,942,185,842,183,100,-0.02633262425661087,0.6669884413480759,1.3178675174713135,-0.025393191590342215,-0.43435773357757623,1.2617673654015107,128.8
111,6,1126,146,1158,179,1051.1309814453125,963.1541137695312,546.8471069335938,1142,162,1058,163,84,0.2589408755302429,0.6975830435752869,1.625700831413269,0.25557720872330136,-0.5499603678251626,1.50210400643037,162.51
111,7,897,156,928,194,1051.1309814453125,963.1541137695312,546.8471069335938,912,175,815,175,97,-0.06312035024166107,0.6634077072143555,1.3436689376831055,-0.06330401920415414,-0.4601666349726516,1.300791098352073,130.69
111,8,1007,172,1040,208,1051.1309814453125,963.1541137695312,546.8471069335938,1023,190,915,187,108,0.06552376598119736,0.6733016312122345,1.3499634265899658,0.0665170531587162,-0.39662572444872995,1.16830311611251,134.51
111,10,1000,145,1030,176,1051.1309814453125,963.1541137695312,546.8471069335938,1015,160,928,160,87,0.07163029164075851,0.6701868414878845,1.507686734199524,0.07153482245367458,-0.5337557349911675,1.4503073165534606,146.45
111,11,948,148,974,183,1051.1309814453125,963.1541137695312,546.8471069335938,961,165,869,164,92,0.0022878977470099926,0.6599340081214905,1.3779999017715454,-0.0028106273186307117,-0.4982234111623563,1.3714862667407726,134.83
111,12,984,162,1011,195,1051.1309814453125,963.1541137695312,546.8471069335938,997,178,901,179,96,0.04967228323221207,0.6678815126419068,1.3613357543945312,0.04232111595008803,-0.46120881793719093,1.3143410056265736,134.07
112,0,820,167,859,205,1051.1309814453125,963.1541137695312,546.8471069335938,839,186,734,185,105,-0.14517758041620255,0.663178288936615,1.2862531542778015,-0.14193655786006534,-0.4125308031837968,1.2016832051442958,126.88
112,1,1119,166,1150,201,1051.1309814453125,963.1541137695312,546.8471069335938,1134,183,1037,180,97,0.21538255363702774,0.6938776910305023,1.4563199281692505,0.21142446747510982,-0.450266509326552,1.300791098352073,146.99
112,3,1068,150,1098,188,1051.1309814453125,963.1541137695312,546.8471069335938,1083,169,992,167,91,0.16133691370487213,0.6786765694618225,1.460936188697815,0.15808992471075614,-0.4984219531109994,1.3865575443972644,144.09
112,4,927,167,958,203,1051.1309814453125,963.1541137695312,546.8471069335938,942,185,842,183,100,-0.024746781215071678,0.6685293257236481,1.3243272304534912,-0.025393191590342215,-0.43435773357757623,1.2617673654015107,129.65
112,6,1126,145,1159,178,1051.1309814453125,963.1541137695312,546.8471069335938,1142,161,1058,163,84,0.2487773299217224,0.690402889251709,1.5494722127914429,0.25557720872330136,-0.5513894038187216,1.50210400643037,154.5
112,7,1007,171,1039,208,1051.1309814453125,963.1541137695312,546.8471069335938,1023,189,917,188,106,0.07445267587900162,0.6802522480487824,1.384669303894043,0.06777209189755991,-0.405241672301149,1.1903465711335006,137.87
112,8,842,141,875,174,1051.1309814453125,963.1541137695312,546.8471069335938,858,157,774,157,84,-0.10951351374387741,0.6446171939373017,1.3331488966941833,-0.1502690134474603,-0.5571055477929576,1.50210400643037,129.97
112,9,897,156,928,194,1051.1309814453125,963.1541137695312,546.8471069335938,912,175,816,174,96,-0.062241457402706146,0.6633219659328461,1.34145987033844,-0.06396343607086408,-0.46496003742028336,1.3143410056265736,130.72
112,10,1001,146,1030,176,1051.1309814453125,963.1541137695312,546.8471069335938,1015,161,929,161,86,0.0743808001279831,0.6719360291957855,1.504629373550415,0.07236662271476382,-0.5385663944275885,1.4671713551180356,146.41
112,11,945,147,971,182,1051.1309814453125,963.1541137695312,546.8471069335938,958,164,869,164,89,-0.00019249676552135497,0.6633059173822403,1.4116133451461792,-0.006951626783043803,-0.5163662118021993,1.4177161409005739,137.5
112,12,984,161,1010,194,1051.1309814453125,963.1541137695312,546.8471069335938,997,177,901,178,96,0.048328882083296776,0.6681626826524735,1.3623157739639282,0.04232111595008803,-0.46245922443155507,1.3143410056265736,133.38
113,0,820,167,859,205,1051.1309814453125,963.1541137695312,546.8471069335938,839,186,734,185,105,-0.1515577733516693,0.6703193128108978,1.3165290355682373,-0.14193655786006534,-0.4125308031837968,1.2016832051442958,134.44
113,1,1068,149,1098,188,1051.1309814453125,963.1541137695312,546.8471069335938,1083,168,992,167,91,0.16271249949932098,0.6793647944927216,1.4640605449676514,0.15808992471075614,-0.49974106325890005,1.3865575443972644,144.68
113,4,926,167,958,203,1051.1309814453125,963.1541137695312,546.8471069335938,942,185,842,183,100,-0.02593330293893814,0.6707231044769287,1.3351620435714722,-0.025393191590342215,-0.43435773357757623,1.2617673654015107,130.93
113,6,1006,171,1040,208,1051.1309814453125,963.1541137695312,546.8471069335938,1023,189,916,188,107,0.0677129328250885,0.671632581949234,1.3658615946769714,0.06713870786113411,-0.40145436695254016,1.1792218368238419,136.81
113,8,897,155,928,194,1051.1309814453125,963.1541137695312,546.8471069335938,912,174,815,175,97,-0.062202468514442444,0.6641379535198212,1.3501594066619873,-0.06330401920415414,-0.461404150678414,1.300791098352073,131.86
113,9,842,142,875,174,1051.1309814453125,963.1541137695312,546.8471069335938,858,158,774,157,84,-0.14370658248662949,0.6704784870147705,1.4963778853416443,-0.1502690134474603,-0.5556765117993986,1.50210400643037,146.14
113,10,998,145,1029,177,1051.1309814453125,963.1541137695312,546.8471069335938,1013,161,928,161,85,0.07946962863206863,0.6740404009819031,1.5136173963546753,0.07039354713590322,-0.5449024696561483,1.4844321945900125,147.03
113,11,944,146,971,183,1051.1309814453125,963.1541137695312,546.8471069335938,957,164,869,164,88,0.0004327403803472407,0.6637431025505066,1.4168858528137207,-0.00839470235397564,-0.5222340096635879,1.4338265515926258,137.43
113,12,984,160,1011,193,1051.1309814453125,963.1541137695312,546.8471069335938,997,176,900,178,97,0.047211779281497,0.6667828649282456,1.364426851272583,0.04188481578565414,-0.4589291192668892,1.300791098352073,133.69
114,0,820,167,859,205,1051.1309814453125,963.1541137695312,546.8471069335938,839,186,735,185,104,-0.15647951513528824,0.6927792817354202,1.4620367288589478,-0.1433013324548737,-0.4164974455221026,1.2132378513476065,147.9
114,2,927,167,957,203,1051.1309814453125,963.1541137695312,546.8471069335938,942,185,842,183,100,-0.026713600382208824,0.6701230049133301,1.333213210105896,-0.025393191590342215,-0.43435773357757623,1.2617673654015107,130.56
114,3,1068,150,1098,188,1051.1309814453125,963.1541137695312,546.8471069335938,1083,169,992,166,91,0.1614137887954712,0.6775315344333649,1.4595118761062622,0.15808992471075614,-0.4984219531109994,1.3865575443972644,143.61
114,4,1119,166,1150,201,1051.1309814453125,963.1541137695312,546.8471069335938,1134,183,1036,181,98,0.2794443964958191,0.7151158690452576,1.7142616510391235,0.20926707494985358,-0.4456719531089341,1.2875177197974599,174.29
114,5,1127,147,1159,179,1051.1309814453125,963.1541137695312,546.8471069335938,1143,163,1058,162,85,0.2775472402572632,0.714424216747284,1.712342619895935,0.2539826418378385,-0.5420780220453493,1.4844321945900125,171.59
114,7,1006,170,1038,208,1051.1309814453125,963.1541137695312,546.8471069335938,1022,189,915,188,107,0.06307439878582954,0.6664619684219361,1.3462275862693787,0.0660168478288074,-0.40145436695254016,1.1792218368238419,132.78
114,8,842,140,875,174,1051.1309814453125,963.1541137695312,546.8471069335938,858,157,775,157,83,-0.11398975551128387,0.6546049058437348,1.3876398205757141,-0.15207948348899597,-0.5638176628266077,1.520201645062061,135.77
114,9,999,146,1030,177,1051.1309814453125,963.1541137695312,546.8471069335938,1014,161,928,160,86,0.0665896013379097,0.6655484974384308,1.4847030639648438,0.07097082011640385,-0.5385663944275885,1.4671713551180356,144.2
114,10,898,157,928,194,1051.1309814453125,963.1541137695312,546.8471069335938,913,175,817,175,96,-0.061916202306747437,0.6646983861923218,1.348605215549469,-0.06271302957649993,-0.46496003742028336,1.3143410056265736,131.8
114,11,945,147,971,182,1051.1309814453125,963.1541137695312,546.8471069335938,958,164,869,164,89,-0.0001932382074301131,0.661767789721489,1.4010998606681824,-0.006951626783043803,-0.5163662118021993,1.4177161409005739,136.93
114,12,984,161,1010,194,1051.1309814453125,963.1541137695312,546.8471069335938,997,177,901,179,96,0.049694038927555084,0.6667481303215027,1.3640946745872498,0.04232111595008803,-0.46245922443155507,1.3143410056265736,134.27
115,0,820,166,859,205,1051.1309814453125,963.1541137695312,546.8471069335938,839,185,734,185,105,-0.1530935913324356,0.6767668664455414,1.3565031290054321,-0.14193655786006534,-0.413674031978644,1.2016832051442958,138.94
115,2,927,167,958,203,1051.1309814453125,963.1541137695312,546.8471069335938,942,185,842,182,100,-0.025373388081789017,0.6690120041370392,1.3312636613845825,-0.025393191590342215,-0.43435773357757623,1.2617673654015107,130.36
115,3,1068,151,1098,188,1051.1309814453125,963.1541137695312,546.8471069335938,1083,169,992,166,91,0.16069351136684418,0.6801580727100373,1.4646447896957397,0.15808992471075614,-0.4984219531109994,1.3865575443972644,144.77
115,5,1007,171,1040,208,1051.1309814453125,963.1541137695312,546.8471069335938,1023,189,915,188,108,0.06884752959012985,0.6795864343643189,1.3735121488571167,0.0665170531587162,-0.3977371968881647,1.16830311611251,138.26
115,8,842,141,875,174,1051.1309814453125,963.1541137695312,546.8471069335938,858,157,774,158,84,-0.13624465465545654,0.6631528526544571,1.444338858127594,-0.1502690134474603,-0.5571055477929576,1.50210400643037,144.3
115,9,897,156,928,194,1051.1309814453125,963.1541137695312,546.8471069335938,912,175,816,176,96,-0.06234230101108551,0.6664060592651367,1.3554529547691345,-0.06396343607086408,-0.46496003742028336,1.3143410056265736,132.97
115,10,1001,145,1030,176,1051.1309814453125,963.1541137695312,546.8471069335938,1015,160,928,160,87,0.07082704082131386,0.6682963609695435,1.4931783080101013,0.07153482245367458,-0.5337557349911675,1.4503073165534606,145.98
115,11,984,161,1011,195,1051.1309814453125,963.1541137695312,546.8471069335938,997,178,902,178,95,0.049870025366544724,0.667242580652237,1.361261010169983,0.042766601381141585,-0.4660636475996877,1.3281761741068534,134.19
115,12,945,145,971,182,1051.1309814453125,963.1541137695312,546.8471069335938,958,163,869,164,89,-0.00144912424730137,0.6605561316013336,1.3945014476776123,-0.006951626783043803,-0.5177149648747719,1.4177161409005739,136.58
116,0,819,168,859,205,1051.1309814453125,963.1541137695312,546.8471069335938,839,186,734,185,105,-0.14919095486402512,0.6623447477817536,1.2954192757606506,-0.14193655786006534,-0.4125308031837968,1.2016832051442958,127.59
116,3,1068,149,1097,188,1051.1309814453125,963.1541137695312,546.8471069335938,1082,168,992,167,90,0.16296206414699554,0.6778264880180359,1.462351679801941,0.1585127125024428,-0.5052937417395545,1.401963739335012,144.55
116,4,927,167,958,203,1051.1309814453125,963.1541137695312,546.8471069335938,942,185,842,183,100,-0.024824775755405426,0.6672931849956513,1.3217567205429077,-0.025393191590342215,-0.43435773357757623,1.2617673654015107,129.3
116,7,1006,171,1040,208,1051.1309814453125,963.1541137695312,546.8471069335938,1023,189,916,188,107,0.06507166102528572,0.6734796851873398,1.3585089445114136,0.06713870786113411,-0.40145436695254016,1.1792218368238419,135.8
116,8,843,141,876,173,1051.1309814453125,963.1541137695312,546.8471069335938,859,157,774,157,85,-0.13502278923988342,0.6692670226097107,1.5128103494644165,-0.1470889188956201,-0.5505513648777464,1.4844321945900125,140.72
116,9,898,156,928,194,1051.1309814453125,963.1541137695312,546.8471069335938,913,175,816,174,97,-0.06347633898258209,0.6645134627819062,1.340917706489563,-0.0620665034983917,-0.4601666349726516,1.300791098352073,130.79
116,10,1001,145,1031,176,1051.1309814453125,963.1541137695312,546.8471069335938,1016,160,928,160,88,0.06934656575322151,0.6702708095312119,1.5026803612709045,0.07208600655600735,-0.5276903289117224,1.4338265515926258,145.44
116,11,945,147,971,183,1051.1309814453125,963.1541137695312,546.8471069335938,958,165,869,164,89,-0.00020236741693224758,0.6604030668735504,1.3924619555473328,-0.006951626783043803,-0.5150174587296267,1.4177161409005739,135.64
116,12,984,160,1010,193,1051.1309814453125,963.1541137695312,546.8471069335938,997,176,901,178,96,0.04995615780353546,0.6665520310401917,1.3663687705993652,0.04232111595008803,-0.4637096309259192,1.3143410056265736,134.23
117,0,819,167,858,205,1051.1309814453125,963.1541137695312,546.8471069335938,838,186,735,185,103,-0.15113504230976105,0.6638891637325287,1.2887122631072998,-0.14585803493947397,-0.42054111004173467,1.2250168596131172,129.08
117,1,1068,149,1098,188,1051.1309814453125,963.1541137695312,546.8471069335938,1083,168,992,167,91,0.16146144270896912,0.6791962921619416,1.4616200923919678,0.15808992471075614,-0.49974106325890005,1.3865575443972644,144.35
117,3,1119,166,1150,201,1051.1309814453125,963.1541137695312,546.8471069335938,1134,183,1036,180,98,0.23459990322589874,0.6919020056724549,1.4804816246032715,0.20926707494985358,-0.4456719531089341,1.2875177197974599,148.26
117,4,927,167,957,203,1051.1309814453125,963.1541137695312,546.8471069335938,942,185,841,183,101,-0.02625707909464836,0.6671235799789429,1.3167926669120789,-0.025141773851823975,-0.43005716195799637,1.2492746192094166,128.72
117,5,1126,146,1159,180,1051.1309814453125,963.1541137695312,546.8471069335938,1142,163,1057,163,85,0.25047749280929565,0.6938734889030457,1.5606526136398315,0.25257041803243896,-0.5420780220453493,1.4844321945900125,155.69
117,6,898,156,929,194,1051.1309814453125,963.1541137695312,546.8471069335938,913,175,815,174,98,-0.06096272170543671,0.6623420655727387,1.3423568606376648,-0.06143317183004075,-0.45547105706476737,1.2875177197974599,130.42
117,8,842,141,875,174,1051.1309814453125,963.1541137695312,546.8471069335938,858,157,774,157,84,-0.14930416643619537,0.6689265012741089,1.504926085472107,-0.1502690134474603,-0.5571055477929576,1.50210400643037,148.3
117,9,1006,171,1039,208,1051.1309814453125,963.1541137695312,546.8471069335938,1022,189,917,188,105,0.06712669134140015,0.6726377844810486,1.358258605003357,0.06727431159697515,-0.40910111679925515,1.2016832051442958,135.89
117,10,945,146,971,182,1051.1309814453125,963.1541137695312,546.8471069335938,958,164,869,164,89,0.0023306955117732286,0.6633543312549591,1.414844036102295,-0.006951626783043803,-0.5163662118021993,1.4177161409005739,136.96
117,11,1000,145,1030,176,1051.1309814453125,963.1541137695312,546.8471069335938,1015,160,928,160,87,0.07182788848876953,0.6695832252502442,1.5065909624099731,0.07153482245367458,-0.5337557349911675,1.4503073165534606,146.31
117,12,983,161,1010,195,1051.1309814453125,963.1541137695312,546.8471069335938,996,178,900,178,96,0.047692129388451576,0.6675033360719681,1.3581833839416504,0.041070709455723886,-0.46120881793719093,1.3143410056265736,133.31
118,0,1068,149,1098,188,1051.1309814453125,963.1541137695312,546.8471069335938,1083,168,992,166,91,0.16065656393766403,0.67961565554142,1.463536024093628,0.15808992471075614,-0.49974106325890005,1.3865575443972644,144.63
118,2,820,167,859,205,1051.1309814453125,963.1541137695312,546.8471069335938,839,186,734,185,105,-0.1550232246518135,0.675349110364914,1.3604052662849426,-0.14193655786006534,-0.4125308031837968,1.2016832051442958,137.48
118,4,927,167,957,203,1051.1309814453125,963.1541137695312,546.8471069335938,942,185,842,183,100,-0.02661518193781376,0.6698225229978562,1.3307068943977356,-0.025393191590342215,-0.43435773357757623,1.2617673654015107,130.1
118,6,1006,171,1039,208,1051.1309814453125,963.1541137695312,546.8471069335938,1022,189,916,188,106,0.06708746403455734,0.675136411190033,1.3688557147979736,0.06663964828002257,-0.405241672301149,1.1903465711335006,136.45
118,7,898,156,928,194,1051.1309814453125,963.1541137695312,546.8471069335938,913,175,815,174,98,-0.0640399381518364,0.6653284668922425,1.3476881980895996,-0.06143317183004075,-0.45547105706476737,1.2875177197974599,131.5
118,9,841,141,875,173,1051.1309814453125,963.1541137695312,546.8471069335938,858,157,774,157,84,-0.18969737738370895,0.704988443851471,1.7082054018974304,-0.1502690134474603,-0.5571055477929576,1.50210400643037,163.72
118,10,945,146,971,182,1051.1309814453125,963.1541137695312,546.8471069335938,958,164,869,164,89,-0.00019174993940396234,0.6628565132617951,1.4113717079162598,-0.006951626783043803,-0.5163662118021993,1.4177161409005739,137.24
118,11,1000,144,1030,175,1051.1309814453125,963.1541137695312,546.8471069335938,1015,159,928,160,87,0.06919888406991959,0.6678652852773667,1.4936597347259521,0.07153482245367458,-0.5351354938815003,1.4503073165534606,145.61
118,12,984,162,1011,195,1051.1309814453125,963.1541137695312,546.8471069335938,997,178,901,178,96,0.05025639757514,0.6686583548784256,1.3689275979995728,0.04232111595008803,-0.46120881793719093,1.3143410056265736,134.78
119,1,1068,150,1097,187,1051.1309814453125,963.1541137695312,546.8471069335938,1082,168,992,166,90,0.16043327748775482,0.6788005471229553,1.4622938632965088,0.1585127125024428,-0.5052937417395545,1.401963739335012,144.39
119,2,819,167,859,205,1051.1309814453125,963.1541137695312,546.8471069335938,839,186,734,185,105,-0.14998042583465576,0.6634087353944779,1.280550241470337,-0.14193655786006534,-0.4125308031837968,1.2016832051442958,129.06
119,4,927,167,958,203,1051.1309814453125,963.1541137695312,546.8471069335938,942,185,842,183,100,-0.024848930537700653,0.6677680850028992,1.3229793310165405,-0.025393191590342215,-0.43435773357757623,1.2617673654015107,129.54
119,5,1006,171,1039,209,1051.1309814453125,963.1541137695312,546.8471069335938,1022,190,915,188,107,0.0679822713136673,0.6750544548034668,1.3607558012008667,0.0660168478288074,-0.4003325069202135,1.1792218368238419,136.17
119,6,898,156,928,195,1051.1309814453125,963.1541137695312,546.8471069335938,913,175,815,175,98,-0.0617394782602787,0.664243096113205,1.344734787940979,-0.06143317183004075,-0.45547105706476737,1.2875177197974599,130.98
119,9,842,140,875,174,1051.1309814453125,963.1541137695312,546.8471069335938,858,157,774,157,84,-0.11000220477581024,0.6457505166530609,1.3390978574752808,-0.1502690134474603,-0.5571055477929576,1.50210400643037,130.61
119,10,1000,145,1031,176,1051.1309814453125,963.1541137695312,546.8471069335938,1015,160,928,161,87,0.07082460075616837,0.66799276471138,1.4905366897583008,0.07153482245367458,-0.5337557349911675,1.4503073165534606,145.55
119,11,945,146,970,183,1051.1309814453125,963.1541137695312,546.8471069335938,957,164,869,164,88,-0.00019917449390050024,0.6626194059848786,1.4113048315048218,-0.00839470235397564,-0.5222340096635879,1.4338265515926258,136.97
119,12,984,161,1010,194,1051.1309814453125,963.1541137695312,546.8471069335938,997,177,900,178,97,0.04848974943161011,0.6668565213680268,1.3677527904510498,0.04188481578565414,-0.4576916035611267,1.300791098352073,134.56
120,0,1068,148,1098,188,1051.1309814453125,963.1541137695312,546.8471069335938,1083,168,992,167,91,0.16132566332817078,0.6789799273014069,1.4609650373458862,0.15808992471075614,-0.49974106325890005,1.3865575443972644,144.15
120,2,819,167,859,205,1051.1309814453125,963.1541137695312,546.8471069335938,839,186,734,185,105,-0.14990203082561493,0.6632310390472412,1.3126696348190308,-0.14193655786006534,-0.4125308031837968,1.2016832051442958,128.72
120,3,927,167,958,204,1051.1309814453125,963.1541137695312,546.8471069335938,942,185,842,183,100,-0.02525821328163147,0.6686127275228501,1.3229815363883972,-0.025393191590342215,-0.43435773357757623,1.2617673654015107,129.68
120,4,1119,166,1149,201,1051.1309814453125,963.1541137695312,546.8471069335938,1134,183,1036,181,98,0.20943289250135422,0.6828077673912049,1.4223846793174744,0.20926707494985358,-0.4456719531089341,1.2875177197974599,141.05
120,7,1007,170,1039,208,1051.1309814453125,963.1541137695312,546.8471069335938,1023,189,917,189,106,0.0679265595972538,0.6735010236501694,1.3655666708946228,0.06777209189755991,-0.405241672301149,1.1903465711335006,136.92
120,8,842,140,876,174,1051.1309814453125,963.1541137695312,546.8471069335938,859,157,774,158,85,-0.14207524061203003,0.6580505609512329,1.417126178741455,-0.1470889188956201,-0.5505513648777464,1.4844321945900125,141.24
120,9,897,156,928,195,1051.1309814453125,963.1541137695312,546.8471069335938,912,175,817,176,95,-0.062302352860569954,0.6653172314167023,1.351142406463623,-0.0646367353979258,-0.4698543536036548,1.3281761741068534,131.68
120,10,1000,144,1030,176,1051.1309814453125,963.1541137695312,546.8471069335938,1015,160,928,160,87,0.07084313780069351,0.6697951495647431,1.489364743232727,0.07153482245367458,-0.5337557349911675,1.4503073165534606,145.6
120,11,945,146,971,183,1051.1309814453125,963.1541137695312,546.8471069335938,958,164,869,164,89,-0.00019173095643054694,0.6631874978542328,1.4142911434173584,-0.006951626783043803,-0.5163662118021993,1.4177161409005739,137.16
120,12,984,160,1010,194,1051.1309814453125,963.1541137695312,546.8471069335938,997,177,900,177,97,0.0498647578060627,0.6674680501222611,1.3662040829658508,0.04188481578565414,-0.4576916035611267,1.300791098352073,134.8
121,0,821,167,858,204,1051.1309814453125,963.1541137695312,546.8471069335938,839,185,734,185,105,-0.14507684111595154,0.6605449855327606,1.281516194343567,-0.14193655786006534,-0.413674031978644,1.2016832051442958,126.93
121,1,1068,150,1098,188,1051.1309814453125,963.1541137695312,546.8471069335938,1083,169,992,166,91,0.16298361122608185,0.6778781354427338,1.462450623512268,0.15808992471075614,-0.4984219531109994,1.3865575443972644,144.39
121,3,927,168,957,203,1051.1309814453125,963.1541137695312,546.8471069335938,942,185,841,183,101,-0.026439085602760315,0.6697490602731705,1.3266113996505737,-0.025141773851823975,-0.43005716195799637,1.2492746192094166,129.93
121,5,898,157,928,194,1051.1309814453125,963.1541137695312,546.8471069335938,913,175,814,175,99,-0.061779266223311424,0.6640623599290848,1.3497432470321655,-0.060812634740848415,-0.45087033931663834,1.2745124903045562,131.18
121,7,1006,171,1039,208,1051.1309814453125,963.1541137695312,546.8471069335938,1022,189,916,188,106,0.06493328884243965,0.6680962532758713,1.350538730621338,0.06663964828002257,-0.405241672301149,1.1903465711335006,134.36
121,9,842,141,876,173,1051.1309814453125,963.1541137695312,546.8471069335938,859,157,774,157,85,-0.10933821275830269,0.6451930493116379,1.3394935727119446,-0.1470889188956201,-0.5505513648777464,1.4844321945900125,130.73
121,10,1001,144,1030,175,1051.1309814453125,963.1541137695312,546.8471069335938,1015,159,928,160,87,0.06386487558484077,0.6643883526325226,1.4580241441726685,0.07153482245367458,-0.5351354938815003,1.4503073165534606,142.92
121,11,984,160,1011,193,1051.1309814453125,963.1541137695312,546.8471069335938,997,176,900,178,97,0.04993453435599804,0.6662822753190994,1.3714464902877808,0.04188481578565414,-0.4589291192668892,1.300791098352073,135.09
121,12,945,147,971,183,1051.1309814453125,963.1541137695312,546.8471069335938,958,165,869,163,89,0.0004339686784078367,0.6644732296466828,1.4232056140899658,-0.006951626783043803,-0.5150174587296267,1.4177161409005739,137.93
122,1,821,166,859,204,1051.1309814453125,963.1541137695312,546.8471069335938,840,185,734,185,106,-0.14619230479002,0.6610349655151367,1.2837995290756226,-0.13946509011177266,-0.40977144677129834,1.1903465711335006,128.88
122,2,927,166,957,203,1051.1309814453125,963.1541137695312,546.8471069335938,942,184,842,182,100,-0.025794105604290962,0.6693478763103485,1.3288047313690186,-0.025393191590342215,-0.4355581238121658,1.2617673654015107,130.26
122,4,1068,148,1098,188,1051.1309814453125,963.1541137695312,546.8471069335938,1083,168,992,166,91,0.16276929527521133,0.6772275358438492,1.461639165878296,0.15808992471075614,-0.49974106325890005,1.3865575443972644,144.02
122,7,1006,170,1039,207,1051.1309814453125,963.1541137695312,546.8471069335938,1022,188,916,188,106,0.07033272460103035,0.6712842673063278,1.369475245475769,0.06663964828002257,-0.40637411591868633,1.1903465711335006,135.87
122,8,897,156,928,194,1051.1309814453125,963.1541137695312,546.8471069335938,912,175,815,175,97,-0.06226176768541336,0.6628291845321655,1.339709997177124,-0.06330401920415414,-0.4601666349726516,1.300791098352073,130.62
122,9,841,141,875,174,1051.1309814453125,963.1541137695312,546.8471069335938,858,157,774,157,84,-0.17353582382202148,0.6854591310024262,1.5587577819824219,-0.1502690134474603,-0.5571055477929576,1.50210400643037,150.06
122,10,1000,145,1030,176,1051.1309814453125,963.1541137695312,546.8471069335938,1015,160,928,160,87,0.06765992939472198,0.6655364274978638,1.47733473777771,0.07153482245367458,-0.5337557349911675,1.4503073165534606,144.62
122,11,948,148,974,184,1051.1309814453125,963.1541137695312,546.8471069335938,961,166,869,164,92,0.0010985414264723659,0.665344113111496,1.4135746955871582,-0.0028106273186307117,-0.49691863916823725,1.3714862667407726,137.83
122,12,984,160,1011,194,1051.1309814453125,963.1541137695312,546.8471069335938,997,177,900,177,97,0.05069500952959061,0.6705793380737305,1.4002101421356201,0.04188481578565414,-0.4576916035611267,1.300791098352073,137.26
123,0,820,167,859,205,1051.1309814453125,963.1541137695312,546.8471069335938,839,186,734,184,105,-0.14413873851299286,0.6615845203399658,1.2738958597183228,-0.14193655786006534,-0.4125308031837968,1.2016832051442958,124.79
123,1,1119,166,1150,201,1051.1309814453125,963.1541137695312,546.8471069335938,1134,183,1036,181,98,0.2816000282764435,0.7081668615341187,1.7120296955108643,0.20926707494985358,-0.4456719531089341,1.2875177197974599,171.62
123,2,1068,149,1098,188,1051.1309814453125,963.1541137695312,546.8471069335938,1083,168,992,166,91,0.1605430468916893,0.6794995754957199,1.4649490118026733,0.15808992471075614,-0.49974106325890005,1.3865575443972644,144.69
123,4,927,166,957,203,1051.1309814453125,963.1541137695312,546.8471069335938,942,184,842,183,100,-0.026723643764853477,0.671986722946167,1.334329605102539,-0.025393191590342215,-0.4355581238121658,1.2617673654015107,131.01
123,5,1126,146,1158,179,1051.1309814453125,963.1541137695312,546.8471069335938,1142,162,1058,163,84,0.2816000282764435,0.7081668615341187,1.7120296955108643,0.25557720872330136,-0.5499603678251626,1.50210400643037,171.62
123,6,1006,171,1039,207,1051.1309814453125,963.1541137695312,546.8471069335938,1022,189,916,187,106,0.06482357531785965,0.6660517990589142,1.3382798433303833,0.06663964828002257,-0.405241672301149,1.1903465711335006,133.44
123,8,898,155,928,195,1051.1309814453125,963.1541137695312,546.8471069335938,913,175,816,175,97,-0.06339365988969803,0.6637892663478852,1.336261510848999,-0.0620665034983917,-0.4601666349726516,1.300791098352073,130.43
123,10,945,147,971,184,1051.1309814453125,963.1541137695312,546.8471069335938,958,165,869,164,89,-0.00019500241614878178,0.6647577524185181,1.4207602739334106,-0.006951626783043803,-0.5150174587296267,1.4177161409005739,137.89
123,11,1000,145,1030,176,1051.1309814453125,963.1541137695312,546.8471069335938,1015,160,928,160,87,0.06850339472293854,0.6670388519763947,1.4818101525306702,0.07153482245367458,-0.5337557349911675,1.4503073165534606,144.98
123,12,984,160,1009,194,1051.1309814453125,963.1541137695312,546.8471069335938,996,177,901,179,95,0.04912143014371395,0.6692572474479676,1.377716064453125,0.04150303271315256,-0.4673272162676767,1.3281761741068534,135.22
124,0,819,166,858,205,1051.1309814453125,963.1541137695312,546.8471069335938,838,185,734,184,104,-0.14883071184158325,0.6628693282604218,1.2822654247283936,-0.14445555383428674,-0.4176516669015157,1.2132378513476065,129.51
124,1,1119,167,1150,200,1051.1309814453125,963.1541137695312,546.8471069335938,1134,183,1036,180,98,0.21537835896015167,0.6966895550489426,1.476493775844574,0.20926707494985358,-0.4456719531089341,1.2875177197974599,150.17
124,2,1068,150,1098,188,1051.1309814453125,963.1541137695312,546.8471069335938,1083,169,992,166,91,0.161596417427063,0.6798353135585785,1.4651657342910767,0.15808992471075614,-0.4984219531109994,1.3865575443972644,144.68
124,4,927,167,957,203,1051.1309814453125,963.1541137695312,546.8471069335938,942,185,842,183,100,-0.026781480759382248,0.6709421366453171,1.334765613079071,-0.025393191590342215,-0.43435773357757623,1.2617673654015107,130.73
124,5,897,156,928,194,1051.1309814453125,963.1541137695312,546.8471069335938,912,175,814,174,98,-0.06209546700119972,0.6635709941387177,1.3460012674331665,-0.06265805982451991,-0.45547105706476737,1.2875177197974599,131.08
124,6,1126,146,1159,178,1051.1309814453125,963.1541137695312,546.8471069335938,1142,162,1058,162,84,0.2617756426334381,0.6975132465362549,1.664373755455017,0.25557720872330136,-0.5499603678251626,1.50210400643037,165.59
124,7,1006,171,1039,208,1051.1309814453125,963.1541137695312,546.8471069335938,1022,189,916,187,106,0.0752640962600708,0.6812223136425019,1.41334867477417,0.06663964828002257,-0.405241672301149,1.1903465711335006,139.79
124,8,841,140,875,175,1051.1309814453125,963.1541137695312,546.8471069335938,858,157,774,157,84,-0.14110694825649261,0.6671915888786316,1.499954640865326,-0.1502690134474603,-0.5571055477929576,1.50210400643037,144.05
124,10,945,147,971,183,1051.1309814453125,963.1541137695312,546.8471069335938,958,165,869,164,89,0.00043436318810563534,0.6633726745843888,1.409722626209259,-0.006951626783043803,-0.5150174587296267,1.4177161409005739,137.27
124,11,1001,145,1030,176,1051.1309814453125,963.1541137695312,546.8471069335938,1015,160,928,161,87,0.07052785158157349,0.666745924949646,1.4712519645690918,0.07153482245367458,-0.5337557349911675,1.4503073165534606,144.7
124,12,984,160,1010,194,1051.1309814453125,963.1541137695312,546.8471069335938,997,177,900,178,97,0.05011623166501522,0.6683659195899964,1.3796034455299377,0.04188481578565414,-0.4576916035611267,1.300791098352073,135.69
125,0,820,167,859,204,1051.1309814453125,963.1541137695312,546.8471069335938,839,185,734,185,105,-0.14494431018829346,0.6615320235490799,1.2715082168579102,-0.14193655786006534,-0.413674031978644,1.2016832051442958,124.91
125,1,1068,149,1098,188,1051.1309814453125,963.1541137695312,546.8471069335938,1083,168,992,166,91,0.16419869661331177,0.6785236537456513,1.4661680459976196,0.15808992471075614,-0.49974106325890005,1.3865575443972644,145.19
125,3,927,167,957,203,1051.1309814453125,963.1541137695312,546.8471069335938,942,185,843,183,99,-0.026620286516845226,0.6678339332342148,1.3218249082565308,-0.025649688475093142,-0.43874518543189517,1.2745124903045562,129.32
125,6,1006,171,1039,208,1051.1309814453125,963.1541137695312,546.8471069335938,1022,189,917,187,105,0.06497950851917267,0.6698858678340912,1.3462241291999817,0.06727431159697515,-0.40910111679925515,1.2016832051442958,134.35
125,8,898,156,928,194,1051.1309814453125,963.1541137695312,546.8471069335938,913,175,816,175,97,-0.0636368840932846,0.6638718485832215,1.3386846780776978,-0.0620665034983917,-0.4601666349726516,1.300791098352073,130.6
125,10,1000,144,1030,175,1051.1309814453125,963.1541137695312,546.8471069335938,1015,159,928,160,87,0.06734339892864227,0.6726442813873291,1.48239266872406,0.07153482245367458,-0.5351354938815003,1.4503073165534606,144.64
125,11,945,147,971,183,1051.1309814453125,963.1541137695312,546.8471069335938,958,165,869,164,89,-0.00019231879559811205,0.6615501582622528,1.3725334405899048,-0.006951626783043803,-0.5150174587296267,1.4177161409005739,134.95
125,12,984,160,1010,194,1051.1309814453125,963.1541137695312,546.8471069335938,997,177,899,178,98,0.04893295466899872,0.6695650458335877,1.3737722635269165,0.04145741970620868,-0.453021281075809,1.2875177197974599,134.34
126,0,820,166,859,205,1051.1309814453125,963.1541137695312,546.8471069335938,839,185,734,185,105,-0.15373918414115906,0.6573802620172501,1.2851255536079407,-0.14193655786006534,-0.413674031978644,1.2016832051442958,128.12
126,1,1068,149,1098,188,1051.1309814453125,963.1541137695312,546.8471069335938,1083,168,992,166,91,0.16009236872196198,0.6795009911060333,1.463607907295227,0.15808992471075614,-0.49974106325890005,1.3865575443972644,144.68
126,3,1119,166,1149,200,1051.1309814453125,963.1541137695312,546.8471069335938,1134,183,1036,181,98,0.23557370901107788,0.6956371307373047,1.493162751197815,0.20926707494985358,-0.4456719531089341,1.2875177197974599,150.16
126,4,927,167,958,203,1051.1309814453125,963.1541137695312,546.8471069335938,942,185,842,182,100,-0.02489314042031765,0.6691678702831269,1.3267453908920288,-0.025393191590342215,-0.43435773357757623,1.2617673654015107,130.09
126,5,1126,145,1159,179,1051.1309814453125,963.1541137695312,546.8471069335938,1142,162,1058,163,84,0.24561306834220886,0.6822662889957428,1.542025089263916,0.25557720872330136,-0.5499603678251626,1.50210400643037,153.64
126,7,1007,170,1039,208,1051.1309814453125,963.1541137695312,546.8471069335938,1023,189,916,187,107,0.06842436641454697,0.6772484719753266,1.3976483345031738,0.06713870786113411,-0.40145436695254016,1.1792218368238419,139.02
126,8,842,141,875,174,1051.1309814453125,963.1541137695312,546.8471069335938,858,157,774,157,84,-0.10887061432003975,0.6431887090206146,1.3253881931304932,-0.1502690134474603,-0.5571055477929576,1.50210400643037,129.14
126,9,897,155,928,194,1051.1309814453125,963.1541137695312,546.8471069335938,912,174,815,175,97,-0.06205063685774803,0.6627130448818207,1.339164137840271,-0.06330401920415414,-0.461404150678414,1.300791098352073,130.51
126,10,1000,145,1031,176,1051.1309814453125,963.1541137695312,546.8471069335938,1015,160,928,160,87,0.07205385342240334,0.6730527222156525,1.5219483971595764,0.07153482245367458,-0.5337557349911675,1.4503073165534606,148.37
126,11,945,145,971,182,1051.1309814453125,963.1541137695312,546.8471069335938,958,163,869,164,89,-0.00019334127136971802,0.6634441554546356,1.4151588678359985,-0.006951626783043803,-0.5177149648747719,1.4177161409005739,137.83
126,12,984,160,1011,194,1051.1309814453125,963.1541137695312,546.8471069335938,997,177,900,178,97,0.05189120955765247,0.6731205523014069,1.4006518125534058,0.04188481578565414,-0.4576916035611267,1.300791098352073,137.99
127,0,820,167,859,205,1051.1309814453125,963.1541137695312,546.8471069335938,839,186,733,185,106,-0.1443127691745758,0.6625015676021576,1.2754085063934326,-0.14059753372931003,-0.408639003153761,1.1903465711335006,125.41
127,3,1068,150,1098,188,1051.1309814453125,963.1541137695312,546.8471069335938,1083,169,992,166,91,0.15943095088005066,0.6789659351110459,1.4631070494651794,0.15808992471075614,-0.4984219531109994,1.3865575443972644,145.28
127,4,927,166,957,203,1051.1309814453125,963.1541137695312,546.8471069335938,942,184,842,183,100,-0.02631656639277935,0.6697197049856186,1.324071228504181,-0.025393191590342215,-0.4355581238121658,1.2617673654015107,129.69
127,5,898,156,928,194,1051.1309814453125,963.1541137695312,546.8471069335938,913,175,815,175,98,-0.06149423308670521,0.6629186064004898,1.3463879227638245,-0.06143317183004075,-0.45547105706476737,1.2875177197974599,130.73
127,7,1007,172,1040,208,1051.1309814453125,963.1541137695312,546.8471069335938,1023,190,916,188,107,0.06422832608222961,0.6643083930015564,1.316404104232788,0.06713870786113411,-0.4003325069202135,1.1792218368238419,130.38
127,10,1000,145,1030,177,1051.1309814453125,963.1541137695312,546.8471069335938,1015,161,928,161,87,0.0652073472738266,0.6630808651447296,1.4543460011482239,0.07153482245367458,-0.5323759761008346,1.4503073165534606,142.38
127,11,945,146,971,182,1051.1309814453125,963.1541137695312,546.8471069335938,958,164,869,165,89,0.0004328680006437935,0.6646256536245346,1.426521360874176,-0.006951626783043803,-0.5163662118021993,1.4177161409005739,138.36
127,12,983,161,1011,194,1051.1309814453125,963.1541137695312,546.8471069335938,997,177,900,178,97,0.048300765454769135,0.666510009765625,1.3589407205581665,0.04188481578565414,-0.4576916035611267,1.300791098352073,133.61
128,0,820,167,858,205,1051.1309814453125,963.1541137695312,546.8471069335938,839,186,734,184,105,-0.15390928834676743,0.6677003890275955,1.3030335307121277,-0.14193655786006534,-0.4125308031837968,1.2016832051442958,134.39
128,3,1068,150,1098,189,1051.1309814453125,963.1541137695312,546.8471069335938,1083,169,992,166,91,0.1625572070479393,0.6776821255683899,1.4595573544502258,0.15808992471075614,-0.4984219531109994,1.3865575443972644,143.97
128,4,927,168,958,203,1051.1309814453125,963.1541137695312,546.8471069335938,942,185,842,183,100,-0.02504812926054001,0.6673396170139313,1.3215558528900146,-0.025393191590342215,-0.43435773357757623,1.2617673654015107,129.42
128,6,1007,172,1040,209,1051.1309814453125,963.1541137695312,546.8471069335938,1023,190,916,188,107,0.06657207012176514,0.6711928486824036,1.3567352294921875,0.06713870786113411,-0.4003325069202135,1.1792218368238419,133.01
128,7,898,156,929,194,1051.1309814453125,963.1541137695312,546.8471069335938,913,175,814,174,99,-0.06319959089159966,0.6642983049154282,1.3417837619781494,-0.060812634740848415,-0.45087033931663834,1.2745124903045562,130.98
128,9,842,141,875,175,1051.1309814453125,963.1541137695312,546.8471069335938,858,158,774,157,84,-0.1442919746041298,0.6765048444271088,1.551954448223114,-0.1502690134474603,-0.5556765117993986,1.50210400643037,149.73
128,10,945,146,971,183,1051.1309814453125,963.1541137695312,546.8471069335938,958,164,869,164,89,-0.00019245475414209068,0.6617433369159699,1.398176908493042,-0.006951626783043803,-0.5163662118021993,1.4177161409005739,136.85
128,11,1000,145,1030,176,1051.1309814453125,963.1541137695312,546.8471069335938,1015,160,928,159,87,0.06359384208917618,0.6629497647285462,1.4586995840072632,0.07153482245367458,-0.5337557349911675,1.4503073165534606,142.86
128,12,984,161,1011,194,1051.1309814453125,963.1541137695312,546.8471069335938,997,177,901,178,96,0.05078479275107384,0.6655291557312012,1.3685222864151,0.04232111595008803,-0.46245922443155507,1.3143410056265736,134.52
129,0,820,167,859,204,1051.1309814453125,963.1541137695312,546.8471069335938,839,185,734,185,105,-0.15976206958293915,0.669342839717865,1.3469622135162354,-0.14193655786006534,-0.413674031978644,1.2016832051442958,134.47
129,2,927,167,958,203,1051.1309814453125,963.1541137695312,546.8471069335938,942,185,842,182,100,-0.027072194032371044,0.6686711400747299,1.3316038250923157,-0.025393191590342215,-0.43435773357757623,1.2617673654015107,130.46
129,3,1068,149,1097,188,1051.1309814453125,963.1541137695312,546.8471069335938,1082,168,992,167,90,0.16407278180122375,0.6781230509281159,1.4637895226478577,0.1585127125024428,-0.5052937417395545,1.401963739335012,144.64
129,7,898,157,928,194,1051.1309814453125,963.1541137695312,546.8471069335938,913,175,816,175,97,-0.06378248706459999,0.6651819288730622,1.3476142883300781,-0.0620665034983917,-0.4601666349726516,1.300791098352073,131.51
129,8,1006,171,1038,208,1051.1309814453125,963.1541137695312,546.8471069335938,1022,189,916,188,106,0.06646957248449326,0.6750168442726135,1.3579823970794678,0.06663964828002257,-0.405241672301149,1.1903465711335006,136.03
129,9,843,142,876,174,1051.1309814453125,963.1541137695312,546.8471069335938,859,158,774,157,85,-0.11075162515044212,0.6493301630020142,1.3566293120384216,-0.1470889188956201,-0.5491391410723468,1.4844321945900125,132.59
129,10,1000,145,1030,177,1051.1309814453125,963.1541137695312,546.8471069335938,1015,161,929,159,86,0.07283708825707436,0.6712092995643616,1.511671245098114,0.07236662271476382,-0.5385663944275885,1.4671713551180356,147.23
129,11,947,148,974,183,1051.1309814453125,963.1541137695312,546.8471069335938,960,165,869,165,91,0.003585146740078926,0.663639897108078,1.4004597663879395,-0.004160623481021793,-0.5036983937026019,1.3865575443972644,136.77
129,12,984,160,1010,194,1051.1309814453125,963.1541137695312,546.8471069335938,997,177,901,177,96,0.04919025860726833,0.6688280194997788,1.3810646533966064,0.04232111595008803,-0.46245922443155507,1.3143410056265736,135.52
130,0,819,167,859,205,1051.1309814453125,963.1541137695312,546.8471069335938,839,186,734,185,105,-0.1507611721754074,0.664252632856369,1.2789275646209717,-0.14193655786006534,-0.4125308031837968,1.2016832051442958,130.03
130,2,1067,149,1098,189,1051.1309814453125,963.1541137695312,546.8471069335938,1082,169,992,167,90,0.16039299964904785,0.6802625596523285,1.4636582136154175,0.1585127125024428,-0.5039599748122328,1.401963739335012,144.54
130,5,927,167,957,203,1051.1309814453125,963.1541137695312,546.8471069335938,942,185,842,183,100,-0.027983492240309715,0.6666200697422028,1.3182061910629272,-0.025393191590342215,-0.43435773357757623,1.2617673654015107,129.48
130,7,1006,170,1039,208,1051.1309814453125,963.1541137695312,546.8471069335938,1022,189,916,188,106,0.06598123908042908,0.673093044757843,1.3672326803207397,0.06663964828002257,-0.405241672301149,1.1903465711335006,136.76
130,8,897,155,928,194,1051.1309814453125,963.1541137695312,546.8471069335938,912,174,814,175,98,-0.06221029534935951,0.6634122669696808,1.3485053181648254,-0.06265805982451991,-0.45669594505924654,1.2875177197974599,130.94
130,9,842,141,876,173,1051.1309814453125,963.1541137695312,546.8471069335938,859,157,774,157,85,-0.10961808636784554,0.6459493130445481,1.3436251282691956,-0.1470889188956201,-0.5505513648777464,1.4844321945900125,131.14
130,10,945,147,971,183,1051.1309814453125,963.1541137695312,546.8471069335938,958,165,869,165,89,0.0004288071868359111,0.6617200911045075,1.4027493596076965,-0.006951626783043803,-0.5150174587296267,1.4177161409005739,136.28
130,11,1000,144,1031,176,1051.1309814453125,963.1541137695312,546.8471069335938,1015,160,928,161,87,0.0714515931904316,0.6686292082071305,1.489782989025116,0.07153482245367458,-0.5337557349911675,1.4503073165534606,146.15
130,12,984,160,1010,194,1051.1309814453125,963.1541137695312,546.8471069335938,997,177,901,177,96,0.048466265201568604,0.6670782804489136,1.3672218322753906,0.04232111595008803,-0.46245922443155507,1.3143410056265736,134.63
131,0,821,167,859,204,1051.1309814453125,963.1541137695312,546.8471069335938,840,185,734,184,106,-0.1472022980451584,0.6617514431476593,1.2901039123535156,-0.13946509011177266,-0.40977144677129834,1.1903465711335006,129.45
131,1,1068,149,1098,187,1051.1309814453125,963.1541137695312,546.8471069335938,1083,168,992,166,91,0.16140983998775482,0.6795140743255615,1.465835452079773,0.15808992471075614,-0.49974106325890005,1.3865575443972644,144.9
131,4,927,168,958,203,1051.1309814453125,963.1541137695312,546.8471069335938,942,185,842,183,100,-0.02681193593889475,0.66767997443676,1.3234590291976929,-0.025393191590342215,-0.43435773357757623,1.2617673654015107,129.63
131,5,1007,171,1040,208,1051.1309814453125,963.1541137695312,546.8471069335938,1023,189,916,188,107,0.07411513477563858,0.6835039794445038,1.4029079675674438,0.06713870786113411,-0.40145436695254016,1.1792218368238419,141.07
131,8,898,157,928,194,1051.1309814453125,963.1541137695312,546.8471069335938,913,175,815,174,98,-0.06339243799448013,0.6639634311199188,1.3413153290748596,-0.06143317183004075,-0.45547105706476737,1.2875177197974599,130.72
131,9,842,140,875,174,1051.1309814453125,963.1541137695312,546.8471069335938,858,157,774,158,84,-0.11026590317487717,0.6463342249393463,1.342307984828949,-0.1502690134474603,-0.5571055477929576,1.50210400643037,130.95
131,10,1000,145,1029,176,1051.1309814453125,963.1541137695312,546.8471069335938,1014,160,928,160,86,0.07364042103290558,0.6751284390687943,1.5245269536972046,0.07097082011640385,-0.5399621970259484,1.4671713551180356,149.28
131,11,944,147,970,182,1051.1309814453125,963.1541137695312,546.8471069335938,957,164,869,164,88,0.0010956854093819857,0.6638862133026123,1.4146559238433838,-0.00839470235397564,-0.5222340096635879,1.4338265515926258,137.4
131,12,984,160,1010,193,1051.1309814453125,963.1541137695312,546.8471069335938,997,176,899,178,98,0.05106056109070778,0.67180016040802,1.398462176322937,0.04145741970620868,-0.45424616907028825,1.2875177197974599,137.59
132,0,820,167,859,205,1051.1309814453125,963.1541137695312,546.8471069335938,839,186,734,185,105,-0.1484762206673622,0.6643808722496033,1.2877436876296997,-0.14193655786006534,-0.4125308031837968,1.2016832051442958,130.65
132,1,1068,149,1098,188,1051.1309814453125,963.1541137695312,546.8471069335938,1083,168,992,166,91,0.16136707365512848,0.679695063829422,1.4631195068359375,0.15808992471075614,-0.49974106325890005,1.3865575443972644,144.63
132,3,927,168,957,203,1051.1309814453125,963.1541137695312,546.8471069335938,942,185,842,183,100,-0.028226093389093876,0.6697112560272217,1.3283892273902893,-0.025393191590342215,-0.43435773357757623,1.2617673654015107,130.62
132,7,898,157,928,194,1051.1309814453125,963.1541137695312,546.8471069335938,913,175,815,175,98,-0.06348863989114761,0.6641047239303589,1.3432633876800537,-0.06143317183004075,-0.45547105706476737,1.2875177197974599,130.88
132,8,1006,171,1039,208,1051.1309814453125,963.1541137695312,546.8471069335938,1022,189,917,188,105,0.07305748388171196,0.6814494222402573,1.3963834047317505,0.06727431159697515,-0.40910111679925515,1.2016832051442958,140.04
132,9,843,142,875,174,1051.1309814453125,963.1541137695312,546.8471069335938,859,158,774,157,85,-0.1470990777015686,0.6779522836208344,1.5559719800949097,-0.1470889188956201,-0.5491391410723468,1.4844321945900125,153.61
132,10,1001,145,1030,175,1051.1309814453125,963.1541137695312,546.8471069335938,1015,160,928,160,87,0.07279209792613983,0.6727153301239014,1.5138922929763794,0.07153482245367458,-0.5337557349911675,1.4503073165534606,148.16
132,11,984,160,1011,192,1051.1309814453125,963.1541137695312,546.8471069335938,997,176,900,178,97,0.05206042528152466,0.670803302526474,1.3929752111434937,0.04188481578565414,-0.4589291192668892,1.300791098352073,137.75
132,12,945,147,971,182,1051.1309814453125,963.1541137695312,546.8471069335938,958,164,869,164,89,0.003012308501638472,0.6659632712602616,1.4160839915275574,-0.006951626783043803,-0.5163662118021993,1.4177161409005739,137.99
133,0,820,167,859,205,1051.1309814453125,963.1541137695312,546.8471069335938,839,186,735,185,104,-0.14605781435966492,0.6602047175168991,1.2825326323509216,-0.1433013324548737,-0.4164974455221026,1.2132378513476065,127.21
133,1,1068,149,1098,187,1051.1309814453125,963.1541137695312,546.8471069335938,1083,168,992,167,91,0.16137123107910156,0.6730252891778946,1.4616683721542358,0.15808992471075614,-0.49974106325890005,1.3865575443972644,144.13
133,3,927,168,958,203,1051.1309814453125,963.1541137695312,546.8471069335938,942,185,842,183,100,-0.025005662813782692,0.6667730748653412,1.3182446956634521,-0.025393191590342215,-0.43435773357757623,1.2617673654015107,129.21
133,7,1006,171,1038,207,1051.1309814453125,963.1541137695312,546.8471069335938,1022,189,916,187,106,0.06395678967237473,0.6681478410959244,1.327490746974945,0.06663964828002257,-0.405241672301149,1.1903465711335006,131.61
133,8,842,141,876,174,1051.1309814453125,963.1541137695312,546.8471069335938,859,157,774,157,85,-0.10985003784298897,0.6468212246894837,1.3448299169540405,-0.1470889188956201,-0.5505513648777464,1.4844321945900125,131.22
133,9,1000,145,1030,176,1051.1309814453125,963.1541137695312,546.8471069335938,1015,160,928,160,87,0.07539946585893631,0.6743091881275177,1.5295414924621582,0.07153482245367458,-0.5337557349911675,1.4503073165534606,147.33
133,10,897,157,928,195,1051.1309814453125,963.1541137695312,546.8471069335938,912,176,815,174,97,-0.06300891935825348,0.6637510895729065,1.3410488367080688,-0.06330401920415414,-0.4589291192668892,1.300791098352073,130.65
133,11,945,146,971,183,1051.1309814453125,963.1541137695312,546.8471069335938,958,164,869,165,89,-0.00019223254639655352,0.6621626704931259,1.4050212502479553,-0.006951626783043803,-0.5163662118021993,1.4177161409005739,136.84
133,12,984,162,1011,196,1051.1309814453125,963.1541137695312,546.8471069335938,997,179,900,178,97,0.047082310542464256,0.6679416835308075,1.3621245622634888,0.04188481578565414,-0.4552165721496018,1.300791098352073,133.49
134,0,820,167,859,205,1051.1309814453125,963.1541137695312,546.8471069335938,839,186,734,184,105,-0.1484457552433014,0.6622033208608628,1.2795398235321045,-0.14193655786006534,-0.4125308031837968,1.2016832051442958,129.17
134,1,1068,150,1098,188,1051.1309814453125,963.1541137695312,546.8471069335938,1083,169,992,166,91,0.16013380885124207,0.6799456715583801,1.4648147821426392,0.15808992471075614,-0.4984219531109994,1.3865575443972644,144.78
134,2,926,168,958,203,1051.1309814453125,963.1541137695312,546.8471069335938,942,185,841,183,101,-0.025578989647328854,0.6676818519830704,1.3177490234375,-0.025141773851823975,-0.43005716195799637,1.2492746192094166,129.12
134,6,1006,171,1039,208,1051.1309814453125,963.1541137695312,546.8471069335938,1022,189,916,188,106,0.07133998721837997,0.6805023789405823,1.401026964187622,0.06663964828002257,-0.405241672301149,1.1903465711335006,140.73
134,7,842,142,876,174,1051.1309814453125,963.1541137695312,546.8471069335938,859,158,774,157,85,-0.10819202288985252,0.6435857802629471,1.3246034383773804,-0.1470889188956201,-0.5491391410723468,1.4844321945900125,129.19
134,9,897,156,928,193,1051.1309814453125,963.1541137695312,546.8471069335938,912,174,814,174,98,-0.062123918905854225,0.6621939033269882,1.3446051478385925,-0.06265805982451991,-0.45669594505924654,1.2875177197974599,130.61
134,10,945,147,971,183,1051.1309814453125,963.1541137695312,546.8471069335938,958,165,869,164,89,0.0023030138108879328,0.6628100514411926,1.4075685739517212,-0.006951626783043803,-0.5150174587296267,1.4177161409005739,136.57
134,11,1001,145,1031,176,1051.1309814453125,963.1541137695312,546.8471069335938,1016,160,928,160,88,0.07322778925299644,0.6732602953910828,1.5096205472946167,0.07208600655600735,-0.5276903289117224,1.4338265515926258,147.78
134,12,983,161,1011,194,1051.1309814453125,963.1541137695312,546.8471069335938,997,177,901,178,96,0.051670100539922714,0.6712428271770478,1.3940200209617615,0.04232111595008803,-0.46245922443155507,1.3143410056265736,137.27
135,0,819,166,859,205,1051.1309814453125,963.1541137695312,546.8471069335938,839,185,734,185,105,-0.15749698132276535,0.6745655477046967,1.3445945382118225,-0.14193655786006534,-0.413674031978644,1.2016832051442958,139.79
135,1,1068,149,1098,188,1051.1309814453125,963.1541137695312,546.8471069335938,1083,168,992,167,91,0.16188443452119827,0.6749355435371399,1.4674128890037537,0.15808992471075614,-0.49974106325890005,1.3865575443972644,145.48
135,4,926,167,958,203,1051.1309814453125,963.1541137695312,546.8471069335938,942,185,842,183,100,-0.02550840564072132,0.6673465013504029,1.318596363067627,-0.025393191590342215,-0.43435773357757623,1.2617673654015107,129.22
135,6,1006,171,1039,208,1051.1309814453125,963.1541137695312,546.8471069335938,1022,189,916,188,106,0.06766321137547493,0.6769251018762589,1.37969970703125,0.06663964828002257,-0.405241672301149,1.1903465711335006,137.79
135,7,842,141,876,174,1051.1309814453125,963.1541137695312,546.8471069335938,859,157,775,157,84,-0.1385084092617035,0.6734411358833313,1.5359548330307007,-0.1488399774539013,-0.5571055477929576,1.50210400643037,145.35
135,9,897,156,927,195,1051.1309814453125,963.1541137695312,546.8471069335938,912,175,815,175,97,-0.06225975789129734,0.6638134956359864,1.3460019826889038,-0.06330401920415414,-0.4601666349726516,1.300791098352073,130.91
135,10,999,145,1030,176,1051.1309814453125,963.1541137695312,546.8471069335938,1014,160,928,161,86,0.0713990107178688,0.6712677121162415,1.5004078149795532,0.07097082011640385,-0.5399621970259484,1.4671713551180356,147.02
135,11,945,146,971,182,1051.1309814453125,963.1541137695312,546.8471069335938,958,164,869,165,89,0.0004330437950557098,0.6638889253139496,1.4174991250038147,-0.006951626783043803,-0.5163662118021993,1.4177161409005739,137.87
135,12,984,162,1011,195,1051.1309814453125,963.1541137695312,546.8471069335938,997,178,900,178,97,0.05102458596229553,0.6719746977090836,1.391143023967743,0.04188481578565414,-0.4564540878553643,1.300791098352073,136.71
136,0,819,166,859,205,1051.1309814453125,963.1541137695312,546.8471069335938,839,185,734,184,105,-0.15445736050605774,0.6707611322402954,1.3334981203079224,-0.14193655786006534,-0.413674031978644,1.2016832051442958,132.94
136,2,1068,149,1098,188,1051.1309814453125,963.1541137695312,546.8471069335938,1083,168,992,166,91,0.16295132786035538,0.6770910114049912,1.4665871858596802,0.15808992471075614,-0.49974106325890005,1.3865575443972644,145.68
136,4,926,167,957,203,1051.1309814453125,963.1541137695312,546.8471069335938,941,185,842,183,99,-0.030601410195231438,0.6681503593921662,1.3306845426559448,-0.026862203863567462,-0.43874518543189517,1.2745124903045562,130.86
136,7,842,141,876,174,1051.1309814453125,963.1541137695312,546.8471069335938,859,157,774,157,85,-0.1469212770462036,0.6683862745761872,1.5078624486923218,-0.1470889188956201,-0.5505513648777464,1.4844321945900125,143.0
136,8,897,156,928,193,1051.1309814453125,963.1541137695312,546.8471069335938,912,174,815,174,97,-0.06100920028984547,0.6634092271327973,1.3505287766456604,-0.06330401920415414,-0.461404150678414,1.300791098352073,131.74
136,9,1006,171,1038,208,1051.1309814453125,963.1541137695312,546.8471069335938,1022,189,915,188,107,0.06774046272039413,0.6716823518276215,1.372515320777893,0.0660168478288074,-0.40145436695254016,1.1792218368238419,136.99
136,10,945,146,971,183,1051.1309814453125,963.1541137695312,546.8471069335938,958,164,870,164,88,-0.0015015657409094274,0.665812560915947,1.42411607503891,-0.007030622541942028,-0.5222340096635879,1.4338265515926258,138.49
136,11,984,160,1010,194,1051.1309814453125,963.1541137695312,546.8471069335938,997,177,901,178,96,0.04416834935545921,0.6688876986503601,1.3898698091506958,0.04232111595008803,-0.46245922443155507,1.3143410056265736,136.99
136,12,1003,145,1032,176,1051.1309814453125,963.1541137695312,546.8471069335938,1017,160,928,160,89,0.07169173657894135,0.668205389380455,1.4908631443977356,0.07262480449873712,-0.5217612240924895,1.4177161409005739,146.74
137,0,820,168,858,205,1051.1309814453125,963.1541137695312,546.8471069335938,839,186,734,184,105,-0.15468855202198029,0.671676629781723,1.31342613697052,-0.14193655786006534,-0.4125308031837968,1.2016832051442958,136.79
137,2,1068,149,1097,187,1051.1309814453125,963.1541137695312,546.8471069335938,1082,168,992,167,90,0.16100332140922546,0.6794197201728821,1.4653255939483643,0.1585127125024428,-0.5052937417395545,1.401963739335012,144.87
137,4,927,168,957,203,1051.1309814453125,963.1541137695312,546.8471069335938,942,185,841,183,101,-0.026479518972337246,0.6680981159210205,1.32203871011734,-0.025141773851823975,-0.43005716195799637,1.2492746192094166,129.29
137,6,1007,171,1039,208,1051.1309814453125,963.1541137695312,546.8471069335938,1023,189,917,188,106,0.06652595847845078,0.6709174752235413,1.345452904701233,0.06777209189755991,-0.405241672301149,1.1903465711335006,133.81
137,8,898,157,928,194,1051.1309814453125,963.1541137695312,546.8471069335938,913,175,815,174,98,-0.06181502714753151,0.6638293504714966,1.3487083911895752,-0.06143317183004075,-0.45547105706476737,1.2875177197974599,131.17
137,9,843,142,875,174,1051.1309814453125,963.1541137695312,546.8471069335938,859,158,774,157,85,-0.1474420428276062,0.6755904793739319,1.5185867547988892,-0.1470889188956201,-0.5491391410723468,1.4844321945900125,148.73
137,10,1000,145,1029,176,1051.1309814453125,963.1541137695312,546.8471069335938,1014,160,928,161,86,0.0734863206744194,0.6696151733398438,1.4998958110809326,0.07097082011640385,-0.5399621970259484,1.4671713551180356,145.88
137,11,945,147,971,184,1051.1309814453125,963.1541137695312,546.8471069335938,958,165,869,165,89,-0.00019256657105870545,0.6635179162025452,1.4110989570617676,-0.006951626783043803,-0.5150174587296267,1.4177161409005739,137.02
137,12,984,162,1010,196,1051.1309814453125,963.1541137695312,546.8471069335938,997,179,900,177,97,0.046232014894485474,0.669062489271164,1.370713233947754,0.04188481578565414,-0.4552165721496018,1.300791098352073,134.14
138,0,819,167,858,205,1051.1309814453125,963.1541137695312,546.8471069335938,838,186,734,185,104,-0.1548900008201599,0.673279756307602,1.3303033709526062,-0.14445555383428674,-0.4164974455221026,1.2132378513476065,134.88
138,1,1068,149,1098,188,1051.1309814453125,963.1541137695312,546.8471069335938,1083,168,992,166,91,0.16157132387161255,0.6779707610607147,1.462827205657959,0.15808992471075614,-0.49974106325890005,1.3865575443972644,145.18
138,4,927,167,957,203,1051.1309814453125,963.1541137695312,546.8471069335938,942,185,842,184,100,-0.02694707363843918,0.6699399739503861,1.333195447921753,-0.025393191590342215,-0.43435773357757623,1.2617673654015107,130.62
138,7,1007,171,1039,207,1051.1309814453125,963.1541137695312,546.8471069335938,1023,189,916,188,107,0.06497272104024887,0.6673338651657105,1.3262618780136108,0.06713870786113411,-0.40145436695254016,1.1792218368238419,131.3
138,8,842,141,876,174,1051.1309814453125,963.1541137695312,546.8471069335938,859,157,774,157,85,-0.1384374350309372,0.6760765850543976,1.5510685443878174,-0.1470889188956201,-0.5505513648777464,1.4844321945900125,144.29
138,9,898,157,928,194,1051.1309814453125,963.1541137695312,546.8471069335938,913,175,815,175,98,-0.062265634536743164,0.6652795016765595,1.3534809350967407,-0.06143317183004075,-0.45547105706476737,1.2875177197974599,132.24
138,10,1000,145,1030,176,1051.1309814453125,963.1541137695312,546.8471069335938,1015,160,928,160,87,0.06242872029542923,0.6633188962936402,1.428709626197815,0.07153482245367458,-0.5337557349911675,1.4503073165534606,140.31
138,11,945,146,971,182,1051.1309814453125,963.1541137695312,546.8471069335938,958,164,869,164,89,0.0004360721868579276,0.6632314562797547,1.4126265048980713,-0.006951626783043803,-0.5163662118021993,1.4177161409005739,137.57
138,12,984,161,1011,194,1051.1309814453125,963.1541137695312,546.8471069335938,997,177,901,178,96,0.04898400977253914,0.6686736434698105,1.3675053715705872,0.04232111595008803,-0.46245922443155507,1.3143410056265736,134.25
139,0,820,167,859,205,1051.1309814453125,963.1541137695312,546.8471069335938,839,186,734,184,105,-0.144947350025177,0.6593746036291123,1.2722709774971008,-0.14193655786006534,-0.4125308031837968,1.2016832051442958,126.88
139,3,1068,150,1098,188,1051.1309814453125,963.1541137695312,546.8471069335938,1083,169,992,166,91,0.16270340979099274,0.6768468260765076,1.4639309644699097,0.15808992471075614,-0.4984219531109994,1.3865575443972644,145.11
139,4,927,166,957,203,1051.1309814453125,963.1541137695312,546.8471069335938,942,184,842,183,100,-0.026355250738561153,0.667230823636055,1.3184673190116882,-0.025393191590342215,-0.4355581238121658,1.2617673654015107,128.82
139,7,1007,171,1040,208,1051.1309814453125,963.1541137695312,546.8471069335938,1023,189,915,187,108,0.06474121659994125,0.6669681906700134,1.3350359201431274,0.0665170531587162,-0.3977371968881647,1.16830311611251,133.34
139,9,898,157,928,195,1051.1309814453125,963.1541137695312,546.8471069335938,913,176,815,174,98,-0.062173789367079735,0.6630581259727478,1.3339310884475708,-0.06143317183004075,-0.45424616907028825,1.2875177197974599,130.22
139,10,1001,146,1030,176,1051.1309814453125,963.1541137695312,546.8471069335938,1015,161,929,160,86,0.06852412596344948,0.6678888142108917,1.4973276257514954,0.07236662271476382,-0.5385663944275885,1.4671713551180356,145.46
139,11,945,147,971,184,1051.1309814453125,963.1541137695312,546.8471069335938,958,165,869,164,89,-0.0001909159473143518,0.6610072493553162,1.3950669765472412,-0.006951626783043803,-0.5150174587296267,1.4177161409005739,135.7
139,12,984,161,1010,194,1051.1309814453125,963.1541137695312,546.8471069335938,997,177,901,178,96,0.04970131255686283,0.6666807621717453,1.3651077151298523,0.04232111595008803,-0.46245922443155507,1.3143410056265736,134.13
140,0,819,167,859,205,1051.1309814453125,963.1541137695312,546.8471069335938,839,186,734,184,105,-0.1496358886361122,0.6627297192811966,1.2950151562690735,-0.14193655786006534,-0.4125308031837968,1.2016832051442958,129.43
140,2,1068,150,1097,188,1051.1309814453125,963.1541137695312,546.8471069335938,1082,169,992,166,90,0.16021138429641724,0.6799566984176636,1.464864432811737,0.1585127125024428,-0.5039599748122328,1.401963739335012,144.88
140,3,927,168,957,203,1051.1309814453125,963.1541137695312,546.8471069335938,942,185,841,183,101,-0.030494974926114082,0.6671475410461426,1.3276699781417847,-0.025141773851823975,-0.43005716195799637,1.2492746192094166,131.07
140,6,1007,171,1040,208,1051.1309814453125,963.1541137695312,546.8471069335938,1023,189,916,188,107,0.06657127290964127,0.6697056531906128,1.3332558870315552,0.06713870786113411,-0.40145436695254016,1.1792218368238419,133.52
140,7,842,141,876,173,1051.1309814453125,963.1541137695312,546.8471069335938,859,157,774,157,85,-0.1093013770878315,0.6449881285429001,1.3383740782737732,-0.1470889188956201,-0.5505513648777464,1.4844321945900125,130.72
140,8,897,157,928,193,1051.1309814453125,963.1541137695312,546.8471069335938,912,175,814,174,98,-0.059663958847522736,0.6621836960315705,1.3500572443008423,-0.06265805982451991,-0.45547105706476737,1.2875177197974599,131.53
140,10,1000,144,1029,176,1051.1309814453125,963.1541137695312,546.8471069335938,1014,160,928,160,86,0.07203057408332825,0.6707367390394211,1.4965556859970093,0.07097082011640385,-0.5399621970259484,1.4671713551180356,144.94
140,11,945,146,971,182,1051.1309814453125,963.1541137695312,546.8471069335938,958,164,869,165,89,-0.0014864546246826649,0.6635568678379059,1.4116610288619995,-0.006951626783043803,-0.5163662118021993,1.4177161409005739,137.47
140,12,985,161,1012,196,1051.1309814453125,963.1541137695312,546.8471069335938,998,178,900,178,98,0.04759514704346657,0.6657348215579987,1.3656374216079712,0.042682307700687844,-0.45179639308132985,1.2875177197974599,133.76
141,0,820,166,859,204,1051.1309814453125,963.1541137695312,546.8471069335938,839,185,734,184,105,-0.14887677133083344,0.6621584236621857,1.2767066955566406,-0.14193655786006534,-0.413674031978644,1.2016832051442958,129.89
141,1,1068,149,1098,188,1051.1309814453125,963.1541137695312,546.8471069335938,1083,168,992,167,91,0.162775456905365,0.6785933911800385,1.4631987810134888,0.15808992471075614,-0.49974106325890005,1.3865575443972644,144.79
141,3,927,167,957,203,1051.1309814453125,963.1541137695312,546.8471069335938,942,185,842,183,100,-0.026322943158447742,0.6671244442462921,1.3185125589370728,-0.025393191590342215,-0.43435773357757623,1.2617673654015107,128.81
141,6,898,156,928,194,1051.1309814453125,963.1541137695312,546.8471069335938,913,175,815,175,98,-0.06330524757504463,0.6628483921289444,1.331836998462677,-0.06143317183004075,-0.45547105706476737,1.2875177197974599,130.08
141,8,1007,171,1040,208,1051.1309814453125,963.1541137695312,546.8471069335938,1023,189,917,188,106,0.0695817619562149,0.6744404673576355,1.41500324010849,0.06777209189755991,-0.405241672301149,1.1903465711335006,139.26
141,9,841,140,876,174,1051.1309814453125,963.1541137695312,546.8471069335938,858,157,774,157,84,-0.18730507791042328,0.6868622541427613,1.69393789768219,-0.1502690134474603,-0.5571055477929576,1.50210400643037,164.22
141,10,945,146,971,183,1051.1309814453125,963.1541137695312,546.8471069335938,958,164,869,164,89,0.0022860784083604813,0.6629557847976685,1.4034249782562256,-0.006951626783043803,-0.5163662118021993,1.4177161409005739,136.28
141,11,1002,145,1031,176,1051.1309814453125,963.1541137695312,546.8471069335938,1016,160,928,161,88,0.07349702343344688,0.674015337228775,1.510991632938385,0.07208600655600735,-0.5276903289117224,1.4338265515926258,148.28
141,12,985,161,1012,196,1051.1309814453125,963.1541137695312,546.8471069335938,998,178,899,177,99,0.051493292674422264,0.6711155712604523,1.3960164189338684,0.04225117327946877,-0.4472327931512154,1.2745124903045562,137.03
142,0,820,167,859,205,1051.1309814453125,963.1541137695312,546.8471069335938,839,186,734,185,105,-0.14972113072872162,0.6646225839853287,1.286017894744873,-0.14193655786006534,-0.4125308031837968,1.2016832051442958,130.56
142,1,1119,166,1150,200,1051.1309814453125,963.1541137695312,546.8471069335938,1134,183,1036,180,98,0.27064692974090576,0.7013646304607392,1.6424455642700195,0.20926707494985358,-0.4456719531089341,1.2875177197974599,164.37
142,2,1068,149,1098,188,1051.1309814453125,963.1541137695312,546.8471069335938,1083,168,992,167,91,0.16158023476600647,0.6803273499011994,1.4669883251190186,0.15808992471075614,-0.49974106325890005,1.3865575443972644,144.92
142,4,927,167,958,203,1051.1309814453125,963.1541137695312,546.8471069335938,942,185,842,183,100,-0.02490227483212948,0.6671438753604889,1.3182247877120972,-0.025393191590342215,-0.43435773357757623,1.2617673654015107,129.21
142,5,1126,147,1158,179,1051.1309814453125,963.1541137695312,546.8471069335938,1142,163,1058,162,84,0.27064692974090576,0.7013646304607392,1.6424455642700195,0.25557720872330136,-0.5485313318316035,1.50210400643037,164.37
142,6,898,156,928,194,1051.1309814453125,963.1541137695312,546.8471069335938,913,175,814,175,99,-0.06211470067501068,0.6639861106872559,1.3489391803741455,-0.060812634740848415,-0.45087033931663834,1.2745124903045562,131.26
142,8,1006,170,1039,208,1051.1309814453125,963.1541137695312,546.8471069335938,1022,189,916,188,106,0.06663451343774796,0.6713903188705445,1.358325183391571,0.06663964828002257,-0.405241672301149,1.1903465711335006,135.17
142,9,842,141,876,174,1051.1309814453125,963.1541137695312,546.8471069335938,859,157,774,157,85,-0.11014566570520401,0.6476513832807541,1.3489562273025513,-0.1470889188956201,-0.5505513648777464,1.4844321945900125,131.67
142,10,1000,146,1030,176,1051.1309814453125,963.1541137695312,546.8471069335938,1015,161,928,161,87,0.06671631336212158,0.6672021985054016,1.4724266529083252,0.07153482245367458,-0.5323759761008346,1.4503073165534606,144.27
142,11,945,147,970,183,1051.1309814453125,963.1541137695312,546.8471069335938,957,165,869,165,88,-0.00019919726764783263,0.663285905122757,1.4128910303115845,-0.00839470235397564,-0.5208699298515542,1.4338265515926258,137.13
142,12,984,161,1009,195,1051.1309814453125,963.1541137695312,546.8471069335938,996,178,900,177,96,0.04726371541619301,0.667032265663147,1.3646281957626343,0.041070709455723886,-0.46120881793719093,1.3143410056265736,134.26
143,0,820,167,859,205,1051.1309814453125,963.1541137695312,546.8471069335938,839,186,734,185,105,-0.14733752608299255,0.6634806334972382,1.2815346121788025,-0.14193655786006534,-0.4125308031837968,1.2016832051442958,129.39
143,1,1068,150,1098,188,1051.1309814453125,963.1541137695312,546.8471069335938,1083,169,992,167,91,0.16019022464752197,0.6802648842334748,1.4639674425125122,0.15808992471075614,-0.4984219531109994,1.3865575443972644,144.9
143,2,926,167,958,203,1051.1309814453125,963.1541137695312,546.8471069335938,942,185,842,183,100,-0.028340350836515427,0.669707590341568,1.3354005813598633,-0.025393191590342215,-0.43435773357757623,1.2617673654015107,130.84
143,3,1119,166,1149,200,1051.1309814453125,963.1541137695312,546.8471069335938,1134,183,1036,181,98,0.21727505326271057,0.6888165712356568,1.463566780090332,0.20926707494985358,-0.4456719531089341,1.2875177197974599,145.23
143,7,1007,172,1039,208,1051.1309814453125,963.1541137695312,546.8471069335938,1023,190,916,188,107,0.07670440524816513,0.6874380052089691,1.4407594203948975,0.06713870786113411,-0.4003325069202135,1.1792218368238419,142.83
143,8,842,141,876,174,1051.1309814453125,963.1541137695312,546.8471069335938,859,157,774,158,85,-0.12283387780189514,0.6577698528766632,1.435514211654663,-0.1470889188956201,-0.5505513648777464,1.4844321945900125,140.59
143,9,898,156,928,193,1051.1309814453125,963.1541137695312,546.8471069335938,913,174,815,175,98,-0.0619997251778841,0.6640039175748825,1.3524511456489563,-0.06143317183004075,-0.45669594505924654,1.2875177197974599,131.66
143,10,1001,145,1030,177,1051.1309814453125,963.1541137695312,546.8471069335938,1015,161,929,160,86,0.07195178419351578,0.6733118832111359,1.506882905960083,0.07236662271476382,-0.5385663944275885,1.4671713551180356,147.79
143,11,947,149,974,183,1051.1309814453125,963.1541137695312,546.8471069335938,960,166,869,165,91,0.0023660347796976566,0.6618106305599213,1.4014434814453125,-0.004160623481021793,-0.5023792835547013,1.3865575443972644,136.21
143,12,984,161,1011,193,1051.1309814453125,963.1541137695312,546.8471069335938,997,177,900,177,97,0.05188066139817238,0.670832508802414,1.39167982339859,0.04188481578565414,-0.4576916035611267,1.300791098352073,137.46
144,0,820,166,859,205,1051.1309814453125,963.1541137695312,546.8471069335938,839,185,734,184,105,-0.14842920005321503,0.6619533240795136,1.2714648842811584,-0.14193655786006534,-0.413674031978644,1.2016832051442958,128.51
144,1,1068,149,1098,188,1051.1309814453125,963.1541137695312,546.8471069335938,1083,168,992,167,91,0.1627584919333458,0.6800773680210114,1.4665303230285645,0.15808992471075614,-0.49974106325890005,1.3865575443972644,145.21
144,4,927,168,957,203,1051.1309814453125,963.1541137695312,546.8471069335938,942,185,841,183,101,-0.02598085254430771,0.66603963971138,1.3077799081802368,-0.025141773851823975,-0.43005716195799637,1.2492746192094166,127.78
144,6,1007,171,1039,208,1051.1309814453125,963.1541137695312,546.8471069335938,1023,189,916,188,107,0.06459349393844604,0.6665818631649018,1.3221412897109985,0.06713870786113411,-0.40145436695254016,1.1792218368238419,131.27
144,7,898,156,928,193,1051.1309814453125,963.1541137695312,546.8471069335938,913,174,814,174,99,-0.061001865193247795,0.6594989538192749,1.343525767326355,-0.060812634740848415,-0.45208285470511267,1.2745124903045562,129.9
144,9,842,141,876,174,1051.1309814453125,963.1541137695312,546.8471069335938,859,157,774,157,85,-0.10770142823457718,0.6423284202814102,1.31875342130661,-0.1470889188956201,-0.5505513648777464,1.4844321945900125,128.66
144,10,945,146,971,183,1051.1309814453125,963.1541137695312,546.8471069335938,958,164,869,165,89,0.00042618977022357285,0.6616354823112488,1.4053341150283813,-0.006951626783043803,-0.5163662118021993,1.4177161409005739,136.03
144,11,999,145,1029,176,1051.1309814453125,963.1541137695312,546.8471069335938,1014,160,928,161,86,0.06432389095425606,0.6659006714820862,1.4452422857284546,0.07097082011640385,-0.5399621970259484,1.4671713551180356,144.0
144,12,984,160,1010,194,1051.1309814453125,963.1541137695312,546.8471069335938,997,177,900,178,97,0.04817168042063713,0.6674823105335236,1.3599955439567566,0.04188481578565414,-0.4576916035611267,1.300791098352073,133.17
145,0,819,167,859,205,1051.1309814453125,963.1541137695312,546.8471069335938,839,186,734,185,105,-0.15202949941158295,0.6730605602264405,1.3619797229766846,-0.14193655786006534,-0.4125308031837968,1.2016832051442958,137.32
145,1,1068,149,1098,188,1051.1309814453125,963.1541137695312,546.8471069335938,1083,168,992,166,91,0.16272391378879547,0.6775721251964569,1.4611619710922241,0.15808992471075614,-0.49974106325890005,1.3865575443972644,144.2
145,2,1119,165,1149,200,1051.1309814453125,963.1541137695312,546.8471069335938,1134,182,1036,180,98,0.24128157645463943,0.7004453629255295,1.5028088092803955,0.20926707494985358,-0.4468968411034132,1.2875177197974599,160.87
145,3,927,167,957,203,1051.1309814453125,963.1541137695312,546.8471069335938,942,185,843,182,99,-0.028289632871747017,0.6704688608646393,1.3300023674964905,-0.025649688475093142,-0.43874518543189517,1.2745124903045562,130.79
145,6,1006,171,1039,208,1051.1309814453125,963.1541137695312,546.8471069335938,1022,189,915,187,107,0.06518472731113434,0.6666448652744293,1.3317128419876099,0.0660168478288074,-0.40145436695254016,1.1792218368238419,132.69
145,8,898,156,929,194,1051.1309814453125,963.1541137695312,546.8471069335938,913,175,816,175,97,-0.061017947271466255,0.6646441757678986,1.351168155670166,-0.0620665034983917,-0.4601666349726516,1.300791098352073,131.7
145,9,842,140,875,174,1051.1309814453125,963.1541137695312,546.8471069335938,858,157,775,157,83,-0.14311590790748596,0.672626668214798,1.5262843370437622,-0.15207948348899597,-0.5638176628266077,1.520201645062061,147.38
145,10,1000,145,1030,176,1051.1309814453125,963.1541137695312,546.8471069335938,1015,160,929,160,86,0.07392162084579468,0.6723821699619293,1.5100263357162476,0.07236662271476382,-0.5399621970259484,1.4671713551180356,147.9
145,11,945,147,971,183,1051.1309814453125,963.1541137695312,546.8471069335938,958,165,869,165,89,-0.00019667198648676276,0.6659692764282227,1.4238954782485962,-0.006951626783043803,-0.5150174587296267,1.4177161409005739,138.66
145,12,984,161,1010,194,1051.1309814453125,963.1541137695312,546.8471069335938,997,177,902,178,95,0.04856877028942108,0.6680085897445679,1.368843913078308,0.042766601381141585,-0.4673272162676767,1.3281761741068534,135.46
146,0,820,167,859,205,1051.1309814453125,963.1541137695312,546.8471069335938,839,186,734,185,105,-0.1538226157426834,0.6676085233688355,1.3033584356307983,-0.14193655786006534,-0.4125308031837968,1.2016832051442958,132.63
146,1,1119,166,1150,200,1051.1309814453125,963.1541137695312,546.8471069335938,1134,183,1037,180,97,0.2131355106830597,0.6954139709472656,1.475982666015625,0.21142446747510982,-0.450266509326552,1.300791098352073,148.51
146,3,927,167,957,203,1051.1309814453125,963.1541137695312,546.8471069335938,942,185,842,184,100,-0.026448093354701996,0.668397256731987,1.3240200281143188,-0.025393191590342215,-0.43435773357757623,1.2617673654015107,129.42
146,4,1068,151,1098,189,1051.1309814453125,963.1541137695312,546.8471069335938,1083,170,992,166,91,0.1608973741531372,0.6784622311592102,1.4594406485557556,0.15808992471075614,-0.4971028429630987,1.3865575443972644,143.53
146,6,1127,147,1158,178,1051.1309814453125,963.1541137695312,546.8471069335938,1142,162,1058,164,84,0.2587758004665375,0.7025918006896973,1.6145073175430298,0.25557720872330136,-0.5499603678251626,1.50210400643037,161.28
146,7,898,156,928,194,1051.1309814453125,963.1541137695312,546.8471069335938,913,175,817,175,96,-0.061875417828559875,0.6634907960891724,1.3476444482803345,-0.06271302957649993,-0.46496003742028336,1.3143410056265736,130.98
146,8,1007,171,1039,207,1051.1309814453125,963.1541137695312,546.8471069335938,1023,189,916,187,107,0.06414081901311874,0.6696267664432526,1.3323326110839844,0.06713870786113411,-0.40145436695254016,1.1792218368238419,132.25
146,9,842,141,876,174,1051.1309814453125,963.1541137695312,546.8471069335938,859,157,774,157,85,-0.1412663832306862,0.6636969685554505,1.469534158706665,-0.1470889188956201,-0.5505513648777464,1.4844321945900125,143.95
146,10,1001,146,1030,176,1051.1309814453125,963.1541137695312,546.8471069335938,1015,161,928,160,87,0.07205944508314133,0.6714495658874512,1.5191707015037537,0.07153482245367458,-0.5323759761008346,1.4503073165534606,147.17
146,11,948,148,974,183,1051.1309814453125,963.1541137695312,546.8471069335938,961,165,869,163,92,0.0017064514686353505,0.6610902190208435,1.3948723673820496,-0.0028106273186307117,-0.4982234111623563,1.3714862667407726,136.06
146,12,984,162,1011,195,1051.1309814453125,963.1541137695312,546.8471069335938,997,178,900,178,97,0.04978904128074646,0.6677977681159973,1.3666579723358154,0.04188481578565414,-0.4564540878553643,1.300791098352073,134.23
147,0,820,167,858,205,1051.1309814453125,963.1541137695312,546.8471069335938,839,186,734,185,105,-0.15034663677215576,0.664646977186203,1.28385591506958,-0.14193655786006534,-0.4125308031837968,1.2016832051442958,129.81
147,1,1068,149,1098,188,1051.1309814453125,963.1541137695312,546.8471069335938,1083,168,992,166,91,0.16350948810577393,0.6773353755474091,1.4681003093719482,0.15808992471075614,-0.49974106325890005,1.3865575443972644,146.17
147,4,1006,172,1040,208,1051.1309814453125,963.1541137695312,546.8471069335938,1023,190,917,188,106,0.06854240596294403,0.6700415700674057,1.35945463180542,0.06777209189755991,-0.40410922868361165,1.1903465711335006,135.82
147,5,927,167,957,203,1051.1309814453125,963.1541137695312,546.8471069335938,942,185,842,183,100,-0.026413697749376297,0.6680022269487381,1.3216168284416199,-0.025393191590342215,-0.43435773357757623,1.2617673654015107,129.28
147,8,898,157,929,195,1051.1309814453125,963.1541137695312,546.8471069335938,913,176,814,175,99,-0.06123487837612629,0.6651904076337815,1.3494961261749268,-0.060812634740848415,-0.44965782392816406,1.2745124903045562,131.42
147,9,842,141,876,174,1051.1309814453125,963.1541137695312,546.8471069335938,859,157,774,158,85,-0.10999705642461777,0.6475583553314209,1.347139298915863,-0.1470889188956201,-0.5505513648777464,1.4844321945900125,131.62
147,10,999,145,1029,176,1051.1309814453125,963.1541137695312,546.8471069335938,1014,160,929,160,85,0.07119708508253098,0.6703094780445099,1.495141863822937,0.07180577094130271,-0.5463146934615479,1.4844321945900125,146.37
147,11,945,147,971,184,1051.1309814453125,963.1541137695312,546.8471069335938,958,165,869,165,89,-0.0001923857198562473,0.6637609541416168,1.4155970811843872,-0.006951626783043803,-0.5150174587296267,1.4177161409005739,137.0
147,12,984,160,1011,194,1051.1309814453125,963.1541137695312,546.8471069335938,997,177,900,177,97,0.0519256666302681,0.6692838609218598,1.3865243196487427,0.04188481578565414,-0.4576916035611267,1.300791098352073,136.73
148,0,820,167,858,205,1051.1309814453125,963.1541137695312,546.8471069335938,839,186,734,185,105,-0.14613892138004303,0.6619239985942841,1.2716295719146729,-0.14193655786006534,-0.4125308031837968,1.2016832051442958,125.59
148,1,1119,166,1149,201,1051.1309814453125,963.1541137695312,546.8471069335938,1134,183,1036,180,98,0.2789173722267151,0.7062567114830017,1.7032099962234497,0.20926707494985358,-0.4456719531089341,1.2875177197974599,163.91
148,2,1068,149,1098,188,1051.1309814453125,963.1541137695312,546.8471069335938,1083,168,993,167,90,0.16279397904872894,0.6769012749195099,1.4646873474121094,0.15984647942976457,-0.5052937417395545,1.401963739335012,145.44
148,3,926,167,957,203,1051.1309814453125,963.1541137695312,546.8471069335938,941,185,842,183,99,-0.02679089643061161,0.6671938538551331,1.3176273703575134,-0.026862203863567462,-0.43874518543189517,1.2745124903045562,128.92
148,5,1127,146,1159,179,1051.1309814453125,963.1541137695312,546.8471069335938,1143,162,1058,164,85,0.28046825528144836,0.7082713484764099,1.704373300075531,0.2539826418378385,-0.5434902458507488,1.4844321945900125,170.84
148,6,898,156,928,194,1051.1309814453125,963.1541137695312,546.8471069335938,913,175,816,174,97,-0.06332970038056374,0.6629641592502594,1.3318296074867249,-0.0620665034983917,-0.4601666349726516,1.300791098352073,130.15
148,7,1006,171,1039,208,1051.1309814453125,963.1541137695312,546.8471069335938,1022,189,917,188,105,0.0672927051782608,0.6705212235450745,1.3642722964286804,0.06727431159697515,-0.40910111679925515,1.2016832051442958,137.17
148,10,999,145,1030,176,1051.1309814453125,963.1541137695312,546.8471069335938,1014,160,928,160,86,0.07283173501491547,0.6702101171016693,1.5008379220962524,0.07097082011640385,-0.5399621970259484,1.4671713551180356,147.26
148,11,945,146,971,183,1051.1309814453125,963.1541137695312,546.8471069335938,958,164,869,164,89,0.002300152787938714,0.6640816867351532,1.4146263599395752,-0.006951626783043803,-0.5163662118021993,1.4177161409005739,137.02
148,12,984,161,1010,194,1051.1309814453125,963.1541137695312,546.8471069335938,997,177,899,177,98,0.049906566739082336,0.6676061689853668,1.369999647140503,0.04145741970620868,-0.453021281075809,1.2875177197974599,134.92
149,0,820,167,859,205,1051.1309814453125,963.1541137695312,546.8471069335938,839,186,735,184,104,-0.14612342417240143,0.6599051296710968,1.2687093019485474,-0.1433013324548737,-0.4164974455221026,1.2132378513476065,124.01
149,1,1119,167,1149,200,1051.1309814453125,963.1541137695312,546.8471069335938,1134,183,1037,181,97,0.2556154131889343,0.688138896226883,1.5682886838912964,0.21142446747510982,-0.450266509326552,1.300791098352073,156.85
149,2,1068,150,1098,188,1051.1309814453125,963.1541137695312,546.8471069335938,1083,169,992,167,91,0.16303996741771698,0.6771139740943909,1.4664912223815918,0.15808992471075614,-0.4984219531109994,1.3865575443972644,145.71
149,3,927,167,957,203,1051.1309814453125,963.1541137695312,546.8471069335938,942,185,842,183,100,-0.02658295165747404,0.6695769369602204,1.328382432460785,-0.025393191590342215,-0.43435773357757623,1.2617673654015107,130.0
149,5,1008,171,1040,208,1051.1309814453125,963.1541137695312,546.8471069335938,1024,189,916,188,108,0.07823683321475983,0.6889411449432373,1.4479758739471436,0.067628525598151,-0.3977371968881647,1.16830311611251,143.89
149,7,1127,147,1159,178,1051.1309814453125,963.1541137695312,546.8471069335938,1143,162,1058,163,85,0.25334447622299194,0.6875162363052368,1.5666382312774658,0.2539826418378385,-0.5434902458507488,1.4844321945900125,156.19
149,9,1000,145,1029,177,1051.1309814453125,963.1541137695312,546.8471069335938,1014,161,928,160,86,0.07081611454486847,0.6710767686367035,1.4983733892440796,0.07097082011640385,-0.5385663944275885,1.4671713551180356,146.97
149,10,897,157,927,194,1051.1309814453125,963.1541137695312,546.8471069335938,912,175,814,175,98,-0.06257157027721405,0.6643745839595795,1.3514231443405151,-0.06265805982451991,-0.45547105706476737,1.2875177197974599,131.46
149,11,945,146,971,182,1051.1309814453125,963.1541137695312,546.8471069335938,958,164,869,164,89,0.00043316734809195623,0.6639757543802262,1.4190011024475098,-0.006951626783043803,-0.5163662118021993,1.4177161409005739,137.94
149,12,984,161,1010,194,1051.1309814453125,963.1541137695312,546.8471069335938,997,177,900,179,97,0.05078546702861786,0.6716956734657288,1.3926821947097778,0.04188481578565414,-0.4576916035611267,1.300791098352073,137.51
