frame;ID;X_pc;Y_pc;Z_pc;Z_slant_pc;cm_pc;X_ts;Y_ts;Z_ts;Z_slant_ts;cm_ts;X_actual;Y_actual;Z_actual;jarak actual;
0;0;-0.0030490523;0.22332028;0.7663826;0.7993068;77.39;-0.002294646889533231;0.21611912604730665;0.7582317196350119;0.788433943148357;76.26;0;0,21;0,76;76;
0;1;-0.14887743;0.21063435;0.58906984;0.6686833;63.81;-0.14765040769782167;0.20184040099832654;0.594181271193442;0.6446639228354204;61.29;0,13;0,21;0,6;60;
0;2;0.44404945;0.23168038;0.8164712;10.251.579;100.55;0.4466452418380007;0.22582982212842118;0.8344935524219811;0.9730727463314026;95.23;0,45;0,21;0,91;83;.
0;3;-0.07545614;0.22178352;0.8077202;0.8587103;83.51;-0.06816543155569008;0.21322651005621654;0.8048958183827772;0.8354455991266025;81.12;0;0,21;0,8;82;
0;4;0.27703622;0.2240295;0.7314606;0.8378178;81.36;0.2701551132473836;0.21522328116477116;0.7277661936301327;0.8055733849624929;78.04;0,28;0,21;0,74;76;.
0;5;0.21533471;0.22319606;0.67820024;0.76629186;73.97;0.21784459752941412;0.21780041786679033;0.6881989349968358;0.7539967273314122;72.7;0,21;0,21;0,77;72;
0;6;0.30138776;0.2556674;10.559.883;11.355.859;111.78;0.2808969226507651;0.2401103168431512;10.176.924.472.199.100;10.827.067.758.805.500;106.41;0,22;0,21;0,99;104;
0;7;0.087539636;0.25001454;10.891.683;11.177.605;109.97;0.0819198479514573;0.23814438047637254;1.107.775.189.055.450;11.360.411.422.689.300;111.83;0,1;0,21;1,04;111;
0;8;0.13772759;0.24673559;10.108.967;10.568.396;103.77;0.13879714001630447;0.2324897796528388;10.129.872.829.276.800;10.485.510.855.904.600;102.93;0,18;0,21;1,03;102;
0;9;0.23626071;0.23399594;0.84259915;0.9278073;90.6;0.23195211424467743;0.22594926302579818;0.840857102927854;0.9010524514747745;87.86;0,24;0,21;0,85;86;
0;10;0.761703;0.41408634;18.840.185;19.339.968;192.36;0.4147923750557977;0.23494545312750648;10.115.694.991.860.400;11.182.687.208.507.700;110.02;0,43;0,21;1,05;105;.
0;11;-0.076182514;0.25617707;1.103.808;11.349.288;111.72;-0.0667286744686102;0.22092749914671345;10.107.001.490.044.500;10.367.142.649.125.500;101.72;0,03;0,21;1,03;108;.
0;12;0.33552846;0.2557352;11.099.652;12.142.109;119.76;0.3296996723082609;0.23501554083610515;1.088.652.753.006.370;11.615.072.083.215.900;114.42;0,36;0,21;1,12;113;.
0;13;-0.21194333;0.20432705;0.4884739;0.57824564;54.26;-0.2096452103987474;0.19882770697530783;0.49227487657982255;0.5708048050041918;53.46;0,19;0,21;0,49;53;
0;14;-0.019117802;0.21124896;0.58140373;0.64018244;60.81;-0.01524036056470393;0.20489775220749715;0.5889660412661155;0.6237758854063747;59.08;0;0,21;0,55;60;
0;15;-0.26261085;0.20527929;0.6169368;0.7336505;70.59;-0.2597706408826233;0.19943995735671632;0.6282019890444089;0.7084453553340366;67.96;0,23;0,21;0,63;67;
0;16;0.15432012;0.22674195;0.76890445;0.83295083;80.86;0.14774014068483743;0.21553527601538292;0.7639530016766183;0.8074074517536471;78.22;0,17;0,21;0,75;79;
0;17;0.3423278;0.22359906;0.64543283;0.8061885;78.1;0.33511695558274823;0.21345638340173265;0.6517414613585605;0.7633046141533464;73.66;0,35;0,21;0,69;72;
0;18;0.83066547;0.42154646;17.956.126;1.746.574;173.51;0.4356597904821861;0.22977750532529073;0.9231085158369359;1.046.291.779.097.570;102.7;0,45;0,21;0,97;97;.
0;19;-0.24413557;0.20373698;0.6952411;0.76873446;74.23;-0.24018025501955134;0.20333249215014293;0.6875581166339928;0.7561526439909656;72.92;0,23;0,21;0,69;73;
0;20;-0.20392624;0.23144555;0.9557085;10.955.441;107.71;-0.2025919325979145;0.22344798052950937;0.9582784095887932;10.046.243.086.052.100;98.45;0,15;0,21;0,95;98;.
1;0;-0.14765999;0.21110612;0.5896202;0.6709802;64.05;-0.14837418420614434;0.20333940710008763;0.5967997111908145;0.6477126741820741;61.61;;;;;
1;1;-0.0038102318;0.22539334;0.76500136;0.82199293;79.73;-0.0030405839038532977;0.2174369255963756;0.7628550837791278;0.7932439351239569;76.76;;;;;
1;2;0.4458219;0.23183769;0.81670386;0.97788125;95.72;0.44449651671708595;0.2243440996144184;0.8290034632613101;0.9670336966748745;94.61;;;;;
1;3;0.21468964;0.22319108;0.67688924;0.7669336;74.04;0.21839406704666392;0.21902401571997454;0.6920652211485037;0.7580380981894074;73.12;;;;;
1;4;0.28275776;0.22685;0.7339198;0.8925934;86.99;0.27103814906966844;0.2164893004657404;0.7320471712397217;0.810075525113144;78.5;;;;;
1;5;-0.073145024;0.22525106;0.8064407;0.89581;87.32;-0.06860238945027783;0.21525973668324952;0.8096706665023495;0.8406007555728156;81.65;;;;;
1;6;0.0923706;0.25338197;10.925.918;11.304.864;111.27;0.08224289181169037;0.23700719796183484;10.978.786.237.945.600;11.261.766.192.406.500;110.83;;;;;
1;7;0.2853356;0.24482073;10.032.563;10.979.314;107.96;0.2808969226507651;0.2401103168431512;10.176.924.472.199.100;10.827.067.758.805.500;106.41;;;;;
1;8;0.13670547;0.24311502;0.9982597;10.407.032;102.13;0.1389460139572358;0.23350988231864744;10.215.032.098.694.100;1.057.024.913.475.820;103.79;;;;;
1;9;0.73294616;0.400989;18.475.888;1.698.411;168.66;0.4147923750557977;0.23494545312750648;10.115.694.991.860.400;11.182.687.208.507.700;110.02;;;;;
1;10;-0.25738114;0.20359775;0.61478674;0.7104063;68.17;-0.25525128939464925;0.19643332483375078;0.6187316073000209;0.6975443166673642;66.83;;;;;
1;11;-0.07545245;0.25196233;10.930.413;11.266.776;110.88;-0.06819928626331546;0.22266708575416788;10.186.584.178.942.500;10.449.386.326.822.700;102.56;;;;;
1;12;-0.2133359;0.20592181;0.4882247;0.58526146;55.0;-0.2110246423395746;0.20009458794073143;0.4940834764327528;0.573312938526239;53.73;;;;;
1;13;0.33469847;0.25096917;10.935.131;14.013.044;138.7;0.3314764574680008;0.23700719796183484;10.978.786.237.945.600;11.710.621.359.801.100;115.39;;;;;
1;14;0.23599857;0.23388217;0.84845006;0.92503935;90.32;0.2327523744010705;0.22594926302579818;0.840857102927854;0.9012587890253615;87.88;;;;;
1;15;-0.017362269;0.21147352;0.5809914;0.7093138;68.05;-0.01531470378697078;0.2058972534377776;0.5918390463454624;0.6268186946034789;59.41;;;;;
1;16;0.34156406;0.22405413;0.6456235;0.810207;78.51;0.33511695558274823;0.21345638340173265;0.6517414613585605;0.7633046141533464;73.66;;;;;
1;17;0.443052;0.24312973;0.9358274;10.895.832;107.11;0.4356597904821861;0.229024194863255;0.9235434398349756;1.046.510.401.352.010;102.72;;;;;
1;18;0.1630593;0.23114543;0.775901;0.89970976;87.72;0.14774014068483743;0.21616915920904714;0.7635870290441215;0.8072307015266142;78.21;;;;;
1;19;-0.24461496;0.20369305;0.6958344;0.76929873;74.28;-0.24018025501955134;0.20333249215014293;0.6875581166339928;0.7561526439909656;72.92;;;;;
1;20;-0.20040597;0.2310622;0.95585614;10.294.701;100.99;-0.2025919325979145;0.22267218318800988;0.9587263163927445;1.004.879.366.920.960;98.48;;;;;
2;0;-0.14759184;0.20687735;0.5891273;0.65614504;62.49;-0.14896261079172746;0.20333940710008763;0.5967997111908145;0.6478477206652367;61.62;;;;;
2;1;-0.0023100649;0.22378446;0.76528347;0.81327635;78.83;-0.0030405839038532977;0.2174369255963756;0.7628550837791278;0.7932439351239569;76.76;;;;;
2;2;0.44597277;0.23262991;0.8176205;0.9702723;94.94;0.44449651671708595;0.2243440996144184;0.8290034632613101;0.9670336966748745;94.61;;;;;
2;3;0.21577431;0.22343709;0.67637986;0.8029688;77.77;0.217173988459811;0.21721965337650578;0.6885342395316374;0.7539418532512714;72.69;;;;;
2;4;-0.07474068;0.22609729;0.8080112;0.8838287;86.09;-0.06860238945027783;0.21525973668324952;0.8096706665023495;0.8406007555728156;81.65;;;;;
2;5;0.28022903;0.22551814;0.7328073;0.9062277;88.39;0.2701551132473836;0.21522328116477116;0.7277661936301327;0.8055733849624929;78.04;;;;;
2;6;0.2839235;0.24521957;0.9935167;11.065.185;108.83;0.2808969226507651;0.2401103168431512;10.176.924.472.199.100;10.827.067.758.805.500;106.41;;;;;
2;7;0.090320215;0.25136873;10.886.568;11.222.558;110.43;0.08224289181169037;0.236126207760471;10.983.872.637.244.700;1.126.487.487.883.030;110.86;;;;;
2;8;-0.21093777;0.20407733;0.48736703;0.57674676;54.1;-0.21191130050066526;0.20049852804232723;0.49641164024856055;0.5757869185743016;53.99;;;;;
2;9;0.13503802;0.24468023;0.99833155;10.436.348;102.43;0.1389460139572358;0.23433493663421046;10.210.268.645.382.200;10.567.472.334.625.300;103.76;;;;;
2;10;0.75608665;0.41039485;1.876.138;18.938.899;188.33;0.4204687408690188;0.23870458037754655;10.277.546.111.730.200;11.358.051.679.441.300;111.81;;;;;
2;11;0.23790075;0.23367858;0.8440541;0.9399524;91.84;0.2327523744010705;0.22594926302579818;0.840857102927854;0.9012587890253615;87.88;;;;;
2;12;-0.07384362;0.24730657;10.764.658;11.094.636;109.13;-0.0667286744686102;0.22092749914671345;10.107.001.490.044.500;10.367.142.649.125.500;101.72;;;;;
2;13;-0.26417905;0.2074678;0.6169167;0.736538;70.89;-0.2584520081877876;0.19842757178637765;0.6250131464604272;0.7048491860176201;67.59;;;;;
2;14;0.3345009;0.25420558;10.989.482;11.812.782;116.42;0.3314764574680008;0.236126207760471;10.983.872.637.244.700;11.713.610.924.727.700;115.42;;;;;
2;15;-0.016805787;0.20868085;0.5807699;0.6327683;60.03;-0.01531470378697078;0.2058972534377776;0.5918390463454624;0.6268186946034789;59.41;;;;;
2;16;0.3420748;0.22447807;0.6472533;0.817483;79.26;0.3339789771059028;0.21232698454775525;0.6482930938381448;0.7595450223877986;73.27;;;;;
2;17;0.4573744;0.2436626;0.9322807;14.177.287;140.36;0.433389137482019;0.228124429747411;0.9164674473776774;10.391.243.823.710.100;101.97;;;;;
2;18;0.15733892;0.229613;0.77302146;0.8636164;84.01;0.1479100861892907;0.21685757832222577;0.7686398299077631;0.8122264407127724;78.72;;;;;
2;19;-0.2440744;0.20442975;0.6979921;0.7707116;74.43;-0.24018025501955134;0.20333249215014293;0.6875581166339928;0.7561526439909656;72.92;;;;;
2;20;-0.20139831;0.23190662;0.9577527;10.690.494;105.02;-0.20411518021143268;0.22512804053349061;0.9654835104127693;1.012.177.874.835.320;99.22;;;;;
3;0;-0.0023615598;0.22620112;0.7751615;0.80734485;78.22;-0.0022808237154998984;0.21481720360123854;0.7536640586733552;0.7836843410811981;75.77;;;;;
3;1;-0.14650257;0.20852691;0.58869207;0.65618306;62.5;-0.14765040769782167;0.20234750755325792;0.5938884930874445;0.6445531001616736;61.27;;;;;
3;2;-0.07454628;0.22418165;0.80627155;0.8617169;83.82;-0.06860238945027783;0.21459334665914098;0.810055406962154;0.8408010196338244;81.67;;;;;
3;3;0.44471228;0.23095596;0.8177457;0.95992935;93.89;0.4466452418380007;0.22514136620947459;0.8348910326321102;0.9732541513935125;95.25;;;;;
3;4;0.2813174;0.22668543;0.73395205;0.90087605;87.84;0.2701551132473836;0.21522328116477116;0.7277661936301327;0.8055733849624929;78.04;;;;;
3;5;0.21389107;0.2230159;0.6763243;0.7698199;74.34;0.21839406704666392;0.21902401571997454;0.6920652211485037;0.7580380981894074;73.12;;;;;
3;6;0.090083495;0.24705064;10.813.779;11.130.233;109.49;0.0819198479514573;0.23814438047637254;1.107.775.189.055.450;11.360.411.422.689.300;111.83;;;;;
3;7;0.30190104;0.2512897;10.432.384;11.242.658;110.63;0.2808969226507651;0.2401103168431512;10.176.924.472.199.100;10.827.067.758.805.500;106.41;;;;;
3;8;0.1350244;0.24459884;10.008.106;10.469.041;102.76;0.1389460139572358;0.23433493663421046;10.210.268.645.382.200;10.567.472.334.625.300;103.76;;;;;
3;9;0.7703704;0.41851258;19.081.644;19.336.554;192.33;0.41713168737005835;0.23763515389646234;10.191.214.832.134.700;11.265.335.807.346.400;110.86;;;;;
3;10;-0.07877742;0.2539738;10.935.712;11.256.869;110.78;-0.06819928626331546;0.22266708575416788;10.186.584.178.942.500;10.449.386.326.822.700;102.56;;;;;
3;11;-0.21341845;0.20823517;0.4890892;0.5891703;55.42;-0.2110246423395746;0.19922465619377802;0.494585731761033;0.5734430306243776;53.74;;;;;
3;12;0.3315565;0.25029188;10.908.399;1.320.447;130.52;0.3296996723082609;0.23501554083610515;1.088.652.753.006.370;11.615.072.083.215.900;114.42;;;;;
3;13;0.2342132;0.23500374;0.83995765;0.93431276;91.27;0.233508839843635;0.22746570103268274;0.8465004391891148;0.907099783363867;88.48;;;;;
3;14;0.75102043;0.373995;15.739.522;15.809.484;156.82;0.432525547385192;0.228124429747411;0.9164674473776774;10.387.645.001.112.600;101.93;;;;;
3;15;0.34273207;0.2239337;0.6472361;0.80615264;78.09;0.3339789771059028;0.21232698454775525;0.6482930938381448;0.7595450223877986;73.27;;;;;
3;16;-0.2567957;0.20437524;0.61267674;0.7010358;67.19;-0.2578426730433259;0.19842757178637765;0.6250131464604272;0.7046259848568805;67.56;;;;;
3;17;-0.016790885;0.21163392;0.5807003;0.6386375;60.65;-0.01524036056470393;0.20489775220749715;0.5889660412661155;0.6237758854063747;59.08;;;;;
3;18;0.1605754;0.23035449;0.7733404;0.88820744;86.54;0.1479100861892907;0.21749535036983883;0.7682716120443921;0.8120485766888034;78.7;;;;;
3;19;-0.20587736;0.23263794;0.95799446;11.506.617;113.31;-0.20501772925999626;0.22434641012927314;0.965934784937051;1.012.617.198.056.700;99.27;;;;;
3;20;-0.2395799;0.21050562;0.68991864;0.7624669;73.58;-0.24018025501955134;0.203906839353242;0.6872265171216753;0.756005846453236;72.91;;;;;
4;0;-0.1479662;0.20925218;0.58910716;0.6618564;63.09;-0.14837418420614434;0.20333940710008763;0.5967997111908145;0.6477126741820741;61.61;;;;;
4;1;-0.00305177;0.22305577;0.76435447;0.8302467;80.58;-0.0030405839038532977;0.2174369255963756;0.7628550837791278;0.7932439351239569;76.76;;;;;
4;2;-0.068629;0.22190054;0.8069631;0.8439631;81.99;-0.06816543155569008;0.21322651005621654;0.8048958183827772;0.8354455991266025;81.12;;;;;
4;3;0.28127623;0.22588663;0.73344135;0.886261;86.34;0.2701551132473836;0.21583121592360702;0.7274152023334691;0.8054190062114323;78.02;;;;;
4;4;0.44420516;0.23057592;0.8162499;0.95685196;93.57;0.44449651671708595;0.2243440996144184;0.8290034632613101;0.9670336966748745;94.61;;;;;
4;5;0.21356902;0.22339699;0.67616856;0.7635466;73.69;0.217173988459811;0.21780041786679033;0.6881989349968358;0.7538032484788518;72.68;;;;;
4;6;0.0903392;0.2544126;11.290.635;11.485.509;113.1;0.0819198479514573;0.23814438047637254;1.107.775.189.055.450;11.360.411.422.689.300;111.83;;;;;
4;7;0.30260345;0.25268406;1.048.877;11.310.619;111.32;0.2808969226507651;0.2401103168431512;10.176.924.472.199.100;10.827.067.758.805.500;106.41;;;;;
4;8;-0.21131556;0.20595756;0.4892243;0.5832703;54.79;-0.21191130050066526;0.20006173458114684;0.4966638230709533;0.5758524551227995;54.0;;;;;
4;9;0.13727365;0.24247059;0.9954384;10.366.386;101.72;0.1389460139572358;0.23433493663421046;10.210.268.645.382.200;10.567.472.334.625.300;103.76;;;;;
4;10;0.32555094;0.2495265;10.914.966;11.780.543;116.1;0.3314764574680008;0.23700719796183484;10.978.786.237.945.600;11.710.621.359.801.100;115.39;;;;;
4;11;0.769263;0.41609228;19.071.336;19.203.994;191.0;0.41808437803243104;0.23681009958089932;1.019.597.828.544.660;11.271.438.694.289.500;110.93;;;;;
4;12;0.23808774;0.23683609;0.8504922;0.95604247;93.49;0.2327523744010705;0.22594926302579818;0.840857102927854;0.9012587890253615;87.88;;;;;
4;13;0.344177;0.22413969;0.6462065;0.810162;78.51;0.33575546102667886;0.21345638340173265;0.6517414613585605;0.763585155485606;73.69;;;;;
4;14;-0.07450202;0.25252244;10.893.983;11.211.747;110.32;-0.0667286744686102;0.22092749914671345;10.107.001.490.044.500;10.367.142.649.125.500;101.72;;;;;
4;15;0.16809219;0.2553451;0.9680518;0.9495389;92.82;0.1479100861892907;0.21685757832222577;0.7686398299077631;0.8122264407127724;78.72;;;;;
4;16;0.76800454;0.38913828;16.224.974;15.213.755;150.82;0.433389137482019;0.22887232070971986;0.9160356523292639;10.389.080.806.369.500;101.95;;;;;
4;17;-0.017368983;0.21197584;0.5811262;0.6400515;60.8;-0.01524036056470393;0.20489775220749715;0.5889660412661155;0.6237758854063747;59.08;;;;;
4;18;-0.26036364;0.20547622;0.6129389;0.7147387;68.62;-0.25525128939464925;0.19695572103355447;0.6184300017134406;0.6974241491407969;66.81;;;;;
4;19;-0.24490935;0.2046031;0.6960256;0.77063346;74.42;-0.24218147323332082;0.20561719314832075;0.6907110004849651;0.7602709926641927;73.35;;;;;
4;20;-0.20579022;0.23217243;0.95704913;11.161.432;109.81;-0.20501772925999626;0.22434641012927314;0.965934784937051;1.012.617.198.056.700;99.27;;;;;
5;0;0.009510329;0.2320281;0.77404004;0.929051;90.73;-0.0022808237154998984;0.21481720360123854;0.7536640586733552;0.7836843410811981;75.77;;;;;
5;1;-0.14687535;0.21096891;0.58985364;0.66471267;63.39;-0.14635094443977906;0.2018698829717418;0.5907141823844498;0.6411811708554526;60.92;;;;;
5;2;0.44713303;0.23275301;0.81832874;11.152.476;109.72;0.44449651671708595;0.22366017301072805;0.8293983284700567;0.9672138406959112;94.63;;;;;
5;3;0.21442083;0.22300881;0.67604864;0.76181215;73.51;0.21543747490477977;0.21481943621212451;0.6809261263876415;0.7458023098416369;71.85;;;;;
5;4;-0.07397857;0.22133203;0.80826354;0.8582903;83.47;-0.06860238945027783;0.21459334665914098;0.810055406962154;0.8408010196338244;81.67;;;;;
5;5;0.27893165;0.22549085;0.7322514;0.85157764;82.78;0.2701551132473836;0.21583121592360702;0.7274152023334691;0.8054190062114323;78.02;;;;;
5;6;0.086809866;0.2497949;10.827.878;11.167.302;109.87;0.0819198479514573;0.23814438047637254;1.107.775.189.055.450;11.360.411.422.689.300;111.83;;;;;
5;7;0.30325666;0.25160766;1.044.847;11.248.804;110.7;0.2808969226507651;0.2401103168431512;10.176.924.472.199.100;10.827.067.758.805.500;106.41;;;;;
5;8;0.13488565;0.24310239;0.99874145;10.412.425;102.19;0.1389460139572358;0.23350988231864744;10.215.032.098.694.100;1.057.024.913.475.820;103.79;;;;;
5;9;0.7586936;0.41129202;1.883.277;1.998.121;198.81;0.41713168737005835;0.23763515389646234;10.191.214.832.134.700;11.265.335.807.346.400;110.86;;;;;
5;10;0.3339386;0.2513013;10.938.916;13.462.852;133.13;0.3296996723082609;0.23501554083610515;1.088.652.753.006.370;11.615.072.083.215.900;114.42;;;;;
5;11;-0.21152502;0.20102084;0.49014908;0.5795087;54.39;-0.21191130050066526;0.20049852804232723;0.49641164024856055;0.5757869185743016;53.99;;;;;
5;12;-0.07244719;0.24529183;10.594.796;10.902.332;107.17;-0.0667286744686102;0.22092749914671345;10.107.001.490.044.500;10.367.142.649.125.500;101.72;;;;;
5;13;0.23441581;0.23536834;0.8448922;0.9609012;93.99;0.23200592836834127;0.22445291029052802;0.8352885128422392;0.8954958176463714;87.29;;;;;
5;14;0.3434391;0.22430931;0.64648134;0.7996774;77.43;0.3339789771059028;0.21232698454775525;0.6482930938381448;0.7595450223877986;73.27;;;;;
5;15;0.71078384;0.3534832;14.637.461;1.467.807;145.41;0.4356597904821861;0.22977750532529073;0.9231085158369359;1.046.291.779.097.570;102.7;;;;;
5;16;0.16237973;0.23201412;0.77638936;0.89817697;87.56;0.14774014068483743;0.21616915920904714;0.7635870290441215;0.8072307015266142;78.21;;;;;
5;17;-0.017951554;0.20999655;0.5804484;0.6407936;60.88;-0.01524036056470393;0.20489775220749715;0.5889660412661155;0.6237758854063747;59.08;;;;;
5;18;-0.26103473;0.20411454;0.6170883;0.7236666;69.55;-0.25525128939464925;0.19695572103355447;0.6184300017134406;0.6974241491407969;66.81;;;;;
5;19;-0.24471658;0.20381694;0.69557405;0.7691392;74.27;-0.24018025501955134;0.20333249215014293;0.6875581166339928;0.7561526439909656;72.92;;;;;
5;20;-0.20027624;0.23002815;0.9545394;0.99597234;97.57;-0.20501772925999626;0.22434641012927314;0.965934784937051;1.012.617.198.056.700;99.27;;;;;
6;0;-0.14860624;0.20991217;0.58862644;0.66451323;63.37;-0.14765040769782167;0.20184040099832654;0.594181271193442;0.6446639228354204;61.29;;;;;
6;1;0.0013886829;0.22999689;0.77867967;0.9095128;88.73;-0.0022808237154998984;0.21481720360123854;0.7536640586733552;0.7836843410811981;75.77;;;;;
6;2;-0.07408586;0.22262256;0.8086694;0.85638505;83.27;-0.06816543155569008;0.21322651005621654;0.8048958183827772;0.8354455991266025;81.12;;;;;
6;3;0.21508378;0.22257757;0.67688507;0.772218;74.59;0.21663434976536186;0.21659041554530817;0.6843756075801869;0.7498078566240156;72.26;;;;;
6;4;0.27810782;0.22431457;0.7313539;0.86588657;84.25;0.2701551132473836;0.21522328116477116;0.7277661936301327;0.8055733849624929;78.04;;;;;
6;5;0.44246972;0.23140588;0.81704736;0.95858926;93.75;0.44449651671708595;0.2243440996144184;0.8290034632613101;0.9670336966748745;94.61;;;;;
6;6;0.09063188;0.24899021;10.807.161;11.120.813;109.39;0.08224289181169037;0.236126207760471;10.983.872.637.244.700;1.126.487.487.883.030;110.86;;;;;
6;7;0.30139577;0.2488867;10.331.577;1.103.455;108.52;0.27963032501933355;0.23821968442706343;10.096.791.208.638.500;10.744.271.328.607.400;105.56;;;;;
6;8;0.13590664;0.24364966;0.99886084;10.447.755;102.55;0.1398987046196085;0.23350988231864744;10.215.032.098.694.100;1.057.150.566.602.610;103.81;;;;;
6;9;0.33134493;0.25070065;10.914.528;13.979.357;138.36;0.3296996723082609;0.23501554083610515;1.088.652.753.006.370;11.615.072.083.215.900;114.42;;;;;
6;10;0.7358272;0.39731586;18.292.277;18.409.034;183.0;0.4204687408690188;0.23953623512763406;10.272.744.550.791.800;11.355.458.493.805.200;111.78;;;;;
6;11;-0.21153884;0.2041845;0.48868138;0.5753206;53.94;-0.21280544100910687;0.2013445133927168;0.49850620413146585;0.5782163992433915;54.25;;;;;
6;12;-0.07489821;0.25131178;10.835.593;1.114.177;109.61;-0.0667286744686102;0.22092749914671345;10.107.001.490.044.500;10.367.142.649.125.500;101.72;;;;;
6;13;0.23420267;0.23323654;0.83973324;0.927309;90.55;0.23195211424467743;0.22594926302579818;0.840857102927854;0.9010524514747745;87.86;;;;;
6;14;-0.017973183;0.21157822;0.5816672;0.6932591;66.38;-0.01524036056470393;0.20489775220749715;0.5889660412661155;0.6237758854063747;59.08;;;;;
6;15;-0.2669688;0.20871277;0.6199794;0.7422158;71.48;-0.2597706408826233;0.1999703494167211;0.6278957670457891;0.7083233871505544;67.95;;;;;
6;16;0.3413294;0.2239926;0.645262;0.80702454;78.18;0.33575546102667886;0.21345638340173265;0.6517414613585605;0.763585155485606;73.69;;;;;
6;17;0.74495053;0.37477368;15.754.503;15.597.783;154.69;0.4356597904821861;0.23053081578732654;0.9226735918388962;10.460.738.344.626.700;102.68;;;;;
6;18;0.16468748;0.23083577;0.7749844;0.9158707;89.38;0.1479100861892907;0.21685757832222577;0.7686398299077631;0.8122264407127724;78.72;;;;;
6;19;-0.24636135;0.21063249;0.6899611;0.77330333;74.7;-0.24018025501955134;0.203906839353242;0.6872265171216753;0.756005846453236;72.91;;;;;
6;20;-0.20304978;0.23070917;0.9557164;10.928.919;107.44;-0.20501772925999626;0.22512804053349061;0.9654835104127693;10.123.602.682.959.900;99.24;;;;;
7;0;-0.14748713;0.20780501;0.58883226;0.65860015;62.75;-0.14765040769782167;0.20234750755325792;0.5938884930874445;0.6445531001616736;61.27;;;;;
7;1;-0.00083800615;0.22236288;0.7539171;0.8519065;82.81;-0.0030405839038532977;0.2174369255963756;0.7628550837791278;0.7932439351239569;76.76;;;;;
7;2;-0.07452844;0.22717164;0.8100112;0.893697;87.1;-0.06860238945027783;0.21459334665914098;0.810055406962154;0.8408010196338244;81.67;;;;;
7;3;0.2825355;0.22638324;0.73306084;0.8827808;85.98;0.2701551132473836;0.21522328116477116;0.7277661936301327;0.8055733849624929;78.04;;;;;
7;4;0.21395835;0.22291481;0.6763559;0.76365423;73.7;0.217173988459811;0.21838118235707488;0.6878636304620342;0.7536652149221338;72.66;;;;;
7;5;0.0909181;0.24977356;10.831.245;11.146.922;109.66;0.08224289181169037;0.236126207760471;10.983.872.637.244.700;1.126.487.487.883.030;110.86;;;;;
7;6;0.29412284;0.2502936;10.310.841;1.114.093;109.6;0.27963032501933355;0.23821968442706343;10.096.791.208.638.500;10.744.271.328.607.400;105.56;;;;;
7;7;0.44574243;0.23084769;0.8172912;0.96026766;93.92;0.44449651671708595;0.2243440996144184;0.8290034632613101;0.9670336966748745;94.61;;;;;
7;8;-0.21300314;0.20286624;0.48967335;0.5767811;54.1;-0.21140693485587972;0.20049852804232723;0.49641164024856055;0.5756014840378405;53.97;;;;;
7;9;0.13476244;0.24560957;10.045.837;10.436.151;102.43;0.14005758206889368;0.23620961612728414;10.291.950.794.545.200;10.652.012.113.302.300;104.63;;;;;
7;10;0.7275935;0.39769137;1.838.541;16.937.025;168.19;0.4204687408690188;0.23870458037754655;10.277.546.111.730.200;11.358.051.679.441.300;111.81;;;;;
7;11;-0.0746825;0.2513706;10.824.342;11.126.647;109.45;-0.06819928626331546;0.22266708575416788;10.186.584.178.942.500;10.449.386.326.822.700;102.56;;;;;
7;12;0.33460677;0.25313434;11.044.315;14.047.016;139.04;0.3296996723082609;0.23588912775846593;10.881.483.873.615.800;11.612.116.376.580.300;114.39;;;;;
7;13;0.23575826;0.2333871;0.84036756;0.93162155;90.99;0.23121096794808327;0.22445291029052802;0.8352885128422392;0.895290187773538;87.27;;;;;
7;14;-0.25370735;0.20403114;0.61386406;0.7029724;67.39;-0.25525128939464925;0.19695572103355447;0.6184300017134406;0.6974241491407969;66.81;;;;;
7;15;0.34067625;0.22486183;0.6481181;0.8112825;78.62;0.3339789771059028;0.21232698454775525;0.6482930938381448;0.7595450223877986;73.27;;;;;
7;16;-0.017370606;0.21144065;0.5801776;0.6660557;63.53;-0.01524036056470393;0.20489775220749715;0.5889660412661155;0.6237758854063747;59.08;;;;;
7;17;0.44755355;0.24562499;0.9431365;1.106.471;108.82;0.4356597904821861;0.22977750532529073;0.9231085158369359;1.046.291.779.097.570;102.7;;;;;
7;18;0.16455276;0.23197562;0.7787877;0.9108434;88.86;0.1479100861892907;0.21685757832222577;0.7686398299077631;0.8122264407127724;78.72;;;;;
7;19;-0.24397916;0.21226397;0.69136584;0.7918408;76.62;-0.24218147323332082;0.2050396551274267;0.6910444422167956;0.76041800825004;73.36;;;;;
7;20;-0.19919685;0.22985625;0.9541801;10.000.783;97.99;-0.20501772925999626;0.22434641012927314;0.965934784937051;1.012.617.198.056.700;99.27;;;;;
8;0;0.0017232437;0.22459163;0.75950587;0.88886243;86.61;-0.0030405839038532977;0.2174369255963756;0.7628550837791278;0.7932439351239569;76.76;;;;;
8;1;-0.149742;0.20913336;0.59190905;0.6628266;63.19;-0.14837418420614434;0.20333940710008763;0.5967997111908145;0.6477126741820741;61.61;;;;;
8;2;0.44056192;0.2305618;0.8180014;0.96259767;94.16;0.4466452418380007;0.22514136620947459;0.8348910326321102;0.9732541513935125;95.25;;;;;
8;3;-0.07654781;0.22310138;0.81012046;0.8698862;84.66;-0.06816543155569008;0.21322651005621654;0.8048958183827772;0.8354455991266025;81.12;;;;;
8;4;0.27882886;0.22525153;0.73226726;0.8765116;85.34;0.2701551132473836;0.21522328116477116;0.7277661936301327;0.8055733849624929;78.04;;;;;
8;5;0.21367237;0.22228035;0.676647;0.78462094;75.87;0.217173988459811;0.21780041786679033;0.6881989349968358;0.7538032484788518;72.68;;;;;
8;6;0.08392855;0.25005397;10.830.451;11.143.718;109.63;0.08224289181169037;0.23700719796183484;10.978.786.237.945.600;11.261.766.192.406.500;110.83;;;;;
8;7;0.288269;0.24635708;10.105.094;11.070.246;108.88;0.27963032501933355;0.2390382422519527;100.920.652.628.331;10.741.648.907.975.600;105.54;;;;;
8;8;0.13472585;0.24618009;1.008.119;10.561.838;103.71;0.13879714001630447;0.23167122182794953;10.134.598.775.082.300;10.488.265.463.931.400;102.96;;;;;
8;9;-0.21498996;0.2085926;0.48912406;0.59349954;55.88;-0.21140693485587972;0.20049852804232723;0.49641164024856055;0.5756014840378405;53.97;;;;;
8;10;0.78277624;0.42321128;19.424.132;20.641.785;205.45;0.4204687408690188;0.23870458037754655;10.277.546.111.730.200;11.358.051.679.441.300;111.81;;;;;
8;11;-0.070896186;0.24092877;10.531.566;10.830.909;106.45;-0.0667286744686102;0.22092749914671345;10.107.001.490.044.500;10.367.142.649.125.500;101.72;;;;;
8;12;0.33469945;0.25448135;11.072.999;12.215.718;120.51;0.3314764574680008;0.23700719796183484;10.978.786.237.945.600;11.710.621.359.801.100;115.39;;;;;
8;13;0.23728894;0.23428759;0.8422452;0.9440966;92.27;0.23195211424467743;0.22594926302579818;0.840857102927854;0.9010524514747745;87.86;;;;;
8;14;0.34349275;0.22514337;0.6477421;0.8102113;78.51;0.33575546102667886;0.21345638340173265;0.6517414613585605;0.763585155485606;73.69;;;;;
8;15;-0.26358116;0.20847997;0.6155251;0.73363936;70.59;-0.2578426730433259;0.1989552715009002;0.6247084788881964;0.7045045973554243;67.55;;;;;
8;16;0.80452436;0.4029664;17.121.834;15.891.215;157.65;0.433389137482019;0.22887232070971986;0.9160356523292639;10.389.080.806.369.500;101.95;;;;;
8;17;0.15529309;0.22745836;0.7697216;0.8417227;81.76;0.14774014068483743;0.21616915920904714;0.7635870290441215;0.8072307015266142;78.21;;;;;
8;18;-0.019113325;0.211416;0.58178246;0.65847164;62.74;-0.01524036056470393;0.20489775220749715;0.5889660412661155;0.6237758854063747;59.08;;;;;
8;19;-0.2449217;0.20495087;0.69978535;0.77383935;74.75;-0.24018025501955134;0.203906839353242;0.6872265171216753;0.756005846453236;72.91;;;;;
8;20;-0.20378532;0.23064944;0.9535359;10.400.037;102.06;-0.20501772925999626;0.22512804053349061;0.9654835104127693;10.123.602.682.959.900;99.24;;;;;
9;0;-0.14994806;0.21059759;0.58908343;0.66475147;63.4;-0.14837418420614434;0.20333940710008763;0.5967997111908145;0.6477126741820741;61.61;;;;;
9;1;0.0044215573;0.23852837;0.7941444;0.94053674;91.9;-0.0022808237154998984;0.21481720360123854;0.7536640586733552;0.7836843410811981;75.77;;;;;
9;2;0.21446133;0.22341971;0.6768726;0.7788759;75.28;0.217173988459811;0.21780041786679033;0.6881989349968358;0.7538032484788518;72.68;;;;;
9;3;-0.07653336;0.22574806;0.81067574;0.8829989;86.01;-0.06816543155569008;0.21322651005621654;0.8048958183827772;0.8354455991266025;81.12;;;;;
9;4;0.2801361;0.22493917;0.7322792;0.8939487;87.13;0.27103814906966844;0.2164893004657404;0.7320471712397217;0.810075525113144;78.5;;;;;
9;5;0.08955024;0.2478401;10.695;11.108.742;109.27;0.08224289181169037;0.236126207760471;10.983.872.637.244.700;1.126.487.487.883.030;110.86;;;;;
9;6;0.2985978;0.25372857;10.438.118;11.291.744;111.13;0.27963032501933355;0.23821968442706343;10.096.791.208.638.500;10.744.271.328.607.400;105.56;;;;;
9;7;0.44502136;0.23300847;0.8180813;0.9835882;96.3;0.4466452418380007;0.22514136620947459;0.8348910326321102;0.9732541513935125;95.25;;;;;
9;8;0.13488048;0.2434365;10.004.494;1.041.805;102.24;0.13879714001630447;0.2324897796528388;10.129.872.829.276.800;10.485.510.855.904.600;102.93;;;;;
9;9;-0.21410939;0.20484886;0.48823488;0.58395094;54.86;-0.2096452103987474;0.19882770697530783;0.49227487657982255;0.5708048050041918;53.46;;;;;
9;10;0.33363134;0.25439397;11.038.471;12.889.338;127.33;0.3269521750390254;0.23305707799580427;10.795.806.467.313.100;1.151.827.981.585.570;113.43;;;;;
9;11;0.77383506;0.41845578;19.198.797;19.363.811;192.6;0.41808437803243104;0.23681009958089932;1.019.597.828.544.660;11.271.438.694.289.500;110.93;;;;;
9;12;-0.07372147;0.2455993;10.675.596;10.996.103;108.13;-0.06819928626331546;0.22266708575416788;10.186.584.178.942.500;10.449.386.326.822.700;102.56;;;;;
9;13;0.23231113;0.2329911;0.8370562;0.9257695;90.39;0.2327523744010705;0.22594926302579818;0.840857102927854;0.9012587890253615;87.88;;;;;
9;14;0.34130555;0.2239745;0.64870507;0.80978984;78.47;0.3339789771059028;0.21232698454775525;0.6482930938381448;0.7595450223877986;73.27;;;;;
9;15;0.16316502;0.23133117;0.777437;0.9164301;89.43;0.1479100861892907;0.21685757832222577;0.7686398299077631;0.8122264407127724;78.72;;;;;
9;16;-0.26105544;0.20698714;0.6161852;0.7303672;70.25;-0.25525128939464925;0.19643332483375078;0.6187316073000209;0.6975443166673642;66.83;;;;;
9;17;0.44680488;0.24406052;0.93641526;13.206.863;130.55;0.4356597904821861;0.22977750532529073;0.9231085158369359;1.046.291.779.097.570;102.7;;;;;
9;18;-0.01795498;0.2108151;0.58046967;0.6420655;61.01;-0.01531470378697078;0.2058972534377776;0.5918390463454624;0.6268186946034789;59.41;;;;;
9;19;-0.20274428;0.2314888;0.9545953;10.975.704;107.92;-0.2025919325979145;0.22267218318800988;0.9587263163927445;1.004.879.366.920.960;98.48;;;;;
9;20;-0.24281181;0.20874383;0.69393426;0.7728685;74.65;-0.24018025501955134;0.203906839353242;0.6872265171216753;0.756005846453236;72.91;;;;;
10;0;-0.14739944;0.20935506;0.58804536;0.6615388;63.06;-0.14837418420614434;0.20333940710008763;0.5967997111908145;0.6477126741820741;61.61;;;;;
10;1;-0.0016342037;0.23306145;0.7913213;0.90078884;87.83;-0.0030405839038532977;0.2174369255963756;0.7628550837791278;0.7932439351239569;76.76;;;;;
10;2;-0.08042597;0.22305086;0.8103824;0.865539;84.21;-0.06816543155569008;0.21322651005621654;0.8048958183827772;0.8354455991266025;81.12;;;;;
10;3;0.27833882;0.22384544;0.73116255;0.8620442;83.85;0.2701551132473836;0.21583121592360702;0.7274152023334691;0.8054190062114323;78.02;;;;;
10;4;0.21306695;0.22265027;0.67582935;0.755388;72.84;0.21839406704666392;0.21902401571997454;0.6920652211485037;0.7580380981894074;73.12;;;;;
10;5;0.09213954;0.24904297;10.736.668;11.112.834;109.31;0.08224289181169037;0.23700719796183484;10.978.786.237.945.600;11.261.766.192.406.500;110.83;;;;;
10;6;0.44696894;0.23137198;0.8176673;0.9722709;95.15;0.4466452418380007;0.22514136620947459;0.8348910326321102;0.9732541513935125;95.25;;;;;
10;7;0.3031341;0.25158927;10.501.086;11.226.183;110.47;0.27963032501933355;0.23821968442706343;10.096.791.208.638.500;10.744.271.328.607.400;105.56;;;;;
10;8;0.13499448;0.24363181;10.007.558;10.419.095;102.25;0.13879714001630447;0.2324897796528388;10.129.872.829.276.800;10.485.510.855.904.600;102.93;;;;;
10;9;-0.21385518;0.20690483;0.48787856;0.58616674;55.1;-0.21052238701129444;0.20009458794073143;0.4940834764327528;0.5731282589787202;53.71;;;;;
10;10;-0.08139796;0.2529445;1.102.111;1.126.661;110.88;-0.06819928626331546;0.22266708575416788;10.186.584.178.942.500;10.449.386.326.822.700;102.56;;;;;
10;11;0.7592833;0.41089827;18.742.301;19.069.958;189.65;0.4204687408690188;0.23953623512763406;10.272.744.550.791.800;11.355.458.493.805.200;111.78;;;;;
10;12;0.33428693;0.25316995;10.964.127;13.329.728;131.79;0.3314764574680008;0.23700719796183484;10.978.786.237.945.600;11.710.621.359.801.100;115.39;;;;;
10;13;0.23741834;0.23551922;0.85311955;0.94801176;92.67;0.233508839843635;0.22746570103268274;0.8465004391891148;0.907099783363867;88.48;;;;;
10;14;-0.26076734;0.20616311;0.61406016;0.7149809;68.64;-0.2578426730433259;0.19842757178637765;0.6250131464604272;0.7046259848568805;67.56;;;;;
10;15;0.33993915;0.22404057;0.64837134;0.8085221;78.34;0.33511695558274823;0.21345638340173265;0.6517414613585605;0.7633046141533464;73.66;;;;;
10;16;0.4573785;0.24595131;0.9343014;14.408.993;142.7;0.4356597904821861;0.23053081578732654;0.9226735918388962;10.460.738.344.626.700;102.68;;;;;
10;17;0.16266689;0.2302871;0.77332497;0.90413547;88.17;0.1479100861892907;0.21685757832222577;0.7686398299077631;0.8122264407127724;78.72;;;;;
10;18;-0.016808894;0.21189396;0.58141565;0.6739435;64.36;-0.01524036056470393;0.20489775220749715;0.5889660412661155;0.6237758854063747;59.08;;;;;
10;19;-0.2435409;0.21026738;0.69115096;0.7695048;74.31;-0.24018025501955134;0.203906839353242;0.6872265171216753;0.756005846453236;72.91;;;;;
10;20;-0.20642988;0.23151425;0.9542924;11.090.931;109.09;-0.2025919325979145;0.22344798052950937;0.9582784095887932;10.046.243.086.052.100;98.45;;;;;
11;0;-0.14860322;0.20961204;0.58890563;0.6649399;63.41;-0.14706485148582674;0.20234750755325792;0.5938884930874445;0.6444192164866281;61.26;;;;;
11;1;0.0006175197;0.22463506;0.7627211;0.8544429;83.07;-0.0030221561226178232;0.21611912604730665;0.7582317196350119;0.7884363961232056;76.26;;;;;
11;2;0.2786574;0.2249388;0.7329426;0.87770617;85.46;0.27103814906966844;0.2164893004657404;0.7320471712397217;0.810075525113144;78.5;;;;;
11;3;-0.067178436;0.22367802;0.8072619;0.85313624;82.94;-0.06816543155569008;0.21322651005621654;0.8048958183827772;0.8354455991266025;81.12;;;;;
11;4;0.21324036;0.22243674;0.67566615;0.756119;72.92;0.21839406704666392;0.21902401571997454;0.6920652211485037;0.7580380981894074;73.12;;;;;
11;5;0.4457034;0.23142529;0.81813586;0.96284884;94.18;0.44449651671708595;0.22366017301072805;0.8293983284700567;0.9672138406959112;94.63;;;;;
11;6;0.09102024;0.24988711;10.784.279;11.156.179;109.75;0.08294582251093557;0.23814438047637254;1.107.775.189.055.450;11.361.155.860.700.600;111.84;;;;;
11;7;0.29745173;0.2515395;10.369.251;11.127.108;109.46;0.2808969226507651;0.2401103168431512;10.176.924.472.199.100;10.827.067.758.805.500;106.41;;;;;
11;8;0.1349397;0.24349456;0.99870354;10.416.436;102.23;0.1389460139572358;0.23350988231864744;10.215.032.098.694.100;1.057.024.913.475.820;103.79;;;;;
11;9;-0.21406911;0.20385355;0.48840773;0.5805842;54.5;-0.21280544100910687;0.2009058769211517;0.49875945101640035;0.5782822123174104;54.26;;;;;
11;10;0.7585838;0.41052264;18.821.602;19.154.594;190.5;0.4204687408690188;0.23870458037754655;10.277.546.111.730.200;11.358.051.679.441.300;111.81;;;;;
11;11;0.33505398;0.25286055;1.092.839;14.225.991;140.85;0.3296996723082609;0.23501554083610515;1.088.652.753.006.370;11.615.072.083.215.900;114.42;;;;;
11;12;-0.25727987;0.20334662;0.6147062;0.7096378;68.09;-0.25525128939464925;0.19643332483375078;0.6187316073000209;0.6975443166673642;66.83;;;;;
11;13;0.23269105;0.23271185;0.8299216;0.9182172;89.62;0.2327523744010705;0.22594926302579818;0.840857102927854;0.9012587890253615;87.88;;;;;
11;14;-0.077743545;0.2502601;10.947.521;11.258.126;110.79;-0.06819928626331546;0.22266708575416788;10.186.584.178.942.500;10.449.386.326.822.700;102.56;;;;;
11;15;0.34154612;0.223836;0.64768875;0.80856484;78.34;0.33285297734986624;0.21120947410276705;0.6448810249232073;0.7558254314241115;72.89;;;;;
11;16;0.44758564;0.24335231;0.9313274;13.176.676;130.24;0.4356597904821861;0.229024194863255;0.9235434398349756;1.046.510.401.352.010;102.72;;;;;
11;17;0.16373202;0.2304566;0.7731058;0.9116929;88.95;0.1479100861892907;0.21685757832222577;0.7686398299077631;0.8122264407127724;78.72;;;;;
11;18;-0.018529922;0.21113393;0.58076924;0.65980923;62.88;-0.015166735634439661;0.20390790799393435;0.5861207946899507;0.6207624753319478;58.77;;;;;
11;19;-0.24469724;0.20872569;0.6903079;0.7629989;73.63;-0.24018025501955134;0.20333249215014293;0.6875581166339928;0.7561526439909656;72.92;;;;;
11;20;-0.2029362;0.2309075;0.9554199;10.710.727;105.22;-0.20501772925999626;0.22434641012927314;0.965934784937051;1.012.617.198.056.700;99.27;;;;;
12;0;-0.0008409549;0.2238593;0.7621298;0.8239964;79.94;-0.0022808237154998984;0.21481720360123854;0.7536640586733552;0.7836843410811981;75.77;;;;;
12;1;0.44431102;0.2320885;0.8178662;0.97207314;95.13;0.44449651671708595;0.2243440996144184;0.8290034632613101;0.9670336966748745;94.61;;;;;
12;2;-0.14686751;0.20890263;0.5880741;0.65890294;62.78;-0.14765040769782167;0.20234750755325792;0.5938884930874445;0.6445531001616736;61.27;;;;;
12;3;-0.071751475;0.22418347;0.8071526;0.86323345;83.97;-0.06697426411888852;0.211876975182443;0.7998015410512406;0.8300963255759343;80.56;;;;;
12;4;0.2118289;0.22207312;0.6769021;0.7719457;74.56;0.21771969051037762;0.21960804293211464;0.6917280328803604;0.7577052379579682;73.08;;;;;
12;5;0.2801982;0.22545624;0.7327636;0.8946164;87.2;0.2701551132473836;0.21522328116477116;0.7277661936301327;0.8055733849624929;78.04;;;;;
12;6;0.090047926;0.25263628;1.093.644;1.126.817;110.89;0.08122561195186868;0.236126207760471;10.983.872.637.244.700;11.264.136.749.615.700;110.85;;;;;
12;7;0.3022687;0.25313646;10.480.616;11.320.627;111.43;0.2786851358582394;0.23821968442706343;10.096.791.208.638.500;10.741.815.256.767.600;105.54;;;;;
12;8;0.13623038;0.24509329;10.007.046;10.421.078;102.27;0.14005758206889368;0.23620961612728414;10.291.950.794.545.200;10.652.012.113.302.300;104.63;;;;;
12;9;-0.25817683;0.20601852;0.614187;0.7138047;68.52;-0.2597706408826233;0.19943995735671632;0.6282019890444089;0.7084453553340366;67.96;;;;;
12;10;-0.21462114;0.20603895;0.48751855;0.5850235;54.98;-0.21140693485587972;0.20049852804232723;0.49641164024856055;0.5756014840378405;53.97;;;;;
12;11;0.7491292;0.40555197;18.652.257;18.235.955;181.26;0.4147923750557977;0.23576401095239574;10.110.969.046.054.900;11.180.135.660.033.800;110.0;;;;;
12;12;0.33283198;0.25271347;10.930.828;13.521.088;133.72;0.3296996723082609;0.23501554083610515;1.088.652.753.006.370;11.615.072.083.215.900;114.42;;;;;
12;13;-0.073284656;0.24542277;10.685.695;11.006.825;108.24;-0.0667286744686102;0.22092749914671345;10.107.001.490.044.500;10.367.142.649.125.500;101.72;;;;;
12;14;0.24184194;0.23511519;0.8476179;0.97674;95.6;0.2327523744010705;0.22525621740072532;0.8412572330060505;0.9014586864366083;87.9;;;;;
12;15;0.34071457;0.22393402;0.6460129;0.8073763;78.22;0.3339789771059028;0.21232698454775525;0.6482930938381448;0.7595450223877986;73.27;;;;;
12;16;0.44487843;0.2437047;0.9358874;13.053.299;128.99;0.433389137482019;0.228124429747411;0.9164674473776774;10.391.243.823.710.100;101.97;;;;;
12;17;0.15719076;0.22893366;0.774033;0.86498183;84.15;0.14774014068483743;0.21553527601538292;0.7639530016766183;0.8074074517536471;78.22;;;;;
12;18;-0.0191068;0.20863323;0.580776;0.6289386;59.63;-0.01524036056470393;0.20489775220749715;0.5889660412661155;0.6237758854063747;59.08;;;;;
12;19;-0.24191907;0.2116136;0.69254255;0.77651733;75.03;-0.24018025501955134;0.203906839353242;0.6872265171216753;0.756005846453236;72.91;;;;;
12;20;-0.20465216;0.23078206;0.95553386;10.844.078;106.58;-0.2025919325979145;0.22267218318800988;0.9587263163927445;1.004.879.366.920.960;98.48;;;;;
13;0;-0.0058704545;0.22153884;0.74657524;0.7783458;75.22;-0.0030221561226178232;0.21611912604730665;0.7582317196350119;0.7884363961232056;76.26;;;;;
13;1;-0.14806147;0.20655239;0.591105;0.6569989;62.58;-0.14765040769782167;0.20234750755325792;0.5938884930874445;0.6445531001616736;61.27;;;;;
13;2;0.21243423;0.2219721;0.67707837;0.76057696;73.38;0.21839406704666392;0.21902401571997454;0.6920652211485037;0.7580380981894074;73.12;;;;;
13;3;0.2799501;0.22560534;0.73355925;0.8718997;84.87;0.2701551132473836;0.21583121592360702;0.7274152023334691;0.8054190062114323;78.02;;;;;
13;4;-0.07412666;0.22313422;0.8078382;0.85753196;83.39;-0.06816543155569008;0.21322651005621654;0.8048958183827772;0.8354455991266025;81.12;;;;;
13;5;0.09104878;0.25061345;10.852.065;11.230.454;110.51;0.08224289181169037;0.236126207760471;10.983.872.637.244.700;1.126.487.487.883.030;110.86;;;;;
13;6;0.2874172;0.24666843;10.061.375;11.056.744;108.74;0.2808969226507651;0.2401103168431512;10.176.924.472.199.100;10.827.067.758.805.500;106.41;;;;;
13;7;-0.018533932;0.21098784;0.5811396;0.64713395;61.55;-0.01524036056470393;0.20489775220749715;0.5889660412661155;0.6237758854063747;59.08;;;;;
13;8;0.44468623;0.23133507;0.81642884;0.9624981;94.15;0.44449651671708595;0.2243440996144184;0.8290034632613101;0.9670336966748745;94.61;;;;;
13;9;0.13714796;0.24247786;0.99524903;10.395.044;102.01;0.1389460139572358;0.23350988231864744;10.215.032.098.694.100;1.057.024.913.475.820;103.79;;;;;
13;10;0.76167196;0.40996158;18.841.705;19.084.555;189.79;0.41808437803243104;0.23681009958089932;1.019.597.828.544.660;11.271.438.694.289.500;110.93;;;;;
13;11;-0.07263385;0.24855357;10.776.153;11.096.652;109.15;-0.0667286744686102;0.22092749914671345;10.107.001.490.044.500;10.367.142.649.125.500;101.72;;;;;
13;12;0.3349991;0.25483418;11.032.915;1.319.169;130.39;0.3314764574680008;0.23700719796183484;10.978.786.237.945.600;11.710.621.359.801.100;115.39;;;;;
13;13;-0.21500745;0.20611331;0.48874947;0.58753127;55.24;-0.21140693485587972;0.20049852804232723;0.49641164024856055;0.5756014840378405;53.97;;;;;
13;14;0.23471388;0.23312224;0.8395831;0.9250476;90.32;0.233508839843635;0.22676800409468992;0.8469032547040777;0.9073010684412146;88.5;;;;;
13;15;0.3418769;0.22479725;0.6490179;0.8071143;78.19;0.33511695558274823;0.21345638340173265;0.6517414613585605;0.7633046141533464;73.66;;;;;
13;16;-0.25675303;0.2043592;0.61502254;0.7090524;68.03;-0.25654043732088483;0.1974254123329111;0.6218565144075967;0.7010672677616437;67.19;;;;;
13;17;0.7442238;0.37225357;15.860.732;1.551.855;153.89;0.4356597904821861;0.22977750532529073;0.9231085158369359;1.046.291.779.097.570;102.7;;;;;
13;18;0.1577817;0.22850282;0.77068;0.8677819;84.44;0.1479100861892907;0.21749535036983883;0.7682716120443921;0.8120485766888034;78.7;;;;;
13;19;-0.20551722;0.23122972;0.95506465;10.776.184;105.89;-0.20501772925999626;0.22434641012927314;0.965934784937051;1.012.617.198.056.700;99.27;;;;;
13;20;-0.24581218;0.20391336;0.69559354;0.7701689;74.37;-0.24018025501955134;0.203906839353242;0.6872265171216753;0.756005846453236;72.91;;;;;
14;0;-0.14650355;0.20873347;0.589517;0.66051817;62.95;-0.14765040769782167;0.20234750755325792;0.5938884930874445;0.6445531001616736;61.27;;;;;
14;1;-0.0023124989;0.22323443;0.76032;0.83049774;80.61;-0.0022808237154998984;0.21481720360123854;0.7536640586733552;0.7836843410811981;75.77;;;;;
14;2;-0.07422055;0.22354709;0.8091539;0.8578233;83.42;-0.06860238945027783;0.21525973668324952;0.8096706665023495;0.8406007555728156;81.65;;;;;
14;3;0.21325457;0.22285157;0.67582303;0.75199974;72.49;0.21784459752941412;0.21780041786679033;0.6881989349968358;0.7539967273314122;72.7;;;;;
14;4;0.28144923;0.2254641;0.7327769;0.86451125;84.11;0.2701551132473836;0.21522328116477116;0.7277661936301327;0.8055733849624929;78.04;;;;;
14;5;0.087659866;0.24673781;10.808.641;11.089.606;109.08;0.0819198479514573;0.23814438047637254;1.107.775.189.055.450;11.360.411.422.689.300;111.83;;;;;
14;6;0.44283342;0.23137873;0.8182416;0.9681502;94.73;0.441591310725471;0.22219834181457948;0.8239774243624093;0.9608921816063954;93.98;;;;;
14;7;0.31249434;0.25343958;10.678.015;11.432.961;112.57;0.27963032501933355;0.23821968442706343;10.096.791.208.638.500;10.744.271.328.607.400;105.56;;;;;
14;8;0.13611847;0.24504995;1.003.289;10.440.215;102.47;0.13879714001630447;0.2324897796528388;10.129.872.829.276.800;10.485.510.855.904.600;102.93;;;;;
14;9;-0.07325208;0.25055367;10.862.634;1.118.926;110.09;-0.0676664793393833;0.22092749914671345;10.107.001.490.044.500;10.367.750.496.144.400;101.73;;;;;
14;10;0.33174098;0.2510213;1.091.516;13.680.333;135.33;0.3296996723082609;0.23501554083610515;1.088.652.753.006.370;11.615.072.083.215.900;114.42;;;;;
14;11;0.7620036;0.41418386;19.028.187;18.647.168;185.4;0.4147923750557977;0.23494545312750648;10.115.694.991.860.400;11.182.687.208.507.700;110.02;;;;;
14;12;-0.21413021;0.20772177;0.4877897;0.5887029;55.37;-0.2087753132601634;0.19800269574304516;0.4902322422371677;0.5684363203361247;53.21;;;;;
14;13;0.23439765;0.23140657;0.8330431;0.9038321;88.14;0.2327523744010705;0.22594926302579818;0.840857102927854;0.9012587890253615;87.88;;;;;
14;14;0.4305473;0.23646556;0.9111933;10.344.752;101.5;0.4356597904821861;0.22977750532529073;0.9231085158369359;1.046.291.779.097.570;102.7;;;;;
14;15;-0.2582609;0.20524962;0.6130729;0.70843846;67.96;-0.25525128939464925;0.19643332483375078;0.6187316073000209;0.6975443166673642;66.83;;;;;
14;16;0.3405117;0.22411714;0.64676726;0.80944103;78.43;0.3339789771059028;0.21232698454775525;0.6482930938381448;0.7595450223877986;73.27;;;;;
14;17;0.16014783;0.23016262;0.7734188;0.8842277;86.13;0.1479100861892907;0.21685757832222577;0.7686398299077631;0.8122264407127724;78.72;;;;;
14;18;-0.24511242;0.2057132;0.6976503;0.77583796;74.96;-0.24018025501955134;0.203906839353242;0.6872265171216753;0.756005846453236;72.91;;;;;
14;19;-0.018537939;0.21170884;0.5816401;0.6453627;61.36;-0.01524036056470393;0.20489775220749715;0.5889660412661155;0.6237758854063747;59.08;;;;;
14;20;-0.20203868;0.231802;0.9557275;11.291.116;111.13;-0.2025919325979145;0.22344798052950937;0.9582784095887932;10.046.243.086.052.100;98.45;;;;;
15;0;-0.1473846;0.20785457;0.5887978;0.6573967;62.62;-0.14837418420614434;0.20333940710008763;0.5967997111908145;0.6477126741820741;61.61;;;;;
15;1;-0.0038367691;0.22214477;0.7586782;0.83798116;81.38;-0.0030221561226178232;0.21611912604730665;0.7582317196350119;0.7884363961232056;76.26;;;;;
15;2;-0.074867725;0.22382507;0.8086658;0.8635298;84.0;-0.06816543155569008;0.21322651005621654;0.8048958183827772;0.8354455991266025;81.12;;;;;
15;3;0.4450655;0.23245054;0.8193677;0.973591;95.28;0.44449651671708595;0.2243440996144184;0.8290034632613101;0.9670336966748745;94.61;;;;;
15;4;0.21260527;0.22221605;0.67692614;0.76752514;74.1;0.217173988459811;0.21721965337650578;0.6885342395316374;0.7539418532512714;72.69;;;;;
15;5;0.2790322;0.22545515;0.7341937;0.8936429;87.1;0.26945313065405635;0.21583121592360702;0.7274152023334691;0.805183817505156;77.99;;;;;
15;6;0.08802429;0.2494879;1.082.304;11.127.254;109.46;0.08224289181169037;0.23700719796183484;10.978.786.237.945.600;11.261.766.192.406.500;110.83;;;;;
15;7;0.28270626;0.24513222;10.008.583;1.089.283;107.08;0.2786851358582394;0.23821968442706343;10.096.791.208.638.500;10.741.815.256.767.600;105.54;;;;;
15;8;0.13473716;0.24269535;0.99676454;10.404.038;102.1;0.1398987046196085;0.23350988231864744;10.215.032.098.694.100;1.057.150.566.602.610;103.81;;;;;
15;9;-0.07524358;0.2533947;10.901.679;11.220.043;110.4;-0.06819928626331546;0.22266708575416788;10.186.584.178.942.500;10.449.386.326.822.700;102.56;;;;;
15;10;0.33168346;0.24987556;10.890.942;12.454.334;122.93;0.3269521750390254;0.23305707799580427;10.795.806.467.313.100;1.151.827.981.585.570;113.43;;;;;
15;11;-0.21166077;0.2047298;0.48861647;0.58419627;54.89;-0.2110246423395746;0.19965962206725474;0.4943346040968929;0.5733777682873799;53.74;;;;;
15;12;0.7796859;0.42368966;19.290.318;19.632.698;195.31;0.41713168737005835;0.23681009958089932;1.019.597.828.544.660;11.267.908.412.144.200;110.89;;;;;
15;13;-0.016813003;0.21246353;0.5820579;0.7060635;67.71;-0.01524036056470393;0.20489775220749715;0.5889660412661155;0.6237758854063747;59.08;;;;;
15;14;0.23788837;0.23594579;0.8639404;0.9659656;94.5;0.23121096794808327;0.22376445437158143;0.8356859930523681;0.8954887613608692;87.29;;;;;
15;15;0.3405098;0.22320426;0.64530784;0.8037742;77.85;0.33511695558274823;0.21345638340173265;0.6517414613585605;0.7633046141533464;73.66;;;;;
15;16;-0.25466323;0.2039671;0.6133282;0.70731515;67.85;-0.25525128939464925;0.19695572103355447;0.6184300017134406;0.6974241491407969;66.81;;;;;
15;17;0.16359004;0.23034485;0.7728289;0.90644914;88.41;0.1479100861892907;0.21685757832222577;0.7686398299077631;0.8122264407127724;78.72;;;;;
15;18;0.4585731;0.24554572;0.9369105;15.095.568;149.62;0.4356597904821861;0.23053081578732654;0.9226735918388962;10.460.738.344.626.700;102.68;;;;;
15;19;-0.20191438;0.23068894;0.9544586;10.787.836;106.01;-0.2025919325979145;0.22267218318800988;0.9587263163927445;1.004.879.366.920.960;98.48;;;;;
15;20;-0.24162295;0.20937814;0.69430965;0.77595776;74.97;-0.24018025501955134;0.203906839353242;0.6872265171216753;0.756005846453236;72.91;;;;;
16;0;-0.0016106747;0.22850913;0.7763767;0.85671884;83.3;-0.0030405839038532977;0.2174369255963756;0.7628550837791278;0.7932439351239569;76.76;;;;;
16;1;-0.1500355;0.21208656;0.5896075;0.6662948;63.56;-0.14765040769782167;0.20234750755325792;0.5938884930874445;0.6445531001616736;61.27;;;;;
16;2;0.2137518;0.2224278;0.67640126;0.7740985;74.78;0.21784459752941412;0.21721965337650578;0.6885342395316374;0.754135296543778;72.71;;;;;
16;3;-0.07101984;0.22471529;0.8073441;0.8716441;84.84;-0.06816543155569008;0.21388865555787853;0.8045135284991499;0.8352466106328614;81.09;;;;;
16;4;0.27784938;0.22444747;0.73146915;0.85623467;83.25;0.2701551132473836;0.21522328116477116;0.7277661936301327;0.8055733849624929;78.04;;;;;
16;5;0.44263646;0.23160672;0.8185134;0.96581817;94.49;0.44449651671708595;0.2243440996144184;0.8290034632613101;0.9670336966748745;94.61;;;;;
16;6;0.09103864;0.24913287;10.820.167;11.125.451;109.44;0.08224289181169037;0.236126207760471;10.983.872.637.244.700;1.126.487.487.883.030;110.86;;;;;
16;7;0.2947665;0.25002557;1.029.054;11.161.361;109.81;0.2786851358582394;0.23821968442706343;10.096.791.208.638.500;10.741.815.256.767.600;105.54;;;;;
16;8;0.13695556;0.24342176;0.9972677;1.043.365;102.4;0.1389460139572358;0.23433493663421046;10.210.268.645.382.200;10.567.472.334.625.300;103.76;;;;;
16;9;-0.020267222;0.21053584;0.5809175;0.6401686;60.81;-0.015900259998965695;0.2058972534377776;0.5918390463454624;0.6268332744999754;59.41;;;;;
16;10;0.7547997;0.40964025;18.806.738;18.614.804;185.07;0.41713168737005835;0.23763515389646234;10.191.214.832.134.700;11.265.335.807.346.400;110.86;;;;;
16;11;0.23406233;0.2341392;0.8438802;0.95092434;92.97;0.23195211424467743;0.22594926302579818;0.840857102927854;0.9010524514747745;87.86;;;;;
16;12;-0.07390744;0.25014174;10.805.604;11.119.922;109.39;-0.06819928626331546;0.22266708575416788;10.186.584.178.942.500;10.449.386.326.822.700;102.56;;;;;
16;13;0.3341403;0.25343055;10.968.845;14.000.304;138.57;0.3314764574680008;0.23700719796183484;10.978.786.237.945.600;11.710.621.359.801.100;115.39;;;;;
16;14;-0.2592057;0.20409402;0.6125624;0.7055993;67.67;-0.2597706408826233;0.19943995735671632;0.6282019890444089;0.7084453553340366;67.96;;;;;
16;15;-0.2093165;0.20617959;0.49080864;0.58911556;55.41;-0.21280544100910687;0.2013445133927168;0.49850620413146585;0.5782163992433915;54.25;;;;;
16;16;0.34172738;0.22378445;0.645947;0.79903936;77.36;0.33511695558274823;0.21400934533663124;0.6514222086365952;0.7631869153198598;73.65;;;;;
16;17;0.16297783;0.23014733;0.77191305;0.89940566;87.69;0.14774014068483743;0.21553527601538292;0.7639530016766183;0.8074074517536471;78.22;;;;;
16;18;0.78215224;0.39946023;16.887.203;16.602.192;164.81;0.4356597904821861;0.22977750532529073;0.9231085158369359;1.046.291.779.097.570;102.7;;;;;
16;19;-0.2010959;0.23156026;0.9545573;1.036.931;101.75;-0.2025919325979145;0.22267218318800988;0.9587263163927445;1.004.879.366.920.960;98.48;;;;;
16;20;-0.24484196;0.2045348;0.69636416;0.770471;74.41;-0.24218147323332082;0.2050396551274267;0.6910444422167956;0.76041800825004;73.36;;;;;
17;0;-0.14999068;0.20990449;0.58943605;0.6643012;63.35;-0.14765040769782167;0.20234750755325792;0.5938884930874445;0.6445531001616736;61.27;;;;;
17;1;-0.00011569219;0.23030856;0.7834147;0.87753004;85.44;-0.0022808237154998984;0.21481720360123854;0.7536640586733552;0.7836843410811981;75.77;;;;;
17;2;0.21502055;0.22377938;0.676903;0.79426706;76.87;0.217173988459811;0.21780041786679033;0.6881989349968358;0.7538032484788518;72.68;;;;;
17;3;-0.07276374;0.2253699;0.8097685;0.8650112;84.16;-0.06816543155569008;0.21388865555787853;0.8045135284991499;0.8352466106328614;81.09;;;;;
17;4;0.44583952;0.2327941;0.81817454;0.97367793;95.29;0.44449651671708595;0.22366017301072805;0.8293983284700567;0.9672138406959112;94.63;;;;;
17;5;0.09172775;0.25117344;10.902.609;1.123.296;110.53;0.08224289181169037;0.236126207760471;10.983.872.637.244.700;1.126.487.487.883.030;110.86;;;;;
17;6;0.2794577;0.22604072;0.73226374;0.88837427;86.56;0.2685844439843174;0.21397198301846435;0.7235349948299575;0.8008898187708504;77.55;;;;;
17;7;0.28609574;0.24506651;10.036.156;10.994.139;108.11;0.2808969226507651;0.2401103168431512;10.176.924.472.199.100;10.827.067.758.805.500;106.41;;;;;
17;8;0.13650438;0.24706666;10.078.892;10.521.564;103.3;0.1389460139572358;0.23433493663421046;10.210.268.645.382.200;10.567.472.334.625.300;103.76;;;;;
17;9;-0.21611959;0.20804957;0.49503732;0.5984679;56.41;-0.21140693485587972;0.20093532150350762;0.49615945742616774;0.5755363609072022;53.97;;;;;
17;10;0.70812327;0.3810326;17.482.442;17.533.991;174.2;0.4204687408690188;0.23870458037754655;10.277.546.111.730.200;11.358.051.679.441.300;111.81;;;;;
17;11;-0.076256536;0.25035802;1.089.455;11.235.222;110.56;-0.06819928626331546;0.22266708575416788;10.186.584.178.942.500;10.449.386.326.822.700;102.56;;;;;
17;12;0.3344325;0.2546084;11.079.191;12.758.985;126.01;0.3296996723082609;0.23501554083610515;1.088.652.753.006.370;11.615.072.083.215.900;114.42;;;;;
17;13;0.3424346;0.22487262;0.64660263;0.8152333;79.03;0.33511695558274823;0.21345638340173265;0.6517414613585605;0.7633046141533464;73.66;;;;;
17;14;0.2354039;0.235751;0.84860516;0.97152835;95.07;0.23121096794808327;0.22445291029052802;0.8352885128422392;0.895290187773538;87.27;;;;;
17;15;0.72867376;0.37038517;15.468.534;1.500.755;148.74;0.4356597904821861;0.22977750532529073;0.9231085158369359;1.046.291.779.097.570;102.7;;;;;
17;16;-0.26159048;0.20544483;0.61244726;0.7114826;68.28;-0.257146695015122;0.1974254123329111;0.6218565144075967;0.7012893416437938;67.22;;;;;
17;17;-0.01564326;0.21004823;0.58034265;0.6272266;59.45;-0.015166735634439661;0.20390790799393435;0.5861207946899507;0.6207624753319478;58.77;;;;;
17;18;0.16410708;0.23072274;0.7747907;0.9281959;90.64;0.1479100861892907;0.21685757832222577;0.7686398299077631;0.8122264407127724;78.72;;;;;
17;19;-0.24509078;0.2054487;0.6959704;0.7715809;74.52;-0.24018025501955134;0.20448118655634107;0.6868949176093576;0.7558596023034384;72.89;;;;;
17;20;-0.20202066;0.2308538;0.9551927;10.245.054;100.48;-0.2065708938756023;0.226046004145404;0.9732524727017255;10.202.885.404.662.200;100.05;;;;;
18;0;0.0021369173;0.23031887;0.7832477;0.88916284;86.64;-0.0030221561226178232;0.21611912604730665;0.7582317196350119;0.7884363961232056;76.26;;;;;
18;1;-0.14757091;0.20845042;0.59243155;0.66250104;63.16;-0.14765040769782167;0.20234750755325792;0.5938884930874445;0.6445531001616736;61.27;;;;;
18;2;0.4427091;0.2310437;0.81699365;0.95654863;93.54;0.44449651671708595;0.22366017301072805;0.8293983284700567;0.9672138406959112;94.63;;;;;
18;3;-0.078742966;0.22183357;0.8103057;0.8592317;83.56;-0.06697426411888852;0.2125349298897907;0.7994216707238389;0.829898581816127;80.54;;;;;
18;4;0.21307278;0.22292306;0.6757146;0.7522675;72.52;0.21839406704666392;0.21960804293211464;0.6917280328803604;0.7578992891632695;73.1;;;;;
18;5;0.28263652;0.22400442;0.7347803;0.8457311;82.17;0.27103814906966844;0.2164893004657404;0.7320471712397217;0.810075525113144;78.5;;;;;
18;6;0.088732496;0.26006475;1.108.456;11.496.513;113.21;0.08224289181169037;0.236126207760471;10.983.872.637.244.700;1.126.487.487.883.030;110.86;;;;;
18;7;0.29303777;0.24875543;1.025.551;11.092.956;109.11;0.2808969226507651;0.2401103168431512;10.176.924.472.199.100;10.827.067.758.805.500;106.41;;;;;
18;8;-0.21228783;0.20640644;0.48870212;0.5826719;54.73;-0.2096452103987474;0.19882770697530783;0.49227487657982255;0.5708048050041918;53.46;;;;;
18;9;0.13532391;0.24585244;0.9996907;10.437.133;102.44;0.1389460139572358;0.23433493663421046;10.210.268.645.382.200;10.567.472.334.625.300;103.76;;;;;
18;10;-0.0179586;0.21017429;0.58119094;0.6289323;59.63;-0.01531470378697078;0.2058972534377776;0.5918390463454624;0.6268186946034789;59.41;;;;;
18;11;0.7650139;0.4166174;19.132.931;20.477.595;203.8;0.4204687408690188;0.23953623512763406;10.272.744.550.791.800;11.355.458.493.805.200;111.78;;;;;
18;12;0.23663259;0.23016764;0.83038235;0.9108769;88.86;0.2327523744010705;0.22594926302579818;0.840857102927854;0.9012587890253615;87.88;;;;;
18;13;-0.07500607;0.25194144;108.578;11.164.025;109.83;-0.0662113979223419;0.21921488287425828;10.028.652.641.284.400;10.286.777.202.233.100;100.9;;;;;
18;14;0.32942244;0.25063625;10.942.743;12.015.395;118.48;0.32869094101868984;0.23501554083610515;1.088.652.753.006.370;11.612.212.776.945.600;114.39;;;;;
18;15;0.3427689;0.22431764;0.6463345;0.8096432;78.46;0.3339789771059028;0.21232698454775525;0.6482930938381448;0.7595450223877986;73.27;;;;;
18;16;0.15565996;0.2276951;0.7698012;0.84104294;81.69;0.1479100861892907;0.21749535036983883;0.7682716120443921;0.8120485766888034;78.7;;;;;
18;17;-0.26043695;0.20436579;0.615198;0.7163607;68.79;-0.257146695015122;0.19795044689736024;0.6215533855604781;0.701168605462165;67.2;;;;;
18;18;0.76816416;0.3900494;16.368.153;1.644.272;163.21;0.4356597904821861;0.23053081578732654;0.9226735918388962;10.460.738.344.626.700;102.68;;;;;
18;19;-0.24399441;0.2039388;0.6981652;0.7691618;74.27;-0.24018025501955134;0.203906839353242;0.6872265171216753;0.756005846453236;72.91;;;;;
18;20;-0.20751518;0.23169965;0.95634544;11.346.565;111.69;-0.20501772925999626;0.22512804053349061;0.9654835104127693;10.123.602.682.959.900;99.24;;;;;
19;0;-0.0015837924;0.22114354;0.75729907;0.82988614;80.54;-0.0030221561226178232;0.21611912604730665;0.7582317196350119;0.7884363961232056;76.26;;;;;
19;1;0.4470461;0.23172471;0.8176257;0.9798921;95.93;0.441591310725471;0.222877798309749;0.8235851399720205;0.9607132149972609;93.97;;;;;
19;2;-0.14769931;0.20988165;0.58984524;0.6632622;63.24;-0.14765040769782167;0.20234750755325792;0.5938884930874445;0.6445531001616736;61.27;;;;;
19;3;0.28177646;0.22773522;0.73481226;0.910823;88.86;0.2701551132473836;0.21522328116477116;0.7277661936301327;0.8055733849624929;78.04;;;;;
19;4;-0.07644677;0.22629437;0.8089509;0.8981319;87.56;-0.06860238945027783;0.21459334665914098;0.810055406962154;0.8408010196338244;81.67;;;;;
19;5;0.21242212;0.22218972;0.6754596;0.74500626;71.77;0.217173988459811;0.21721965337650578;0.6885342395316374;0.7539418532512714;72.69;;;;;
19;6;0.08806607;0.25064152;10.868.484;11.165.953;109.85;0.08224289181169037;0.236126207760471;10.983.872.637.244.700;1.126.487.487.883.030;110.86;;;;;
19;7;0.30656785;0.25907087;10.638.921;11.445.287;112.69;0.2808969226507651;0.2401103168431512;10.176.924.472.199.100;10.827.067.758.805.500;106.41;;;;;
19;8;0.13705689;0.24230239;0.9942174;10.355.313;101.6;0.13879714001630447;0.23167122182794953;10.134.598.775.082.300;10.488.265.463.931.400;102.96;;;;;
19;9;-0.07795007;0.2509288;10.976.591;11.287.925;111.09;-0.0667286744686102;0.22092749914671345;10.107.001.490.044.500;10.367.142.649.125.500;101.72;;;;;
19;10;-0.21750194;0.21309996;0.4936184;0.6119873;57.84;-0.2110246423395746;0.19965962206725474;0.4943346040968929;0.5733777682873799;53.74;;;;;
19;11;0.7635696;0.4173417;19.240.183;17.773.938;176.61;0.41713168737005835;0.23681009958089932;1.019.597.828.544.660;11.267.908.412.144.200;110.89;;;;;
19;12;0.3369978;0.2549647;11.026.616;14.036.444;138.93;0.3296996723082609;0.23501554083610515;1.088.652.753.006.370;11.615.072.083.215.900;114.42;;;;;
19;13;0.23440146;0.2345318;0.8457177;0.93600845;91.44;0.2327523744010705;0.22594926302579818;0.840857102927854;0.9012587890253615;87.88;;;;;
19;14;0.33848998;0.2224507;0.6438077;0.7918291;76.62;0.33511695558274823;0.21345638340173265;0.6517414613585605;0.7633046141533464;73.66;;;;;
19;15;0.1632431;0.23087332;0.7757251;0.9099439;88.77;0.1479100861892907;0.21749535036983883;0.7682716120443921;0.8120485766888034;78.7;;;;;
19;16;-0.25757128;0.20424652;0.6126516;0.7017151;67.26;-0.25525128939464925;0.19643332483375078;0.6187316073000209;0.6975443166673642;66.83;;;;;
19;17;0.44192594;0.24338631;0.93256676;10.627.781;104.38;0.433389137482019;0.22887232070971986;0.9160356523292639;10.389.080.806.369.500;101.95;;;;;
19;18;-0.02027081;0.21023226;0.58112824;0.6297342;59.71;-0.01524036056470393;0.20489775220749715;0.5889660412661155;0.6237758854063747;59.08;;;;;
19;19;-0.2029332;0.23102899;0.9554828;10.269.985;100.73;-0.20501772925999626;0.22434641012927314;0.965934784937051;1.012.617.198.056.700;99.27;;;;;
19;20;-0.24569589;0.20719045;0.69918096;0.77823746;75.21;-0.24018025501955134;0.203906839353242;0.6872265171216753;0.756005846453236;72.91;;;;;
20;0;-0.14684696;0.20901018;0.59577686;0.66487944;63.41;-0.14837418420614434;0.2028298147287105;0.5970939244836061;0.6478240401042217;61.62;;;;;
20;1;-0.0037377444;0.22071958;0.7526313;0.792908;76.73;-0.0022808237154998984;0.21481720360123854;0.7536640586733552;0.7836843410811981;75.77;;;;;
20;2;-0.07092911;0.22462718;0.80689126;0.8967452;87.42;-0.06860238945027783;0.21459334665914098;0.810055406962154;0.8408010196338244;81.67;;;;;
20;3;0.21608901;0.22193997;0.6773657;0.7753683;74.91;0.21784459752941412;0.21721965337650578;0.6885342395316374;0.754135296543778;72.71;;;;;
20;4;0.30440825;0.24788819;10.513.569;11.155.487;109.75;0.27963032501933355;0.23821968442706343;10.096.791.208.638.500;10.744.271.328.607.400;105.56;;;;;
20;5;0.28141707;0.22655621;0.7344814;0.9048128;88.24;0.2701551132473836;0.21522328116477116;0.7277661936301327;0.8055733849624929;78.04;;;;;
20;6;0.08752843;0.24934015;10.812.992;11.137.801;109.57;0.08224289181169037;0.236126207760471;10.983.872.637.244.700;1.126.487.487.883.030;110.86;;;;;
20;7;0.44582298;0.23268057;0.8184593;0.9730842;95.23;0.44449651671708595;0.2243440996144184;0.8290034632613101;0.9670336966748745;94.61;;;;;
20;8;0.13560143;0.24405946;0.9966854;10.409.269;102.15;0.14005758206889368;0.23620961612728414;10.291.950.794.545.200;10.652.012.113.302.300;104.63;;;;;
20;9;-0.082092226;0.2577964;11.099.553;11.424.598;112.48;-0.06819928626331546;0.22266708575416788;10.186.584.178.942.500;10.449.386.326.822.700;102.56;;;;;
20;10;-0.21633445;0.21101624;0.48964107;0.598265;56.38;-0.21140693485587972;0.20093532150350762;0.49615945742616774;0.5755363609072022;53.97;;;;;
20;11;0.7280594;0.40084416;18.591.523;16.528.853;164.07;0.41713168737005835;0.23681009958089932;1.019.597.828.544.660;11.267.908.412.144.200;110.89;;;;;
20;12;0.23338346;0.23305458;0.83863443;0.92579705;90.39;0.23121096794808327;0.22445291029052802;0.8352885128422392;0.895290187773538;87.27;;;;;
20;13;0.33392936;0.2524939;10.943.253;13.216.368;130.64;0.3296996723082609;0.23501554083610515;1.088.652.753.006.370;11.615.072.083.215.900;114.42;;;;;
20;14;0.34227484;0.22354886;0.6451292;0.80760455;78.24;0.3339789771059028;0.21232698454775525;0.6482930938381448;0.7595450223877986;73.27;;;;;
20;15;0.16375405;0.23083884;0.7747605;0.90713066;88.48;0.14774014068483743;0.21553527601538292;0.7639530016766183;0.8074074517536471;78.22;;;;;
20;16;-0.25822675;0.20562953;0.6141298;0.70856494;67.98;-0.25525128939464925;0.19695572103355447;0.6184300017134406;0.6974241491407969;66.81;;;;;
20;17;-0.019133523;0.21091884;0.58256567;0.6383338;60.62;-0.01524036056470393;0.20439310733487126;0.5892573981191712;0.6238854799995924;59.1;;;;;
20;18;0.44486225;0.24309704;0.93561876;10.789.548;106.03;0.4356597904821861;0.23053081578732654;0.9226735918388962;10.460.738.344.626.700;102.68;;;;;
20;19;-0.24479108;0.20453021;0.6995428;0.77270764;74.64;-0.24018025501955134;0.203906839353242;0.6872265171216753;0.756005846453236;72.91;;;;;
20;20;-0.19782262;0.2310133;0.9551811;1.088.317;106.98;-0.2025919325979145;0.22267218318800988;0.9587263163927445;1.004.879.366.920.960;98.48;;;;;
21;0;-0.1476053;0.20969814;0.59482896;0.6659264;63.52;-0.14837418420614434;0.20333940710008763;0.5967997111908145;0.6477126741820741;61.61;;;;;
21;1;0.0073568905;0.23487289;0.7810271;0.93582416;91.42;-0.0030405839038532977;0.2174369255963756;0.7628550837791278;0.7932439351239569;76.76;;;;;
21;2;-0.074878946;0.2202417;0.81012565;0.85359;82.98;-0.06816543155569008;0.21388865555787853;0.8045135284991499;0.8352466106328614;81.09;;;;;
21;3;0.21426725;0.2228072;0.6761131;0.78551596;75.96;0.21839406704666392;0.21902401571997454;0.6920652211485037;0.7580380981894074;73.12;;;;;
21;4;0.27976918;0.22583136;0.73208815;0.9064132;88.41;0.26945313065405635;0.21522328116477116;0.7277661936301327;0.8053382413405525;78.01;;;;;
21;5;0.44613823;0.23202091;0.81924087;0.9800745;95.95;0.44449651671708595;0.22502802621810877;0.8286085980525636;0.9668541641446633;94.59;;;;;
21;6;0.08969593;0.24952179;10.827.439;11.130.595;109.49;0.08122561195186868;0.23700719796183484;10.978.786.237.945.600;11.261.027.859.426.100;110.82;;;;;
21;7;0.2985806;0.25154155;1.041.342;11.241.456;110.62;0.2808969226507651;0.2401103168431512;10.176.924.472.199.100;10.827.067.758.805.500;106.41;;;;;
21;8;0.13662149;0.24408413;0.9983698;10.416.173;102.22;0.1398987046196085;0.23433493663421046;10.210.268.645.382.200;10.568.729.196.030.900;103.78;;;;;
21;9;0.77380025;0.42160526;19.249.268;190.069;189.01;0.41713168737005835;0.23763515389646234;10.191.214.832.134.700;11.265.335.807.346.400;110.86;;;;;
21;10;-0.07473109;0.25190246;10.833.306;11.154.824;109.74;-0.0667286744686102;0.22092749914671345;10.107.001.490.044.500;10.367.142.649.125.500;101.72;;;;;
21;11;-0.21434113;0.20549892;0.4881699;0.5817433;54.63;-0.21280544100910687;0.2013445133927168;0.49850620413146585;0.5782163992433915;54.25;;;;;
21;12;0.33122352;0.25274438;10.981.641;12.005.744;118.38;0.32869094101868984;0.23501554083610515;1.088.652.753.006.370;11.612.212.776.945.600;114.39;;;;;
21;13;0.23217487;0.23521426;0.85806376;0.96171725;94.07;0.23195211424467743;0.22594926302579818;0.840857102927854;0.9010524514747745;87.86;;;;;
21;14;0.3425385;0.22355638;0.64548624;0.8094531;78.44;0.3339789771059028;0.21232698454775525;0.6482930938381448;0.7595450223877986;73.27;;;;;
21;15;-0.26212138;0.20484184;0.6166187;0.72257787;69.43;-0.257146695015122;0.1974254123329111;0.6218565144075967;0.7012893416437938;67.22;;;;;
21;16;0.16466935;0.2314744;0.7916877;0.91583204;89.37;0.1479100861892907;0.21749535036983883;0.7682716120443921;0.8120485766888034;78.7;;;;;
21;17;0.4479135;0.24348424;0.9327346;12.426.332;122.64;0.433389137482019;0.228124429747411;0.9164674473776774;10.391.243.823.710.100;101.97;;;;;
21;18;-0.016796654;0.21158047;0.5810938;0.68218637;65.22;-0.01524036056470393;0.20489775220749715;0.5889660412661155;0.6237758854063747;59.08;;;;;
21;19;-0.24484086;0.20445648;0.6977306;0.7716473;74.53;-0.24018025501955134;0.203906839353242;0.6872265171216753;0.756005846453236;72.91;;;;;
21;20;-0.20203267;0.23022228;0.9553316;10.444.477;102.51;-0.2025919325979145;0.22267218318800988;0.9587263163927445;1.004.879.366.920.960;98.48;;;;;
22;0;-0.14797184;0.20805916;0.58929205;0.66010356;62.91;-0.14837418420614434;0.2028298147287105;0.5970939244836061;0.6478240401042217;61.62;;;;;
22;1;0.0014026694;0.23097518;0.78195715;0.9098877;88.76;-0.0022808237154998984;0.21481720360123854;0.7536640586733552;0.7836843410811981;75.77;;;;;
22;2;-0.075006135;0.22281313;0.8096849;0.85408396;83.03;-0.06816543155569008;0.21388865555787853;0.8045135284991499;0.8352466106328614;81.09;;;;;
22;3;0.4433249;0.23187037;0.8176433;0.96798605;94.71;0.4466452418380007;0.22582982212842118;0.8344935524219811;0.9730727463314026;95.23;;;;;
22;4;0.27967077;0.22552331;0.7331171;0.88535446;86.25;0.2701551132473836;0.21522328116477116;0.7277661936301327;0.8055733849624929;78.04;;;;;
22;5;0.21426168;0.2228519;0.6752561;0.74764764;72.04;0.21663434976536186;0.21659041554530817;0.6843756075801869;0.7498078566240156;72.26;;;;;
22;6;0.30338824;0.25309938;10.485.532;11.284.598;111.06;0.2808969226507651;0.2401103168431512;10.176.924.472.199.100;10.827.067.758.805.500;106.41;;;;;
22;7;0.085185915;0.25202549;10.918.771;11.238.075;110.59;0.0819198479514573;0.23814438047637254;1.107.775.189.055.450;11.360.411.422.689.300;111.83;;;;;
22;8;0.13671187;0.24484585;0.999552;10.469.075;102.76;0.13879714001630447;0.2324897796528388;10.129.872.829.276.800;10.485.510.855.904.600;102.93;;;;;
22;9;0.76459116;0.41919446;1.909.718;19.127.146;190.22;0.41713168737005835;0.23681009958089932;1.019.597.828.544.660;11.267.908.412.144.200;110.89;;;;;
22;10;-0.21865457;0.2045714;0.49010244;0.59260803;55.78;-0.2096452103987474;0.19882770697530783;0.49227487657982255;0.5708048050041918;53.46;;;;;
22;11;0.3343511;0.2542751;11.026.537;12.542.906;123.82;0.3269521750390254;0.23305707799580427;10.795.806.467.313.100;1.151.827.981.585.570;113.43;;;;;
22;12;0.2320233;0.233139;0.83791083;0.92307943;90.12;0.2327523744010705;0.22594926302579818;0.840857102927854;0.9012587890253615;87.88;;;;;
22;14;0.34240526;0.22397435;0.64527416;0.80839974;78.33;0.33511695558274823;0.21345638340173265;0.6517414613585605;0.7633046141533464;73.66;;;;;
22;15;-0.2568704;0.20471615;0.6150395;0.71402025;68.54;-0.25654043732088483;0.1974254123329111;0.6218565144075967;0.7010672677616437;67.19;;;;;
22;16;-0.018530354;0.20960015;0.58088034;0.6245604;59.17;-0.015166735634439661;0.20390790799393435;0.5861207946899507;0.6207624753319478;58.77;;;;;
22;17;0.44504926;0.24158312;0.93304354;10.932.989;107.48;0.4356597904821861;0.22977750532529073;0.9231085158369359;1.046.291.779.097.570;102.7;;;;;
22;18;0.16247302;0.23010483;0.7734182;0.8897315;86.7;0.1479100861892907;0.21685757832222577;0.7686398299077631;0.8122264407127724;78.72;;;;;
22;19;-0.24464923;0.20507511;0.69797736;0.77338344;74.71;-0.24018025501955134;0.203906839353242;0.6872265171216753;0.756005846453236;72.91;;;;;
22;20;-0.20398314;0.2302009;0.95640254;10.036.967;98.36;-0.2025919325979145;0.22267218318800988;0.9587263163927445;1.004.879.366.920.960;98.48;;;;;
23;0;-0.0023572815;0.22698835;0.77850336;0.85526115;83.15;-0.0030221561226178232;0.21611912604730665;0.7582317196350119;0.7884363961232056;76.26;;;;;
23;1;-0.14819084;0.21047449;0.58957165;0.6649399;63.41;-0.14765040769782167;0.20234750755325792;0.5938884930874445;0.6445531001616736;61.27;;;;;
23;2;0.44346792;0.2315379;0.8186568;0.9686892;94.78;0.441591310725471;0.222877798309749;0.8235851399720205;0.9607132149972609;93.97;;;;;
23;3;0.21340212;0.22253689;0.6761938;0.7718718;74.55;0.217173988459811;0.21780041786679033;0.6881989349968358;0.7538032484788518;72.68;;;;;
23;4;-0.07644948;0.22465311;0.8094669;0.8647364;84.13;-0.06816543155569008;0.21388865555787853;0.8045135284991499;0.8352466106328614;81.09;;;;;
23;5;0.2782436;0.2248503;0.7320676;0.88613117;86.33;0.2701551132473836;0.21583121592360702;0.7274152023334691;0.8054190062114323;78.02;;;;;
23;6;0.08654037;0.25049034;10.726.995;11.182.393;110.02;0.08224289181169037;0.23700719796183484;10.978.786.237.945.600;11.261.766.192.406.500;110.83;;;;;
23;7;0.30945078;0.25687677;10.650.233;11.475.589;113.0;0.2808969226507651;0.2401103168431512;10.176.924.472.199.100;10.827.067.758.805.500;106.41;;;;;
23;8;0.13735;0.24404298;0.9980885;10.424.738;102.31;0.1389460139572358;0.23433493663421046;10.210.268.645.382.200;10.567.472.334.625.300;103.76;;;;;
23;9;-0.21736097;0.20902118;0.48838505;0.5988693;56.45;-0.2096452103987474;0.19882770697530783;0.49227487657982255;0.5708048050041918;53.46;;;;;
23;10;0.7821772;0.42595756;19.434.409;19.756.845;196.55;0.41713168737005835;0.23763515389646234;10.191.214.832.134.700;11.265.335.807.346.400;110.86;;;;;
23;11;0.23347138;0.23612082;0.8594322;0.958317;93.72;0.233508839843635;0.22746570103268274;0.8465004391891148;0.907099783363867;88.48;;;;;
23;12;0.33366433;0.25135213;10.938.399;13.044.162;128.9;0.3269521750390254;0.23305707799580427;10.795.806.467.313.100;1.151.827.981.585.570;113.43;;;;;
23;13;-0.077689126;0.2567843;11.066.287;1.139.905;112.22;-0.0672540971022213;0.22266708575416788;10.186.584.178.942.500;10.448.773.693.606.800;102.56;;;;;
23;14;0.8094389;0.40946856;17.709.109;15.892.435;157.66;0.4356597904821861;0.22977750532529073;0.9231085158369359;1.046.291.779.097.570;102.7;;;;;
23;15;0.34244585;0.22343501;0.64532894;0.8064574;78.13;0.3339789771059028;0.21232698454775525;0.6482930938381448;0.7595450223877986;73.27;;;;;
23;16;-0.2627557;0.20702048;0.6166337;0.7240534;69.59;-0.2578426730433259;0.19842757178637765;0.6250131464604272;0.7046259848568805;67.56;;;;;
23;17;0.16750109;0.25312534;0.9625269;0.9253206;90.34;0.14774014068483743;0.21553527601538292;0.7639530016766183;0.8074074517536471;78.22;;;;;
23;18;-0.01794935;0.21112347;0.5805918;0.6618576;63.09;-0.01524036056470393;0.20489775220749715;0.5889660412661155;0.6237758854063747;59.08;;;;;
23;19;-0.24592717;0.20490889;0.69781107;0.7744137;74.81;-0.24018025501955134;0.203906839353242;0.6872265171216753;0.756005846453236;72.91;;;;;
23;20;-0.20476486;0.23165399;0.95635617;11.177.683;109.97;-0.2025919325979145;0.22267218318800988;0.9587263163927445;1.004.879.366.920.960;98.48;;;;;
24;0;-0.14869334;0.20805353;0.59074634;0.66054946;62.95;-0.14837418420614434;0.20333940710008763;0.5967997111908145;0.6477126741820741;61.61;;;;;
24;1;0.0072190566;0.28055376;10.267.553;0.9516173;93.04;-0.0030221561226178232;0.21611912604730665;0.7582317196350119;0.7884363961232056;76.26;;;;;
24;2;-0.07573608;0.22767107;0.8140536;0.90414846;88.18;-0.06860238945027783;0.21459334665914098;0.810055406962154;0.8408010196338244;81.67;;;;;
24;3;0.27985024;0.22476666;0.73081;0.8697421;84.64;0.2701551132473836;0.21583121592360702;0.7274152023334691;0.8054190062114323;78.02;;;;;
24;4;0.21558127;0.22310206;0.6756313;0.7611441;73.44;0.21663434976536186;0.21659041554530817;0.6843756075801869;0.7498078566240156;72.26;;;;;
24;5;0.44589853;0.23156358;0.8179656;0.96702236;94.61;0.44449651671708595;0.22366017301072805;0.8293983284700567;0.9672138406959112;94.63;;;;;
24;6;0.28082514;0.24400032;0.998908;1.076.222;105.75;0.2786851358582394;0.23821968442706343;10.096.791.208.638.500;10.741.815.256.767.600;105.54;;;;;
24;7;0.08397644;0.24972475;1.081.397;11.121.027;109.4;0.0819198479514573;0.23903290050851722;11.072.622.017.757.100;11.357.275.960.788.700;111.8;;;;;
24;8;-0.21411239;0.20595118;0.48849645;0.58466697;54.94;-0.2110246423395746;0.19965962206725474;0.4943346040968929;0.5733777682873799;53.74;;;;;
24;9;0.13679594;0.2421286;0.9935744;10.366.458;101.72;0.13879714001630447;0.2324897796528388;10.129.872.829.276.800;10.485.510.855.904.600;102.93;;;;;
24;10;-0.074463956;0.24173373;10.484.697;10.777.335;105.9;-0.0667286744686102;0.22092749914671345;10.107.001.490.044.500;10.367.142.649.125.500;101.72;;;;;
24;11;0.75786155;0.4110331;18.815.554;18.973.806;188.68;0.41713168737005835;0.23681009958089932;1.019.597.828.544.660;11.267.908.412.144.200;110.89;;;;;
24;12;0.33379355;0.2504499;10.915.325;12.916.691;127.61;0.3314764574680008;0.23700719796183484;10.978.786.237.945.600;11.710.621.359.801.100;115.39;;;;;
24;13;0.3434648;0.22377127;0.6455662;0.81041235;78.53;0.3339789771059028;0.21287702075813056;0.6479755302840206;0.7594279893198699;73.26;;;;;
24;14;0.23889041;0.23571856;0.84754944;0.9484647;92.71;0.2327523744010705;0.22594926302579818;0.840857102927854;0.9012587890253615;87.88;;;;;
24;15;-0.25963774;0.20234808;0.61370313;0.71247035;68.38;-0.2578426730433259;0.19842757178637765;0.6250131464604272;0.7046259848568805;67.56;;;;;
24;16;-0.019970853;0.20953819;0.5802288;0.62990755;59.73;-0.01524036056470393;0.20489775220749715;0.5889660412661155;0.6237758854063747;59.08;;;;;
24;17;0.16356985;0.23137867;0.7754042;0.9047659;88.24;0.14774014068483743;0.21553527601538292;0.7639530016766183;0.8074074517536471;78.22;;;;;
24;18;0.45429233;0.24511933;0.93820304;13.677.773;135.31;0.433389137482019;0.22887232070971986;0.9160356523292639;10.389.080.806.369.500;101.95;;;;;
24;19;-0.24522996;0.20424844;0.69598067;0.76790255;74.14;-0.24018025501955134;0.203906839353242;0.6872265171216753;0.756005846453236;72.91;;;;;
24;20;-0.20843326;0.23172517;0.9568473;11.496.831;113.22;-0.2025919325979145;0.22267218318800988;0.9587263163927445;1.004.879.366.920.960;98.48;;;;;
25;0;-0.14648661;0.2083348;0.59173006;0.6597392;62.87;-0.14837418420614434;0.20333940710008763;0.5967997111908145;0.6477126741820741;61.61;;;;;
25;1;-0.0023145182;0.2231628;0.7608576;0.8261741;80.16;-0.002294646889533231;0.21611912604730665;0.7582317196350119;0.788433943148357;76.26;;;;;
25;2;0.21439493;0.22351357;0.6757748;0.759277;73.25;0.21663434976536186;0.21659041554530817;0.6843756075801869;0.7498078566240156;72.26;;;;;
25;3;0.280793;0.22556452;0.732435;0.8858771;86.3;0.2701551132473836;0.21583121592360702;0.7274152023334691;0.8054190062114323;78.02;;;;;
25;4;-0.07578859;0.22057773;0.8105843;0.8560458;83.24;-0.06816543155569008;0.21322651005621654;0.8048958183827772;0.8354455991266025;81.12;;;;;
25;5;0.29988268;0.2509745;10.397.595;11.173.455;109.93;0.2808969226507651;0.2401103168431512;10.176.924.472.199.100;10.827.067.758.805.500;106.41;;;;;
25;6;0.44551802;0.23217571;0.81807464;0.9716989;95.09;0.44449651671708595;0.22366017301072805;0.8293983284700567;0.9672138406959112;94.63;;;;;
25;7;0.088350534;0.24790372;10.753.963;11.191.375;110.11;0.0819198479514573;0.23814438047637254;1.107.775.189.055.450;11.360.411.422.689.300;111.83;;;;;
25;8;0.13280769;0.24201652;0.9978525;10.442.266;102.49;0.1389460139572358;0.23350988231864744;10.215.032.098.694.100;1.057.024.913.475.820;103.79;;;;;
25;9;0.23977198;0.23646271;0.8555864;0.9514255;93.02;0.23121096794808327;0.22445291029052802;0.8352885128422392;0.895290187773538;87.27;;;;;
25;10;0.765937;0.41498724;19.000.056;19.257.101;191.53;0.4147923750557977;0.23494545312750648;10.115.694.991.860.400;11.182.687.208.507.700;110.02;;;;;
25;11;0.32812476;0.2506317;10.868.996;11.645.966;114.73;0.3296996723082609;0.23501554083610515;1.088.652.753.006.370;11.615.072.083.215.900;114.42;;;;;
25;12;-0.21832626;0.20399192;0.49157494;0.61453456;58.11;-0.2110246423395746;0.19965962206725474;0.4943346040968929;0.5733777682873799;53.74;;;;;
25;13;-0.0763026;0.25173017;10.896.537;11.231.066;110.52;-0.0667286744686102;0.22092749914671345;10.107.001.490.044.500;10.367.142.649.125.500;101.72;;;;;
25;14;-0.2599216;0.20673877;0.61398154;0.73365855;70.59;-0.25654043732088483;0.19795044689736024;0.6215533855604781;0.7009464933283766;67.18;;;;;
25;15;0.16249493;0.23143691;0.7789771;0.90192205;87.95;0.14774014068483743;0.21553527601538292;0.7639530016766183;0.8074074517536471;78.22;;;;;
25;16;0.34180772;0.22316822;0.644724;0.80252886;77.72;0.33575546102667886;0.21345638340173265;0.6517414613585605;0.763585155485606;73.69;;;;;
25;17;0.4493249;0.24310195;0.9382575;11.261.703;110.83;0.4356597904821861;0.22977750532529073;0.9231085158369359;1.046.291.779.097.570;102.7;;;;;
25;18;-0.017176451;0.21233743;0.58185583;0.6544542;62.31;-0.015166735634439661;0.20390790799393435;0.5861207946899507;0.6207624753319478;58.77;;;;;
25;19;-0.24110016;0.20936513;0.69309783;0.77310747;74.68;-0.24018025501955134;0.203906839353242;0.6872265171216753;0.756005846453236;72.91;;;;;
25;20;-0.20481023;0.23020121;0.9575512;10.197.586;100.0;-0.2025919325979145;0.22267218318800988;0.9587263163927445;1.004.879.366.920.960;98.48;;;;;
26;0;-0.150409;0.21014497;0.58973354;0.663778;63.29;-0.14837418420614434;0.20333940710008763;0.5967997111908145;0.6477126741820741;61.61;;;;;
26;1;-0.0015863475;0.22286853;0.7599479;0.81781757;79.3;-0.0022808237154998984;0.21481720360123854;0.7536640586733552;0.7836843410811981;75.77;;;;;
26;2;-0.07650589;0.22224928;0.8096923;0.8587528;83.51;-0.06816543155569008;0.21388865555787853;0.8045135284991499;0.8352466106328614;81.09;;;;;
26;3;0.21380997;0.22352193;0.67668283;0.77421945;74.79;0.217173988459811;0.21780041786679033;0.6881989349968358;0.7538032484788518;72.68;;;;;
26;4;0.2813976;0.22617185;0.7332227;0.9159069;89.38;0.2701551132473836;0.21522328116477116;0.7277661936301327;0.8055733849624929;78.04;;;;;
26;5;0.44511795;0.23219132;0.8177983;0.9745079;95.38;0.441591310725471;0.222877798309749;0.8235851399720205;0.9607132149972609;93.97;;;;;
26;6;0.09250803;0.25042665;1.081.461;11.180.215;110.0;0.0819198479514573;0.23814438047637254;1.107.775.189.055.450;11.360.411.422.689.300;111.83;;;;;
26;7;0.30121198;0.2497452;10.368.423;11.119.554;109.38;0.2808969226507651;0.2401103168431512;10.176.924.472.199.100;10.827.067.758.805.500;106.41;;;;;
26;8;0.13467686;0.24323314;0.9989417;10.488.002;102.96;0.1398987046196085;0.23350988231864744;10.215.032.098.694.100;1.057.150.566.602.610;103.81;;;;;
26;9;0.76458764;0.41770166;18.981.694;18.701.016;185.94;0.4204687408690188;0.23870458037754655;10.277.546.111.730.200;11.358.051.679.441.300;111.81;;;;;
26;10;-0.2185328;0.20392495;0.49151582;0.6052141;57.12;-0.21280544100910687;0.2013445133927168;0.49850620413146585;0.5782163992433915;54.25;;;;;
26;11;-0.076144874;0.2558738;11.022.661;11.333.569;111.56;-0.06819928626331546;0.22266708575416788;10.186.584.178.942.500;10.449.386.326.822.700;102.56;;;;;
26;12;0.23932013;0.23426029;0.8448963;0.94510597;92.37;0.2327523744010705;0.22594926302579818;0.840857102927854;0.9012587890253615;87.88;;;;;
26;13;0.33210778;0.25214195;10.931.771;13.319.359;131.68;0.3314764574680008;0.23700719796183484;10.978.786.237.945.600;11.710.621.359.801.100;115.39;;;;;
26;14;0.342379;0.22371438;0.64565074;0.8086902;78.36;0.3339789771059028;0.21232698454775525;0.6482930938381448;0.7595450223877986;73.27;;;;;
26;15;0.1585351;0.22833183;0.7697996;0.88307005;86.01;0.1479100861892907;0.21685757832222577;0.7686398299077631;0.8122264407127724;78.72;;;;;
26;16;0.44950444;0.24431826;0.93581057;13.962.786;138.19;0.433389137482019;0.22887232070971986;0.9160356523292639;10.389.080.806.369.500;101.95;;;;;
26;17;-0.2589057;0.20442678;0.611901;0.70365876;67.46;-0.257146695015122;0.1974254123329111;0.6218565144075967;0.7012893416437938;67.22;;;;;
26;18;-0.019106558;0.21045098;0.5811788;0.62911135;59.65;-0.015900259998965695;0.2058972534377776;0.5918390463454624;0.6268332744999754;59.41;;;;;
26;19;-0.24448726;0.20627464;0.69500726;0.77154315;74.52;-0.24018025501955134;0.203906839353242;0.6872265171216753;0.756005846453236;72.91;;;;;
26;20;-0.20571834;0.23144484;0.95632756;1.136.686;111.9;-0.20501772925999626;0.22434641012927314;0.965934784937051;1.012.617.198.056.700;99.27;;;;;
27;0;-0.1471711;0.20894203;0.58957803;0.65783644;62.67;-0.14765040769782167;0.20234750755325792;0.5938884930874445;0.6445531001616736;61.27;;;;;
27;1;-0.002362357;0.22738963;0.7802027;0.81115764;78.61;-0.0030221561226178232;0.21611912604730665;0.7582317196350119;0.7884363961232056;76.26;;;;;
27;2;0.4439345;0.23150975;0.81797034;0.96453965;94.36;0.44449651671708595;0.22366017301072805;0.8293983284700567;0.9672138406959112;94.63;;;;;
27;3;-0.07759707;0.22531268;0.8092279;0.88098127;85.8;-0.06816543155569008;0.21388865555787853;0.8045135284991499;0.8352466106328614;81.09;;;;;
27;4;0.21508643;0.22342701;0.67651284;0.77931714;75.32;0.21663434976536186;0.21659041554530817;0.6843756075801869;0.7498078566240156;72.26;;;;;
27;5;0.28132942;0.22638807;0.7338089;0.89427453;87.16;0.2701551132473836;0.21583121592360702;0.7274152023334691;0.8054190062114323;78.02;;;;;
27;6;0.28806192;0.24614862;10.056.974;11.040.267;108.58;0.2808969226507651;0.2401103168431512;10.176.924.472.199.100;10.827.067.758.805.500;106.41;;;;;
27;7;0.091842994;0.2480688;10.769.441;11.089.311;109.07;0.08224289181169037;0.236126207760471;10.983.872.637.244.700;1.126.487.487.883.030;110.86;;;;;
27;8;0.13408151;0.2447035;10.013.514;10.472.301;102.8;0.13879714001630447;0.2324897796528388;10.129.872.829.276.800;10.485.510.855.904.600;102.93;;;;;
27;9;-0.21309839;0.2065782;0.48915824;0.5850231;54.98;-0.21191130050066526;0.20049852804232723;0.49641164024856055;0.5757869185743016;53.99;;;;;
27;10;0.33148918;0.25025916;10.891.297;11.969.783;118.02;0.32869094101868984;0.23501554083610515;1.088.652.753.006.370;11.612.212.776.945.600;114.39;;;;;
27;11;0.74795383;0.40166563;18.327.107;18.534.503;184.26;0.41808437803243104;0.23763515389646234;10.191.214.832.134.700;11.268.866.895.430.900;110.9;;;;;
27;12;-0.070960276;0.24262568;10.528.533;10.832.808;106.47;-0.0667286744686102;0.22092749914671345;10.107.001.490.044.500;10.367.142.649.125.500;101.72;;;;;
27;13;0.23743781;0.23496015;0.8495867;0.9368537;91.53;0.2327523744010705;0.22594926302579818;0.840857102927854;0.9012587890253615;87.88;;;;;
27;14;-0.020264361;0.20965858;0.5808484;0.6230074;59.0;-0.015166735634439661;0.20390790799393435;0.5861207946899507;0.6207624753319478;58.77;;;;;
27;15;0.34278584;0.22434926;0.64674467;0.8161246;79.12;0.33575546102667886;0.21345638340173265;0.6517414613585605;0.763585155485606;73.69;;;;;
27;16;0.16482753;0.23298654;0.7785351;0.9147188;89.26;0.1479100861892907;0.21685757832222577;0.7686398299077631;0.8122264407127724;78.72;;;;;
27;17;-0.25729054;0.20400447;0.61156774;0.7046905;67.57;-0.257146695015122;0.19795044689736024;0.6215533855604781;0.701168605462165;67.2;;;;;
27;18;0.7202655;0.3638823;15.111.889;14.505.624;143.67;0.433389137482019;0.22887232070971986;0.9160356523292639;10.389.080.806.369.500;101.95;;;;;
27;19;-0.24005237;0.20956199;0.69205064;0.765026;73.84;-0.24018025501955134;0.203906839353242;0.6872265171216753;0.756005846453236;72.91;;;;;
27;20;-0.20298313;0.23119706;0.95442486;11.195.793;110.16;-0.2025919325979145;0.22267218318800988;0.9587263163927445;1.004.879.366.920.960;98.48;;;;;
28;0;-0.14777657;0.20895875;0.590636;0.6593552;62.83;-0.14765040769782167;0.20234750755325792;0.5938884930874445;0.6445531001616736;61.27;;;;;
28;1;-0.0015859762;0.2238179;0.7662471;0.83870137;81.45;-0.0022808237154998984;0.21481720360123854;0.7536640586733552;0.7836843410811981;75.77;;;;;
28;2;-0.07175428;0.2215272;0.80937546;0.8591515;83.55;-0.06860238945027783;0.21525973668324952;0.8096706665023495;0.8406007555728156;81.65;;;;;
28;3;0.2809292;0.22569738;0.73320484;0.87136096;84.81;0.2701551132473836;0.21522328116477116;0.7277661936301327;0.8055733849624929;78.04;;;;;
28;4;0.21512204;0.22310513;0.67674863;0.7679629;74.15;0.21839406704666392;0.21902401571997454;0.6920652211485037;0.7580380981894074;73.12;;;;;
28;5;0.08777973;0.24779709;10.813.816;11.171.632;109.91;0.08224289181169037;0.236126207760471;10.983.872.637.244.700;1.126.487.487.883.030;110.86;;;;;
28;6;0.44425678;0.23191415;0.81859636;0.96919227;94.83;0.44449651671708595;0.2243440996144184;0.8290034632613101;0.9670336966748745;94.61;;;;;
28;7;0.28566283;0.2444098;10.013.747;10.816.771;106.3;0.2808969226507651;0.2401103168431512;10.176.924.472.199.100;10.827.067.758.805.500;106.41;;;;;
28;8;0.13191567;0.24415985;10.019.426;10.471.255;102.78;0.1389460139572358;0.23350988231864744;10.215.032.098.694.100;1.057.024.913.475.820;103.79;;;;;
28;9;-0.21506545;0.20825954;0.48780456;0.5900251;55.51;-0.21280544100910687;0.2013445133927168;0.49850620413146585;0.5782163992433915;54.25;;;;;
28;10;-0.07747029;0.25600052;11.036.398;11.365.341;111.88;-0.06874055044000844;0.22443428484745487;102.674.300.851.246;10.532.317.964.337.200;103.41;;;;;
28;11;0.7671387;0.41615045;19.009.086;18.806.013;186.99;0.41713168737005835;0.23763515389646234;10.191.214.832.134.700;11.265.335.807.346.400;110.86;;;;;
28;12;-0.018524734;0.21149823;0.5807783;0.65398866;62.27;-0.01524036056470393;0.20489775220749715;0.5889660412661155;0.6237758854063747;59.08;;;;;
28;13;0.2340982;0.23278005;0.83998513;0.9174606;89.54;0.233508839843635;0.22746570103268274;0.8465004391891148;0.907099783363867;88.48;;;;;
28;14;0.33078083;0.25075254;10.865.755;1.263.325;124.74;0.3314764574680008;0.23700719796183484;10.978.786.237.945.600;11.710.621.359.801.100;115.39;;;;;
28;15;-0.259662;0.2060385;0.6123937;0.7138899;68.53;-0.2578426730433259;0.19842757178637765;0.6250131464604272;0.7046259848568805;67.56;;;;;
28;16;0.3417307;0.22383733;0.64637643;0.8057233;78.05;0.33690902486393937;0.21459786138783815;0.6552267098150233;0.7673864570097814;74.09;;;;;
28;17;0.4455036;0.24423066;0.9374091;13.309.326;131.58;0.4356597904821861;0.23053081578732654;0.9226735918388962;10.460.738.344.626.700;102.68;;;;;
28;18;0.16671248;0.23329833;0.7855691;0.91459554;89.25;0.14774014068483743;0.21616915920904714;0.7635870290441215;0.8072307015266142;78.21;;;;;
28;19;-0.24477781;0.20537905;0.7006934;0.77506304;74.88;-0.24018025501955134;0.203906839353242;0.6872265171216753;0.756005846453236;72.91;;;;;
28;20;-0.20204651;0.22998445;0.95455784;10.470.911;102.78;-0.20501772925999626;0.22434641012927314;0.965934784937051;1.012.617.198.056.700;99.27;;;;;
29;0;-0.15003297;0.20965797;0.58886945;0.6611114;63.01;-0.14765040769782167;0.20234750755325792;0.5938884930874445;0.6445531001616736;61.27;;;;;
29;1;0.0010027748;0.22779644;0.7717995;0.88075554;85.77;-0.0022808237154998984;0.21481720360123854;0.7536640586733552;0.7836843410811981;75.77;;;;;
29;2;0.2152334;0.22317849;0.6773862;0.78930956;76.36;0.21663434976536186;0.21659041554530817;0.6843756075801869;0.7498078566240156;72.26;;;;;
29;3;-0.072564125;0.2260609;0.80865973;0.8915424;86.88;-0.06816543155569008;0.21388865555787853;0.8045135284991499;0.8352466106328614;81.09;;;;;
29;4;0.27842757;0.22475702;0.73127186;0.8668247;84.34;0.26772579993503787;0.21273515074668134;0.7193527116228479;0.7964933596918516;77.1;;;;;
29;5;0.44040692;0.23016116;0.8177973;0.9564168;93.53;0.44449651671708595;0.2243440996144184;0.8290034632613101;0.9670336966748745;94.61;;;;;
29;6;0.08980113;0.24895814;10.804.048;11.173.941;109.93;0.0819198479514573;0.23814438047637254;1.107.775.189.055.450;11.360.411.422.689.300;111.83;;;;;
29;7;0.29024103;0.24694788;10.113.809;11.104.054;109.22;0.2786851358582394;0.23821968442706343;10.096.791.208.638.500;10.741.815.256.767.600;105.54;;;;;
29;8;-0.2122832;0.20600733;0.48916075;0.5864101;55.13;-0.2096452103987474;0.1983945534596373;0.4925249578786954;0.5708698163495725;53.47;;;;;
29;9;0.13397896;0.24444737;10.006.111;10.468.763;102.76;0.13879714001630447;0.2324897796528388;10.129.872.829.276.800;10.485.510.855.904.600;102.93;;;;;
29;10;-0.07404561;0.24600652;10.719.366;11.043.918;108.61;-0.0667286744686102;0.22173966198859574;10.102.312.465.690.600;10.364.305.887.224.800;101.7;;;;;
29;11;0.33154997;0.25367442;11.021.051;12.234.695;120.7;0.3314764574680008;0.23700719796183484;10.978.786.237.945.600;11.710.621.359.801.100;115.39;;;;;
29;12;0.7654757;0.41560447;19.051.297;202.133;201.14;0.4204687408690188;0.23870458037754655;10.277.546.111.730.200;11.358.051.679.441.300;111.81;;;;;
29;13;0.2333343;0.23556353;0.8497011;0.9529422;93.17;0.233508839843635;0.22746570103268274;0.8465004391891148;0.907099783363867;88.48;;;;;
29;14;0.3423196;0.22428699;0.64725363;0.8087785;78.37;0.3339789771059028;0.21232698454775525;0.6482930938381448;0.7595450223877986;73.27;;;;;
29;15;-0.26011083;0.20543993;0.6123497;0.72062975;69.23;-0.2597706408826233;0.19943995735671632;0.6282019890444089;0.7084453553340366;67.96;;;;;
29;16;-0.017372765;0.21007997;0.5806695;0.63882256;60.67;-0.01524036056470393;0.20489775220749715;0.5889660412661155;0.6237758854063747;59.08;;;;;
29;17;0.16471899;0.23094541;0.77651787;0.9059134;88.36;0.14774014068483743;0.21553527601538292;0.7639530016766183;0.8074074517536471;78.22;;;;;
29;18;0.7316075;0.3698572;15.396.675;15.577.184;154.48;0.433389137482019;0.22887232070971986;0.9160356523292639;10.389.080.806.369.500;101.95;;;;;
29;19;-0.24116513;0.21095663;0.6929477;0.78321093;75.72;-0.24018025501955134;0.20333249215014293;0.6875581166339928;0.7561526439909656;72.92;;;;;
29;20;-0.20378026;0.23154469;0.95473254;10.902.994;107.18;-0.2025919325979145;0.22267218318800988;0.9587263163927445;1.004.879.366.920.960;98.48;;;;;
30;0;-0.14780232;0.20831078;0.59004456;0.65975934;62.87;-0.14765040769782167;0.20234750755325792;0.5938884930874445;0.6445531001616736;61.27;;;;;
30;1;-0.0008683274;0.22650294;0.76924646;0.842707;81.86;-0.0030405839038532977;0.2174369255963756;0.7628550837791278;0.7932439351239569;76.76;;;;;
30;2;-0.07732886;0.2246362;0.8108555;0.868864;84.55;-0.06860238945027783;0.21525973668324952;0.8096706665023495;0.8406007555728156;81.65;;;;;
30;3;0.444917;0.2322381;0.8184729;0.9749218;95.42;0.4466452418380007;0.22514136620947459;0.8348910326321102;0.9732541513935125;95.25;;;;;
30;4;0.28128904;0.2257262;0.73237765;0.88773763;86.49;0.27103814906966844;0.2164893004657404;0.7320471712397217;0.810075525113144;78.5;;;;;
30;5;0.21566132;0.22339359;0.6774089;0.76822764;74.17;0.21663434976536186;0.21659041554530817;0.6843756075801869;0.7498078566240156;72.26;;;;;
30;6;0.08777334;0.25906935;11.437.991;11.626.066;114.53;0.08224289181169037;0.236126207760471;10.983.872.637.244.700;1.126.487.487.883.030;110.86;;;;;
30;7;0.30197984;0.25103068;10.424.047;11.175.495;109.95;0.27744571310512;0.23635859314247698;10.017.910.027.321.000;10.660.331.708.852.600;104.71;;;;;
30;8;-0.21462685;0.20746204;0.487964;0.5884069;55.34;-0.21191130050066526;0.20049852804232723;0.49641164024856055;0.5757869185743016;53.99;;;;;
30;9;0.13355744;0.2448301;0.9992577;10.428.448;102.35;0.1398987046196085;0.23350988231864744;10.215.032.098.694.100;1.057.150.566.602.610;103.81;;;;;
30;11;0.7445441;0.40409124;18.586.423;18.012.977;179.02;0.4147923750557977;0.23576401095239574;10.110.969.046.054.900;11.180.135.660.033.800;110.0;;;;;
30;12;0.3279166;0.25013444;10.885.273;11.598.728;114.25;0.3314764574680008;0.23700719796183484;10.978.786.237.945.600;11.710.621.359.801.100;115.39;;;;;
30;13;0.23623857;0.23433235;0.8392267;0.9212637;89.93;0.2327523744010705;0.22594926302579818;0.840857102927854;0.9012587890253615;87.88;;;;;
30;14;0.34050798;0.22323743;0.6445488;0.80791247;78.28;0.3339789771059028;0.21232698454775525;0.6482930938381448;0.7595450223877986;73.27;;;;;
30;15;-0.018546646;0.21077752;0.5816731;0.6695006;63.89;-0.015900259998965695;0.2058972534377776;0.5918390463454624;0.6268332744999754;59.41;;;;;
30;16;0.4475152;0.24424903;0.9366453;12.690.098;125.32;0.4356597904821861;0.22977750532529073;0.9231085158369359;1.046.291.779.097.570;102.7;;;;;
30;17;-0.2595982;0.20548886;0.613145;0.71297497;68.43;-0.25654043732088483;0.1974254123329111;0.6218565144075967;0.7010672677616437;67.19;;;;;
30;18;0.15580347;0.22742084;0.77005947;0.842595;81.85;0.14774014068483743;0.21553527601538292;0.7639530016766183;0.8074074517536471;78.22;;;;;
30;19;-0.24575739;0.20606452;0.69917434;0.7754783;74.92;-0.24018025501955134;0.203906839353242;0.6872265171216753;0.756005846453236;72.91;;;;;
30;20;-0.20027113;0.22930832;0.9542356;10.714.189;105.26;-0.2025919325979145;0.22267218318800988;0.9587263163927445;1.004.879.366.920.960;98.48;;;;;
31;0;-0.14885928;0.20932098;0.5896094;0.6615645;63.06;-0.14765040769782167;0.20234750755325792;0.5938884930874445;0.6445531001616736;61.27;;;;;
31;1;-0.0023369407;0.22585633;0.7716453;0.8305639;80.61;-0.0030405839038532977;0.2174369255963756;0.7628550837791278;0.7932439351239569;76.76;;;;;
31;2;-0.07559145;0.22715946;0.80908245;0.8868267;86.4;-0.06816543155569008;0.21322651005621654;0.8048958183827772;0.8354455991266025;81.12;;;;;
31;3;0.27854237;0.22523971;0.7323622;0.8813421;85.83;0.2701551132473836;0.21522328116477116;0.7277661936301327;0.8055733849624929;78.04;;;;;
31;4;0.21410932;0.22227678;0.67772627;0.7593318;73.25;0.21663434976536186;0.21601287752441412;0.6847090493120173;0.7499456560074237;72.28;;;;;
31;5;0.306382;0.252564;10.531.199;11.257.896;110.79;0.2808969226507651;0.2401103168431512;10.176.924.472.199.100;10.827.067.758.805.500;106.41;;;;;
31;6;0.44457203;0.23257037;0.8190312;0.9710342;95.02;0.44449651671708595;0.2243440996144184;0.8290034632613101;0.9670336966748745;94.61;;;;;
31;7;0.089754134;0.24766825;10.801.251;11.142.751;109.62;0.08224289181169037;0.23700719796183484;10.978.786.237.945.600;11.261.766.192.406.500;110.83;;;;;
31;8;0.13651448;0.24182975;0.9953474;10.386.244;101.92;0.14005758206889368;0.23620961612728414;10.291.950.794.545.200;10.652.012.113.302.300;104.63;;;;;
31;9;-0.07443035;0.25038502;10.773.008;11.087.977;109.06;-0.06819928626331546;0.22266708575416788;10.186.584.178.942.500;10.449.386.326.822.700;102.56;;;;;
31;10;-0.21412307;0.20691743;0.48828924;0.58974206;55.48;-0.21140693485587972;0.20006173458114684;0.4966638230709533;0.5756670416970479;53.98;;;;;
31;11;0.7559371;0.40990874;18.826.542;19.055.021;189.5;0.41713168737005835;0.23681009958089932;1.019.597.828.544.660;11.267.908.412.144.200;110.89;;;;;
31;12;0.2359708;0.2357879;0.8600916;0.9529905;93.18;0.23121096794808327;0.22376445437158143;0.8356859930523681;0.8954887613608692;87.29;;;;;
31;13;0.3353152;0.2532183;10.970.215;14.282.085;141.41;0.3314764574680008;0.23700719796183484;10.978.786.237.945.600;11.710.621.359.801.100;115.39;;;;;
31;14;-0.259199;0.20462099;0.6137946;0.70788616;67.9;-0.2584520081877876;0.1989552715009002;0.6247084788881964;0.704727836961973;67.58;;;;;
31;15;0.33962393;0.22303292;0.64562565;0.8069604;78.18;0.3339789771059028;0.21232698454775525;0.6482930938381448;0.7595450223877986;73.27;;;;;
31;16;-0.020259721;0.20973639;0.580999;0.6349697;60.26;-0.01524036056470393;0.20489775220749715;0.5889660412661155;0.6237758854063747;59.08;;;;;
31;17;0.7690497;0.38241458;16.559.625;14.999.194;148.65;0.4356597904821861;0.22977750532529073;0.9231085158369359;1.046.291.779.097.570;102.7;;;;;
31;18;0.161975;0.23012945;0.77504855;0.9006412;87.82;0.1479100861892907;0.21749535036983883;0.7682716120443921;0.8120485766888034;78.7;;;;;
31;19;-0.24427903;0.20497726;0.6965832;0.7714384;74.51;-0.24018025501955134;0.203906839353242;0.6872265171216753;0.756005846453236;72.91;;;;;
31;20;-0.20650238;0.23158728;0.9548549;11.776.315;116.05;-0.2025919325979145;0.22267218318800988;0.9587263163927445;1.004.879.366.920.960;98.48;;;;;
32;0;-0.00085327565;0.22501713;0.7671715;0.83283967;80.85;-0.002294646889533231;0.21611912604730665;0.7582317196350119;0.788433943148357;76.26;;;;;
32;1;-0.14761525;0.20832916;0.58848333;0.6583136;62.72;-0.14765040769782167;0.20234750755325792;0.5938884930874445;0.6445531001616736;61.27;;;;;
32;2;-0.073337175;0.21887141;0.811097;0.8530383;82.93;-0.06860238945027783;0.21459334665914098;0.810055406962154;0.8408010196338244;81.67;;;;;
32;3;0.21598493;0.22372168;0.677317;0.7695487;74.31;0.21839406704666392;0.21902401571997454;0.6920652211485037;0.7580380981894074;73.12;;;;;
32;4;0.44727188;0.2328898;0.81871736;0.97836554;95.77;0.4437067862995928;0.2243440996144184;0.8290034632613101;0.9666709519476433;94.58;;;;;
32;5;0.28004625;0.22627616;0.73210907;0.867484;84.41;0.27103814906966844;0.2164893004657404;0.7320471712397217;0.810075525113144;78.5;;;;;
32;6;0.091499224;0.24913414;10.770.261;11.154.667;109.74;0.08224289181169037;0.236126207760471;10.983.872.637.244.700;1.126.487.487.883.030;110.86;;;;;
32;7;0.29865032;0.25211883;10.407.041;11.214.547;110.35;0.27963032501933355;0.23821968442706343;10.096.791.208.638.500;10.744.271.328.607.400;105.56;;;;;
32;8;0.13663183;0.24309176;0.99821544;1.040.321;102.09;0.13879714001630447;0.23167122182794953;10.134.598.775.082.300;10.488.265.463.931.400;102.96;;;;;
32;9;0.786308;0.42612183;1.947.864;1.969.001;195.88;0.41713168737005835;0.23681009958089932;1.019.597.828.544.660;11.267.908.412.144.200;110.89;;;;;
32;10;-0.216669;0.20596889;0.4889167;0.59040076;55.55;-0.21191130050066526;0.20006173458114684;0.4966638230709533;0.5758524551227995;54.0;;;;;
32;11;0.33355477;0.2530049;1.093.893;13.145.189;129.92;0.3296996723082609;0.23501554083610515;1.088.652.753.006.370;11.615.072.083.215.900;114.42;;;;;
32;12;-0.075481236;0.25375503;10.933.357;11.239.469;110.6;-0.0672540971022213;0.22266708575416788;10.186.584.178.942.500;10.448.773.693.606.800;102.56;;;;;
32;13;0.23016721;0.22964391;0.82972884;0.9001373;87.76;0.2327523744010705;0.22594926302579818;0.840857102927854;0.9012587890253615;87.88;;;;;
32;14;0.34195763;0.22369392;0.6445154;0.80544704;78.02;0.3339789771059028;0.21232698454775525;0.6482930938381448;0.7595450223877986;73.27;;;;;
32;15;0.45005232;0.24136005;0.93113875;12.222.241;120.57;0.433389137482019;0.228124429747411;0.9164674473776774;10.391.243.823.710.100;101.97;;;;;
32;16;-0.2586661;0.2053644;0.6135849;0.7097449;68.1;-0.257146695015122;0.1974254123329111;0.6218565144075967;0.7012893416437938;67.22;;;;;
32;17;0.15855038;0.22840777;0.77053785;0.86815095;84.48;0.14774014068483743;0.21553527601538292;0.7639530016766183;0.8074074517536471;78.22;;;;;
32;18;-0.017536944;0.21222036;0.58143604;0.64257056;61.07;-0.01531470378697078;0.2058972534377776;0.5918390463454624;0.6268186946034789;59.41;;;;;
32;19;-0.20190987;0.23011027;0.9551089;10.451.213;102.58;-0.20501772925999626;0.22434641012927314;0.965934784937051;1.012.617.198.056.700;99.27;;;;;
32;20;-0.2444988;0.20485492;0.69737506;0.7726133;74.63;-0.24018025501955134;0.203906839353242;0.6872265171216753;0.756005846453236;72.91;;;;;
33;0;-0.14744209;0.20754653;0.5896424;0.65768546;62.65;-0.14765040769782167;0.20234750755325792;0.5938884930874445;0.6445531001616736;61.27;;;;;
33;1;-0.0015869963;0.22446516;0.7643486;0.82621944;80.16;-0.0022808237154998984;0.21481720360123854;0.7536640586733552;0.7836843410811981;75.77;;;;;
33;2;-0.07493275;0.2251405;0.80954653;0.87280697;84.96;-0.06816543155569008;0.21322651005621654;0.8048958183827772;0.8354455991266025;81.12;;;;;
33;3;0.21188354;0.22253469;0.6766537;0.74655557;71.93;0.21839406704666392;0.21902401571997454;0.6920652211485037;0.7580380981894074;73.12;;;;;
33;4;0.28324816;0.22484234;0.7345932;0.85070693;82.69;0.2701551132473836;0.21522328116477116;0.7277661936301327;0.8055733849624929;78.04;;;;;
33;5;0.44141078;0.23018458;0.81799656;0.9628398;94.18;0.44449651671708595;0.22366017301072805;0.8293983284700567;0.9672138406959112;94.63;;;;;
33;6;0.1054195;0.25370765;10.851.784;11.168.425;109.88;0.08122561195186868;0.236126207760471;10.983.872.637.244.700;11.264.136.749.615.700;110.85;;;;;
33;7;0.2869538;0.24622926;10.084.363;11.033.599;108.51;0.2808969226507651;0.2401103168431512;10.176.924.472.199.100;10.827.067.758.805.500;106.41;;;;;
33;8;0.13593175;0.24484727;0.99991417;10.455.917;102.63;0.1389460139572358;0.23433493663421046;10.210.268.645.382.200;10.567.472.334.625.300;103.76;;;;;
33;9;-0.20670068;0.20470892;0.48971534;0.5840349;54.87;-0.21052238701129444;0.19965962206725474;0.4943346040968929;0.5731931096276403;53.72;;;;;
33;10;-0.08209061;0.25509688;11.114.893;11.432.474;112.56;-0.06819928626331546;0.22266708575416788;10.186.584.178.942.500;10.449.386.326.822.700;102.56;;;;;
33;11;-0.25987685;0.20638433;0.6141741;0.72113395;69.28;-0.2584520081877876;0.1989552715009002;0.6247084788881964;0.704727836961973;67.58;;;;;
33;12;0.33129957;0.25178695;10.947.227;12.387.536;122.25;0.3269521750390254;0.23305707799580427;10.795.806.467.313.100;1.151.827.981.585.570;113.43;;;;;
33;13;0.77488196;0.41944805;19.239.657;19.387.472;192.84;0.41713168737005835;0.23681009958089932;1.019.597.828.544.660;11.267.908.412.144.200;110.89;;;;;
33;14;0.23520996;0.23343147;0.8400485;0.92131114;89.93;0.233508839843635;0.22676800409468992;0.8469032547040777;0.9073010684412146;88.5;;;;;
33;15;0.44267672;0.24254265;0.93514174;11.716.745;115.45;0.4356597904821861;0.22977750532529073;0.9231085158369359;1.046.291.779.097.570;102.7;;;;;
33;16;0.34357142;0.22401494;0.6455506;0.8099887;78.49;0.3339789771059028;0.21232698454775525;0.6482930938381448;0.7595450223877986;73.27;;;;;
33;17;0.16401146;0.23101619;0.7732457;0.91116637;88.89;0.14774014068483743;0.21553527601538292;0.7639530016766183;0.8074074517536471;78.22;;;;;
33;18;-0.017371364;0.21110933;0.5811366;0.69339824;66.39;-0.014586836970386726;0.20390790799393435;0.5861207946899507;0.6207485777053724;58.76;;;;;
33;19;-0.24504863;0.20645288;0.7022295;0.7770837;75.09;-0.24018025501955134;0.203906839353242;0.6872265171216753;0.756005846453236;72.91;;;;;
33;20;-0.20011681;0.22841907;0.95400405;0.99079937;97.04;-0.2025919325979145;0.22267218318800988;0.9587263163927445;1.004.879.366.920.960;98.48;;;;;
34;0;-0.14637735;0.20917305;0.58757925;0.64918834;61.76;-0.14765040769782167;0.20234750755325792;0.5938884930874445;0.6445531001616736;61.27;;;;;
34;1;-0.0023119957;0.2234486;0.7609255;0.8166492;79.18;-0.0030405839038532977;0.2174369255963756;0.7628550837791278;0.7932439351239569;76.76;;;;;
34;2;-0.078732625;0.22693242;0.8092236;0.90645933;88.41;-0.06816543155569008;0.21322651005621654;0.8048958183827772;0.8354455991266025;81.12;;;;;
34;3;0.21391907;0.22313757;0.67705667;0.76525223;73.87;0.21839406704666392;0.21902401571997454;0.6920652211485037;0.7580380981894074;73.12;;;;;
34;4;0.2827267;0.22835946;0.7353475;0.9268497;90.5;0.2701551132473836;0.21522328116477116;0.7277661936301327;0.8055733849624929;78.04;;;;;
34;5;0.44546318;0.23239082;0.8178598;0.9707219;94.99;0.4466452418380007;0.22514136620947459;0.8348910326321102;0.9732541513935125;95.25;;;;;
34;6;0.09142841;0.24995965;10.839.304;11.173.905;109.93;0.08224289181169037;0.23700719796183484;10.978.786.237.945.600;11.261.766.192.406.500;110.83;;;;;
34;7;0.3063149;0.252945;10.561.126;11.291.625;111.13;0.2808969226507651;0.2401103168431512;10.176.924.472.199.100;10.827.067.758.805.500;106.41;;;;;
34;8;-0.21454886;0.20593053;0.4879011;0.5856177;55.04;-0.21140693485587972;0.20049852804232723;0.49641164024856055;0.5756014840378405;53.97;;;;;
34;9;0.1368246;0.24359782;0.99969214;10.444.374;102.51;0.13879714001630447;0.23167122182794953;10.134.598.775.082.300;10.488.265.463.931.400;102.96;;;;;
34;10;-0.07357325;0.24547449;10.657.946;10.970.173;107.86;-0.06819928626331546;0.22266708575416788;10.186.584.178.942.500;10.449.386.326.822.700;102.56;;;;;
34;11;0.22586359;0.23387347;0.83523774;0.92390215;90.2;0.233508839843635;0.22746570103268274;0.8465004391891148;0.907099783363867;88.48;;;;;
34;12;0.7704891;0.42123604;1.924.243;18.332.869;182.23;0.41808437803243104;0.23681009958089932;1.019.597.828.544.660;11.271.438.694.289.500;110.93;;;;;
34;13;0.33016312;0.2509976;10.896.348;12.822.182;126.65;0.32869094101868984;0.23501554083610515;1.088.652.753.006.370;11.612.212.776.945.600;114.39;;;;;
34;14;-0.25443378;0.20356716;0.61297977;0.70578045;67.69;-0.25654043732088483;0.1974254123329111;0.6218565144075967;0.7010672677616437;67.19;;;;;
34;15;0.34461403;0.22581324;0.65255034;0.8196831;79.49;0.33690902486393937;0.21459786138783815;0.6552267098150233;0.7673864570097814;74.09;;;;;
34;16;-0.019085424;0.20992243;0.5800367;0.63408315;60.17;-0.015900259998965695;0.2058972534377776;0.5918390463454624;0.6268332744999754;59.41;;;;;
34;17;0.15963219;0.22962363;0.77269024;0.87583125;85.27;0.14774014068483743;0.21616915920904714;0.7635870290441215;0.8072307015266142;78.21;;;;;
34;18;0.44338158;0.24227771;0.9326867;10.642.296;104.53;0.433389137482019;0.228124429747411;0.9164674473776774;10.391.243.823.710.100;101.97;;;;;
34;19;-0.19938752;0.23095301;0.9512637;0.99628156;97.6;-0.2025919325979145;0.22267218318800988;0.9587263163927445;1.004.879.366.920.960;98.48;;;;;
34;20;-0.24586165;0.21282467;0.6906192;0.7960587;77.05;-0.24018025501955134;0.20448118655634107;0.6868949176093576;0.7558596023034384;72.89;;;;;
35;0;-0.0023705424;0.2290274;0.7843757;0.8506297;82.68;-0.0030221561226178232;0.21548908456996768;0.7585954742515542;0.7886138297997142;76.28;;;;;
35;1;-0.15033334;0.21020053;0.5883223;0.6632727;63.24;-0.14837418420614434;0.20333940710008763;0.5967997111908145;0.6477126741820741;61.61;;;;;
35;2;-0.076494806;0.2251226;0.8095039;0.8841129;86.12;-0.06860238945027783;0.21459334665914098;0.810055406962154;0.8408010196338244;81.67;;;;;
35;3;0.21325096;0.22272557;0.6751969;0.7480638;72.08;0.21663434976536186;0.21659041554530817;0.6843756075801869;0.7498078566240156;72.26;;;;;
35;4;0.28024945;0.2261947;0.734967;0.87726516;85.42;0.2701551132473836;0.21522328116477116;0.7277661936301327;0.8055733849624929;78.04;;;;;
35;5;0.09116705;0.24855438;10.778.723;11.081.724;109.0;0.08224289181169037;0.236126207760471;10.983.872.637.244.700;1.126.487.487.883.030;110.86;;;;;
35;6;0.44652295;0.23282008;0.81850034;0.9753646;95.46;0.44449651671708595;0.22366017301072805;0.8293983284700567;0.9672138406959112;94.63;;;;;
35;7;0.2952924;0.24926;102.928;11.082.339;109.0;0.27963032501933355;0.23821968442706343;10.096.791.208.638.500;10.744.271.328.607.400;105.56;;;;;
35;8;0.13479145;0.24418528;10.022.624;10.438.838;102.45;0.1389460139572358;0.23433493663421046;10.210.268.645.382.200;10.567.472.334.625.300;103.76;;;;;
35;9;-0.074864805;0.25142446;10.836.065;11.146.338;109.65;-0.06819928626331546;0.22266708575416788;10.186.584.178.942.500;10.449.386.326.822.700;102.56;;;;;
35;10;0.7693537;0.41782922;19.139.647;1.925.695;191.53;0.41808437803243104;0.23681009958089932;1.019.597.828.544.660;11.271.438.694.289.500;110.93;;;;;
35;11;0.33256373;0.2504598;10.905.366;1.239.941;122.37;0.3314764574680008;0.23700719796183484;10.978.786.237.945.600;11.710.621.359.801.100;115.39;;;;;
35;12;0.23456694;0.23538908;0.85256225;0.93732595;91.57;0.23121096794808327;0.22445291029052802;0.8352885128422392;0.895290187773538;87.27;;;;;
35;13;0.34144244;0.22401859;0.6461315;0.8089235;78.38;0.33690902486393937;0.21515378033843138;0.6549057498592507;0.767268128770768;74.07;;;;;
35;14;-0.2165399;0.20957528;0.48892656;0.59998316;56.57;-0.21052238701129444;0.19965962206725474;0.4943346040968929;0.5731931096276403;53.72;;;;;
35;15;-0.2590768;0.2046639;0.61311346;0.70795196;67.91;-0.25654043732088483;0.1974254123329111;0.6218565144075967;0.7010672677616437;67.19;;;;;
35;16;0.1636738;0.23215337;0.77403605;0.9069685;88.46;0.1479100861892907;0.21749535036983883;0.7682716120443921;0.8120485766888034;78.7;;;;;
35;17;0.45093966;0.24380921;0.9346929;12.744.547;125.87;0.4356597904821861;0.22977750532529073;0.9231085158369359;1.046.291.779.097.570;102.7;;;;;
35;18;-0.019678418;0.21058963;0.58115965;0.65320086;62.18;-0.01524036056470393;0.20489775220749715;0.5889660412661155;0.6237758854063747;59.08;;;;;
35;19;-0.24778122;0.20508751;0.69658124;0.77402973;74.77;-0.24218147323332082;0.2050396551274267;0.6910444422167956;0.76041800825004;73.36;;;;;
35;20;-0.19921724;0.2307039;0.95342517;1.006.118;98.6;-0.20411518021143268;0.22434641012927314;0.965934784937051;10.124.348.508.827.700;99.25;;;;;
36;0;-0.14984396;0.20941019;0.58822095;0.6589877;62.79;-0.14765040769782167;0.20234750755325792;0.5938884930874445;0.6445531001616736;61.27;;;;;
36;1;-0.0015635386;0.22194675;0.7562065;0.8220297;79.73;-0.0022808237154998984;0.21481720360123854;0.7536640586733552;0.7836843410811981;75.77;;;;;
36;2;0.21329965;0.22296557;0.6769733;0.74608296;71.88;0.21663434976536186;0.21601287752441412;0.6847090493120173;0.7499456560074237;72.28;;;;;
36;3;-0.07564582;0.22507781;0.8087858;0.8826749;85.97;-0.06816543155569008;0.21388865555787853;0.8045135284991499;0.8352466106328614;81.09;;;;;
36;4;0.2839002;0.22382313;0.735593;0.8506106;82.68;0.2701551132473836;0.21522328116477116;0.7277661936301327;0.8055733849624929;78.04;;;;;
36;5;0.091718;0.2493933;10.806.897;11.247.448;110.68;0.0819198479514573;0.23814438047637254;1.107.775.189.055.450;11.360.411.422.689.300;111.83;;;;;
36;6;0.44491428;0.23202653;0.8178813;0.963025;94.2;0.44449651671708595;0.22366017301072805;0.8293983284700567;0.9672138406959112;94.63;;;;;
36;7;0.29275224;0.24669994;10.212.102;10.984.383;108.01;0.2808969226507651;0.2401103168431512;10.176.924.472.199.100;10.827.067.758.805.500;106.41;;;;;
36;8;0.13718379;0.24151507;0.9953815;10.401.537;102.07;0.13879714001630447;0.2324897796528388;10.129.872.829.276.800;10.485.510.855.904.600;102.93;;;;;
36;9;-0.2125905;0.21166518;0.48824808;0.5986369;56.42;-0.21280544100910687;0.2013445133927168;0.49850620413146585;0.5782163992433915;54.25;;;;;
36;10;-0.08181294;0.25423405;11.077.296;11.394.451;112.18;-0.06819928626331546;0.22266708575416788;10.186.584.178.942.500;10.449.386.326.822.700;102.56;;;;;
36;11;0.33248058;0.25030258;10.916.953;1.316.911;130.16;0.3296996723082609;0.23501554083610515;1.088.652.753.006.370;11.615.072.083.215.900;114.42;;;;;
36;12;-0.2594831;0.20533705;0.61198044;0.7095406;68.08;-0.2558545005678099;0.19695572103355447;0.6184300017134406;0.6976451451332095;66.84;;;;;
36;13;0.7531119;0.40547234;18.557.003;18.913.236;188.07;0.41713168737005835;0.23681009958089932;1.019.597.828.544.660;11.267.908.412.144.200;110.89;;;;;
36;14;0.23675147;0.23452093;0.8441585;0.9384341;91.69;0.23121096794808327;0.22445291029052802;0.8352885128422392;0.895290187773538;87.27;;;;;
36;15;-0.020283153;0.20986165;0.5810852;0.62706524;59.43;-0.01531470378697078;0.2058972534377776;0.5918390463454624;0.6268186946034789;59.41;;;;;
36;16;0.16447972;0.25074607;0.9485474;0.91701156;89.49;0.1479100861892907;0.21685757832222577;0.7686398299077631;0.8122264407127724;78.72;;;;;
36;17;0.34260365;0.22402114;0.6459418;0.80878067;78.37;0.3339789771059028;0.21232698454775525;0.6482930938381448;0.7595450223877986;73.27;;;;;
36;18;0.7759086;0.39110047;16.335.349;1.562.431;154.96;0.433389137482019;0.22887232070971986;0.9160356523292639;10.389.080.806.369.500;101.95;;;;;
36;19;-0.24607721;0.20582666;0.69975513;0.7760976;74.99;-0.24018025501955134;0.203906839353242;0.6872265171216753;0.756005846453236;72.91;;;;;
36;20;-0.202716;0.23064643;0.9518323;11.046.875;108.64;-0.20501772925999626;0.22434641012927314;0.965934784937051;1.012.617.198.056.700;99.27;;;;;
37;0;-0.1475639;0.20837784;0.58883715;0.6594169;62.84;-0.14837418420614434;0.20333940710008763;0.5967997111908145;0.6477126741820741;61.61;;;;;
37;1;-0.0016338048;0.22821051;0.780267;0.8241673;79.95;-0.0022808237154998984;0.21481720360123854;0.7536640586733552;0.7836843410811981;75.77;;;;;
37;2;-0.07520214;0.22490335;0.8091456;0.8680065;84.47;-0.06816543155569008;0.21388865555787853;0.8045135284991499;0.8352466106328614;81.09;;;;;
37;3;0.28077015;0.22655292;0.7339254;0.8972055;87.46;0.2701551132473836;0.21522328116477116;0.7277661936301327;0.8055733849624929;78.04;;;;;
37;4;0.4436786;0.23216173;0.81819683;0.96247905;94.15;0.4466452418380007;0.22582982212842118;0.8344935524219811;0.9730727463314026;95.23;;;;;
37;5;0.21630271;0.22293195;0.6774225;0.77115875;74.48;0.21663434976536186;0.21659041554530817;0.6843756075801869;0.7498078566240156;72.26;;;;;
37;6;0.091421254;0.25062034;10.808.669;11.194.615;110.15;0.08224289181169037;0.236126207760471;10.983.872.637.244.700;1.126.487.487.883.030;110.86;;;;;
37;7;0.31233212;0.25762057;10.740.635;11.469.467;112.94;0.2808969226507651;0.2401103168431512;10.176.924.472.199.100;10.827.067.758.805.500;106.41;;;;;
37;8;-0.21158694;0.20761845;0.48776475;0.5828483;54.75;-0.21052238701129444;0.20009458794073143;0.4940834764327528;0.5731282589787202;53.71;;;;;
37;9;0.13466965;0.24397214;0.998176;10.424.206;102.31;0.1389460139572358;0.23433493663421046;10.210.268.645.382.200;10.567.472.334.625.300;103.76;;;;;
37;10;0.77756155;0.42154026;19.331.354;19.124.678;190.2;0.4204687408690188;0.23870458037754655;10.277.546.111.730.200;11.358.051.679.441.300;111.81;;;;;
37;11;0.33147714;0.25359526;10.975.928;13.037.468;128.83;0.3314764574680008;0.23700719796183484;10.978.786.237.945.600;11.710.621.359.801.100;115.39;;;;;
37;12;-0.08085994;0.25127256;10.948.261;11.261.079;110.82;-0.06819928626331546;0.22266708575416788;10.186.584.178.942.500;10.449.386.326.822.700;102.56;;;;;
37;13;0.23532584;0.233734;0.8385117;0.93659425;91.5;0.23121096794808327;0.22445291029052802;0.8352885128422392;0.895290187773538;87.27;;;;;
37;14;0.46000952;0.24759501;0.94796973;1.373.975;135.93;0.433389137482019;0.22887232070971986;0.9160356523292639;10.389.080.806.369.500;101.95;;;;;
37;15;0.34067863;0.22328515;0.64627516;0.814132;78.92;0.3339789771059028;0.21232698454775525;0.6482930938381448;0.7595450223877986;73.27;;;;;
37;16;-0.26055038;0.20415488;0.612938;0.7124186;68.38;-0.2578426730433259;0.19842757178637765;0.6250131464604272;0.7046259848568805;67.56;;;;;
37;17;0.16138649;0.23136863;0.7801121;0.9021266;87.97;0.14700819541984378;0.21616915920904714;0.7635870290441215;0.8070970609772863;78.19;;;;;
37;18;-0.018517222;0.20804037;0.58030176;0.6252858;59.24;-0.01524036056470393;0.20489775220749715;0.5889660412661155;0.6237758854063747;59.08;;;;;
37;19;-0.24521248;0.20459737;0.7000977;0.7730745;74.68;-0.24151458976965995;0.2050396551274267;0.6910444422167956;0.7602058789335316;73.34;;;;;
37;20;-0.20368625;0.23060615;0.9536369;11.128.149;109.47;-0.20501772925999626;0.22434641012927314;0.965934784937051;1.012.617.198.056.700;99.27;;;;;
38;0;0.0020760067;0.22447616;0.759684;0.87302935;84.98;-0.0030221561226178232;0.21611912604730665;0.7582317196350119;0.7884363961232056;76.26;;;;;
38;1;-0.15098518;0.21040589;0.58884406;0.6650771;63.43;-0.14765040769782167;0.20234750755325792;0.5938884930874445;0.6445531001616736;61.27;;;;;
38;2;0.28117868;0.22656201;0.73321134;0.8779547;85.49;0.2701551132473836;0.21583121592360702;0.7274152023334691;0.8054190062114323;78.02;;;;;
38;3;-0.07884775;0.22451347;0.81155187;0.8797176;85.67;-0.06816543155569008;0.21388865555787853;0.8045135284991499;0.8352466106328614;81.09;;;;;
38;4;0.44302398;0.23144914;0.8180865;0.9605038;93.95;0.44449651671708595;0.2243440996144184;0.8290034632613101;0.9670336966748745;94.61;;;;;
38;5;0.21538214;0.22270599;0.67726064;0.77324146;74.69;0.21784459752941412;0.21780041786679033;0.6881989349968358;0.7539967273314122;72.7;;;;;
38;6;0.29339147;0.24784192;10.154.536;11.071.707;108.9;0.2808969226507651;0.2401103168431512;10.176.924.472.199.100;10.827.067.758.805.500;106.41;;;;;
38;7;0.09070126;0.25294736;109.773;11.296.839;111.18;0.08224289181169037;0.23700719796183484;10.978.786.237.945.600;11.261.766.192.406.500;110.83;;;;;
38;8;0.13566884;0.2436008;0.99660957;10.385.246;101.91;0.1389460139572358;0.23433493663421046;10.210.268.645.382.200;10.567.472.334.625.300;103.76;;;;;
38;9;-0.21597043;0.20474575;0.48882636;0.58852655;55.35;-0.21191130050066526;0.20093532150350762;0.49615945742616774;0.5757218164192064;53.99;;;;;
38;10;-0.075535655;0.25337705;10.925.311;11.235.106;110.56;-0.06819928626331546;0.22266708575416788;10.186.584.178.942.500;10.449.386.326.822.700;102.56;;;;;
38;11;0.79141045;0.42848247;19.522.437;2.038.815;202.9;0.41808437803243104;0.23763515389646234;10.191.214.832.134.700;11.268.866.895.430.900;110.9;;;;;
38;12;0.32961047;0.2513382;10.902.576;11.771.661;116.01;0.3296996723082609;0.23501554083610515;1.088.652.753.006.370;11.615.072.083.215.900;114.42;;;;;
38;13;0.23534892;0.23502505;0.8534986;0.9270446;90.52;0.233508839843635;0.22746570103268274;0.8465004391891148;0.907099783363867;88.48;;;;;
38;14;0.34325528;0.22432388;0.6459896;0.8075741;78.24;0.3339789771059028;0.21232698454775525;0.6482930938381448;0.7595450223877986;73.27;;;;;
38;15;-0.25679994;0.20556661;0.61462426;0.7210641;69.28;-0.2584520081877876;0.19842757178637765;0.6250131464604272;0.7048491860176201;67.59;;;;;
38;16;0.166856;0.24866961;0.9430073;0.9223626;90.04;0.14774014068483743;0.21553527601538292;0.7639530016766183;0.8074074517536471;78.22;;;;;
38;17;0.80124414;0.40171903;1.697.511;16.870.345;167.51;0.4302935007857189;0.22649496953492945;0.9099212513249796;10.317.020.653.540.800;101.21;;;;;
38;18;-0.019109447;0.21083537;0.5808675;0.6401646;60.81;-0.01524036056470393;0.20489775220749715;0.5889660412661155;0.6237758854063747;59.08;;;;;
38;19;-0.20100185;0.22981843;0.9528882;10.414.488;102.21;-0.20501772925999626;0.22434641012927314;0.965934784937051;1.012.617.198.056.700;99.27;;;;;
38;20;-0.24679154;0.20706895;0.69967484;0.7788284;75.27;-0.24018025501955134;0.203906839353242;0.6872265171216753;0.756005846453236;72.91;;;;;
39;0;-0.14696336;0.20856375;0.5888707;0.6591741;62.81;-0.14765040769782167;0.20234750755325792;0.5938884930874445;0.6445531001616736;61.27;;;;;
39;1;-0.0037324475;0.22091499;0.7535887;0.8158755;79.1;-0.0022808237154998984;0.21481720360123854;0.7536640586733552;0.7836843410811981;75.77;;;;;
39;2;-0.07490285;0.22393557;0.8090234;0.8811333;85.81;-0.06860238945027783;0.21459334665914098;0.810055406962154;0.8408010196338244;81.67;;;;;
39;3;0.28146437;0.2263937;0.7341511;0.8948702;87.22;0.2701551132473836;0.21522328116477116;0.7277661936301327;0.8055733849624929;78.04;;;;;
39;4;0.44743162;0.23356618;0.8188615;0.98137337;96.08;0.4466452418380007;0.22582982212842118;0.8344935524219811;0.9730727463314026;95.23;;;;;
39;5;0.08666719;0.24929202;10.817.968;11.117.518;109.36;0.08224289181169037;0.23700719796183484;10.978.786.237.945.600;11.261.766.192.406.500;110.83;;;;;
39;6;0.21186116;0.2223877;0.67642903;0.7550264;72.81;0.217173988459811;0.21838118235707488;0.6878636304620342;0.7536652149221338;72.66;;;;;
39;7;0.29733068;0.25147262;10.359.683;1.121.793;110.38;0.2786851358582394;0.23821968442706343;10.096.791.208.638.500;10.741.815.256.767.600;105.54;;;;;
39;8;0.13718829;0.24428728;10.000.274;10.356.625;101.62;0.13879714001630447;0.2324897796528388;10.129.872.829.276.800;10.485.510.855.904.600;102.93;;;;;
39;9;-0.07530373;0.24844983;10.741.477;11.075.906;108.94;-0.0667286744686102;0.22092749914671345;10.107.001.490.044.500;10.367.142.649.125.500;101.72;;;;;
39;10;0.7722787;0.42128256;19.255.958;19.532.503;194.3;0.41713168737005835;0.23763515389646234;10.191.214.832.134.700;11.265.335.807.346.400;110.86;;;;;
39;11;0.33263132;0.25328967;1.100.394;11.770.475;115.99;0.3314764574680008;0.236126207760471;10.983.872.637.244.700;11.713.610.924.727.700;115.42;;;;;
39;12;-0.21412806;0.20978212;0.48844728;0.5930613;55.83;-0.21191130050066526;0.20049852804232723;0.49641164024856055;0.5757869185743016;53.99;;;;;
39;13;0.2331575;0.23375715;0.8406291;0.92140096;89.94;0.2327523744010705;0.22594926302579818;0.840857102927854;0.9012587890253615;87.88;;;;;
39;14;0.34305277;0.22414327;0.6455954;0.8139566;78.9;0.3339789771059028;0.21232698454775525;0.6482930938381448;0.7595450223877986;73.27;;;;;
39;15;-0.26329517;0.20612556;0.6152221;0.72615814;69.81;-0.25525128939464925;0.19695572103355447;0.6184300017134406;0.6974241491407969;66.81;;;;;
39;16;0.15260166;0.22615142;0.7685436;0.8163497;79.15;0.1479100861892907;0.21685757832222577;0.7686398299077631;0.8122264407127724;78.72;;;;;
39;17;0.44365722;0.24127348;0.9332037;11.274.312;110.95;0.4356597904821861;0.23053081578732654;0.9226735918388962;10.460.738.344.626.700;102.68;;;;;
39;18;-0.019113565;0.20959309;0.5810754;0.6417256;60.98;-0.01524036056470393;0.20540239708012303;0.5886746844130598;0.623666816004522;59.07;;;;;
39;19;-0.24580875;0.20513627;0.7007766;0.7747634;74.85;-0.24018025501955134;0.203906839353242;0.6872265171216753;0.756005846453236;72.91;;;;;
39;20;-0.19652541;0.23046422;0.9525554;10.147.911;99.49;-0.2065708938756023;0.226046004145404;0.9732524727017255;10.202.885.404.662.200;100.05;;;;;
40;0;-0.15155938;0.21176642;0.5892013;0.67045563;63.99;-0.14765040769782167;0.20234750755325792;0.5938884930874445;0.6445531001616736;61.27;;;;;
40;1;0.013640199;0.2848767;1.029.854;0.966154;94.52;-0.0030221561226178232;0.21611912604730665;0.7582317196350119;0.7884363961232056;76.26;;;;;
40;2;-0.076021984;0.22397786;0.8091038;0.87251675;84.93;-0.06816543155569008;0.21322651005621654;0.8048958183827772;0.8354455991266025;81.12;;;;;
40;3;0.21361321;0.22283062;0.6777239;0.7882632;76.25;0.217173988459811;0.21780041786679033;0.6881989349968358;0.7538032484788518;72.68;;;;;
40;4;0.2798974;0.22612543;0.73376983;0.89852464;87.6;0.2701551132473836;0.21583121592360702;0.7274152023334691;0.8054190062114323;78.02;;;;;
40;5;0.09447935;0.25126335;10.993.708;11.297.523;111.19;0.08224289181169037;0.236126207760471;10.983.872.637.244.700;1.126.487.487.883.030;110.86;;;;;
40;6;0.29842365;0.2523282;10.388.949;11.289.577;111.11;0.2808969226507651;0.2401103168431512;10.176.924.472.199.100;10.827.067.758.805.500;106.41;;;;;
40;7;0.44506583;0.23209509;0.8180534;0.96687484;94.6;0.44449651671708595;0.22366017301072805;0.8293983284700567;0.9672138406959112;94.63;;;;;
40;8;-0.07819793;0.25354487;10.920.091;11.237.992;110.59;-0.06819928626331546;0.22266708575416788;10.186.584.178.942.500;10.449.386.326.822.700;102.56;;;;;
40;9;0.7530642;0.4069162;18.627.794;1.889.618;187.9;0.4204687408690188;0.23870458037754655;10.277.546.111.730.200;11.358.051.679.441.300;111.81;;;;;
40;10;0.13421378;0.24493162;10.026.954;10.478.228;102.86;0.1389460139572358;0.23433493663421046;10.210.268.645.382.200;10.567.472.334.625.300;103.76;;;;;
40;11;-0.21363176;0.20505771;0.49092785;0.58539885;55.02;-0.21280544100910687;0.2013445133927168;0.49850620413146585;0.5782163992433915;54.25;;;;;
40;12;0.33270025;0.25444674;11.129.767;1.187.069;117.01;0.3314764574680008;0.23700719796183484;10.978.786.237.945.600;11.710.621.359.801.100;115.39;;;;;
40;13;0.23539333;0.23509234;0.8610145;0.99778134;97.75;0.2327523744010705;0.22594926302579818;0.840857102927854;0.9012587890253615;87.88;;;;;
40;14;-0.25919166;0.20705515;0.61584425;0.72964954;70.17;-0.25525128939464925;0.19643332483375078;0.6187316073000209;0.6975443166673642;66.83;;;;;
40;15;0.34323454;0.22408907;0.6454386;0.808786;78.37;0.3339789771059028;0.21232698454775525;0.6482930938381448;0.7595450223877986;73.27;;;;;
40;16;-0.019101752;0.20959955;0.580198;0.6280484;59.54;-0.015166735634439661;0.20340570101924385;0.5864107440219771;0.6208715404826861;58.78;;;;;
40;17;0.7922143;0.40127647;16.955.738;16.723.387;166.03;0.4356597904821861;0.22977750532529073;0.9231085158369359;1.046.291.779.097.570;102.7;;;;;
40;18;0.16008186;0.22932991;0.77133113;0.8924802;86.98;0.1479100861892907;0.21685757832222577;0.7686398299077631;0.8122264407127724;78.72;;;;;
40;19;-0.2435784;0.20978472;0.69488233;0.7756091;74.94;-0.24018025501955134;0.203906839353242;0.6872265171216753;0.756005846453236;72.91;;;;;
40;20;-0.20282331;0.23193772;0.95470154;1.121.278;110.33;-0.20501772925999626;0.22434641012927314;0.965934784937051;1.012.617.198.056.700;99.27;;;;;
41;0;-0.0022899953;0.22100545;0.75593996;0.8167119;79.18;-0.0030405839038532977;0.2174369255963756;0.7628550837791278;0.7932439351239569;76.76;;;;;
41;1;-0.1480709;0.20918784;0.58767575;0.65528303;62.4;-0.14837418420614434;0.20333940710008763;0.5967997111908145;0.6477126741820741;61.61;;;;;
41;2;0.4462264;0.2317812;0.81731814;0.97589976;95.52;0.44449651671708595;0.22366017301072805;0.8293983284700567;0.9672138406959112;94.63;;;;;
41;3;-0.075671695;0.22065185;0.80966353;0.8536613;82.99;-0.06816543155569008;0.21388865555787853;0.8045135284991499;0.8352466106328614;81.09;;;;;
41;4;0.21532816;0.22288328;0.67782754;0.7873964;76.16;0.21663434976536186;0.21601287752441412;0.6847090493120173;0.7499456560074237;72.28;;;;;
41;5;0.27904487;0.22611046;0.7333244;0.89792454;87.54;0.2701551132473836;0.21522328116477116;0.7277661936301327;0.8055733849624929;78.04;;;;;
41;6;0.09158204;0.25342458;10.854.019;11.358.992;111.82;0.0819198479514573;0.23903290050851722;11.072.622.017.757.100;11.357.275.960.788.700;111.8;;;;;
41;7;0.29560825;0.24956179;10.237.377;11.203.825;110.24;0.2786851358582394;0.23821968442706343;10.096.791.208.638.500;10.741.815.256.767.600;105.54;;;;;
41;8;-0.21133386;0.20918706;0.48797277;0.5862641;55.11;-0.2110246423395746;0.19965962206725474;0.4943346040968929;0.5733777682873799;53.74;;;;;
41;9;0.1356572;0.24398856;0.997097;1.042.449;102.31;0.1389460139572358;0.23433493663421046;10.210.268.645.382.200;10.567.472.334.625.300;103.76;;;;;
41;10;0.7712209;0.41771764;19.116.902;19.854.109;197.53;0.41713168737005835;0.23681009958089932;1.019.597.828.544.660;11.267.908.412.144.200;110.89;;;;;
41;11;-0.07568459;0.25661415;11.058.317;11.384.356;112.07;-0.06819928626331546;0.22266708575416788;10.186.584.178.942.500;10.449.386.326.822.700;102.56;;;;;
41;12;0.3373297;0.2578467;11.189.094;11.954.117;117.86;0.3314764574680008;0.23700719796183484;10.978.786.237.945.600;11.710.621.359.801.100;115.39;;;;;
41;13;0.341552;0.22375213;0.64525366;0.8040147;77.87;0.33511695558274823;0.21400934533663124;0.6514222086365952;0.7631869153198598;73.65;;;;;
41;14;0.23539478;0.23271595;0.8391692;0.93007934;90.83;0.2327523744010705;0.22594926302579818;0.840857102927854;0.9012587890253615;87.88;;;;;
41;15;0.4471354;0.24187514;0.9316731;11.772.348;116.01;0.4356597904821861;0.22977750532529073;0.9231085158369359;1.046.291.779.097.570;102.7;;;;;
41;16;-0.26433653;0.207982;0.61573875;0.72830576;70.03;-0.2597706408826233;0.19943995735671632;0.6282019890444089;0.7084453553340366;67.96;;;;;
41;17;0.16118881;0.22938247;0.7705525;0.88903975;86.63;0.14774014068483743;0.21553527601538292;0.7639530016766183;0.8074074517536471;78.22;;;;;
41;18;-0.018531289;0.21056098;0.5801665;0.64565897;61.39;-0.01524036056470393;0.20489775220749715;0.5889660412661155;0.6237758854063747;59.08;;;;;
41;19;-0.2475274;0.20663473;0.6988965;0.77871513;75.26;-0.24018025501955134;0.203906839353242;0.6872265171216753;0.756005846453236;72.91;;;;;
41;20;-0.20103073;0.23146299;0.95484984;10.773.674;105.86;-0.20501772925999626;0.22434641012927314;0.965934784937051;1.012.617.198.056.700;99.27;;;;;
42;0;-0.14922859;0.20816256;0.58809596;0.6557369;62.45;-0.14765040769782167;0.20184040099832654;0.594181271193442;0.6446639228354204;61.29;;;;;
42;1;0.0067237252;0.23465186;0.78516203;0.9443406;92.29;-0.0022808237154998984;0.21481720360123854;0.7536640586733552;0.7836843410811981;75.77;;;;;
42;2;0.44577143;0.23128894;0.8180481;0.96883345;94.8;0.441591310725471;0.22219834181457948;0.8239774243624093;0.9608921816063954;93.98;;;;;
42;3;0.21319678;0.22232014;0.67741454;0.76114315;73.44;0.217173988459811;0.21780041786679033;0.6881989349968358;0.7538032484788518;72.68;;;;;
42;4;0.28025603;0.22556452;0.7336031;0.87689036;85.38;0.2701551132473836;0.21583121592360702;0.7274152023334691;0.8054190062114323;78.02;;;;;
42;5;-0.07336727;0.2200021;0.81049514;0.85347503;82.97;-0.06816543155569008;0.21388865555787853;0.8045135284991499;0.8352466106328614;81.09;;;;;
42;6;0.28745914;0.2464394;10.106.664;10.917.544;107.33;0.2808969226507651;0.2401103168431512;10.176.924.472.199.100;10.827.067.758.805.500;106.41;;;;;
42;7;0.082073264;0.25212586;10.928.967;11.274.616;110.96;0.0819198479514573;0.23814438047637254;1.107.775.189.055.450;11.360.411.422.689.300;111.83;;;;;
42;8;-0.21934637;0.20719697;0.49081066;0.5983979;56.4;-0.21280544100910687;0.2013445133927168;0.49850620413146585;0.5782163992433915;54.25;;;;;
42;9;0.7683962;0.4204473;19.259.151;1.862.628;185.19;0.4204687408690188;0.23870458037754655;10.277.546.111.730.200;11.358.051.679.441.300;111.81;;;;;
42;10;0.1380836;0.24202755;0.99454623;10.321.677;101.26;0.13879714001630447;0.23167122182794953;10.134.598.775.082.300;10.488.265.463.931.400;102.96;;;;;
42;11;-0.26399493;0.20629352;0.61621225;0.7284278;70.04;-0.2584520081877876;0.19842757178637765;0.6250131464604272;0.7048491860176201;67.59;;;;;
42;12;0.3343532;0.25347957;10.956.233;12.150.104;119.84;0.3296996723082609;0.23501554083610515;1.088.652.753.006.370;11.615.072.083.215.900;114.42;;;;;
42;13;0.23734331;0.23302804;0.84217757;0.92302847;90.11;0.233508839843635;0.22746570103268274;0.8465004391891148;0.907099783363867;88.48;;;;;
42;14;-0.073334895;0.24670854;10.619.357;10.931.898;107.47;-0.0667286744686102;0.22092749914671345;10.107.001.490.044.500;10.367.142.649.125.500;101.72;;;;;
42;15;0.34150845;0.22299439;0.64523673;0.80138654;77.6;0.3339789771059028;0.21287702075813056;0.6479755302840206;0.7594279893198699;73.26;;;;;
42;16;0.44824702;0.2429679;0.93503666;10.853.752;106.68;0.4356597904821861;0.22977750532529073;0.9231085158369359;1.046.291.779.097.570;102.7;;;;;
42;17;0.16155848;0.2294231;0.77197224;0.8927282;87.0;0.1479100861892907;0.21685757832222577;0.7686398299077631;0.8122264407127724;78.72;;;;;
42;18;-0.018524915;0.2110661;0.580883;0.65957433;62.85;-0.01524036056470393;0.20489775220749715;0.5889660412661155;0.6237758854063747;59.08;;;;;
42;19;-0.24588566;0.20469677;0.6977528;0.77307945;74.68;-0.24018025501955134;0.20333249215014293;0.6875581166339928;0.7561526439909656;72.92;;;;;
42;20;-0.20820381;0.23143402;0.95583117;11.965.709;117.97;-0.20501772925999626;0.22434641012927314;0.965934784937051;1.012.617.198.056.700;99.27;;;;;
43;0;-0.14973027;0.20985429;0.5881268;0.6609891;63.0;-0.14765040769782167;0.20234750755325792;0.5938884930874445;0.6445531001616736;61.27;;;;;
43;1;-0.0015816503;0.2228552;0.7620978;0.79505986;76.95;-0.0022808237154998984;0.21481720360123854;0.7536640586733552;0.7836843410811981;75.77;;;;;
43;2;-0.07113598;0.22459696;0.8092127;0.8707568;84.75;-0.06860238945027783;0.21525973668324952;0.8096706665023495;0.8406007555728156;81.65;;;;;
43;3;0.21362188;0.22324097;0.67756873;0.7723425;74.6;0.21839406704666392;0.21902401571997454;0.6920652211485037;0.7580380981894074;73.12;;;;;
43;4;0.28178382;0.22642656;0.73371917;0.8845099;86.16;0.27103814906966844;0.2164893004657404;0.7320471712397217;0.810075525113144;78.5;;;;;
43;5;0.08839345;0.24989933;10.888.201;11.193.517;110.13;0.08224289181169037;0.236126207760471;10.983.872.637.244.700;1.126.487.487.883.030;110.86;;;;;
43;6;0.3011294;0.25396866;10.437.304;11.282.582;111.04;0.2808969226507651;0.24093537115871416;10.172.161.018.887.300;10.824.423.920.799.500;106.38;;;;;
43;7;0.44496453;0.23111746;0.81750965;10.384.525;101.9;0.44449651671708595;0.2243440996144184;0.8290034632613101;0.9670336966748745;94.61;;;;;
43;8;-0.26189858;0.20485117;0.6150092;0.72009605;69.18;-0.25525128939464925;0.19643332483375078;0.6187316073000209;0.6975443166673642;66.83;;;;;
43;9;0.13672718;0.2432507;0.9982579;10.390.877;101.97;0.13879714001630447;0.23167122182794953;10.134.598.775.082.300;10.488.265.463.931.400;102.96;;;;;
43;10;-0.21252257;0.20672694;0.48927754;0.5843913;54.91;-0.21280544100910687;0.2013445133927168;0.49850620413146585;0.5782163992433915;54.25;;;;;
43;11;0.74967915;0.40325236;18.597.245;19.688.112;195.86;0.41808437803243104;0.23681009958089932;1.019.597.828.544.660;11.271.438.694.289.500;110.93;;;;;
43;12;-0.07390257;0.25027332;10.805.734;11.119.118;109.38;-0.06819928626331546;0.22266708575416788;10.186.584.178.942.500;10.449.386.326.822.700;102.56;;;;;
43;13;0.23088911;0.23131719;0.83588886;0.91574275;89.36;0.233508839843635;0.22746570103268274;0.8465004391891148;0.907099783363867;88.48;;;;;
43;14;0.3326285;0.2535683;10.958.805;11.944.962;117.76;0.3314764574680008;0.23700719796183484;10.978.786.237.945.600;11.710.621.359.801.100;115.39;;;;;
43;15;0.34476733;0.22454083;0.64488137;0.8084189;78.33;0.3339789771059028;0.21232698454775525;0.6482930938381448;0.7595450223877986;73.27;;;;;
43;16;0.7697314;0.3868895;16.337.411;16.800.371;166.81;0.433389137482019;0.228124429747411;0.9164674473776774;10.391.243.823.710.100;101.97;;;;;
43;17;-0.018527845;0.2108989;0.58097917;0.6391643;60.71;-0.01524036056470393;0.20489775220749715;0.5889660412661155;0.6237758854063747;59.08;;;;;
43;18;0.16182305;0.22993505;0.7715086;0.8888552;86.61;0.1479100861892907;0.21685757832222577;0.7686398299077631;0.8122264407127724;78.72;;;;;
43;19;-0.24420774;0.20858853;0.69460934;0.77466065;74.84;-0.24018025501955134;0.203906839353242;0.6872265171216753;0.756005846453236;72.91;;;;;
43;20;-0.20092598;0.23138338;0.95387816;11.076.145;108.94;-0.2025919325979145;0.22267218318800988;0.9587263163927445;1.004.879.366.920.960;98.48;;;;;
44;0;-0.14748335;0.20897199;0.5887546;0.658217;62.71;-0.14837418420614434;0.20333940710008763;0.5967997111908145;0.6477126741820741;61.61;;;;;
44;1;-0.0015956594;0.2281051;0.7732759;0.81167346;78.66;-0.002294646889533231;0.21611912604730665;0.7582317196350119;0.788433943148357;76.26;;;;;
44;2;-0.0765182;0.22286586;0.8104814;0.86155707;83.8;-0.06816543155569008;0.21388865555787853;0.8045135284991499;0.8352466106328614;81.09;;;;;
44;3;0.44563144;0.2318907;0.8184627;0.96864283;94.78;0.441591310725471;0.222877798309749;0.8235851399720205;0.9607132149972609;93.97;;;;;
44;4;0.28116694;0.2266977;0.73452276;0.876793;85.37;0.2701551132473836;0.21522328116477116;0.7277661936301327;0.8055733849624929;78.04;;;;;
44;5;0.21297146;0.22253345;0.6773069;0.7613343;73.46;0.21663434976536186;0.21659041554530817;0.6843756075801869;0.7498078566240156;72.26;;;;;
44;6;0.091909155;0.249973;10.874.035;11.202.217;110.22;0.08224289181169037;0.236126207760471;10.983.872.637.244.700;1.126.487.487.883.030;110.86;;;;;
44;7;0.29744586;0.25394636;10.447.942;11.288.333;111.1;0.2808969226507651;0.2401103168431512;10.176.924.472.199.100;10.827.067.758.805.500;106.41;;;;;
44;8;-0.21645197;0.2078912;0.48996788;0.5948238;56.02;-0.21280544100910687;0.2013445133927168;0.49850620413146585;0.5782163992433915;54.25;;;;;
44;9;0.13547076;0.24289651;0.99629676;10.392.253;101.98;0.13879714001630447;0.23167122182794953;10.134.598.775.082.300;10.488.265.463.931.400;102.96;;;;;
44;10;0.33516645;0.2544856;1.110.214;12.441.354;122.8;0.3296996723082609;0.23501554083610515;1.088.652.753.006.370;11.615.072.083.215.900;114.42;;;;;
44;11;0.7715658;0.4187886;1.913.499;19.275.948;191.72;0.4204687408690188;0.23870458037754655;10.277.546.111.730.200;11.358.051.679.441.300;111.81;;;;;
44;12;-0.08123031;0.25508973;10.983.016;11.304.648;111.26;-0.06819928626331546;0.22266708575416788;10.186.584.178.942.500;10.449.386.326.822.700;102.56;;;;;
44;13;-0.2608666;0.20520583;0.6136993;0.7126797;68.4;-0.25525128939464925;0.19695572103355447;0.6184300017134406;0.6974241491407969;66.81;;;;;
44;14;0.23394394;0.23262456;0.8363663;0.9199029;89.79;0.2327523744010705;0.22594926302579818;0.840857102927854;0.9012587890253615;87.88;;;;;
44;15;0.34174192;0.22290538;0.6448827;0.81244177;78.74;0.3339789771059028;0.21232698454775525;0.6482930938381448;0.7595450223877986;73.27;;;;;
44;16;0.45180136;0.24399084;0.93166935;13.225.553;130.73;0.4356597904821861;0.23053081578732654;0.9226735918388962;10.460.738.344.626.700;102.68;;;;;
44;17;0.16292317;0.22910383;0.77541625;0.8886491;86.59;0.14684474589280813;0.21422900161528968;0.7593229834846388;0.8025140732581705;77.72;;;;;
44;18;-0.019102307;0.21005127;0.5806255;0.6293197;59.67;-0.015823074270815373;0.20489775220749715;0.5889660412661155;0.6237903945266746;59.09;;;;;
44;19;-0.24501157;0.20496841;0.69834507;0.7716915;74.53;-0.24018025501955134;0.203906839353242;0.6872265171216753;0.756005846453236;72.91;;;;;
44;20;-0.19915558;0.22908483;0.9531926;0.9956838;97.54;-0.2025919325979145;0.22344798052950937;0.9582784095887932;10.046.243.086.052.100;98.45;;;;;
45;0;-0.14864166;0.21019861;0.588281;0.6663122;63.56;-0.14837418420614434;0.20333940710008763;0.5967997111908145;0.6477126741820741;61.61;;;;;
45;1;-0.0008525522;0.22523724;0.76927584;0.833265;80.89;-0.0030221561226178232;0.21611912604730665;0.7582317196350119;0.7884363961232056;76.26;;;;;
45;2;-0.07031206;0.2245461;0.8080538;0.9050112;88.26;-0.06740085178843558;0.21322651005621654;0.8048958183827772;0.8353835633184562;81.11;;;;;
45;3;0.27932808;0.22592156;0.7341069;0.88910824;86.63;0.27103814906966844;0.21710081131139294;0.7316941152883718;0.8099201929022452;78.48;;;;;
45;4;0.21344203;0.22268488;0.67640394;0.7766169;75.04;0.21663434976536186;0.21659041554530817;0.6843756075801869;0.7498078566240156;72.26;;;;;
45;5;0.44318146;0.23179758;0.81857014;0.9669731;94.61;0.4437067862995928;0.22366017301072805;0.8293983284700567;0.9668511635553971;94.59;;;;;
45;6;0.30306816;0.25350022;10.548.531;11.339.793;111.62;0.2808969226507651;0.2401103168431512;10.176.924.472.199.100;10.827.067.758.805.500;106.41;;;;;
45;7;0.08905993;0.24823155;10.775.508;11.074.768;108.93;0.08224289181169037;0.236126207760471;10.983.872.637.244.700;1.126.487.487.883.030;110.86;;;;;
45;8;0.13303831;0.24420026;10.015.706;10.480.483;102.88;0.1389460139572358;0.23350988231864744;10.215.032.098.694.100;1.057.024.913.475.820;103.79;;;;;
45;9;-0.07485286;0.25352713;10.940.857;11.259.592;110.81;-0.06819928626331546;0.22266708575416788;10.186.584.178.942.500;10.449.386.326.822.700;102.56;;;;;
45;10;-0.21144845;0.20578006;0.48871258;0.5811117;54.56;-0.21280544100910687;0.2013445133927168;0.49850620413146585;0.5782163992433915;54.25;;;;;
45;11;0.23690635;0.23533824;0.843442;0.9818902;96.13;0.2327523744010705;0.22594926302579818;0.840857102927854;0.9012587890253615;87.88;;;;;
45;12;0.33539787;0.25274503;10.975.143;13.579.754;134.32;0.3314764574680008;0.23700719796183484;10.978.786.237.945.600;11.710.621.359.801.100;115.39;;;;;
45;13;0.7295339;0.3958698;18.234.271;17.652.525;175.39;0.4147923750557977;0.23494545312750648;10.115.694.991.860.400;11.182.687.208.507.700;110.02;;;;;
45;14;0.3445053;0.22473785;0.6471726;0.8107029;78.56;0.3339789771059028;0.21232698454775525;0.6482930938381448;0.7595450223877986;73.27;;;;;
45;15;0.1592315;0.2287925;0.7712978;0.8752194;85.21;0.1479100861892907;0.21749535036983883;0.7682716120443921;0.8120485766888034;78.7;;;;;
45;16;-0.26275074;0.20724945;0.6152526;0.7219064;69.36;-0.25525128939464925;0.19643332483375078;0.6187316073000209;0.6975443166673642;66.83;;;;;
45;17;-0.016235998;0.2121714;0.58141917;0.7443534;71.7;-0.01524036056470393;0.20489775220749715;0.5889660412661155;0.6237758854063747;59.08;;;;;
45;18;0.4400242;0.2407591;0.9242482;12.262.369;120.98;0.433389137482019;0.228124429747411;0.9164674473776774;10.391.243.823.710.100;101.97;;;;;
45;19;-0.20288941;0.23158643;0.956717;11.256.045;110.77;-0.20501772925999626;0.22434641012927314;0.965934784937051;1.012.617.198.056.700;99.27;;;;;
45;20;-0.2466418;0.20629047;0.6998469;0.7769294;75.07;-0.24018025501955134;0.203906839353242;0.6872265171216753;0.756005846453236;72.91;;;;;
46;0;-0.14781328;0.2091093;0.5897731;0.6611027;63.01;-0.14635094443977906;0.20136523809911588;0.5910055392375055;0.6412909678629067;60.93;;;;;
46;1;-0.0015820758;0.22362523;0.7659736;0.84058356;81.64;-0.002294646889533231;0.21611912604730665;0.7582317196350119;0.788433943148357;76.26;;;;;
46;2;0.446464;0.22541836;0.8237802;0.9706415;94.98;0.441591310725471;0.222877798309749;0.8235851399720205;0.9607132149972609;93.97;;;;;
46;3;-0.07801271;0.22426233;0.8106181;0.8756137;85.25;-0.06860238945027783;0.21525973668324952;0.8096706665023495;0.8406007555728156;81.65;;;;;
46;4;0.21355331;0.22241378;0.6765547;0.7616445;73.49;0.21663434976536186;0.21659041554530817;0.6843756075801869;0.7498078566240156;72.26;;;;;
46;5;0.2798851;0.22519359;0.73369;0.86343044;83.99;0.2701551132473836;0.21522328116477116;0.7277661936301327;0.8055733849624929;78.04;;;;;
46;6;0.2916705;0.24919914;10.235.333;1.130.072;111.22;0.2808969226507651;0.2401103168431512;10.176.924.472.199.100;10.827.067.758.805.500;106.41;;;;;
46;7;0.09101155;0.2471199;10.725.383;11.078.621;108.97;0.08224289181169037;0.236126207760471;10.983.872.637.244.700;1.126.487.487.883.030;110.86;;;;;
46;8;-0.019130938;0.21047017;0.5811961;0.6442923;61.25;-0.01524036056470393;0.20489775220749715;0.5889660412661155;0.6237758854063747;59.08;;;;;
46;9;-0.074611165;0.25114104;10.814.409;11.123.757;109.42;-0.06819928626331546;0.22266708575416788;10.186.584.178.942.500;10.449.386.326.822.700;102.56;;;;;
46;10;0.1339021;0.24272129;0.9988018;10.424.325;102.31;0.1389460139572358;0.23350988231864744;10.215.032.098.694.100;1.057.024.913.475.820;103.79;;;;;
46;11;0.33677837;0.25512147;11.076.734;13.504.385;133.55;0.32869094101868984;0.23501554083610515;1.088.652.753.006.370;11.612.212.776.945.600;114.39;;;;;
46;12;0.7729299;0.41972855;1.916.773;1.954.994;194.47;0.4204687408690188;0.23953623512763406;10.272.744.550.791.800;11.355.458.493.805.200;111.78;;;;;
46;13;0.23307717;0.23499994;0.8426511;0.940239;91.87;0.2327523744010705;0.22594926302579818;0.840857102927854;0.9012587890253615;87.88;;;;;
46;14;-0.2566686;0.20649847;0.61566794;0.7175263;68.91;-0.2578426730433259;0.19842757178637765;0.6250131464604272;0.7046259848568805;67.56;;;;;
46;15;-0.21352297;0.20412019;0.4890594;0.5862416;55.11;-0.21140693485587972;0.20049852804232723;0.49641164024856055;0.5756014840378405;53.97;;;;;
46;16;0.34282032;0.224428;0.64768684;0.8164095;79.15;0.33575546102667886;0.21345638340173265;0.6517414613585605;0.763585155485606;73.69;;;;;
46;17;0.16268457;0.23027888;0.77212465;0.89434725;87.17;0.1479100861892907;0.21685757832222577;0.7686398299077631;0.8122264407127724;78.72;;;;;
46;18;-0.24628834;0.21029086;0.6936751;0.78009194;75.4;-0.24018025501955134;0.20333249215014293;0.6875581166339928;0.7561526439909656;72.92;;;;;
46;19;0.44353768;0.24242754;0.9341951;11.942.413;117.74;0.4356597904821861;0.22977750532529073;0.9231085158369359;1.046.291.779.097.570;102.7;;;;;
46;20;-0.20106325;0.23008013;0.95508146;1.028.097;100.85;-0.20411518021143268;0.22434641012927314;0.965934784937051;10.124.348.508.827.700;99.25;;;;;
47;0;-0.14807154;0.2098397;0.58903056;0.663658;63.28;-0.14837418420614434;0.20333940710008763;0.5967997111908145;0.6477126741820741;61.61;;;;;
47;1;-0.0016136777;0.22853294;0.78135943;0.8419859;81.79;-0.0022808237154998984;0.21419095755448592;0.7540256219970267;0.78386070642872;75.79;;;;;
47;2;-0.074995525;0.22382963;0.809994;0.86131907;83.78;-0.06860238945027783;0.21459334665914098;0.810055406962154;0.8408010196338244;81.67;;;;;
47;3;0.21413279;0.22301623;0.6771155;0.7696823;74.32;0.21839406704666392;0.21902401571997454;0.6920652211485037;0.7580380981894074;73.12;;;;;
47;4;0.44803613;0.23244223;0.81818634;0.9857842;96.53;0.441591310725471;0.222877798309749;0.8235851399720205;0.9607132149972609;93.97;;;;;
47;5;0.28248447;0.22713202;0.7346287;0.9078304;88.55;0.2701551132473836;0.21522328116477116;0.7277661936301327;0.8055733849624929;78.04;;;;;
47;6;0.29711562;0.25010014;10.357.316;1.114.794;109.67;0.2786851358582394;0.23821968442706343;10.096.791.208.638.500;10.741.815.256.767.600;105.54;;;;;
47;7;0.08952202;0.25047126;10.876.845;11.177.846;109.97;0.0819198479514573;0.23814438047637254;1.107.775.189.055.450;11.360.411.422.689.300;111.83;;;;;
47;8;0.13699666;0.24425086;0.999377;10.368.516;101.74;0.1398987046196085;0.23433493663421046;10.210.268.645.382.200;10.568.729.196.030.900;103.78;;;;;
47;9;-0.080740035;0.25089997;10.932.027;11.244.383;110.65;-0.06819928626331546;0.22266708575416788;10.186.584.178.942.500;10.449.386.326.822.700;102.56;;;;;
47;10;0.23304316;0.23244135;0.84012353;0.9137882;89.16;0.23195211424467743;0.22594926302579818;0.840857102927854;0.9010524514747745;87.86;;;;;
47;11;-0.21451293;0.20859937;0.4873031;0.5912527;55.64;-0.21052238701129444;0.19965962206725474;0.4943346040968929;0.5731931096276403;53.72;;;;;
47;12;0.75577;0.4173655;19.066.688;18.037.924;179.27;0.41713168737005835;0.23681009958089932;1.019.597.828.544.660;11.267.908.412.144.200;110.89;;;;;
47;13;0.34134325;0.22365423;0.6458001;0.80849725;78.34;0.3339789771059028;0.21232698454775525;0.6482930938381448;0.7595450223877986;73.27;;;;;
47;14;0.33356467;0.250677;1.091.543;13.272.073;131.21;0.3314764574680008;0.23700719796183484;10.978.786.237.945.600;11.710.621.359.801.100;115.39;;;;;
47;15;-0.01680043;0.21211004;0.5815221;0.75341564;72.64;-0.01524036056470393;0.20489775220749715;0.5889660412661155;0.6237758854063747;59.08;;;;;
47;16;-0.26350784;0.20687348;0.61381114;0.72848874;70.05;-0.2584520081877876;0.1989552715009002;0.6247084788881964;0.704727836961973;67.58;;;;;
47;17;0.15730162;0.22825879;0.7716205;0.8587303;83.51;0.14774014068483743;0.21616915920904714;0.7635870290441215;0.8072307015266142;78.21;;;;;
47;18;0.44158834;0.24353054;0.932445;10.818.337;106.32;0.4356597904821861;0.22977750532529073;0.9231085158369359;1.046.291.779.097.570;102.7;;;;;
47;19;-0.2463685;0.20568433;0.6954342;0.77184176;74.55;-0.24018025501955134;0.203906839353242;0.6872265171216753;0.756005846453236;72.91;;;;;
47;20;-0.20109066;0.23278895;0.9559273;10.299.399;101.03;-0.20501772925999626;0.22434641012927314;0.965934784937051;1.012.617.198.056.700;99.27;;;;;
48;0;-0.1480773;0.20890561;0.58895594;0.65835315;62.72;-0.14765040769782167;0.20234750755325792;0.5938884930874445;0.6445531001616736;61.27;;;;;
48;1;-0.0030836163;0.2246153;0.7665176;0.797818;77.23;-0.0030221561226178232;0.21611912604730665;0.7582317196350119;0.7884363961232056;76.26;;;;;
48;2;-0.076367155;0.22616152;0.8079875;0.8854101;86.25;-0.06860238945027783;0.21525973668324952;0.8096706665023495;0.8406007555728156;81.65;;;;;
48;3;0.28181425;0.22716083;0.7354083;0.89678776;87.42;0.2701551132473836;0.21522328116477116;0.7277661936301327;0.8055733849624929;78.04;;;;;
48;4;0.21489345;0.22249463;0.67656726;0.7706748;74.43;0.217173988459811;0.21721965337650578;0.6885342395316374;0.7539418532512714;72.69;;;;;
48;5;0.44380087;0.23140866;0.8169093;0.9609862;93.99;0.44449651671708595;0.2243440996144184;0.8290034632613101;0.9670336966748745;94.61;;;;;
48;6;0.09324398;0.24798965;10.780.256;11.113.491;109.32;0.0819198479514573;0.23814438047637254;1.107.775.189.055.450;11.360.411.422.689.300;111.83;;;;;
48;7;0.29185325;0.250107;10.279.627;11.119.736;109.38;0.2808969226507651;0.2401103168431512;10.176.924.472.199.100;10.827.067.758.805.500;106.41;;;;;
48;8;0.13798639;0.24184638;10.013.161;10.411.733;102.18;0.13879714001630447;0.23167122182794953;10.134.598.775.082.300;10.488.265.463.931.400;102.96;;;;;
48;9;-0.07459502;0.24801844;1.080.114;11.133.618;109.53;-0.06819928626331546;0.22266708575416788;10.186.584.178.942.500;10.449.386.326.822.700;102.56;;;;;
48;10;0.7633473;0.41523635;19.009.724;19.097.499;189.92;0.4204687408690188;0.23870458037754655;10.277.546.111.730.200;11.358.051.679.441.300;111.81;;;;;
48;11;0.23658296;0.23282099;0.8338263;0.90958285;88.73;0.2327523744010705;0.22594926302579818;0.840857102927854;0.9012587890253615;87.88;;;;;
48;12;-0.21484974;0.20643888;0.48778808;0.58651143;55.14;-0.21191130050066526;0.20049852804232723;0.49641164024856055;0.5757869185743016;53.99;;;;;
48;13;0.34336472;0.22505629;0.6475849;0.80884314;78.37;0.33575546102667886;0.21345638340173265;0.6517414613585605;0.763585155485606;73.69;;;;;
48;14;-0.2559776;0.2050032;0.61250037;0.6975668;66.83;-0.25397503294767604;0.19545115820958203;0.6156379492635208;0.6940565950840274;66.46;;;;;
48;15;0.3359199;0.25445116;11.099.173;12.084.626;119.18;0.3314764574680008;0.23700719796183484;10.978.786.237.945.600;11.710.621.359.801.100;115.39;;;;;
48;16;0.8149895;0.41143104;17.393.957;16.800.085;166.81;0.4356597904821861;0.22977750532529073;0.9231085158369359;1.046.291.779.097.570;102.7;;;;;
48;17;0.15812829;0.22909103;0.77366024;0.8745533;85.14;0.1479100861892907;0.21685757832222577;0.7686398299077631;0.8122264407127724;78.72;;;;;
48;18;-0.017371073;0.21209086;0.58172846;0.6433228;61.14;-0.01531470378697078;0.2058972534377776;0.5918390463454624;0.6268186946034789;59.41;;;;;
48;19;-0.24181432;0.2101952;0.692678;0.7753013;74.91;-0.24018025501955134;0.203906839353242;0.6872265171216753;0.756005846453236;72.91;;;;;
48;20;-0.20066352;0.23183022;0.95636344;1.005.862;98.58;-0.2025919325979145;0.22267218318800988;0.9587263163927445;1.004.879.366.920.960;98.48;;;;;
49;0;-0.0008622502;0.22795732;0.7795392;0.8473889;82.34;-0.0022808237154998984;0.21481720360123854;0.7536640586733552;0.7836843410811981;75.77;;;;;
49;1;-0.14922072;0.21053207;0.5888852;0.6631162;63.22;-0.14765040769782167;0.20234750755325792;0.5938884930874445;0.6445531001616736;61.27;;;;;
49;2;-0.07097824;0.2247175;0.80810314;0.8645134;84.11;-0.06860238945027783;0.21525973668324952;0.8096706665023495;0.8406007555728156;81.65;;;;;
49;3;0.21349198;0.22232527;0.67622125;0.776775;75.06;0.21839406704666392;0.21902401571997454;0.6920652211485037;0.7580380981894074;73.12;;;;;
49;4;0.28147823;0.22630078;0.73435163;0.8955823;87.3;0.27103814906966844;0.21710081131139294;0.7316941152883718;0.8099201929022452;78.48;;;;;
49;5;0.0920258;0.24845497;10.706.198;11.092.777;109.11;0.0819198479514573;0.23814438047637254;1.107.775.189.055.450;11.360.411.422.689.300;111.83;;;;;
49;6;0.44413593;0.23268068;0.8181163;0.97363925;95.29;0.44449651671708595;0.22366017301072805;0.8293983284700567;0.9672138406959112;94.63;;;;;
49;7;0.31515425;0.2567189;10.784.657;11.482.655;113.07;0.2786851358582394;0.23821968442706343;10.096.791.208.638.500;10.741.815.256.767.600;105.54;;;;;
49;8;0.13311437;0.24457696;10.015.252;10.487.189;102.95;0.1389460139572358;0.23433493663421046;10.210.268.645.382.200;10.567.472.334.625.300;103.76;;;;;
49;9;-0.21621893;0.20539105;0.49136424;0.6150494;58.16;-0.21052238701129444;0.19922465619377802;0.494585731761033;0.5732583929870184;53.72;;;;;
49;10;-0.076422796;0.2516873;10.884.756;11.196.648;110.17;-0.06819928626331546;0.22266708575416788;10.186.584.178.942.500;10.449.386.326.822.700;102.56;;;;;
49;11;0.3317035;0.25042412;10.906.426;12.620.504;124.61;0.3296996723082609;0.23501554083610515;1.088.652.753.006.370;11.615.072.083.215.900;114.42;;;;;
49;12;0.7768487;0.4188181;1.917.164;19.360.462;192.57;0.41808437803243104;0.23681009958089932;1.019.597.828.544.660;11.271.438.694.289.500;110.93;;;;;
49;13;0.23680523;0.23504812;0.84444;0.9390331;91.75;0.2327523744010705;0.22594926302579818;0.840857102927854;0.9012587890253615;87.88;;;;;
49;14;0.34264252;0.2248556;0.64670414;0.80634135;78.11;0.33511695558274823;0.21400934533663124;0.6514222086365952;0.7631869153198598;73.65;;;;;
49;15;0.16394138;0.23082872;0.7727025;0.9242948;90.24;0.1479100861892907;0.21749535036983883;0.7682716120443921;0.8120485766888034;78.7;;;;;
49;16;0.45785582;0.25255954;0.9750849;12.734.636;125.77;0.4356597904821861;0.23053081578732654;0.9226735918388962;10.460.738.344.626.700;102.68;;;;;
49;17;-0.26056117;0.20657706;0.613942;0.7155449;68.7;-0.25654043732088483;0.1974254123329111;0.6218565144075967;0.7010672677616437;67.19;;;;;
49;18;-0.019112285;0.21085124;0.58167887;0.6830329;65.31;-0.01524036056470393;0.20489775220749715;0.5889660412661155;0.6237758854063747;59.08;;;;;
49;19;-0.24337395;0.20921272;0.69559777;0.7744469;74.82;-0.24018025501955134;0.203906839353242;0.6872265171216753;0.756005846453236;72.91;;;;;
49;20;-0.20396714;0.23173971;0.9558679;10.945.262;107.61;-0.20501772925999626;0.22512804053349061;0.9654835104127693;10.123.602.682.959.900;99.24;;;;;
50;0;-0.14930852;0.20908421;0.58913213;0.65895504;62.79;-0.14765040769782167;0.20184040099832654;0.594181271193442;0.6446639228354204;61.29;;;;;
50;1;-0.0023215087;0.22142455;0.75956154;0.813561;78.86;-0.0030221561226178232;0.21611912604730665;0.7582317196350119;0.7884363961232056;76.26;;;;;
50;2;0.21421647;0.22230282;0.6749719;0.74701744;71.97;0.21663434976536186;0.21659041554530817;0.6843756075801869;0.7498078566240156;72.26;;;;;
50;3;0.27830505;0.22518021;0.7328017;0.85519046;83.15;0.26772579993503787;0.21273515074668134;0.7193527116228479;0.7964933596918516;77.1;;;;;
50;4;-0.07106642;0.22397763;0.8086071;0.8542242;83.05;-0.06816543155569008;0.21322651005621654;0.8048958183827772;0.8354455991266025;81.12;;;;;
50;5;0.44342518;0.23200808;0.81682634;0.95845383;93.74;0.44449651671708595;0.2243440996144184;0.8290034632613101;0.9670336966748745;94.61;;;;;
50;6;0.08876309;0.2506496;10.914.131;1.122.052;110.41;0.08155177507377698;0.23414195391374437;10.891.571.186.511.500;11.170.212.064.722.500;109.9;;;;;
50;7;0.31315905;0.2583054;10.768.031;11.535.932;113.61;0.2808969226507651;0.2401103168431512;10.176.924.472.199.100;10.827.067.758.805.500;106.41;;;;;
50;8;0.13451259;0.2464943;10.026.166;10.453.646;102.61;0.13879714001630447;0.2324897796528388;10.129.872.829.276.800;10.485.510.855.904.600;102.93;;;;;
50;9;-0.21594086;0.2068342;0.488509;0.59399956;55.93;-0.21052238701129444;0.19965962206725474;0.4943346040968929;0.5731931096276403;53.72;;;;;
50;10;0.7714668;0.4174136;19.013.937;19.378.675;192.75;0.41808437803243104;0.23681009958089932;1.019.597.828.544.660;11.271.438.694.289.500;110.93;;;;;
50;11;-0.0755243;0.25584975;11.039.412;11.358.945;111.81;-0.06819928626331546;0.22266708575416788;10.186.584.178.942.500;10.449.386.326.822.700;102.56;;;;;
50;12;0.33424652;0.25262466;10.952.977;12.946.358;127.91;0.3314764574680008;0.23700719796183484;10.978.786.237.945.600;11.710.621.359.801.100;115.39;;;;;
50;13;0.2358835;0.23437577;0.83872104;0.9454463;92.41;0.2327523744010705;0.22594926302579818;0.840857102927854;0.9012587890253615;87.88;;;;;
50;14;-0.25805625;0.20596272;0.61366564;0.706382;67.75;-0.257146695015122;0.19795044689736024;0.6215533855604781;0.701168605462165;67.2;;;;;
50;15;0.34231985;0.2242746;0.64704835;0.80621773;78.1;0.3339789771059028;0.21232698454775525;0.6482930938381448;0.7595450223877986;73.27;;;;;
50;16;0.45108876;0.24548405;0.94212675;14.936.029;148.02;0.433389137482019;0.22887232070971986;0.9160356523292639;10.389.080.806.369.500;101.95;;;;;
50;17;-0.016823675;0.21223211;0.5824215;0.64224046;61.03;-0.01531470378697078;0.2053901468828462;0.5921318244514598;0.6269288238044685;59.42;;;;;
50;18;0.15675525;0.2283984;0.76962227;0.8675247;84.42;0.1479100861892907;0.21685757832222577;0.7686398299077631;0.8122264407127724;78.72;;;;;
50;19;-0.24185692;0.20926328;0.69401956;0.7745987;74.83;-0.24018025501955134;0.203906839353242;0.6872265171216753;0.756005846453236;72.91;;;;;
50;20;-0.20197427;0.22948846;0.9548451;10.603.777;104.13;-0.2025919325979145;0.22267218318800988;0.9587263163927445;1.004.879.366.920.960;98.48;;;;;
51;0;-0.0030386313;0.22140557;0.7573775;0.82077456;79.6;-0.0030221561226178232;0.21611912604730665;0.7582317196350119;0.7884363961232056;76.26;;;;;
51;1;-0.1471128;0.20819908;0.589113;0.6583217;62.72;-0.14837418420614434;0.2028298147287105;0.5970939244836061;0.6478240401042217;61.62;;;;;
51;2;-0.07880952;0.22236839;0.8105212;0.8631923;83.97;-0.06816543155569008;0.21388865555787853;0.8045135284991499;0.8352466106328614;81.09;;;;;
51;3;0.2805449;0.22633645;0.7333735;0.8848572;86.2;0.2701551132473836;0.21583121592360702;0.7274152023334691;0.8054190062114323;78.02;;;;;
51;4;0.213847;0.22249833;0.6762533;0.759026;73.22;0.217173988459811;0.21780041786679033;0.6881989349968358;0.7538032484788518;72.68;;;;;
51;5;0.44564515;0.23189817;0.81754726;0.9788716;95.82;0.441591310725471;0.222877798309749;0.8235851399720205;0.9607132149972609;93.97;;;;;
51;6;0.090196334;0.24973196;10.751.855;11.153.203;109.72;0.08224289181169037;0.236126207760471;10.983.872.637.244.700;1.126.487.487.883.030;110.86;;;;;
51;7;0.3167545;0.25638083;10.800.334;11.480.258;113.05;0.27963032501933355;0.23821968442706343;10.096.791.208.638.500;10.744.271.328.607.400;105.56;;;;;
51;8;-0.2171475;0.20705092;0.48847502;0.5945739;55.99;-0.21052238701129444;0.19965962206725474;0.4943346040968929;0.5731931096276403;53.72;;;;;
51;9;0.13458684;0.2454966;100.536;10.507.983;103.16;0.1398987046196085;0.23350988231864744;10.215.032.098.694.100;1.057.150.566.602.610;103.81;;;;;
51;10;0.33311814;0.25340897;1.097.585;12.822.628;126.66;0.3296996723082609;0.23501554083610515;1.088.652.753.006.370;11.615.072.083.215.900;114.42;;;;;
51;11;0.23181033;0.23509295;0.84594077;0.9638818;94.29;0.2327523744010705;0.22594926302579818;0.840857102927854;0.9012587890253615;87.88;;;;;
51;12;0.784506;0.42781514;19.614.235;19.585.917;194.84;0.41713168737005835;0.23681009958089932;1.019.597.828.544.660;11.267.908.412.144.200;110.89;;;;;
51;13;-0.07391368;0.24371839;10.553.172;10.865.284;106.8;-0.0667286744686102;0.22092749914671345;10.107.001.490.044.500;10.367.142.649.125.500;101.72;;;;;
51;14;0.46308693;0.24715029;0.94892764;13.418.777;132.69;0.4356597904821861;0.22977750532529073;0.9231085158369359;1.046.291.779.097.570;102.7;;;;;
51;15;0.3412196;0.2244254;0.6487701;0.80386597;77.86;0.3339789771059028;0.21232698454775525;0.6482930938381448;0.7595450223877986;73.27;;;;;
51;16;-0.25374934;0.20475207;0.6155387;0.70904523;68.03;-0.25654043732088483;0.1974254123329111;0.6218565144075967;0.7010672677616437;67.19;;;;;
51;17;0.16315646;0.2306752;0.7723923;0.90385514;88.15;0.14684474589280813;0.21422900161528968;0.7593229834846388;0.8025140732581705;77.72;;;;;
51;18;-0.01565127;0.20863205;0.5810529;0.624253;59.13;-0.01531470378697078;0.2053901468828462;0.5921318244514598;0.6269288238044685;59.42;;;;;
51;19;-0.20746104;0.23241375;0.95755064;12.000.301;118.32;-0.20501772925999626;0.22434641012927314;0.965934784937051;1.012.617.198.056.700;99.27;;;;;
51;20;-0.2407232;0.21072201;0.69226354;0.7633454;73.67;-0.24018025501955134;0.203906839353242;0.6872265171216753;0.756005846453236;72.91;;;;;
52;0;-0.0037706206;0.22234991;0.7590828;0.7900914;76.44;-0.002294646889533231;0.21611912604730665;0.7582317196350119;0.788433943148357;76.26;;;;;
52;1;-0.14786075;0.21109003;0.59114575;0.6661881;63.55;-0.14765040769782167;0.20234750755325792;0.5938884930874445;0.6445531001616736;61.27;;;;;
52;2;-0.066340476;0.22378458;0.8060541;0.84244365;81.84;-0.06816543155569008;0.21322651005621654;0.8048958183827772;0.8354455991266025;81.12;;;;;
52;3;0.44698167;0.23262066;0.819213;0.9760893;95.54;0.44449651671708595;0.22366017301072805;0.8293983284700567;0.9672138406959112;94.63;;;;;
52;4;0.21571699;0.22284377;0.67685354;0.784929;75.9;0.21663434976536186;0.21601287752441412;0.6847090493120173;0.7499456560074237;72.28;;;;;
52;5;0.28144863;0.22614852;0.7340368;0.88976544;86.7;0.2701551132473836;0.21522328116477116;0.7277661936301327;0.8055733849624929;78.04;;;;;
52;6;0.08997241;0.24975674;10.898.708;11.187.043;110.07;0.0819198479514573;0.23814438047637254;1.107.775.189.055.450;11.360.411.422.689.300;111.83;;;;;
52;7;0.29624307;0.24825194;10.211.903;11.096.612;109.15;0.2808969226507651;0.2401103168431512;10.176.924.472.199.100;10.827.067.758.805.500;106.41;;;;;
52;8;-0.21352133;0.20560366;0.48793378;0.5822565;54.68;-0.21191130050066526;0.20049852804232723;0.49641164024856055;0.5757869185743016;53.99;;;;;
52;9;0.7631956;0.41406125;18.993.753;18.527.663;184.19;0.41808437803243104;0.23681009958089932;1.019.597.828.544.660;11.271.438.694.289.500;110.93;;;;;
52;10;0.13617139;0.24431694;0.9978926;10.410.076;102.16;0.1389460139572358;0.23433493663421046;10.210.268.645.382.200;10.567.472.334.625.300;103.76;;;;;
52;11;0.34312946;0.22455254;0.6485313;0.8061919;78.1;0.3339789771059028;0.21232698454775525;0.6482930938381448;0.7595450223877986;73.27;;;;;
52;12;-0.25923896;0.20525953;0.61380047;0.7108165;68.21;-0.257146695015122;0.19795044689736024;0.6215533855604781;0.701168605462165;67.2;;;;;
52;13;0.33401856;0.25419953;11.003.947;12.761.414;126.04;0.3314764574680008;0.23700719796183484;10.978.786.237.945.600;11.710.621.359.801.100;115.39;;;;;
52;14;0.23328415;0.23587447;0.8585049;0.96181685;94.08;0.2327523744010705;0.22525621740072532;0.8412572330060505;0.9014586864366083;87.9;;;;;
52;15;0.44695795;0.24454193;0.93756974;13.886.756;137.42;0.4356597904821861;0.22977750532529073;0.9231085158369359;1.046.291.779.097.570;102.7;;;;;
52;16;-0.07449074;0.25223428;1.089.509;11.210.111;110.3;-0.0676664793393833;0.22092749914671345;10.107.001.490.044.500;10.367.750.496.144.400;101.73;;;;;
52;17;-0.018543102;0.21125372;0.5812531;0.63697505;60.48;-0.01524036056470393;0.20439310733487126;0.5892573981191712;0.6238854799995924;59.1;;;;;
52;18;0.16671704;0.23255537;0.78452986;0.9187847;89.68;0.1479100861892907;0.21685757832222577;0.7686398299077631;0.8122264407127724;78.72;;;;;
52;19;-0.24461049;0.20468195;0.69637895;0.7704657;74.41;-0.24018025501955134;0.20448118655634107;0.6868949176093576;0.7558596023034384;72.89;;;;;
52;20;-0.19766814;0.23113485;0.95455927;0.9998511;97.96;-0.20501772925999626;0.22434641012927314;0.965934784937051;1.012.617.198.056.700;99.27;;;;;
53;0;-0.14996828;0.20971245;0.5891631;0.6615641;63.06;-0.14837418420614434;0.20333940710008763;0.5967997111908145;0.6477126741820741;61.61;;;;;
53;1;-0.0015958903;0.22535653;0.7678137;0.8585228;83.49;-0.0022808237154998984;0.21481720360123854;0.7536640586733552;0.7836843410811981;75.77;;;;;
53;2;0.21507871;0.22304711;0.6764699;0.7601598;73.34;0.21663434976536186;0.21659041554530817;0.6843756075801869;0.7498078566240156;72.26;;;;;
53;3;-0.074099764;0.2256046;0.80852914;0.8984398;87.59;-0.06816543155569008;0.21388865555787853;0.8045135284991499;0.8352466106328614;81.09;;;;;
53;4;0.2812383;0.22602731;0.7332921;0.8698398;84.65;0.2701551132473836;0.21583121592360702;0.7274152023334691;0.8054190062114323;78.02;;;;;
53;5;0.44177952;0.23137423;0.81927323;0.96967643;94.88;0.4466452418380007;0.22514136620947459;0.8348910326321102;0.9732541513935125;95.25;;;;;
53;6;0.089800134;0.25193706;10.856.321;11.248.568;110.69;0.0819198479514573;0.23814438047637254;1.107.775.189.055.450;11.360.411.422.689.300;111.83;;;;;
53;7;0.29569018;0.25179785;10.324.847;11.161.398;109.81;0.2808969226507651;0.2401103168431512;10.176.924.472.199.100;10.827.067.758.805.500;106.41;;;;;
53;8;0.13668112;0.2427551;0.9976254;10.420.645;102.27;0.1398987046196085;0.23433493663421046;10.210.268.645.382.200;10.568.729.196.030.900;103.78;;;;;
53;9;0.76402956;0.41513568;18.974.408;18.832.473;187.26;0.4204687408690188;0.23953623512763406;10.272.744.550.791.800;11.355.458.493.805.200;111.78;;;;;
53;10;-0.2145935;0.20489642;0.49155465;0.6040042;56.99;-0.21140693485587972;0.20049852804232723;0.49641164024856055;0.5756014840378405;53.97;;;;;
53;11;0.33131367;0.25253683;10.925.872;11.684.331;115.12;0.3314764574680008;0.23700719796183484;10.978.786.237.945.600;11.710.621.359.801.100;115.39;;;;;
53;12;-0.07500428;0.25038582;1.086.225;11.197.727;110.18;-0.06819928626331546;0.22266708575416788;10.186.584.178.942.500;10.449.386.326.822.700;102.56;;;;;
53;13;0.2376149;0.2327036;0.8394251;0.9180292;89.6;0.233508839843635;0.22746570103268274;0.8465004391891148;0.907099783363867;88.48;;;;;
53;14;0.43653262;0.23884256;0.9171937;11.505.947;113.31;0.433389137482019;0.228124429747411;0.9164674473776774;10.391.243.823.710.100;101.97;;;;;
53;15;0.3449153;0.22498736;0.6471816;0.8164389;79.16;0.33575546102667886;0.21345638340173265;0.6517414613585605;0.763585155485606;73.69;;;;;
53;16;0.16347305;0.23090863;0.77456486;0.90492785;88.25;0.14774014068483743;0.21616915920904714;0.7635870290441215;0.8072307015266142;78.21;;;;;
53;17;-0.26392207;0.2062116;0.6154817;0.7262721;69.82;-0.257146695015122;0.1974254123329111;0.6218565144075967;0.7012893416437938;67.22;;;;;
53;18;-0.018546306;0.21099514;0.58107615;0.6359466;60.37;-0.01524036056470393;0.20489775220749715;0.5889660412661155;0.6237758854063747;59.08;;;;;
53;19;-0.24733685;0.20687328;0.6927385;0.7722676;74.59;-0.24018025501955134;0.203906839353242;0.6872265171216753;0.756005846453236;72.91;;;;;
53;20;-0.20556788;0.2315714;0.9559152;11.333.518;111.56;-0.20501772925999626;0.22434641012927314;0.965934784937051;1.012.617.198.056.700;99.27;;;;;
54;0;-0.14830382;0.20863333;0.5896998;0.6602205;62.92;-0.14837418420614434;0.20333940710008763;0.5967997111908145;0.6477126741820741;61.61;;;;;
54;1;0.0028442903;0.22893538;0.7777587;0.9375157;91.59;-0.0022808237154998984;0.21481720360123854;0.7536640586733552;0.7836843410811981;75.77;;;;;
54;2;0.27766997;0.22672328;0.7321092;0.8675968;84.42;0.27103814906966844;0.21710081131139294;0.7316941152883718;0.8099201929022452;78.48;;;;;
54;3;0.44052806;0.23043168;0.8178922;0.9573522;93.62;0.44449651671708595;0.2243440996144184;0.8290034632613101;0.9670336966748745;94.61;;;;;
54;4;0.21455446;0.22268711;0.6776818;0.7842033;75.83;0.217173988459811;0.21721965337650578;0.6885342395316374;0.7539418532512714;72.69;;;;;
54;5;-0.07720944;0.22742634;0.8100889;0.8893808;86.66;-0.06860238945027783;0.21459334665914098;0.810055406962154;0.8408010196338244;81.67;;;;;
54;6;0.29451337;0.25098142;10.318.791;11.152.881;109.72;0.2808969226507651;0.2401103168431512;10.176.924.472.199.100;10.827.067.758.805.500;106.41;;;;;
54;7;0.08429561;0.24952736;10.811.415;11.135.954;109.55;0.0819198479514573;0.23814438047637254;1.107.775.189.055.450;11.360.411.422.689.300;111.83;;;;;
54;8;0.34363854;0.22556072;0.64959526;0.81540054;79.05;0.3339789771059028;0.21287702075813056;0.6479755302840206;0.7594279893198699;73.26;;;;;
54;9;-0.21577278;0.20729154;0.49009463;0.5918082;55.7;-0.21280544100910687;0.2013445133927168;0.49850620413146585;0.5782163992433915;54.25;;;;;
54;10;0.13449427;0.24522875;10.044.194;10.487.614;102.95;0.1389460139572358;0.23350988231864744;10.215.032.098.694.100;1.057.024.913.475.820;103.79;;;;;
54;11;0.7768762;0.42059055;19.263.616;19.654.995;195.53;0.4147923750557977;0.23576401095239574;10.110.969.046.054.900;11.180.135.660.033.800;110.0;;;;;
54;12;0.33652145;0.2557373;11.089.191;12.202.988;120.38;0.3296996723082609;0.23501554083610515;1.088.652.753.006.370;11.615.072.083.215.900;114.42;;;;;
54;13;-0.019207789;0.21059468;0.58036137;0.632097;59.96;-0.01524036056470393;0.20489775220749715;0.5889660412661155;0.6237758854063747;59.08;;;;;
54;14;-0.071150415;0.24571705;10.537.269;10.911.963;107.27;-0.06819928626331546;0.22266708575416788;10.186.584.178.942.500;10.449.386.326.822.700;102.56;;;;;
54;15;0.23242036;0.23436671;0.84083337;0.9349638;91.33;0.2327523744010705;0.22594926302579818;0.840857102927854;0.9012587890253615;87.88;;;;;
54;16;-0.26047385;0.20420612;0.613908;0.7137144;68.51;-0.2584520081877876;0.19842757178637765;0.6250131464604272;0.7048491860176201;67.59;;;;;
54;17;0.8017254;0.40543833;17.179.976;17.240.399;171.24;0.433389137482019;0.228124429747411;0.9164674473776774;10.391.243.823.710.100;101.97;;;;;
54;18;0.15497923;0.22800787;0.76919246;0.8585822;83.5;0.1479100861892907;0.21749535036983883;0.7682716120443921;0.8120485766888034;78.7;;;;;
54;19;-0.24661785;0.20541628;0.69540554;0.7716609;74.53;-0.24018025501955134;0.203906839353242;0.6872265171216753;0.756005846453236;72.91;;;;;
54;20;-0.20291317;0.23042403;0.9562508;1.031.686;101.21;-0.2025919325979145;0.22267218318800988;0.9587263163927445;1.004.879.366.920.960;98.48;;;;;
55;0;-0.14881277;0.20944746;0.5892176;0.65945536;62.84;-0.14706485148582674;0.20234750755325792;0.5938884930874445;0.6444192164866281;61.26;;;;;
55;1;0.002071488;0.22434555;0.7587875;0.87766576;85.46;-0.0030221561226178232;0.21611912604730665;0.7582317196350119;0.7884363961232056;76.26;;;;;
55;2;0.28144693;0.22661798;0.73432755;0.9014624;87.9;0.26945313065405635;0.21522328116477116;0.7277661936301327;0.8053382413405525;78.01;;;;;
55;3;-0.07595963;0.22877449;0.8104576;0.9406618;91.92;-0.06860238945027783;0.21459334665914098;0.810055406962154;0.8408010196338244;81.67;;;;;
55;4;0.21440768;0.22275832;0.6764453;0.781638;75.56;0.21663434976536186;0.21659041554530817;0.6843756075801869;0.7498078566240156;72.26;;;;;
55;5;0.4428026;0.23130785;0.8179953;0.96493393;94.4;0.44449651671708595;0.22366017301072805;0.8293983284700567;0.9672138406959112;94.63;;;;;
55;6;0.0907443;0.2518814;10.984.603;11.281.545;111.03;0.08122561195186868;0.236126207760471;10.983.872.637.244.700;11.264.136.749.615.700;110.85;;;;;
55;7;0.30485326;0.25160015;10.483.692;11.257.797;110.79;0.2786851358582394;0.23821968442706343;10.096.791.208.638.500;10.741.815.256.767.600;105.54;;;;;
55;8;0.13686779;0.2437539;0.99951327;10.428.458;102.35;0.1389460139572358;0.23350988231864744;10.215.032.098.694.100;1.057.024.913.475.820;103.79;;;;;
55;9;0.7729947;0.41876677;19.142.528;19.520.391;194.18;0.4204687408690188;0.23870458037754655;10.277.546.111.730.200;11.358.051.679.441.300;111.81;;;;;
55;10;-0.21654005;0.20920576;0.488342;0.5965751;56.21;-0.21280544100910687;0.2013445133927168;0.49850620413146585;0.5782163992433915;54.25;;;;;
55;11;-0.07473265;0.25408658;10.909.694;11.237.477;110.58;-0.06819928626331546;0.22266708575416788;10.186.584.178.942.500;10.449.386.326.822.700;102.56;;;;;
55;12;0.23450111;0.23492287;0.8595459;0.9546582;93.35;0.2327523744010705;0.22594926302579818;0.840857102927854;0.9012587890253615;87.88;;;;;
55;13;0.33248276;0.25064415;10.923.846;12.877.088;127.21;0.3296996723082609;0.23501554083610515;1.088.652.753.006.370;11.615.072.083.215.900;114.42;;;;;
55;14;0.34274375;0.2237266;0.64550936;0.806878;78.17;0.3339789771059028;0.21232698454775525;0.6482930938381448;0.7595450223877986;73.27;;;;;
55;15;0.7468251;0.36565822;15.689.958;15.594.658;154.66;0.4356597904821861;0.22977750532529073;0.9231085158369359;1.046.291.779.097.570;102.7;;;;;
55;16;-0.257816;0.20531768;0.613005;0.70756525;67.87;-0.257146695015122;0.19795044689736024;0.6215533855604781;0.701168605462165;67.2;;;;;
55;17;0.16167362;0.23073974;0.77305317;0.90082765;87.83;0.1479100861892907;0.21685757832222577;0.7686398299077631;0.8122264407127724;78.72;;;;;
55;18;-0.020258475;0.20968433;0.5809113;0.63442975;60.21;-0.01531470378697078;0.2058972534377776;0.5918390463454624;0.6268186946034789;59.41;;;;;
55;19;-0.20134708;0.2296539;0.9530987;10.442.667;102.49;-0.20501772925999626;0.22434641012927314;0.965934784937051;1.012.617.198.056.700;99.27;;;;;
55;20;-0.24309714;0.20858523;0.6949053;0.7764607;75.03;-0.24018025501955134;0.203906839353242;0.6872265171216753;0.756005846453236;72.91;;;;;
56;0;-0.0031332097;0.22547102;0.76754874;0.8057261;78.05;-0.0030221561226178232;0.21611912604730665;0.7582317196350119;0.7884363961232056;76.26;;;;;
56;1;-0.1481536;0.20894313;0.5902114;0.66261387;63.17;-0.14765040769782167;0.20234750755325792;0.5938884930874445;0.6445531001616736;61.27;;;;;
56;2;0.28024557;0.22566505;0.732971;0.86992174;84.66;0.2701551132473836;0.21522328116477116;0.7277661936301327;0.8055733849624929;78.04;;;;;
56;3;-0.076320216;0.22002307;0.8087576;0.8503071;82.65;-0.06816543155569008;0.21322651005621654;0.8048958183827772;0.8354455991266025;81.12;;;;;
56;4;0.4417912;0.23051032;0.8170313;0.9559849;93.48;0.44449651671708595;0.2243440996144184;0.8290034632613101;0.9670336966748745;94.61;;;;;
56;5;0.21205607;0.2219617;0.67688346;0.7594492;73.26;0.21839406704666392;0.21902401571997454;0.6920652211485037;0.7580380981894074;73.12;;;;;
56;6;0.09196238;0.24754785;10.770.717;11.131.994;109.51;0.08224289181169037;0.236126207760471;10.983.872.637.244.700;1.126.487.487.883.030;110.86;;;;;
56;7;0.2887593;0.246377;10.093.966;11.031.336;108.49;0.2808969226507651;0.2401103168431512;10.176.924.472.199.100;10.827.067.758.805.500;106.41;;;;;
56;8;0.1365647;0.24318384;0.9972655;1.037.252;101.78;0.14005758206889368;0.23620961612728414;10.291.950.794.545.200;10.652.012.113.302.300;104.63;;;;;
56;9;-0.2115897;0.20912933;0.48909825;0.59751046;56.3;-0.2096452103987474;0.1983945534596373;0.4925249578786954;0.5708698163495725;53.47;;;;;
56;10;0.7711146;0.41994894;19.154.267;1.968.794;195.86;0.41713168737005835;0.23681009958089932;1.019.597.828.544.660;11.267.908.412.144.200;110.89;;;;;
56;11;0.33134204;0.2517959;10.934.329;12.737.098;125.79;0.3296996723082609;0.23501554083610515;1.088.652.753.006.370;11.615.072.083.215.900;114.42;;;;;
56;12;0.23521784;0.23513985;0.84723514;0.9334604;91.18;0.23121096794808327;0.22445291029052802;0.8352885128422392;0.895290187773538;87.27;;;;;
56;13;-0.07702771;0.25461203;10.977.881;11.302.412;111.24;-0.0667286744686102;0.22092749914671345;10.107.001.490.044.500;10.367.142.649.125.500;101.72;;;;;
56;14;0.34254503;0.22455171;0.6465801;0.81346446;78.85;0.33511695558274823;0.21345638340173265;0.6517414613585605;0.7633046141533464;73.66;;;;;
56;15;-0.2574581;0.20414817;0.61251897;0.70546967;67.65;-0.25525128939464925;0.19643332483375078;0.6187316073000209;0.6975443166673642;66.83;;;;;
56;16;0.44908366;0.24582961;0.9420124;13.660.549;135.13;0.4356597904821861;0.22977750532529073;0.9231085158369359;1.046.291.779.097.570;102.7;;;;;
56;17;-0.019110706;0.21066786;0.5807166;0.63602024;60.38;-0.01524036056470393;0.20489775220749715;0.5889660412661155;0.6237758854063747;59.08;;;;;
56;18;0.16355819;0.23106217;0.7729598;0.90661025;88.43;0.14774014068483743;0.21553527601538292;0.7639530016766183;0.8074074517536471;78.22;;;;;
56;19;-0.20572862;0.22857136;0.95787585;10.045.127;98.44;-0.20501772925999626;0.22434641012927314;0.965934784937051;1.012.617.198.056.700;99.27;;;;;
56;20;-0.24314868;0.20938942;0.6936111;0.7782581;75.21;-0.24018025501955134;0.203906839353242;0.6872265171216753;0.756005846453236;72.91;;;;;
57;0;-0.1487856;0.20991212;0.58883315;0.6616222;63.07;-0.14765040769782167;0.20234750755325792;0.5938884930874445;0.6445531001616736;61.27;;;;;
57;1;-0.0030621164;0.2258628;0.7669952;0.80614036;78.09;-0.0030405839038532977;0.2174369255963756;0.7628550837791278;0.7932439351239569;76.76;;;;;
57;2;0.44418013;0.23145635;0.81711864;0.9592635;93.82;0.4466452418380007;0.22582982212842118;0.8344935524219811;0.9730727463314026;95.23;;;;;
57;3;0.2843315;0.22872588;0.7351261;0.95340896;93.22;0.2685844439843174;0.21397198301846435;0.7235349948299575;0.8008898187708504;77.55;;;;;
57;4;-0.07172957;0.22619848;0.80684;0.87070286;84.74;-0.06816543155569008;0.21388865555787853;0.8045135284991499;0.8352466106328614;81.09;;;;;
57;5;0.21451189;0.22276261;0.67733043;0.7838387;75.79;0.21839406704666392;0.21902401571997454;0.6920652211485037;0.7580380981894074;73.12;;;;;
57;6;0.08752383;0.2488348;10.817.319;11.124.512;109.43;0.08122561195186868;0.236126207760471;10.983.872.637.244.700;11.264.136.749.615.700;110.85;;;;;
57;7;0.30769703;0.25598824;10.577.245;11.441.872;112.66;0.2808969226507651;0.2401103168431512;10.176.924.472.199.100;10.827.067.758.805.500;106.41;;;;;
57;8;0.13709852;0.24253316;0.9940888;10.393.703;101.99;0.13879714001630447;0.2324897796528388;10.129.872.829.276.800;10.485.510.855.904.600;102.93;;;;;
57;9;-0.2153449;0.2032139;0.49065462;0.61252993;57.9;-0.2096452103987474;0.19882770697530783;0.49227487657982255;0.5708048050041918;53.46;;;;;
57;10;0.4290739;0.26215047;10.853.169;15.666.618;155.38;0.4204687408690188;0.23953623512763406;10.272.744.550.791.800;11.355.458.493.805.200;111.78;;;;;
57;11;0.23141444;0.23361279;0.84550315;0.936098;91.45;0.23121096794808327;0.22445291029052802;0.8352885128422392;0.895290187773538;87.27;;;;;
57;12;-0.07326574;0.24671674;10.617.585;10.931.774;107.47;-0.0667286744686102;0.22092749914671345;10.107.001.490.044.500;10.367.142.649.125.500;101.72;;;;;
57;13;0.33581498;0.25447568;11.027.956;1.350.751;133.59;0.3296996723082609;0.23501554083610515;1.088.652.753.006.370;11.615.072.083.215.900;114.42;;;;;
57;14;0.34252042;0.2237556;0.6461203;0.8134893;78.85;0.3339789771059028;0.21232698454775525;0.6482930938381448;0.7595450223877986;73.27;;;;;
57;15;-0.2571451;0.20534462;0.61302155;0.7087894;68.0;-0.25654043732088483;0.1974254123329111;0.6218565144075967;0.7010672677616437;67.19;;;;;
57;16;0.44231755;0.24378869;0.93378013;10.690.242;105.01;0.4356597904821861;0.23053081578732654;0.9226735918388962;10.460.738.344.626.700;102.68;;;;;
57;17;0.16196209;0.22986895;0.7710618;0.892136;86.94;0.14774014068483743;0.21616915920904714;0.7635870290441215;0.8072307015266142;78.21;;;;;
57;18;-0.015687922;0.21305253;0.5831076;0.7069516;67.81;-0.01524036056470393;0.20489775220749715;0.5889660412661155;0.6237758854063747;59.08;;;;;
57;19;-0.20469591;0.23244803;0.9565957;10.966.471;107.83;-0.20501772925999626;0.22434641012927314;0.965934784937051;1.012.617.198.056.700;99.27;;;;;
57;20;-0.24015222;0.20983982;0.6929707;0.7664308;73.99;-0.24018025501955134;0.203906839353242;0.6872265171216753;0.756005846453236;72.91;;;;;
58;0;-0.14730537;0.20932075;0.5906252;0.66154724;63.06;-0.14765040769782167;0.20234750755325792;0.5938884930874445;0.6445531001616736;61.27;;;;;
58;1;-0.002289387;0.22129051;0.7533881;0.8082628;78.31;-0.0022808237154998984;0.21481720360123854;0.7536640586733552;0.7836843410811981;75.77;;;;;
58;2;-0.06937271;0.22422022;0.806613;0.86328065;83.98;-0.06860238945027783;0.21525973668324952;0.8096706665023495;0.8406007555728156;81.65;;;;;
58;3;0.21388108;0.222514;0.67657536;0.7629888;73.63;0.21839406704666392;0.21960804293211464;0.6917280328803604;0.7578992891632695;73.1;;;;;
58;4;0.28116655;0.22618619;0.7338687;0.89345104;87.08;0.2685844439843174;0.21397198301846435;0.7235349948299575;0.8008898187708504;77.55;;;;;
58;5;0.44518396;0.23003083;0.81641924;0.95694435;93.58;0.441591310725471;0.222877798309749;0.8235851399720205;0.9607132149972609;93.97;;;;;
58;6;0.091832206;0.24814075;10.789.346;11.112.837;109.31;0.08224289181169037;0.236126207760471;10.983.872.637.244.700;1.126.487.487.883.030;110.86;;;;;
58;7;0.29279867;0.25017753;10.289.612;11.062.365;108.8;0.2808969226507651;0.2401103168431512;10.176.924.472.199.100;10.827.067.758.805.500;106.41;;;;;
58;8;0.13577843;0.24368137;0.99814653;10.441.657;102.48;0.1389460139572358;0.23433493663421046;10.210.268.645.382.200;10.567.472.334.625.300;103.76;;;;;
58;9;-0.21257468;0.20676485;0.48754728;0.58297217;54.76;-0.2096452103987474;0.19882770697530783;0.49227487657982255;0.5708048050041918;53.46;;;;;
58;10;-0.08215759;0.25530502;11.123.961;114.418;112.66;-0.06819928626331546;0.22266708575416788;10.186.584.178.942.500;10.449.386.326.822.700;102.56;;;;;
58;11;-0.2620908;0.20737872;0.6147282;0.7307054;70.28;-0.25525128939464925;0.19643332483375078;0.6187316073000209;0.6975443166673642;66.83;;;;;
58;12;0.76244664;0.4143548;1.895.923;19.294.012;191.9;0.41713168737005835;0.23681009958089932;1.019.597.828.544.660;11.267.908.412.144.200;110.89;;;;;
58;13;0.23656943;0.23641036;0.8590792;0.9427873;92.13;0.23195211424467743;0.22594926302579818;0.840857102927854;0.9010524514747745;87.86;;;;;
58;14;0.33725095;0.2544977;11.031.926;14.169.455;140.28;0.3296996723082609;0.23588912775846593;10.881.483.873.615.800;11.612.116.376.580.300;114.39;;;;;
58;15;0.34355256;0.22372642;0.6458745;0.8080863;78.29;0.3339789771059028;0.21232698454775525;0.6482930938381448;0.7595450223877986;73.27;;;;;
58;16;0.44221175;0.24209747;0.9340212;10.617.065;104.27;0.4356597904821861;0.22977750532529073;0.9231085158369359;1.046.291.779.097.570;102.7;;;;;
58;17;0.16336851;0.2304474;0.7722842;0.90161955;87.92;0.1479100861892907;0.21749535036983883;0.7682716120443921;0.8120485766888034;78.7;;;;;
58;18;-0.01795961;0.20957765;0.5807862;0.62520087;59.23;-0.01524036056470393;0.20489775220749715;0.5889660412661155;0.6237758854063747;59.08;;;;;
58;19;-0.24427792;0.21007384;0.6962295;0.779526;75.34;-0.24218147323332082;0.2044621171065326;0.6913778839486261;0.7605655801588888;73.38;;;;;
58;20;-0.20270874;0.23142402;0.9546275;1.073.932;105.51;-0.2025919325979145;0.22267218318800988;0.9587263163927445;1.004.879.366.920.960;98.48;;;;;
59;0;-0.1472198;0.20890632;0.58966154;0.659542;62.85;-0.14635094443977906;0.20136523809911588;0.5910055392375055;0.6412909678629067;60.93;;;;;
59;1;-0.0016215625;0.22880702;0.7820092;0.84925985;82.54;-0.0022808237154998984;0.21481720360123854;0.7536640586733552;0.7836843410811981;75.77;;;;;
59;2;-0.076451115;0.22391488;0.80950224;0.8666467;84.33;-0.06860238945027783;0.21459334665914098;0.810055406962154;0.8408010196338244;81.67;;;;;
59;3;0.27883264;0.22570312;0.73260754;0.8762542;85.31;0.2701551132473836;0.21522328116477116;0.7277661936301327;0.8055733849624929;78.04;;;;;
59;4;0.44374892;0.23231788;0.8189106;0.9663191;94.54;0.44449651671708595;0.22366017301072805;0.8293983284700567;0.9672138406959112;94.63;;;;;
59;5;0.21514325;0.22303686;0.6769538;0.79283184;76.72;0.21839406704666392;0.21843998850783447;0.6924024094166468;0.7581774816403236;73.13;;;;;
59;6;0.09146858;0.25387102;11.158.439;11.359.526;111.82;0.08224289181169037;0.23700719796183484;10.978.786.237.945.600;11.261.766.192.406.500;110.83;;;;;
59;7;0.30218676;0.25083038;10.430.197;11.234.199;110.55;0.2808969226507651;0.2401103168431512;10.176.924.472.199.100;10.827.067.758.805.500;106.41;;;;;
59;8;0.13617444;0.24330646;0.9972894;10.413.588;102.2;0.13879714001630447;0.23167122182794953;10.134.598.775.082.300;10.488.265.463.931.400;102.96;;;;;
59;9;-0.07422048;0.2498796;10.819.494;11.146.477;109.66;-0.06819928626331546;0.22266708575416788;10.186.584.178.942.500;10.449.386.326.822.700;102.56;;;;;
59;10;0.74682045;0.4040069;18.565.099;18.694.006;185.87;0.41808437803243104;0.23681009958089932;1.019.597.828.544.660;11.271.438.694.289.500;110.93;;;;;
59;11;-0.21601483;0.20516051;0.4882083;0.58486897;54.96;-0.21191130050066526;0.20006173458114684;0.4966638230709533;0.5758524551227995;54.0;;;;;
59;12;-0.0145181725;0.21339132;0.5825895;0.6479741;61.63;-0.01524036056470393;0.20489775220749715;0.5889660412661155;0.6237758854063747;59.08;;;;;
59;13;0.33111733;0.25131404;10.912.398;12.800.878;126.44;0.3296996723082609;0.23501554083610515;1.088.652.753.006.370;11.615.072.083.215.900;114.42;;;;;
59;14;0.34269446;0.22358434;0.6457844;0.8100677;78.5;0.33575546102667886;0.21345638340173265;0.6517414613585605;0.763585155485606;73.69;;;;;
59;15;0.2318041;0.23491882;0.8500926;0.98372084;96.32;0.23121096794808327;0.22445291029052802;0.8352885128422392;0.895290187773538;87.27;;;;;
59;16;0.16354115;0.2305677;0.77658707;0.9065046;88.42;0.1479100861892907;0.21749535036983883;0.7682716120443921;0.8120485766888034;78.7;;;;;
59;17;0.7253299;0.36382803;15.310.775;15.437.121;153.07;0.4356597904821861;0.22977750532529073;0.9231085158369359;1.046.291.779.097.570;102.7;;;;;
59;18;-0.26298356;0.20651615;0.61619174;0.72771;69.97;-0.25525128939464925;0.19695572103355447;0.6184300017134406;0.6974241491407969;66.81;;;;;
59;19;-0.24611324;0.20558886;0.6991355;0.77580315;74.96;-0.24018025501955134;0.203906839353242;0.6872265171216753;0.756005846453236;72.91;;;;;
59;20;-0.20110442;0.23231605;0.9557476;10.480.478;102.88;-0.2025919325979145;0.22344798052950937;0.9582784095887932;10.046.243.086.052.100;98.45;;;;;
60;0;-0.14713657;0.20830402;0.5891712;0.6571519;62.6;-0.14837418420614434;0.20333940710008763;0.5967997111908145;0.6477126741820741;61.61;;;;;
60;1;0.01598246;0.29238313;0.9737809;10.141.429;99.42;-0.002294646889533231;0.21611912604730665;0.7582317196350119;0.788433943148357;76.26;;;;;
60;2;-0.0716355;0.2252428;0.8059945;0.8711569;84.79;-0.06816543155569008;0.21388865555787853;0.8045135284991499;0.8352466106328614;81.09;;;;;
60;3;0.28004268;0.22553419;0.7325003;0.88932735;86.65;0.2701551132473836;0.21522328116477116;0.7277661936301327;0.8055733849624929;78.04;;;;;
60;4;0.4433465;0.23136938;0.81703454;0.9602526;93.92;0.44449651671708595;0.22366017301072805;0.8293983284700567;0.9672138406959112;94.63;;;;;
60;5;0.21513128;0.22389841;0.6774274;0.77785623;75.17;0.21663434976536186;0.21601287752441412;0.6847090493120173;0.7499456560074237;72.28;;;;;
60;6;0.2890258;0.24717732;10.084.895;11.072.754;108.91;0.2808969226507651;0.2401103168431512;10.176.924.472.199.100;10.827.067.758.805.500;106.41;;;;;
60;7;0.08672632;0.2504847;10.873.978;11.190.158;110.1;0.0819198479514573;0.23814438047637254;1.107.775.189.055.450;11.360.411.422.689.300;111.83;;;;;
60;8;0.13650574;0.24318744;0.99632806;10.393.907;102.0;0.14005758206889368;0.2353779613771967;10.296.752.355.483.600;10.654.811.127.836.300;104.65;;;;;
60;9;0.33513588;0.25443184;10.978.589;13.024.794;128.7;0.3296996723082609;0.23501554083610515;1.088.652.753.006.370;11.615.072.083.215.900;114.42;;;;;
60;10;0.2363562;0.23615944;0.85263366;0.95220107;93.1;0.23121096794808327;0.22445291029052802;0.8352885128422392;0.895290187773538;87.27;;;;;
60;11;0.7355603;0.3963052;18.264.127;17.935.176;178.23;0.4204687408690188;0.23870458037754655;10.277.546.111.730.200;11.358.051.679.441.300;111.81;;;;;
60;12;-0.21517327;0.2056894;0.49050584;0.60141104;56.72;-0.2110246423395746;0.19965962206725474;0.4943346040968929;0.5733777682873799;53.74;;;;;
60;13;-0.07403941;0.24748231;10.768.414;11.106.809;109.25;-0.0672540971022213;0.22266708575416788;10.186.584.178.942.500;10.448.773.693.606.800;102.56;;;;;
60;14;-0.015260486;0.2131289;0.5825601;0.7205093;69.22;-0.01524036056470393;0.20489775220749715;0.5889660412661155;0.6237758854063747;59.08;;;;;
60;15;0.34230137;0.22384378;0.6458169;0.80315876;77.79;0.3339789771059028;0.21232698454775525;0.6482930938381448;0.7595450223877986;73.27;;;;;
60;16;-0.256794;0.20458272;0.61217177;0.702303;67.32;-0.2597706408826233;0.1999703494167211;0.6278957670457891;0.7083233871505544;67.95;;;;;
60;17;0.1645011;0.23233044;0.7766368;0.9037423;88.13;0.14774014068483743;0.21553527601538292;0.7639530016766183;0.8074074517536471;78.22;;;;;
60;18;0.45456806;0.24486291;0.93657714;14.089.665;139.47;0.433389137482019;0.228124429747411;0.9164674473776774;10.391.243.823.710.100;101.97;;;;;
60;19;-0.19982824;0.23068069;0.95401394;0.9982353;97.8;-0.20501772925999626;0.22434641012927314;0.965934784937051;1.012.617.198.056.700;99.27;;;;;
60;20;-0.24559084;0.21230912;0.6925492;0.7933201;76.77;-0.24018025501955134;0.203906839353242;0.6872265171216753;0.756005846453236;72.91;;;;;
61;0;-0.0023917602;0.23266517;0.79012823;0.8942268;87.16;-0.002294646889533231;0.21611912604730665;0.7582317196350119;0.788433943148357;76.26;;;;;
61;1;-0.1482979;0.20703134;0.59050757;0.6574723;62.63;-0.14765040769782167;0.20184040099832654;0.594181271193442;0.6446639228354204;61.29;;;;;
61;2;-0.07170598;0.2239382;0.80641484;0.8535896;82.98;-0.06860238945027783;0.21459334665914098;0.810055406962154;0.8408010196338244;81.67;;;;;
61;3;0.44256848;0.23056898;0.8168386;0.9556763;93.45;0.44449651671708595;0.22366017301072805;0.8293983284700567;0.9672138406959112;94.63;;;;;
61;4;0.2798268;0.22538993;0.73368156;0.8717554;84.85;0.27103814906966844;0.2164893004657404;0.7320471712397217;0.810075525113144;78.5;;;;;
61;5;0.21455982;0.22289672;0.6768088;0.76702917;74.05;0.217173988459811;0.21780041786679033;0.6881989349968358;0.7538032484788518;72.68;;;;;
61;6;0.29754567;0.24886093;10.285.027;11.196.454;110.16;0.2808969226507651;0.2401103168431512;10.176.924.472.199.100;10.827.067.758.805.500;106.41;;;;;
61;7;0.0909466;0.2538973;11.015.674;11.342.758;111.65;0.08224289181169037;0.23700719796183484;10.978.786.237.945.600;11.261.766.192.406.500;110.83;;;;;
61;8;-0.074835755;0.24938923;10.835.997;11.176.851;109.96;-0.06819928626331546;0.22266708575416788;10.186.584.178.942.500;10.449.386.326.822.700;102.56;;;;;
61;9;-0.21501751;0.21300298;0.490291;0.6035878;56.95;-0.21229894723923787;0.2009058769211517;0.49875945101640035;0.5780960165565291;54.24;;;;;
61;10;0.13700071;0.24456161;0.99874026;10.387.074;101.93;0.13879714001630447;0.2324897796528388;10.129.872.829.276.800;10.485.510.855.904.600;102.93;;;;;
61;11;0.7688586;0.41874033;19.136.502;19.464.415;193.61;0.4204687408690188;0.23870458037754655;10.277.546.111.730.200;11.358.051.679.441.300;111.81;;;;;
61;12;0.23542666;0.23174205;0.83402574;0.90691537;88.46;0.23121096794808327;0.22376445437158143;0.8356859930523681;0.8954887613608692;87.29;;;;;
61;13;-0.01624673;0.21286008;0.58257365;0.7684192;74.19;-0.01524036056470393;0.20439310733487126;0.5892573981191712;0.6238854799995924;59.1;;;;;
61;14;0.33345252;0.25372106;10.995.896;13.779.657;136.34;0.3314764574680008;0.23700719796183484;10.978.786.237.945.600;11.710.621.359.801.100;115.39;;;;;
61;15;0.34336782;0.22393902;0.6465015;0.807696;78.25;0.3339789771059028;0.21232698454775525;0.6482930938381448;0.7595450223877986;73.27;;;;;
61;16;-0.26113725;0.2053205;0.6145671;0.716157;68.77;-0.2578426730433259;0.1989552715009002;0.6247084788881964;0.7045045973554243;67.55;;;;;
61;17;0.44466287;0.24350674;0.9366076;12.494.365;123.33;0.433389137482019;0.22887232070971986;0.9160356523292639;10.389.080.806.369.500;101.95;;;;;
61;18;0.15685888;0.22982986;0.7720801;0.860125;83.65;0.14774014068483743;0.21553527601538292;0.7639530016766183;0.8074074517536471;78.22;;;;;
61;19;-0.2448454;0.20443584;0.6984827;0.77148414;74.51;-0.24018025501955134;0.203906839353242;0.6872265171216753;0.756005846453236;72.91;;;;;
61;20;-0.20446686;0.23208937;0.9555386;11.248.881;110.7;-0.2025919325979145;0.22344798052950937;0.9582784095887932;10.046.243.086.052.100;98.45;;;;;
62;0;-0.14824238;0.2089229;0.5889828;0.65779334;62.67;-0.14765040769782167;0.20184040099832654;0.594181271193442;0.6446639228354204;61.29;;;;;
62;1;-0.003809371;0.22683151;0.77396595;0.8440756;82.0;-0.002294646889533231;0.21611912604730665;0.7582317196350119;0.788433943148357;76.26;;;;;
62;2;0.28135806;0.2263654;0.734449;0.8788044;85.57;0.27103814906966844;0.2164893004657404;0.7320471712397217;0.810075525113144;78.5;;;;;
62;3;0.44483486;0.23162283;0.8175414;0.96980655;94.9;0.441591310725471;0.222877798309749;0.8235851399720205;0.9607132149972609;93.97;;;;;
62;4;-0.074069716;0.22355692;0.807386;0.86147445;83.79;-0.06816543155569008;0.21322651005621654;0.8048958183827772;0.8354455991266025;81.12;;;;;
62;5;0.21762823;0.2244241;0.6779646;0.78391665;75.8;0.217173988459811;0.21721965337650578;0.6885342395316374;0.7539418532512714;72.69;;;;;
62;6;0.2977796;0.24886739;10.245.967;11.006.535;108.23;0.2786851358582394;0.23821968442706343;10.096.791.208.638.500;10.741.815.256.767.600;105.54;;;;;
62;7;0.08992103;0.24982752;10.847.216;111.571;109.76;0.08224289181169037;0.23700719796183484;10.978.786.237.945.600;11.261.766.192.406.500;110.83;;;;;
62;8;0.13505262;0.24438474;0.9989294;10.438.708;102.45;0.1389460139572358;0.23433493663421046;10.210.268.645.382.200;10.567.472.334.625.300;103.76;;;;;
62;9;-0.01565499;0.21229535;0.58191395;0.70808566;67.93;-0.01524036056470393;0.20489775220749715;0.5889660412661155;0.6237758854063747;59.08;;;;;
62;10;0.7682247;0.41615185;1.904.671;19.332.452;192.29;0.41713168737005835;0.23681009958089932;1.019.597.828.544.660;11.267.908.412.144.200;110.89;;;;;
62;11;0.3334862;0.25244543;10.906.792;12.506.857;123.46;0.3314764574680008;0.236126207760471;10.983.872.637.244.700;11.713.610.924.727.700;115.42;;;;;
62;12;-0.07471103;0.24887088;10.817.945;11.133.305;109.52;-0.06819928626331546;0.22266708575416788;10.186.584.178.942.500;10.449.386.326.822.700;102.56;;;;;
62;13;0.23070787;0.23408468;0.83717525;0.9293006;90.75;0.233508839843635;0.22746570103268274;0.8465004391891148;0.907099783363867;88.48;;;;;
62;14;-0.2164561;0.20656163;0.4897604;0.59354156;55.88;-0.21280544100910687;0.2013445133927168;0.49850620413146585;0.5782163992433915;54.25;;;;;
62;15;0.3440184;0.22407489;0.6467007;0.8101915;78.51;0.3339789771059028;0.21232698454775525;0.6482930938381448;0.7595450223877986;73.27;;;;;
62;16;-0.26262808;0.20760493;0.61535865;0.72755575;69.95;-0.25397503294767604;0.19545115820958203;0.6156379492635208;0.6940565950840274;66.46;;;;;
62;17;0.15755533;0.23046261;0.7761436;0.8697639;84.65;0.1479100861892907;0.21749535036983883;0.7682716120443921;0.8120485766888034;78.7;;;;;
62;18;0.7070776;0.35414028;14.760.511;14.223.217;140.82;0.433389137482019;0.22887232070971986;0.9160356523292639;10.389.080.806.369.500;101.95;;;;;
62;19;-0.24688965;0.20982647;0.69195336;0.7755312;74.93;-0.24018025501955134;0.20333249215014293;0.6875581166339928;0.7561526439909656;72.92;;;;;
62;20;-0.19933936;0.23025079;0.9539087;0.99868876;97.85;-0.2025919325979145;0.22267218318800988;0.9587263163927445;1.004.879.366.920.960;98.48;;;;;
63;0;-0.0030253972;0.2207328;0.75853026;0.7942782;76.87;-0.0030405839038532977;0.2174369255963756;0.7628550837791278;0.7932439351239569;76.76;;;;;
63;1;-0.14933011;0.20973228;0.5894275;0.6662803;63.56;-0.14765040769782167;0.20234750755325792;0.5938884930874445;0.6445531001616736;61.27;;;;;
63;2;0.44414538;0.2301766;0.81740564;0.9596252;93.86;0.4437067862995928;0.2243440996144184;0.8290034632613101;0.9666709519476433;94.58;;;;;
63;3;-0.073373266;0.2229314;0.80891913;0.8560448;83.24;-0.06816543155569008;0.21388865555787853;0.8045135284991499;0.8352466106328614;81.09;;;;;
63;4;0.087209836;0.24895307;10.786.709;11.088.732;109.07;0.08224289181169037;0.236126207760471;10.983.872.637.244.700;1.126.487.487.883.030;110.86;;;;;
63;5;0.2835866;0.22726731;0.73489;0.916851;89.48;0.2685844439843174;0.21397198301846435;0.7235349948299575;0.8008898187708504;77.55;;;;;
63;6;0.30508348;0.25172767;10.508.504;11.253.076;110.74;0.2808969226507651;0.2401103168431512;10.176.924.472.199.100;10.827.067.758.805.500;106.41;;;;;
63;7;0.21308911;0.222372;0.67663324;0.76854616;74.21;0.21839406704666392;0.21902401571997454;0.6920652211485037;0.7580380981894074;73.12;;;;;
63;8;-0.21461709;0.20772482;0.4897027;0.5902295;55.53;-0.21052238701129444;0.19965962206725474;0.4943346040968929;0.5731931096276403;53.72;;;;;
63;9;0.13521174;0.24513602;10.010.595;10.430.541;102.37;0.1389460139572358;0.23433493663421046;10.210.268.645.382.200;10.567.472.334.625.300;103.76;;;;;
63;10;-0.07390742;0.24961388;10.802.317;11.098.244;109.17;-0.0672540971022213;0.22266708575416788;10.186.584.178.942.500;10.448.773.693.606.800;102.56;;;;;
63;11;0.70269203;0.38878274;17.978.296;1.595.061;158.25;0.4204687408690188;0.23953623512763406;10.272.744.550.791.800;11.355.458.493.805.200;111.78;;;;;
63;12;0.23480289;0.2339794;0.8423469;0.9369962;91.54;0.23195211424467743;0.22594926302579818;0.840857102927854;0.9010524514747745;87.86;;;;;
63;13;0.33215797;0.25057665;10.916.777;12.948.472;127.93;0.3296996723082609;0.23501554083610515;1.088.652.753.006.370;11.615.072.083.215.900;114.42;;;;;
63;14;0.34266067;0.22405943;0.646124;0.80985725;78.48;0.33575546102667886;0.21290342146683405;0.6520607140805258;0.7637033267759983;73.71;;;;;
63;15;-0.018564802;0.21046628;0.58163285;0.6564396;62.52;-0.01524036056470393;0.20489775220749715;0.5889660412661155;0.6237758854063747;59.08;;;;;
63;16;0.44668028;0.24374415;0.93232054;11.077.113;108.95;0.4302935007857189;0.22649496953492945;0.9099212513249796;10.317.020.653.540.800;101.21;;;;;
63;17;-0.26345295;0.2037617;0.6160637;0.72241646;69.42;-0.2584520081877876;0.19842757178637765;0.6250131464604272;0.7048491860176201;67.59;;;;;
63;18;0.16405113;0.23031431;0.7736522;0.90499043;88.26;0.1479100861892907;0.21685757832222577;0.7686398299077631;0.8122264407127724;78.72;;;;;
63;19;-0.24401121;0.20374525;0.69671965;0.7685607;74.21;-0.24018025501955134;0.203906839353242;0.6872265171216753;0.756005846453236;72.91;;;;;
63;20;-0.20120749;0.22862741;0.9555366;10.389.751;101.95;-0.2025919325979145;0.22344798052950937;0.9582784095887932;10.046.243.086.052.100;98.45;;;;;
64;0;-0.1481219;0.20728639;0.58876836;0.6570712;62.59;-0.14896261079172746;0.20333940710008763;0.5967997111908145;0.6478477206652367;61.62;;;;;
64;1;0.021010915;0.2884203;10.491.073;10.603.273;104.13;-0.0030221561226178232;0.21611912604730665;0.7582317196350119;0.7884363961232056;76.26;;;;;
64;2;-0.07482662;0.22262007;0.8087632;0.856585;83.29;-0.06860238945027783;0.21459334665914098;0.810055406962154;0.8408010196338244;81.67;;;;;
64;3;0.2121998;0.2213301;0.6766266;0.7623139;73.56;0.217173988459811;0.21721965337650578;0.6885342395316374;0.7539418532512714;72.69;;;;;
64;4;0.27892095;0.2254278;0.736822;0.8539965;83.02;0.2701551132473836;0.21522328116477116;0.7277661936301327;0.8055733849624929;78.04;;;;;
64;5;0.44500333;0.23454794;0.81879425;10.149.634;99.51;0.4466452418380007;0.22514136620947459;0.8348910326321102;0.9732541513935125;95.25;;;;;
64;6;0.08304332;0.25064084;10.807.502;11.187.938;110.08;0.08224289181169037;0.236126207760471;10.983.872.637.244.700;1.126.487.487.883.030;110.86;;;;;
64;7;0.3123276;0.25324944;10.719.535;11.395.367;112.18;0.2808969226507651;0.2401103168431512;10.176.924.472.199.100;10.827.067.758.805.500;106.41;;;;;
64;8;0.13564906;0.24475853;10.028.641;10.460.134;102.67;0.13879714001630447;0.23167122182794953;10.134.598.775.082.300;10.488.265.463.931.400;102.96;;;;;
64;9;0.32969266;0.25162;10.932.639;12.420.146;122.58;0.3314764574680008;0.23700719796183484;10.978.786.237.945.600;11.710.621.359.801.100;115.39;;;;;
64;10;-0.07494744;0.24964473;10.851.262;11.175.468;109.95;-0.0672540971022213;0.22266708575416788;10.186.584.178.942.500;10.448.773.693.606.800;102.56;;;;;
64;11;-0.2147212;0.20465735;0.49135947;0.60918814;57.54;-0.21280544100910687;0.2009058769211517;0.49875945101640035;0.5782822123174104;54.26;;;;;
64;12;0.22822547;0.23321337;0.83187413;0.9453667;92.4;0.2327523744010705;0.22594926302579818;0.840857102927854;0.9012587890253615;87.88;;;;;
64;13;0.7792373;0.42297733;1.935.128;20.304.706;202.06;0.41808437803243104;0.23763515389646234;10.191.214.832.134.700;11.268.866.895.430.900;110.9;;;;;
64;14;-0.016249107;0.21251221;0.58269936;0.6444019;61.26;-0.01524036056470393;0.20489775220749715;0.5889660412661155;0.6237758854063747;59.08;;;;;
64;15;-0.26291814;0.20427439;0.6150787;0.72036934;69.2;-0.257146695015122;0.1974254123329111;0.6218565144075967;0.7012893416437938;67.22;;;;;
64;16;0.3425591;0.2237789;0.64569783;0.8055949;78.04;0.33511695558274823;0.21345638340173265;0.6517414613585605;0.7633046141533464;73.66;;;;;
64;17;0.15467402;0.22652277;0.7719813;0.8330368;80.87;0.1479100861892907;0.21749535036983883;0.7682716120443921;0.8120485766888034;78.7;;;;;
64;18;0.6943388;0.3493988;14.595.389;1.431.942;141.79;0.433389137482019;0.22887232070971986;0.9160356523292639;10.389.080.806.369.500;101.95;;;;;
64;19;-0.24543527;0.20474166;0.69444317;0.76773924;74.12;-0.24018025501955134;0.20448118655634107;0.6868949176093576;0.7558596023034384;72.89;;;;;
64;20;-0.20204651;0.23117077;0.95619;10.629.079;104.39;-0.20501772925999626;0.22434641012927314;0.965934784937051;1.012.617.198.056.700;99.27;;;;;
65;0;-0.14864647;0.20846704;0.58880913;0.65908027;62.8;-0.14837418420614434;0.2028298147287105;0.5970939244836061;0.6478240401042217;61.62;;;;;
65;1;-0.0016358948;0.23093614;0.78658414;0.8735624;85.04;-0.0030405839038532977;0.2174369255963756;0.7628550837791278;0.7932439351239569;76.76;;;;;
65;2;0.21340738;0.22231102;0.6768571;0.7624239;73.57;0.21663434976536186;0.21659041554530817;0.6843756075801869;0.7498078566240156;72.26;;;;;
65;3;-0.06820777;0.22327878;0.80603313;0.8482814;82.44;-0.06860238945027783;0.21459334665914098;0.810055406962154;0.8408010196338244;81.67;;;;;
65;4;0.28040814;0.22546917;0.73467356;0.8734435;85.02;0.2701551132473836;0.21583121592360702;0.7274152023334691;0.8054190062114323;78.02;;;;;
65;5;0.44364762;0.23062174;0.81654906;0.9732476;95.25;0.4466452418380007;0.22582982212842118;0.8344935524219811;0.9730727463314026;95.23;;;;;
65;6;0.08710517;0.2497587;10.871.542;11.174.418;109.94;0.0819198479514573;0.23814438047637254;1.107.775.189.055.450;11.360.411.422.689.300;111.83;;;;;
65;7;0.30494663;0.25313252;10.519.091;11.284.952;111.06;0.2808969226507651;0.2401103168431512;10.176.924.472.199.100;10.827.067.758.805.500;106.41;;;;;
65;8;0.13840374;0.24695644;1.010.064;10.487.157;102.95;0.13879714001630447;0.2324897796528388;10.129.872.829.276.800;10.485.510.855.904.600;102.93;;;;;
65;9;-0.21271835;0.21144292;0.4895888;0.59861827;56.42;-0.21052238701129444;0.19965962206725474;0.4943346040968929;0.5731931096276403;53.72;;;;;
65;11;0.74068487;0.40064937;18.373.561;17.937.487;178.26;0.41808437803243104;0.23763515389646234;10.191.214.832.134.700;11.268.866.895.430.900;110.9;;;;;
65;12;0.23868151;0.23395456;0.8482861;0.95315397;93.19;0.233508839843635;0.22746570103268274;0.8465004391891148;0.907099783363867;88.48;;;;;
65;13;0.33590505;0.2536314;1.092.036;13.518.393;133.7;0.3314764574680008;0.23700719796183484;10.978.786.237.945.600;11.710.621.359.801.100;115.39;;;;;
65;14;0.34374297;0.22406971;0.64687943;0.8011891;77.58;0.3339789771059028;0.21232698454775525;0.6482930938381448;0.7595450223877986;73.27;;;;;
65;15;-0.26076657;0.2049129;0.61271715;0.7100409;68.13;-0.2597706408826233;0.19943995735671632;0.6282019890444089;0.7084453553340366;67.96;;;;;
65;16;-0.01680137;0.21166283;0.58138883;0.6938841;66.44;-0.015900259998965695;0.2058972534377776;0.5918390463454624;0.6268332744999754;59.41;;;;;
65;17;0.44542804;0.2435159;0.9324391;13.482.963;133.34;0.4356597904821861;0.22977750532529073;0.9231085158369359;1.046.291.779.097.570;102.7;;;;;
65;18;0.15632819;0.22765169;0.76979655;0.85769725;83.41;0.1479100861892907;0.21685757832222577;0.7686398299077631;0.8122264407127724;78.72;;;;;
65;19;-0.20111956;0.23155938;0.95571595;10.468.864;102.76;-0.2025919325979145;0.22267218318800988;0.9587263163927445;1.004.879.366.920.960;98.48;;;;;
65;20;-0.2452035;0.20473665;0.70072156;0.77391475;74.76;-0.24018025501955134;0.20333249215014293;0.6875581166339928;0.7561526439909656;72.92;;;;;
66;0;-0.14950353;0.20905265;0.58997667;0.6603129;62.93;-0.14837418420614434;0.20333940710008763;0.5967997111908145;0.6477126741820741;61.61;;;;;
66;1;-0.00084599416;0.22453353;0.7645571;0.82571876;80.11;-0.0030405839038532977;0.2174369255963756;0.7628550837791278;0.7932439351239569;76.76;;;;;
66;2;0.44405526;0.23135334;0.81699264;0.96186364;94.08;0.44449651671708595;0.2243440996144184;0.8290034632613101;0.9670336966748745;94.61;;;;;
66;3;0.21323481;0.22227481;0.6783807;0.7849818;75.91;0.217173988459811;0.21780041786679033;0.6881989349968358;0.7538032484788518;72.68;;;;;
66;4;0.28029832;0.22606581;0.73292595;0.8946003;87.2;0.2701551132473836;0.21522328116477116;0.7277661936301327;0.8055733849624929;78.04;;;;;
66;5;-0.07723802;0.2229481;0.80948365;0.8583727;83.47;-0.06860238945027783;0.21525973668324952;0.8096706665023495;0.8406007555728156;81.65;;;;;
66;6;0.089220256;0.24855667;10.831.091;11.115.211;109.34;0.0819198479514573;0.23814438047637254;1.107.775.189.055.450;11.360.411.422.689.300;111.83;;;;;
66;7;0.2961534;0.25266188;10.326.849;11.222.813;110.43;0.2786851358582394;0.23821968442706343;10.096.791.208.638.500;10.741.815.256.767.600;105.54;;;;;
66;8;0.13578284;0.24375303;10.006.231;10.458.565;102.66;0.1398987046196085;0.23350988231864744;10.215.032.098.694.100;1.057.150.566.602.610;103.81;;;;;
66;9;-0.02084248;0.21016544;0.5809297;0.63737416;60.52;-0.01531470378697078;0.2058972534377776;0.5918390463454624;0.6268186946034789;59.41;;;;;
66;10;0.7722384;0.41958177;19.184.585;19.354.695;192.51;0.4204687408690188;0.23870458037754655;10.277.546.111.730.200;11.358.051.679.441.300;111.81;;;;;
66;11;0.33273873;0.25284415;10.930.537;12.110.403;119.44;0.3314764574680008;0.23700719796183484;10.978.786.237.945.600;11.710.621.359.801.100;115.39;;;;;
66;12;0.23517571;0.23537636;0.8482644;0.9593531;93.83;0.2327523744010705;0.22594926302579818;0.840857102927854;0.9012587890253615;87.88;;;;;
66;13;-0.0829026;0.25762016;11.224.834;11.545.554;113.71;-0.0672540971022213;0.22266708575416788;10.186.584.178.942.500;10.448.773.693.606.800;102.56;;;;;
66;14;-0.21659969;0.20748009;0.48965305;0.60149944;56.73;-0.21370715897948447;0.20175717300980064;0.5008728385207072;0.5807325606746876;54.52;;;;;
66;15;0.34310877;0.22454847;0.6470654;0.8131314;78.82;0.33511695558274823;0.21345638340173265;0.6517414613585605;0.7633046141533464;73.66;;;;;
66;16;0.8190638;0.41555902;17.812.679;1.646.299;163.41;0.4356597904821861;0.22977750532529073;0.9231085158369359;1.046.291.779.097.570;102.7;;;;;
66;17;-0.26017332;0.20748176;0.6146123;0.7387811;71.12;-0.25525128939464925;0.19643332483375078;0.6187316073000209;0.6975443166673642;66.83;;;;;
66;18;0.16460115;0.2311913;0.7767389;0.90079427;87.83;0.14774014068483743;0.21553527601538292;0.7639530016766183;0.8074074517536471;78.22;;;;;
66;19;-0.24820055;0.21307716;0.69333917;0.80147845;77.61;-0.24018025501955134;0.203906839353242;0.6872265171216753;0.756005846453236;72.91;;;;;
66;20;-0.20089863;0.23069204;0.9533245;10.755.686;105.68;-0.2025919325979145;0.22267218318800988;0.9587263163927445;1.004.879.366.920.960;98.48;;;;;
67;0;-0.14759319;0.21067075;0.5905674;0.6683522;63.77;-0.14706485148582674;0.20234750755325792;0.5938884930874445;0.6444192164866281;61.26;;;;;
67;1;-0.002647954;0.22097257;0.75313747;0.80586874;78.07;-0.0022808237154998984;0.21481720360123854;0.7536640586733552;0.7836843410811981;75.77;;;;;
67;2;-0.074076936;0.22220233;0.8081411;0.8561886;83.25;-0.06816543155569008;0.21388865555787853;0.8045135284991499;0.8352466106328614;81.09;;;;;
67;3;0.4462573;0.23105665;0.816911;0.97298604;95.22;0.44449651671708595;0.2243440996144184;0.8290034632613101;0.9670336966748745;94.61;;;;;
67;4;0.21166417;0.22179058;0.6770162;0.75366586;72.66;0.217173988459811;0.21780041786679033;0.6881989349968358;0.7538032484788518;72.68;;;;;
67;5;0.28010246;0.22594944;0.73326004;0.88499206;86.21;0.27103814906966844;0.2164893004657404;0.7320471712397217;0.810075525113144;78.5;;;;;
67;6;0.0899503;0.24932899;10.862.184;11.173.922;109.93;0.0819198479514573;0.23814438047637254;1.107.775.189.055.450;11.360.411.422.689.300;111.83;;;;;
67;7;0.29269838;0.24903722;10.236.218;11.084.158;109.02;0.2808969226507651;0.2401103168431512;10.176.924.472.199.100;10.827.067.758.805.500;106.41;;;;;
67;8;-0.01682026;0.21236874;0.582136;0.6592791;62.82;-0.01524036056470393;0.20489775220749715;0.5889660412661155;0.6237758854063747;59.08;;;;;
67;9;0.7628919;0.41540325;19.003.863;19.194.514;190.9;0.4204687408690188;0.23953623512763406;10.272.744.550.791.800;11.355.458.493.805.200;111.78;;;;;
67;10;0.13655247;0.24330056;0.9971692;10.553.213;103.62;0.1389460139572358;0.23350988231864744;10.215.032.098.694.100;1.057.024.913.475.820;103.79;;;;;
67;11;0.33273163;0.25351676;1.095.712;12.468.265;123.07;0.3296996723082609;0.23501554083610515;1.088.652.753.006.370;11.615.072.083.215.900;114.42;;;;;
67;12;-0.07372792;0.24777529;1.071.955;11.055.466;108.73;-0.06819928626331546;0.22266708575416788;10.186.584.178.942.500;10.449.386.326.822.700;102.56;;;;;
67;13;-0.21697439;0.20553422;0.4921101;0.6134583;57.99;-0.21280544100910687;0.2009058769211517;0.49875945101640035;0.5782822123174104;54.26;;;;;
67;14;0.23680249;0.23219475;0.8399869;0.9176879;89.56;0.2327523744010705;0.22594926302579818;0.840857102927854;0.9012587890253615;87.88;;;;;
67;15;0.3406428;0.22323285;0.6453273;0.7995433;77.41;0.3339789771059028;0.21287702075813056;0.6479755302840206;0.7594279893198699;73.26;;;;;
67;16;0.44362193;0.24224639;0.9326156;11.093.172;109.11;0.4356597904821861;0.23053081578732654;0.9226735918388962;10.460.738.344.626.700;102.68;;;;;
67;17;-0.25868532;0.20574293;0.61276674;0.70891213;68.01;-0.25654043732088483;0.1974254123329111;0.6218565144075967;0.7010672677616437;67.19;;;;;
67;18;0.1624843;0.22957197;0.7722174;0.88826376;86.55;0.14774014068483743;0.21553527601538292;0.7639530016766183;0.8074074517536471;78.22;;;;;
67;19;-0.20830026;0.2323551;0.9572493;11.771.147;116.0;-0.2025919325979145;0.22344798052950937;0.9582784095887932;10.046.243.086.052.100;98.45;;;;;
67;20;-0.24420685;0.21148184;0.6915773;0.7780619;75.19;-0.24018025501955134;0.203906839353242;0.6872265171216753;0.756005846453236;72.91;;;;;
68;0;-0.14756766;0.20817931;0.5898597;0.6593427;62.83;-6.029.658.910.918.890;8.296.247.809.683.570;24.349.428.216.585.200;26.421.187.875.951.700;2642.04;;;;;
68;1;-0.003749647;0.22247788;0.75180936;0.78555554;75.97;-0.009234554555438612;0.8697477023855024;30.514.203.351.165.100;31.729.658.687.677.700;316.67;;;;;
68;2;0.21376356;0.2230545;0.67660683;0.75808156;73.12;29.903.187.641.773.900;2.998.944.215.242.720;947.596.995.111.028;10.379.290.882.901.100;1037.74;;;;;
68;3;-0.072515815;0.22394755;0.8085022;0.8719269;84.87;-0.13546800954738408;0.4250698597795814;15.988.433.414.476.700;16.599.204.793.589.700;164.78;;;;;
68;4;0.2790646;0.22548789;0.73123956;0.85985917;83.63;0.2701551132473836;0.21522328116477116;0.7277661936301327;0.8055733849624929;78.04;;;;;
68;5;0.44121855;0.23100704;0.81868744;0.95877236;93.77;0.44449651671708595;0.2243440996144184;0.8290034632613101;0.9670336966748745;94.61;;;;;
68;6;0.30103892;0.25280035;1.042.296;11.211.635;110.32;0.27963032501933355;0.23821968442706343;10.096.791.208.638.500;10.744.271.328.607.400;105.56;;;;;
68;7;0.08940675;0.25076267;10.845.151;11.208.318;110.28;0.08224289181169037;0.23700719796183484;10.978.786.237.945.600;11.261.766.192.406.500;110.83;;;;;
68;8;0.13703711;0.24236651;0.99383014;10.385.809;101.91;0.1398987046196085;0.23433493663421046;10.210.268.645.382.200;10.568.729.196.030.900;103.78;;;;;
68;9;-0.21302244;0.20631552;0.48810667;0.5822454;54.68;-13.631.051.221.394.100;12.896.932.344.344.200;3.193.134.334.571.820;370.371.044.920.767;369.83;;;;;
68;10;-0.073861;0.24423051;105.549;1.088.435;106.99;-0.06819928626331546;0.22266708575416788;10.186.584.178.942.500;10.449.386.326.822.700;102.56;;;;;
68;11;0.7800211;0.4243992;19.431.612;19.805.639;197.04;0.41713168737005835;0.23681009958089932;1.019.597.828.544.660;11.267.908.412.144.200;110.89;;;;;
68;12;0.33143842;0.24994467;10.813.367;1.245.805;122.96;0.32869094101868984;0.23501554083610515;1.088.652.753.006.370;11.612.212.776.945.600;114.39;;;;;
68;13;0.78290325;0.3974436;16.766.474;1.674.577;166.26;0.4356597904821861;0.22977750532529073;0.9231085158369359;1.046.291.779.097.570;102.7;;;;;
68;14;0.22908509;0.23267841;0.8348417;0.91408175;89.19;0.233508839843635;0.22746570103268274;0.8465004391891148;0.907099783363867;88.48;;;;;
68;15;-0.25763178;0.20389324;0.6120826;0.7022335;67.32;-0.257146695015122;0.1974254123329111;0.6218565144075967;0.7012893416437938;67.22;;;;;
68;17;-0.019693326;0.21066687;0.58154684;0.635421;60.31;-0.01531470378697078;0.2058972534377776;0.5918390463454624;0.6268186946034789;59.41;;;;;
68;18;0.16115686;0.2296839;0.7720337;0.88845927;86.57;0.4250768960054972;0.6183127793466993;21.990.931.892.402.600;23.235.773.960.821.700;231.5;;;;;
68;19;-0.24270973;0.20868993;0.6960299;0.7802167;75.41;-0.24018025501955134;0.20333249215014293;0.6875581166339928;0.7561526439909656;72.92;;;;;
68;20;-0.20407778;0.22950566;0.95882094;10.075.314;98.75;-0.20501772925999626;0.22434641012927314;0.965934784937051;1.012.617.198.056.700;99.27;;;;;
69;0;-0.14802249;0.20776194;0.5891657;0.65902424;62.79;-0.14765040769782167;0.20184040099832654;0.594181271193442;0.6446639228354204;61.29;;;;;
69;1;0.009616409;0.28780457;10.545.568;0.9750769;95.43;-0.0022808237154998984;0.21481720360123854;0.7536640586733552;0.7836843410811981;75.77;;;;;
69;2;-0.07458642;0.22006813;0.80948126;0.85469604;83.1;-0.06816543155569008;0.21388865555787853;0.8045135284991499;0.8352466106328614;81.09;;;;;
69;3;0.21317483;0.22256707;0.67615515;0.7637633;73.71;0.21663434976536186;0.21659041554530817;0.6843756075801869;0.7498078566240156;72.26;;;;;
69;4;0.27955273;0.22544025;0.7311759;0.87596446;85.28;0.2701551132473836;0.21522328116477116;0.7277661936301327;0.8055733849624929;78.04;;;;;
69;5;0.08237349;0.2505436;10.825.074;11.150.858;109.7;0.08224289181169037;0.236126207760471;10.983.872.637.244.700;1.126.487.487.883.030;110.86;;;;;
69;6;0.44450974;0.23207796;0.81842685;0.97553056;95.48;0.4437067862995928;0.2243440996144184;0.8290034632613101;0.9666709519476433;94.58;;;;;
69;7;0.3088652;0.25849783;10.771.567;11.497.396;113.22;0.2808969226507651;0.2401103168431512;10.176.924.472.199.100;10.827.067.758.805.500;106.41;;;;;
69;8;0.13825226;0.24386829;10.009.997;10.374.871;101.8;0.1389460139572358;0.23433493663421046;10.210.268.645.382.200;10.567.472.334.625.300;103.76;;;;;
69;9;-0.07262712;0.24433878;10.513.544;10.816.041;106.3;-0.0667286744686102;0.22092749914671345;10.107.001.490.044.500;10.367.142.649.125.500;101.72;;;;;
69;10;-0.21563396;0.20966029;0.48903376;0.59457994;55.99;-0.2096452103987474;0.19882770697530783;0.49227487657982255;0.5708048050041918;53.46;;;;;
69;11;0.33142418;0.25176415;10.923.812;11.990.774;118.23;0.3269521750390254;0.23305707799580427;10.795.806.467.313.100;1.151.827.981.585.570;113.43;;;;;
69;12;0.23478162;0.23485975;0.8482714;0.9329678;91.13;0.2327523744010705;0.22594926302579818;0.840857102927854;0.9012587890253615;87.88;;;;;
69;13;0.77854216;0.42422023;19.363.542;19.656.094;195.54;0.41713168737005835;0.23681009958089932;1.019.597.828.544.660;11.267.908.412.144.200;110.89;;;;;
69;14;0.34022403;0.22230236;0.6452145;0.7897354;76.4;0.3339789771059028;0.21232698454775525;0.6482930938381448;0.7595450223877986;73.27;;;;;
69;15;-0.01796974;0.21191669;0.58206874;0.6888552;65.92;-0.01524036056470393;0.20489775220749715;0.5889660412661155;0.6237758854063747;59.08;;;;;
69;16;0.16214205;0.23012799;0.771994;0.8944677;87.18;0.14774014068483743;0.21553527601538292;0.7639530016766183;0.8074074517536471;78.22;;;;;
69;17;0.44481868;0.24083273;0.93011194;10.911.903;107.27;0.438839788952859;0.23221352247190552;0.9294084355749466;10.537.094.098.967.000;103.46;;;;;
69;18;-0.2637895;0.2048266;0.6151948;0.7232432;69.5;-0.2584520081877876;0.19842757178637765;0.6250131464604272;0.7048491860176201;67.59;;;;;
69;19;-0.20015977;0.23088458;0.9532202;10.050.098;98.49;-0.20501772925999626;0.22512804053349061;0.9654835104127693;10.123.602.682.959.900;99.24;;;;;
69;20;-0.24573605;0.20544524;0.6982542;0.7747578;74.85;-0.24018025501955134;0.203906839353242;0.6872265171216753;0.756005846453236;72.91;;;;;
70;0;0.007238458;0.23270404;0.776564;0.9211044;89.91;-0.0022808237154998984;0.21481720360123854;0.7536640586733552;0.7836843410811981;75.77;;;;;
70;1;-0.149753;0.20959866;0.5889939;0.660366;62.94;-0.14765040769782167;0.20234750755325792;0.5938884930874445;0.6445531001616736;61.27;;;;;
70;2;-0.07644221;0.22703025;0.81163454;0.8938826;87.12;-0.06860238945027783;0.21525973668324952;0.8096706665023495;0.8406007555728156;81.65;;;;;
70;3;0.2805242;0.2268097;0.7325136;0.9195356;89.75;0.2701551132473836;0.21522328116477116;0.7277661936301327;0.8055733849624929;78.04;;;;;
70;4;0.44455737;0.23183446;0.8176627;0.97213006;95.13;0.4437067862995928;0.2243440996144184;0.8290034632613101;0.9666709519476433;94.58;;;;;
70;5;0.21315528;0.22242066;0.67671406;0.7688671;74.24;0.21839406704666392;0.21902401571997454;0.6920652211485037;0.7580380981894074;73.12;;;;;
70;6;0.08661137;0.24923775;10.813.699;11.110.039;109.29;0.0819198479514573;0.23814438047637254;1.107.775.189.055.450;11.360.411.422.689.300;111.83;;;;;
70;7;0.29372385;0.24983752;10.224.607;11.123.532;109.42;0.27963032501933355;0.23821968442706343;10.096.791.208.638.500;10.744.271.328.607.400;105.56;;;;;
70;8;0.13557144;0.24369256;0.99659705;10.402.634;102.09;0.1389460139572358;0.23350988231864744;10.215.032.098.694.100;1.057.024.913.475.820;103.79;;;;;
70;9;-0.21068788;0.20554905;0.4880308;0.5779241;54.22;-0.2096452103987474;0.1992608604909784;0.4920247952809497;0.5707402245663089;53.46;;;;;
70;10;0.7800103;0.42587757;194.612;19.699.156;195.97;0.4204687408690188;0.23953623512763406;10.272.744.550.791.800;11.355.458.493.805.200;111.78;;;;;
70;11;-0.07517277;0.25319296;1.089.197;11.220.814;110.41;-0.06874055044000844;0.22525933916301788;10.262.666.631.812.700;1.052.943.634.347.140;103.38;;;;;
70;12;0.3317796;0.25306624;10.925.499;11.695.484;115.23;0.3314764574680008;0.23700719796183484;10.978.786.237.945.600;11.710.621.359.801.100;115.39;;;;;
70;13;-0.25838247;0.20550734;0.61217433;0.7135538;68.5;-0.257146695015122;0.1974254123329111;0.6218565144075967;0.7012893416437938;67.22;;;;;
70;14;0.34128803;0.22231588;0.6443123;0.79947877;77.41;0.3339789771059028;0.21232698454775525;0.6482930938381448;0.7595450223877986;73.27;;;;;
70;15;0.4423986;0.24192983;0.9328958;10.830.656;106.44;0.4356597904821861;0.22977750532529073;0.9231085158369359;1.046.291.779.097.570;102.7;;;;;
70;16;0.23652828;0.23415825;0.84343535;0.9356554;91.4;0.2327523744010705;0.22594926302579818;0.840857102927854;0.9012587890253615;87.88;;;;;
70;17;0.15712479;0.22835304;0.77071035;0.85930294;83.57;0.14774014068483743;0.21616915920904714;0.7635870290441215;0.8072307015266142;78.21;;;;;
70;18;-0.016804118;0.21167251;0.58150196;0.63709766;60.49;-0.01524036056470393;0.20489775220749715;0.5889660412661155;0.6237758854063747;59.08;;;;;
70;19;-0.24367374;0.20894553;0.69554687;0.7811992;75.52;-0.24151458976965995;0.2050396551274267;0.6910444422167956;0.7602058789335316;73.34;;;;;
70;20;-0.20297347;0.23233409;0.9567777;11.093.003;109.11;-0.2025919325979145;0.22267218318800988;0.9587263163927445;1.004.879.366.920.960;98.48;;;;;
71;0;-0.1498692;0.20980684;0.5883724;0.6629573;63.21;-0.14765040769782167;0.20234750755325792;0.5938884930874445;0.6445531001616736;61.27;;;;;
71;1;-0.0030009355;0.21911469;0.75218964;0.7854446;75.96;-0.0030405839038532977;0.2174369255963756;0.7628550837791278;0.7932439351239569;76.76;;;;;
71;2;0.44046038;0.23015559;0.8179126;0.95664877;93.55;0.44449651671708595;0.2243440996144184;0.8290034632613101;0.9670336966748745;94.61;;;;;
71;3;-0.07576999;0.22588372;0.8103651;0.87703633;85.39;-0.06816543155569008;0.21388865555787853;0.8045135284991499;0.8352466106328614;81.09;;;;;
71;4;0.21450467;0.22272032;0.6768427;0.7803775;75.43;0.21784459752941412;0.21780041786679033;0.6881989349968358;0.7539967273314122;72.7;;;;;
71;5;0.28113598;0.22563557;0.7331631;0.8850074;86.21;0.2701551132473836;0.21583121592360702;0.7274152023334691;0.8054190062114323;78.02;;;;;
71;7;0.31217045;0.25375307;10.654.244;11.462.287;112.86;0.2786851358582394;0.23821968442706343;10.096.791.208.638.500;10.741.815.256.767.600;105.54;;;;;
71;8;0.13545656;0.24338168;0.9962979;10.368.202;101.73;0.1398987046196085;0.23433493663421046;10.210.268.645.382.200;10.568.729.196.030.900;103.78;;;;;
71;9;-0.074547976;0.25247037;10.895.914;11.212.248;110.32;-0.0667286744686102;0.22173966198859574;10.102.312.465.690.600;10.364.305.887.224.800;101.7;;;;;
71;10;0.7755816;0.41937736;19.217.494;1.983.073;197.3;0.4204687408690188;0.23870458037754655;10.277.546.111.730.200;11.358.051.679.441.300;111.81;;;;;
71;11;-0.21216191;0.21028054;0.48781744;0.5925856;55.78;-0.2110246423395746;0.19965962206725474;0.4943346040968929;0.5733777682873799;53.74;;;;;
71;12;0.32735705;0.25008026;10.832.247;11.610.308;114.37;0.32869094101868984;0.23501554083610515;1.088.652.753.006.370;11.612.212.776.945.600;114.39;;;;;
71;13;0.23448768;0.23386703;0.8374987;0.9275854;90.58;0.233508839843635;0.22746570103268274;0.8465004391891148;0.907099783363867;88.48;;;;;
71;14;-0.2578888;0.2052042;0.6135347;0.7108998;68.22;-0.2578426730433259;0.19842757178637765;0.6250131464604272;0.7046259848568805;67.56;;;;;
71;15;0.3428626;0.22408928;0.6453867;0.8090928;78.4;0.3339789771059028;0.21232698454775525;0.6482930938381448;0.7595450223877986;73.27;;;;;
71;16;0.71151555;0.35688862;14.927.156;15.301.502;151.7;0.4356597904821861;0.22977750532529073;0.9231085158369359;1.046.291.779.097.570;102.7;;;;;
71;17;-0.017392859;0.21228778;0.5821763;0.6531345;62.18;-0.01524036056470393;0.20489775220749715;0.5889660412661155;0.6237758854063747;59.08;;;;;
71;18;0.16246974;0.2313596;0.77411884;0.9033945;88.1;0.14774014068483743;0.21553527601538292;0.7639530016766183;0.8074074517536471;78.22;;;;;
71;19;-0.24421725;0.21138047;0.6944236;0.7948941;76.93;-0.24018025501955134;0.203906839353242;0.6872265171216753;0.756005846453236;72.91;;;;;
71;20;-0.20377561;0.23070163;0.95582986;11.299.835;111.21;-0.20501772925999626;0.22512804053349061;0.9654835104127693;10.123.602.682.959.900;99.24;;;;;
72;0;-0.14944863;0.21009055;0.5875908;0.66430026;63.35;-0.14837418420614434;0.2028298147287105;0.5970939244836061;0.6478240401042217;61.62;;;;;
72;1;-0.0045040613;0.22270277;0.75594854;0.7861347;76.03;-0.0030221561226178232;0.21611912604730665;0.7582317196350119;0.7884363961232056;76.26;;;;;
72;2;0.21457985;0.22306743;0.67698324;0.79778796;77.23;0.217173988459811;0.21780041786679033;0.6881989349968358;0.7538032484788518;72.68;;;;;
72;3;-0.07180863;0.22353962;0.8082174;0.8549375;83.12;-0.06860238945027783;0.21459334665914098;0.810055406962154;0.8408010196338244;81.67;;;;;
72;4;0.27944037;0.22570539;0.73230773;0.8868105;86.4;0.2701551132473836;0.21522328116477116;0.7277661936301327;0.8055733849624929;78.04;;;;;
72;5;0.28922424;0.24593028;10.075.581;11.051.834;108.69;0.27963032501933355;0.23821968442706343;10.096.791.208.638.500;10.744.271.328.607.400;105.56;;;;;
72;6;0.4448875;0.23218554;0.81737566;0.97176856;95.1;0.4474402022582587;0.22582982212842118;0.8344935524219811;0.9734378933415956;95.27;;;;;
72;7;0.089970075;0.24823934;10.737.929;1.106.703;108.85;0.08224289181169037;0.236126207760471;10.983.872.637.244.700;1.126.487.487.883.030;110.86;;;;;
72;8;0.13488671;0.24358234;0.998712;10.429.469;102.36;0.13879714001630447;0.2324897796528388;10.129.872.829.276.800;10.485.510.855.904.600;102.93;;;;;
72;9;0.7647029;0.41569188;18.993.845;18.724.612;186.17;0.41713168737005835;0.23763515389646234;10.191.214.832.134.700;11.265.335.807.346.400;110.86;;;;;
72;10;-0.077053234;0.2537599;10.973.629;1.128.885;111.1;-0.06819928626331546;0.22266708575416788;10.186.584.178.942.500;10.449.386.326.822.700;102.56;;;;;
72;11;-0.21665387;0.20509978;0.4884631;0.5879981;55.29;-0.21280544100910687;0.2013445133927168;0.49850620413146585;0.5782163992433915;54.25;;;;;
72;12;0.2370316;0.2331871;0.84424746;0.9325852;91.09;0.233508839843635;0.22746570103268274;0.8465004391891148;0.907099783363867;88.48;;;;;
72;13;0.33153147;0.25203702;10.960.287;12.675.545;125.17;0.3314764574680008;0.23700719796183484;10.978.786.237.945.600;11.710.621.359.801.100;115.39;;;;;
72;14;0.34413272;0.22388329;0.64538705;0.8065212;78.13;0.33511695558274823;0.21345638340173265;0.6517414613585605;0.7633046141533464;73.66;;;;;
72;15;-0.26277286;0.20682636;0.61812633;0.737;70.93;-0.2584520081877876;0.19842757178637765;0.6250131464604272;0.7048491860176201;67.59;;;;;
72;16;-0.016436521;0.21293575;0.5835764;0.64987737;61.83;-0.01524036056470393;0.20489775220749715;0.5889660412661155;0.6237758854063747;59.08;;;;;
72;17;0.16431366;0.23021267;0.77396214;0.90029365;87.78;0.1479100861892907;0.21685757832222577;0.7686398299077631;0.8122264407127724;78.72;;;;;
72;18;0.4416731;0.24152085;0.93140996;10.628.507;104.39;0.4356597904821861;0.23053081578732654;0.9226735918388962;10.460.738.344.626.700;102.68;;;;;
72;19;-0.20190719;0.23146534;0.9549452;10.836.358;106.5;-0.2025919325979145;0.22267218318800988;0.9587263163927445;1.004.879.366.920.960;98.48;;;;;
72;20;-0.24783514;0.20750433;0.6937709;0.7772839;75.11;-0.24018025501955134;0.20333249215014293;0.6875581166339928;0.7561526439909656;72.92;;;;;
73;0;-0.00011658706;0.2316609;0.78786564;0.88759905;86.48;-0.0022808237154998984;0.21419095755448592;0.7540256219970267;0.78386070642872;75.79;;;;;
73;1;-0.14900559;0.20906013;0.58827186;0.6632123;63.23;-0.14765040769782167;0.20184040099832654;0.594181271193442;0.6446639228354204;61.29;;;;;
73;2;-0.07715594;0.22231722;0.8086343;0.85449;83.08;-0.06860238945027783;0.21525973668324952;0.8096706665023495;0.8406007555728156;81.65;;;;;
73;3;0.2800575;0.2251044;0.73235786;0.8805269;85.75;0.2701551132473836;0.21522328116477116;0.7277661936301327;0.8055733849624929;78.04;;;;;
73;4;0.21488857;0.22306365;0.6773075;0.7815606;75.55;0.21839406704666392;0.21902401571997454;0.6920652211485037;0.7580380981894074;73.12;;;;;
73;5;0.2929183;0.24877805;10.261.624;11.082.281;109.0;0.2808969226507651;0.2401103168431512;10.176.924.472.199.100;10.827.067.758.805.500;106.41;;;;;
73;6;0.44266975;0.23146224;0.8177043;0.9629127;94.19;0.4466452418380007;0.22582982212842118;0.8344935524219811;0.9730727463314026;95.23;;;;;
73;7;0.08977592;0.25056636;10.865.138;11.218.185;110.38;0.08224289181169037;0.236126207760471;10.983.872.637.244.700;1.126.487.487.883.030;110.86;;;;;
73;8;-0.2152662;0.2120718;0.49145964;0.606819;57.29;-0.2133119347789759;0.2013445133927168;0.49850620413146585;0.5784029997761618;54.27;;;;;
73;9;0.13721612;0.24221773;0.9957145;10.347.773;101.53;0.13879714001630447;0.2324897796528388;10.129.872.829.276.800;10.485.510.855.904.600;102.93;;;;;
73;10;0.7784505;0.42334855;1.931.272;20.094.676;199.95;0.4204687408690188;0.23953623512763406;10.272.744.550.791.800;11.355.458.493.805.200;111.78;;;;;
73;11;-0.018543145;0.21083476;0.58151543;0.65804803;62.69;-0.01524036056470393;0.20489775220749715;0.5889660412661155;0.6237758854063747;59.08;;;;;
73;12;0.23732017;0.23724474;0.8563168;0.94683844;92.55;0.23121096794808327;0.22445291029052802;0.8352885128422392;0.895290187773538;87.27;;;;;
73;13;0.331407;0.25278962;10.960.885;12.208.855;120.44;0.3296996723082609;0.23501554083610515;1.088.652.753.006.370;11.615.072.083.215.900;114.42;;;;;
73;14;-0.07529915;0.25508475;11.007.743;11.327.734;111.5;-0.06819928626331546;0.22266708575416788;10.186.584.178.942.500;10.449.386.326.822.700;102.56;;;;;
73;15;0.7216219;0.355856;14.924.027;1.514.029;150.08;0.4356597904821861;0.23053081578732654;0.9226735918388962;10.460.738.344.626.700;102.68;;;;;
73;16;0.1634308;0.23105729;0.7754633;0.91112894;88.89;0.1479100861892907;0.21685757832222577;0.7686398299077631;0.8122264407127724;78.72;;;;;
73;17;0.34185493;0.22401464;0.6459329;0.8065488;78.14;0.33511695558274823;0.21345638340173265;0.6517414613585605;0.7633046141533464;73.66;;;;;
73;18;-0.26044592;0.20582414;0.6129007;0.70979446;68.1;-0.2584520081877876;0.1989552715009002;0.6247084788881964;0.704727836961973;67.58;;;;;
73;19;-0.2440073;0.20889121;0.69347906;0.77230966;74.6;-0.24018025501955134;0.20333249215014293;0.6875581166339928;0.7561526439909656;72.92;;;;;
73;20;-0.20198616;0.23074554;0.9550153;10.772.002;105.85;-0.2025919325979145;0.22344798052950937;0.9582784095887932;10.046.243.086.052.100;98.45;;;;;
74;0;-0.14921983;0.21093088;0.5890572;0.6659859;63.52;-0.14896261079172746;0.20333940710008763;0.5967997111908145;0.6478477206652367;61.62;;;;;
74;1;0.0013447868;0.22363393;0.7577242;0.8765543;85.34;-0.0030221561226178232;0.21611912604730665;0.7582317196350119;0.7884363961232056;76.26;;;;;
74;2;-0.078027286;0.22189488;0.81011605;0.8573808;83.37;-0.06860238945027783;0.21525973668324952;0.8096706665023495;0.8406007555728156;81.65;;;;;
74;3;0.21452647;0.22296071;0.6777188;0.7719011;74.55;0.21663434976536186;0.21659041554530817;0.6843756075801869;0.7498078566240156;72.26;;;;;
74;4;0.28220648;0.22717713;0.73336476;0.89393014;87.13;0.2701551132473836;0.21522328116477116;0.7277661936301327;0.8055733849624929;78.04;;;;;
74;5;0.30471098;0.25182366;10.501.064;1.122.997;110.5;0.27744571310512;0.23635859314247698;10.017.910.027.321.000;10.660.331.708.852.600;104.71;;;;;
74;6;0.4456009;0.23366082;0.81969696;0.9765952;95.59;0.44449651671708595;0.22366017301072805;0.8293983284700567;0.9672138406959112;94.63;;;;;
74;7;0.089459054;0.2519305;11.144.477;11.321.774;111.44;0.0819198479514573;0.23814438047637254;1.107.775.189.055.450;11.360.411.422.689.300;111.83;;;;;
74;8;0.13529384;0.24463302;0.9976765;10.516.381;103.24;0.13879714001630447;0.2324897796528388;10.129.872.829.276.800;10.485.510.855.904.600;102.93;;;;;
74;9;-0.21061604;0.20652406;0.48640698;0.585424;55.02;-0.21191130050066526;0.20049852804232723;0.49641164024856055;0.5757869185743016;53.99;;;;;
74;10;-0.07567575;0.25404397;10.949.234;11.259.376;110.8;-0.06819928626331546;0.22266708575416788;10.186.584.178.942.500;10.449.386.326.822.700;102.56;;;;;
74;11;0.23655736;0.23434122;0.842963;0.9242852;90.24;0.2327523744010705;0.22594926302579818;0.840857102927854;0.9012587890253615;87.88;;;;;
74;12;0.7912061;0.43195772;19.687.763;19.334.513;192.31;0.4204687408690188;0.23870458037754655;10.277.546.111.730.200;11.358.051.679.441.300;111.81;;;;;
74;13;0.16309097;0.23054944;0.77294433;0.91149193;88.93;0.1479100861892907;0.21685757832222577;0.7686398299077631;0.8122264407127724;78.72;;;;;
74;14;0.33001375;0.25205615;10.909.256;11.954.175;117.86;0.32869094101868984;0.23501554083610515;1.088.652.753.006.370;11.612.212.776.945.600;114.39;;;;;
74;15;-0.26324582;0.20881523;0.61492693;0.7283953;70.04;-0.25525128939464925;0.19643332483375078;0.6187316073000209;0.6975443166673642;66.83;;;;;
74;16;0.34333;0.22353172;0.6451129;0.80834895;78.32;0.33511695558274823;0.21345638340173265;0.6517414613585605;0.7633046141533464;73.66;;;;;
74;17;0.45271087;0.24583076;0.944819;13.230.331;130.78;0.4356597904821861;0.22977750532529073;0.9231085158369359;1.046.291.779.097.570;102.7;;;;;
74;18;-0.018530957;0.20950362;0.58068913;0.6274275;59.47;-0.01524036056470393;0.20489775220749715;0.5889660412661155;0.6237758854063747;59.08;;;;;
74;19;-0.2021145;0.23244354;0.9564023;10.718.359;105.3;-0.2025919325979145;0.22267218318800988;0.9587263163927445;1.004.879.366.920.960;98.48;;;;;
74;20;-0.2456717;0.20705307;0.7008153;0.77954125;75.34;-0.24018025501955134;0.203906839353242;0.6872265171216753;0.756005846453236;72.91;;;;;
75;0;-0.14999035;0.21031836;0.58868873;0.6613609;63.04;-0.14837418420614434;0.20333940710008763;0.5967997111908145;0.6477126741820741;61.61;;;;;
75;1;-0.000117735915;0.23074964;0.78541815;0.8644854;84.1;-0.0030221561226178232;0.21611912604730665;0.7582317196350119;0.7884363961232056;76.26;;;;;
75;2;0.44306195;0.23051766;0.8163684;0.9571588;93.6;0.44449651671708595;0.2243440996144184;0.8290034632613101;0.9670336966748745;94.61;;;;;
75;3;-0.07743534;0.22281961;0.8107314;0.8658208;84.24;-0.06816543155569008;0.21322651005621654;0.8048958183827772;0.8354455991266025;81.12;;;;;
75;4;0.28170043;0.22824821;0.73488134;0.9469843;92.56;0.26945313065405635;0.21522328116477116;0.7277661936301327;0.8053382413405525;78.01;;;;;
75;5;0.2138216;0.22235927;0.67682403;0.76966697;74.32;0.21663434976536186;0.21659041554530817;0.6843756075801869;0.7498078566240156;72.26;;;;;
75;6;0.08799203;0.24970092;10.795.888;11.141.319;109.6;0.08155177507377698;0.23414195391374437;10.891.571.186.511.500;11.170.212.064.722.500;109.9;;;;;
75;7;0.3079436;0.25465566;10.611.023;11.367.018;111.9;0.27963032501933355;0.23821968442706343;10.096.791.208.638.500;10.744.271.328.607.400;105.56;;;;;
75;8;0.13509217;0.24446505;0.99932194;10.441.467;102.48;0.13879714001630447;0.2324897796528388;10.129.872.829.276.800;10.485.510.855.904.600;102.93;;;;;
75;9;-0.26457608;0.2082522;0.6160042;0.73331344;70.55;-0.25654043732088483;0.1974254123329111;0.6218565144075967;0.7010672677616437;67.19;;;;;
75;10;-0.21404469;0.20998979;0.48897958;0.5948186;56.02;-0.21052238701129444;0.19965962206725474;0.4943346040968929;0.5731931096276403;53.72;;;;;
75;11;0.7572329;0.41042185;18.786.658;18.853.723;187.47;0.41713168737005835;0.23681009958089932;1.019.597.828.544.660;11.267.908.412.144.200;110.89;;;;;
75;12;0.33201122;0.25228012;10.910.592;11.968.602;118.0;0.3296996723082609;0.23501554083610515;1.088.652.753.006.370;11.615.072.083.215.900;114.42;;;;;
75;13;0.3425455;0.22385332;0.64514285;0.80734265;78.22;0.3339789771059028;0.21232698454775525;0.6482930938381448;0.7595450223877986;73.27;;;;;
75;14;-0.07488898;0.25000393;10.848.415;11.181.735;110.01;-0.06819928626331546;0.22266708575416788;10.186.584.178.942.500;10.449.386.326.822.700;102.56;;;;;
75;15;0.23158142;0.23547713;0.838138;0.9571863;93.61;0.233508839843635;0.22746570103268274;0.8465004391891148;0.907099783363867;88.48;;;;;
75;16;0.74202085;0.3657882;15.574.567;15.239.719;151.08;0.4356597904821861;0.22977750532529073;0.9231085158369359;1.046.291.779.097.570;102.7;;;;;
75;17;0.15598843;0.22669354;0.7709075;0.8491225;82.52;0.1479100861892907;0.21749535036983883;0.7682716120443921;0.8120485766888034;78.7;;;;;
75;18;-0.017382406;0.2099129;0.5813921;0.62847483;59.58;-0.01524036056470393;0.20489775220749715;0.5889660412661155;0.6237758854063747;59.08;;;;;
75;19;-0.24592891;0.20640609;0.69946814;0.7775127;75.13;-0.24018025501955134;0.203906839353242;0.6872265171216753;0.756005846453236;72.91;;;;;
75;20;-0.19849439;0.22999708;0.9533261;0.99549395;97.52;-0.20501772925999626;0.22512804053349061;0.9654835104127693;10.123.602.682.959.900;99.24;;;;;
76;0;-0.1488407;0.20796388;0.5907857;0.6600185;62.9;-0.14765040769782167;0.20184040099832654;0.594181271193442;0.6446639228354204;61.29;;;;;
76;1;0.0132139735;0.28900033;10.614.675;10.145.441;99.46;-0.002294646889533231;0.21611912604730665;0.7582317196350119;0.788433943148357;76.26;;;;;
76;2;0.27916393;0.22579539;0.7325736;0.901067;87.86;0.27103814906966844;0.2164893004657404;0.7320471712397217;0.810075525113144;78.5;;;;;
76;3;-0.07428253;0.22484559;0.8089317;0.8741976;85.1;-0.06860238945027783;0.21459334665914098;0.810055406962154;0.8408010196338244;81.67;;;;;
76;4;0.2165498;0.22315207;0.6774277;0.78830695;76.25;0.21663434976536186;0.21601287752441412;0.6847090493120173;0.7499456560074237;72.28;;;;;
76;5;0.44433883;0.23139632;0.8173064;0.9594773;93.84;0.44449651671708595;0.22366017301072805;0.8293983284700567;0.9672138406959112;94.63;;;;;
76;6;0.08058131;0.25077415;10.884.726;11.190.555;110.1;0.08224289181169037;0.23700719796183484;10.978.786.237.945.600;11.261.766.192.406.500;110.83;;;;;
76;7;0.29668716;0.25089067;10.342.262;1.116.441;109.84;0.27963032501933355;0.23821968442706343;10.096.791.208.638.500;10.744.271.328.607.400;105.56;;;;;
76;8;0.13732195;0.24248737;0.9958682;10.496.726;103.04;0.1389460139572358;0.23350988231864744;10.215.032.098.694.100;1.057.024.913.475.820;103.79;;;;;
76;9;-0.21789005;0.20736067;0.49395403;0.6047268;57.07;-0.21280544100910687;0.2013445133927168;0.49850620413146585;0.5782163992433915;54.25;;;;;
76;10;0.7751197;0.41982493;19.248.078;19.035.001;189.3;0.4147923750557977;0.23494545312750648;10.115.694.991.860.400;11.182.687.208.507.700;110.02;;;;;
76;11;0.33024046;0.25155258;1.090.176;11.947.572;117.79;0.3314764574680008;0.23700719796183484;10.978.786.237.945.600;11.710.621.359.801.100;115.39;;;;;
76;12;0.22836736;0.2345518;0.83873457;0.93453187;91.29;0.23121096794808327;0.22445291029052802;0.8352885128422392;0.895290187773538;87.27;;;;;
76;13;-0.073641635;0.24779667;10.668.118;10.976.019;107.92;-0.06819928626331546;0.22266708575416788;10.186.584.178.942.500;10.449.386.326.822.700;102.56;;;;;
76;14;0.3425327;0.22350062;0.64546096;0.8076194;78.25;0.3339789771059028;0.21232698454775525;0.6482930938381448;0.7595450223877986;73.27;;;;;
76;15;0.44193304;0.24197969;0.9334138;10.609.857;104.2;0.4356597904821861;0.22977750532529073;0.9231085158369359;1.046.291.779.097.570;102.7;;;;;
76;16;0.16227522;0.23077956;0.7746899;0.8986384;87.61;0.1479100861892907;0.21685757832222577;0.7686398299077631;0.8122264407127724;78.72;;;;;
76;17;-0.257501;0.20552419;0.6129409;0.7019914;67.29;-0.25525128939464925;0.19643332483375078;0.6187316073000209;0.6975443166673642;66.83;;;;;
76;18;-0.018522575;0.21110956;0.5805683;0.6322875;59.98;-0.01531470378697078;0.2058972534377776;0.5918390463454624;0.6268186946034789;59.41;;;;;
76;19;-0.20399429;0.23219317;0.9562398;11.136.286;109.55;-0.20501772925999626;0.22434641012927314;0.965934784937051;1.012.617.198.056.700;99.27;;;;;
76;20;-0.24511717;0.20592731;0.70020443;0.77702713;75.08;-0.24018025501955134;0.203906839353242;0.6872265171216753;0.756005846453236;72.91;;;;;
77;0;-0.0008652905;0.2284231;0.7717805;0.85368174;82.99;-0.0030405839038532977;0.2174369255963756;0.7628550837791278;0.7932439351239569;76.76;;;;;
77;1;-0.14894801;0.20905903;0.59057164;0.6606678;62.97;-0.14765040769782167;0.20234750755325792;0.5938884930874445;0.6445531001616736;61.27;;;;;
77;2;0.21352282;0.22239736;0.6761348;0.76436365;73.77;0.21663434976536186;0.21659041554530817;0.6843756075801869;0.7498078566240156;72.26;;;;;
77;3;-0.07249654;0.22121745;0.8077912;0.8514363;82.76;-0.06816543155569008;0.21388865555787853;0.8045135284991499;0.8352466106328614;81.09;;;;;
77;4;0.4414982;0.23026596;0.8176832;0.95696324;93.58;0.44449651671708595;0.2243440996144184;0.8290034632613101;0.9670336966748745;94.61;;;;;
77;5;0.27916062;0.22561167;0.73439205;0.8996563;87.71;0.2685844439843174;0.21457638327288836;0.7231860441803675;0.8007363375706681;77.54;;;;;
77;6;0.08776766;0.24718723;1.080.869;11.102.949;109.21;0.08224289181169037;0.236126207760471;10.983.872.637.244.700;1.126.487.487.883.030;110.86;;;;;
77;7;0.3089034;0.2560342;10.635.498;11.447.607;112.72;0.2808969226507651;0.2401103168431512;10.176.924.472.199.100;10.827.067.758.805.500;106.41;;;;;
77;8;0.13593109;0.245253;10.030.686;1.047.339;102.81;0.14005758206889368;0.23620961612728414;10.291.950.794.545.200;10.652.012.113.302.300;104.63;;;;;
77;9;-0.2166377;0.20554271;0.4891009;0.5940331;55.94;-0.21052238701129444;0.19965962206725474;0.4943346040968929;0.5731931096276403;53.72;;;;;
77;10;-0.07542322;0.24859053;10.775.266;11.095.035;109.13;-0.06819928626331546;0.22266708575416788;10.186.584.178.942.500;10.449.386.326.822.700;102.56;;;;;
77;11;0.7652661;0.4136013;18.928.547;19.111.989;190.07;0.41808437803243104;0.23681009958089932;1.019.597.828.544.660;11.271.438.694.289.500;110.93;;;;;
77;12;0.33037928;0.2511865;10.905.923;12.981.176;128.26;0.3314764574680008;0.23700719796183484;10.978.786.237.945.600;11.710.621.359.801.100;115.39;;;;;
77;13;0.23507953;0.23544337;0.84255683;0.97591317;95.52;0.23195211424467743;0.22594926302579818;0.840857102927854;0.9010524514747745;87.86;;;;;
77;14;-0.01969093;0.21050487;0.58121264;0.6623733;63.15;-0.01531470378697078;0.2058972534377776;0.5918390463454624;0.6268186946034789;59.41;;;;;
77;15;0.34310704;0.22332093;0.6461733;0.80886376;78.37;0.3339789771059028;0.21232698454775525;0.6482930938381448;0.7595450223877986;73.27;;;;;
77;16;0.44386917;0.2428317;0.9332119;12.416.887;122.55;0.4356597904821861;0.23053081578732654;0.9226735918388962;10.460.738.344.626.700;102.68;;;;;
77;17;-0.26143643;0.20636106;0.6157746;0.7231841;69.5;-0.2584520081877876;0.19842757178637765;0.6250131464604272;0.7048491860176201;67.59;;;;;
77;18;0.15814023;0.22987269;0.77214503;0.87916106;85.61;0.1479100861892907;0.21685757832222577;0.7686398299077631;0.8122264407127724;78.72;;;;;
77;19;-0.24548964;0.20486604;0.7019258;0.7750306;74.88;-0.24018025501955134;0.20333249215014293;0.6875581166339928;0.7561526439909656;72.92;;;;;
77;20;-0.20484295;0.23017952;0.9569108;10.967.511;107.84;-0.2025919325979145;0.22267218318800988;0.9587263163927445;1.004.879.366.920.960;98.48;;;;;
78;0;-0.1471732;0.21085766;0.5896964;0.6669013;63.62;-0.14765040769782167;0.20234750755325792;0.5938884930874445;0.6445531001616736;61.27;;;;;
78;1;-0.002385017;0.22862682;0.783859;0.85043913;82.66;-0.0022808237154998984;0.21481720360123854;0.7536640586733552;0.7836843410811981;75.77;;;;;
78;2;-0.071009815;0.22281083;0.8088848;0.8580384;83.44;-0.06860238945027783;0.21525973668324952;0.8096706665023495;0.8406007555728156;81.65;;;;;
78;3;0.21448815;0.22317265;0.67682517;0.7671441;74.06;0.21784459752941412;0.21780041786679033;0.6881989349968358;0.7539967273314122;72.7;;;;;
78;4;0.2815907;0.22633322;0.73323226;0.8774208;85.43;0.2701551132473836;0.21522328116477116;0.7277661936301327;0.8055733849624929;78.04;;;;;
78;5;0.44560224;0.23136571;0.81734097;0.96552765;94.46;0.441591310725471;0.22219834181457948;0.8239774243624093;0.9608921816063954;93.98;;;;;
78;6;0.08943474;0.24884303;10.814.216;11.135.063;109.54;0.0819198479514573;0.23814438047637254;1.107.775.189.055.450;11.360.411.422.689.300;111.83;;;;;
78;7;0.28739783;0.24600762;10.066.323;10.981.952;107.98;0.27963032501933355;0.23821968442706343;10.096.791.208.638.500;10.744.271.328.607.400;105.56;;;;;
78;8;0.13718407;0.24312682;0.99465513;10.337.237;101.42;0.13879714001630447;0.2324897796528388;10.129.872.829.276.800;10.485.510.855.904.600;102.93;;;;;
78;9;0.7456684;0.40598014;1.869.098;18.033.634;179.22;0.4204687408690188;0.23870458037754655;10.277.546.111.730.200;11.358.051.679.441.300;111.81;;;;;
78;10;-0.21712114;0.20768403;0.49104947;0.6014647;56.72;-0.21191130050066526;0.20049852804232723;0.49641164024856055;0.5757869185743016;53.99;;;;;
78;11;-0.073895656;0.2503335;10.803.468;11.117.855;109.36;-0.0667286744686102;0.22092749914671345;10.107.001.490.044.500;10.367.142.649.125.500;101.72;;;;;
78;12;0.23707949;0.23511526;0.84673;0.9401291;91.86;0.233508839843635;0.22746570103268274;0.8465004391891148;0.907099783363867;88.48;;;;;
78;13;0.34155214;0.22346678;0.6455894;0.79954475;77.41;0.33511695558274823;0.21400934533663124;0.6514222086365952;0.7631869153198598;73.65;;;;;
78;14;-0.259425;0.20501888;0.6148923;0.7175976;68.92;-0.2578426730433259;0.19842757178637765;0.6250131464604272;0.7046259848568805;67.56;;;;;
78;15;0.33198768;0.25155234;10.909.487;13.292.935;131.42;0.3314764574680008;0.23700719796183484;10.978.786.237.945.600;11.710.621.359.801.100;115.39;;;;;
78;16;0.43989754;0.24224305;0.9341434;10.629.449;104.4;0.4356597904821861;0.22977750532529073;0.9231085158369359;1.046.291.779.097.570;102.7;;;;;
78;17;-0.015649915;0.21260376;0.58190584;0.7210651;69.28;-0.01524036056470393;0.20489775220749715;0.5889660412661155;0.6237758854063747;59.08;;;;;
78;18;0.16295335;0.23073801;0.7744634;0.9093881;88.71;0.1479100861892907;0.21685757832222577;0.7686398299077631;0.8122264407127724;78.72;;;;;
78;19;-0.19934128;0.23153518;0.95402706;10.036.097;98.35;-0.2025919325979145;0.22267218318800988;0.9587263163927445;1.004.879.366.920.960;98.48;;;;;
78;20;-0.24608356;0.20557821;0.6962493;0.7728406;74.65;-0.24018025501955134;0.20333249215014293;0.6875581166339928;0.7561526439909656;72.92;;;;;
79;0;-0.14876926;0.20905837;0.58922815;0.6591767;62.81;-0.14765040769782167;0.20234750755325792;0.5938884930874445;0.6445531001616736;61.27;;;;;
79;1;0.0013788565;0.22978991;0.7808938;0.9004885;87.8;-0.0030405839038532977;0.2174369255963756;0.7628550837791278;0.7932439351239569;76.76;;;;;
79;2;0.44569877;0.230861;0.818074;0.96609217;94.52;0.44449651671708595;0.2243440996144184;0.8290034632613101;0.9670336966748745;94.61;;;;;
79;3;-0.07183619;0.22481215;0.8083092;0.8784745;85.54;-0.06860238945027783;0.21525973668324952;0.8096706665023495;0.8406007555728156;81.65;;;;;
79;4;0.2815969;0.2268931;0.7335977;0.8860132;86.31;0.27103814906966844;0.2164893004657404;0.7320471712397217;0.810075525113144;78.5;;;;;
79;5;0.21403953;0.22282906;0.67719257;0.7644428;73.78;0.217173988459811;0.21780041786679033;0.6881989349968358;0.7538032484788518;72.68;;;;;
79;6;0.08455959;0.2505203;10.811.698;11.179.549;109.99;0.0819198479514573;0.23903290050851722;11.072.622.017.757.100;11.357.275.960.788.700;111.8;;;;;
79;7;0.30414265;0.25385427;10.548.667;11.317.973;111.4;0.2786851358582394;0.23821968442706343;10.096.791.208.638.500;10.741.815.256.767.600;105.54;;;;;
79;8;0.1461364;0.25663787;10.756.438;10.991.213;108.08;0.13879714001630447;0.23167122182794953;10.134.598.775.082.300;10.488.265.463.931.400;102.96;;;;;
79;9;-0.21310773;0.20648065;0.4879316;0.58482075;54.96;-0.2110246423395746;0.19965962206725474;0.4943346040968929;0.5733777682873799;53.74;;;;;
79;10;-0.074201375;0.25122863;10.847.956;1.116.318;109.83;-0.0667286744686102;0.22092749914671345;10.107.001.490.044.500;10.367.142.649.125.500;101.72;;;;;
79;11;0.75450337;0.4075444;18.690.591;18.841.491;187.35;0.41713168737005835;0.23681009958089932;1.019.597.828.544.660;11.267.908.412.144.200;110.89;;;;;
79;12;0.23096071;0.23279947;0.83057696;0.9154913;89.34;0.2327523744010705;0.22594926302579818;0.840857102927854;0.9012587890253615;87.88;;;;;
79;13;0.33192638;0.251364;10.936.298;13.558.773;134.1;0.3314764574680008;0.23700719796183484;10.978.786.237.945.600;11.710.621.359.801.100;115.39;;;;;
79;14;0.34145984;0.22342238;0.6450649;0.8038004;77.85;0.3339789771059028;0.21232698454775525;0.6482930938381448;0.7595450223877986;73.27;;;;;
79;15;0.78078777;0.39506063;16.653.749;15.740.417;156.13;0.4356597904821861;0.23053081578732654;0.9226735918388962;10.460.738.344.626.700;102.68;;;;;
79;16;-0.26005572;0.20491932;0.6121888;0.71166295;68.3;-0.257146695015122;0.1974254123329111;0.6218565144075967;0.7012893416437938;67.22;;;;;
79;17;-0.019687843;0.21063441;0.58128315;0.6360033;60.37;-0.01531470378697078;0.2058972534377776;0.5918390463454624;0.6268186946034789;59.41;;;;;
79;18;0.15321726;0.22723632;0.7730767;0.8191853;79.44;0.1479100861892907;0.21749535036983883;0.7682716120443921;0.8120485766888034;78.7;;;;;
79;19;-0.24276438;0.20859161;0.69475484;0.7726196;74.63;-0.24018025501955134;0.203906839353242;0.6872265171216753;0.756005846453236;72.91;;;;;
79;20;-0.20201294;0.23124751;0.95466995;10.687.994;104.99;-0.2025919325979145;0.22267218318800988;0.9587263163927445;1.004.879.366.920.960;98.48;;;;;
80;0;-0.14870031;0.2097382;0.5893447;0.6618433;63.09;-0.14765040769782167;0.20234750755325792;0.5938884930874445;0.6445531001616736;61.27;;;;;
80;1;-0.0023810272;0.22874892;0.7826146;0.82919085;80.47;-0.0022808237154998984;0.21481720360123854;0.7536640586733552;0.7836843410811981;75.77;;;;;
80;2;-0.07099642;0.2227232;0.8074118;0.85028845;82.64;-0.06816543155569008;0.21388865555787853;0.8045135284991499;0.8352466106328614;81.09;;;;;
80;3;0.21344766;0.22250585;0.6771552;0.7633874;73.67;0.21663434976536186;0.21601287752441412;0.6847090493120173;0.7499456560074237;72.28;;;;;
80;4;0.28271067;0.22680129;0.7340576;0.8893175;86.65;0.2701551132473836;0.21522328116477116;0.7277661936301327;0.8055733849624929;78.04;;;;;
80;5;0.28521517;0.24631032;10.032.245;11.018.207;108.35;0.2808969226507651;0.2401103168431512;10.176.924.472.199.100;10.827.067.758.805.500;106.41;;;;;
80;6;0.4473635;0.2314658;0.8177419;0.9819873;96.14;0.441591310725471;0.222877798309749;0.8235851399720205;0.9607132149972609;93.97;;;;;
80;7;0.088259704;0.25003922;10.913.368;11.208.938;110.29;0.0819198479514573;0.23814438047637254;1.107.775.189.055.450;11.360.411.422.689.300;111.83;;;;;
80;8;0.13643326;0.24703187;10.163.975;10.525.417;103.34;0.13879714001630447;0.2324897796528388;10.129.872.829.276.800;10.485.510.855.904.600;102.93;;;;;
80;9;-0.21508855;0.20709214;0.48796383;0.58940023;55.44;-0.21280544100910687;0.2013445133927168;0.49850620413146585;0.5782163992433915;54.25;;;;;
80;10;-0.07509417;0.2524807;10.876.979;11.182.835;110.03;-0.06819928626331546;0.22266708575416788;10.186.584.178.942.500;10.449.386.326.822.700;102.56;;;;;
80;11;0.23751104;0.23444177;0.84467006;0.921649;89.97;0.233508839843635;0.22746570103268274;0.8465004391891148;0.907099783363867;88.48;;;;;
80;12;0.75463545;0.41617364;19.039.996;17.714.714;176.01;0.41713168737005835;0.23763515389646234;10.191.214.832.134.700;11.265.335.807.346.400;110.86;;;;;
80;13;0.33632815;0.2537447;10.999.014;12.514.354;123.54;0.3343095895831119;0.239921420540662;11.067.492.144.959.700;11.807.705.168.697.800;116.37;;;;;
80;14;0.4416197;0.2433206;0.9334048;10.696.057;105.07;0.4356597904821861;0.22977750532529073;0.9231085158369359;1.046.291.779.097.570;102.7;;;;;
80;15;0.15456183;0.22743891;0.77247745;0.84723204;82.33;0.1479100861892907;0.21685757832222577;0.7686398299077631;0.8122264407127724;78.72;;;;;
80;16;0.34284237;0.22400564;0.6464083;0.8102267;78.52;0.3339789771059028;0.21232698454775525;0.6482930938381448;0.7595450223877986;73.27;;;;;
80;17;-0.017372467;0.20908013;0.5803241;0.63061917;59.81;-0.01524036056470393;0.20489775220749715;0.5889660412661155;0.6237758854063747;59.08;;;;;
80;18;-0.25715402;0.20437714;0.61223924;0.70569587;67.68;-0.25525128939464925;0.19643332483375078;0.6187316073000209;0.6975443166673642;66.83;;;;;
80;19;-0.20106916;0.23132661;0.9532552;10.473.083;102.8;-0.2025919325979145;0.22267218318800988;0.9587263163927445;1.004.879.366.920.960;98.48;;;;;
80;20;-0.24524812;0.20590392;0.7029338;0.77713645;75.1;-0.24018025501955134;0.203906839353242;0.6872265171216753;0.756005846453236;72.91;;;;;
81;0;-0.14980514;0.20979483;0.58806705;0.6596463;62.86;-0.14765040769782167;0.20234750755325792;0.5938884930874445;0.6445531001616736;61.27;;;;;
81;1;-0.0045791045;0.2218051;0.7561711;0.7960618;77.05;-0.0030221561226178232;0.21611912604730665;0.7582317196350119;0.7884363961232056;76.26;;;;;
81;2;0.21191278;0.22160481;0.6771395;0.7526307;72.56;0.21784459752941412;0.21721965337650578;0.6885342395316374;0.754135296543778;72.71;;;;;
81;3;0.28168917;0.22654235;0.7335235;0.9034744;88.11;0.2701551132473836;0.21522328116477116;0.7277661936301327;0.8055733849624929;78.04;;;;;
81;4;-0.074082755;0.22550428;0.8083987;0.8722516;84.9;-0.06860238945027783;0.21459334665914098;0.810055406962154;0.8408010196338244;81.67;;;;;
81;5;0.0889228;0.2522316;10.915.294;11.251.163;110.72;0.0819198479514573;0.23814438047637254;1.107.775.189.055.450;11.360.411.422.689.300;111.83;;;;;
81;6;0.30668917;0.25362948;10.541.452;11.327.649;111.5;0.2808969226507651;0.2401103168431512;10.176.924.472.199.100;10.827.067.758.805.500;106.41;;;;;
81;7;0.4473661;0.23231411;0.81824756;0.9806061;96.0;0.44449651671708595;0.22366017301072805;0.8293983284700567;0.9672138406959112;94.63;;;;;
81;8;0.13670424;0.24297076;0.9966123;10.400.466;102.06;0.13879714001630447;0.23167122182794953;10.134.598.775.082.300;10.488.265.463.931.400;102.96;;;;;
81;9;0.7555457;0.41891998;19.175.184;17.495.503;173.81;0.4204687408690188;0.23870458037754655;10.277.546.111.730.200;11.358.051.679.441.300;111.81;;;;;
81;10;-0.08267969;0.2569275;11.194.652;11.514.407;113.39;-0.0672540971022213;0.22266708575416788;10.186.584.178.942.500;10.448.773.693.606.800;102.56;;;;;
81;11;0.332803;0.25360453;11.003.416;12.726.678;125.69;0.3324937373278225;0.23700719796183484;10.978.786.237.945.600;11.713.504.897.480.400;115.41;;;;;
81;12;0.15716937;0.2269686;0.7717105;0.85805863;83.44;0.1479100861892907;0.21749535036983883;0.7682716120443921;0.8120485766888034;78.7;;;;;
81;13;0.23437403;0.23329122;0.83677095;0.9273383;90.55;0.2342755277921801;0.22900263144506575;0.8522200367512034;0.9130203826702291;89.08;;;;;
81;14;-0.21257362;0.21004558;0.4896047;0.59039026;55.55;-0.2110246423395746;0.19965962206725474;0.4943346040968929;0.5733777682873799;53.74;;;;;
81;15;0.34231806;0.22351485;0.64521253;0.8060963;78.09;0.3339789771059028;0.21232698454775525;0.6482930938381448;0.7595450223877986;73.27;;;;;
81;16;0.44445878;0.24322413;0.9377369;10.744.057;105.56;0.4356597904821861;0.22977750532529073;0.9231085158369359;1.046.291.779.097.570;102.7;;;;;
81;17;-0.2613207;0.20683593;0.61436796;0.72048587;69.22;-0.2584520081877876;0.19842757178637765;0.6250131464604272;0.7048491860176201;67.59;;;;;
81;18;-0.020858942;0.21035889;0.58163035;0.63221514;59.97;-0.01524036056470393;0.20489775220749715;0.5889660412661155;0.6237758854063747;59.08;;;;;
81;19;-0.24471906;0.20621176;0.70256495;0.7772105;75.1;-0.24018025501955134;0.203906839353242;0.6872265171216753;0.756005846453236;72.91;;;;;
81;20;-0.19940104;0.23162252;0.9542951;0.99883926;97.86;-0.20411518021143268;0.22434641012927314;0.965934784937051;10.124.348.508.827.700;99.25;;;;;
82;0;-0.14910676;0.2118643;0.59260416;0.67139405;64.09;-0.14765040769782167;0.20234750755325792;0.5938884930874445;0.6445531001616736;61.27;;;;;
82;1;-0.0008752045;0.22623827;0.7757883;0.84799063;82.41;-0.0030405839038532977;0.2174369255963756;0.7628550837791278;0.7932439351239569;76.76;;;;;
82;2;0.21245874;0.22192709;0.6768292;0.75932926;73.25;0.217173988459811;0.21780041786679033;0.6881989349968358;0.7538032484788518;72.68;;;;;
82;3;-0.07341425;0.22399957;0.80953705;0.8640371;84.06;-0.06816543155569008;0.21388865555787853;0.8045135284991499;0.8352466106328614;81.09;;;;;
82;4;0.27824473;0.22475696;0.7330858;0.8619613;83.84;0.2701551132473836;0.21522328116477116;0.7277661936301327;0.8055733849624929;78.04;;;;;
82;5;0.088826045;0.24806203;10.799.497;11.091.925;109.1;0.08224289181169037;0.23700719796183484;10.978.786.237.945.600;11.261.766.192.406.500;110.83;;;;;
82;6;0.44268605;0.23085003;0.8181205;0.96274996;94.17;0.44449651671708595;0.22366017301072805;0.8293983284700567;0.9672138406959112;94.63;;;;;
82;7;0.30619264;0.25194207;10.525.336;11.252.544;110.73;0.2808969226507651;0.2401103168431512;10.176.924.472.199.100;10.827.067.758.805.500;106.41;;;;;
82;8;0.13787949;0.24331638;0.9960504;10.368.773;101.74;0.13879714001630447;0.2324897796528388;10.129.872.829.276.800;10.485.510.855.904.600;102.93;;;;;
82;9;0.77559495;0.42154068;19.311.941;19.625.105;195.23;0.41713168737005835;0.23681009958089932;1.019.597.828.544.660;11.267.908.412.144.200;110.89;;;;;
82;10;-0.21795793;0.20650919;0.49597707;0.6005079;56.62;-0.21280544100910687;0.2013445133927168;0.49850620413146585;0.5782163992433915;54.25;;;;;
82;11;0.33022478;0.2515314;10.914.363;12.086.059;119.19;0.3296996723082609;0.23501554083610515;1.088.652.753.006.370;11.615.072.083.215.900;114.42;;;;;
82;12;0.23185557;0.23396443;0.847383;0.942018;92.05;0.2327523744010705;0.22594926302579818;0.840857102927854;0.9012587890253615;87.88;;;;;
82;13;-0.07722662;0.25513685;11.000.417;11.328.912;111.51;-0.06819928626331546;0.22266708575416788;10.186.584.178.942.500;10.449.386.326.822.700;102.56;;;;;
82;14;0.341923;0.2238818;0.64584506;0.80270004;77.74;0.33690902486393937;0.21515378033843138;0.6549057498592507;0.767268128770768;74.07;;;;;
82;15;-0.2608646;0.20567983;0.61420566;0.7154984;68.7;-0.25525128939464925;0.19695572103355447;0.6184300017134406;0.6974241491407969;66.81;;;;;
82;16;0.73676366;0.37185073;15.647.037;15.947.475;158.22;0.4356597904821861;0.22977750532529073;0.9231085158369359;1.046.291.779.097.570;102.7;;;;;
82;17;-0.016801689;0.21164452;0.5807437;0.6572626;62.61;-0.01524036056470393;0.20489775220749715;0.5889660412661155;0.6237758854063747;59.08;;;;;
82;18;0.16040745;0.22920772;0.7709113;0.887077;86.42;0.1479100861892907;0.21685757832222577;0.7686398299077631;0.8122264407127724;78.72;;;;;
82;19;-0.24521662;0.20475888;0.700434;0.7733503;74.7;-0.24151458976965995;0.2044621171065326;0.6913778839486261;0.7603534920131376;73.36;;;;;
82;20;-0.2058001;0.22982287;0.9601177;10.141.846;99.43;-0.2025919325979145;0.22267218318800988;0.9587263163927445;1.004.879.366.920.960;98.48;;;;;
83;0;-0.15025781;0.20952824;0.58973885;0.66445464;63.36;-0.14837418420614434;0.2028298147287105;0.5970939244836061;0.6478240401042217;61.62;;;;;
83;1;-0.0030750073;0.22524187;0.76993597;0.8593643;83.58;-0.0022808237154998984;0.21481720360123854;0.7536640586733552;0.7836843410811981;75.77;;;;;
83;2;0.44519717;0.23014693;0.8171004;0.9579313;93.68;0.441591310725471;0.22219834181457948;0.8239774243624093;0.9608921816063954;93.98;;;;;
83;3;-0.06874724;0.22399884;0.8076358;0.85888726;83.53;-0.06816543155569008;0.21322651005621654;0.8048958183827772;0.8354455991266025;81.12;;;;;
83;4;0.27928218;0.22460648;0.73145396;0.8749045;85.17;0.2701551132473836;0.21522328116477116;0.7277661936301327;0.8055733849624929;78.04;;;;;
83;5;0.21462457;0.22310713;0.6765236;0.77556616;74.93;0.21663434976536186;0.21659041554530817;0.6843756075801869;0.7498078566240156;72.26;;;;;
83;6;0.08958479;0.24986139;10.810.351;11.156.437;109.76;0.08224289181169037;0.236126207760471;10.983.872.637.244.700;1.126.487.487.883.030;110.86;;;;;
83;7;0.2982836;0.25233182;10.387.554;11.261.623;110.83;0.2808969226507651;0.2401103168431512;10.176.924.472.199.100;10.827.067.758.805.500;106.41;;;;;
83;8;-0.21544465;0.2059393;0.4880974;0.5882905;55.33;-0.21140693485587972;0.20049852804232723;0.49641164024856055;0.5756014840378405;53.97;;;;;
83;9;0.1341993;0.24438044;0.9976547;10.433.699;102.4;0.14005758206889368;0.23620961612728414;10.291.950.794.545.200;10.652.012.113.302.300;104.63;;;;;
83;10;0.74296;0.40071565;18.415.407;18.154.206;180.44;0.41713168737005835;0.23681009958089932;1.019.597.828.544.660;11.267.908.412.144.200;110.89;;;;;
83;11;0.33522025;0.25560474;11.045.053;12.294.526;121.31;0.3296996723082609;0.23501554083610515;1.088.652.753.006.370;11.615.072.083.215.900;114.42;;;;;
83;12;-0.07402298;0.2507567;10.821.263;11.136.367;109.55;-0.06819928626331546;0.22266708575416788;10.186.584.178.942.500;10.449.386.326.822.700;102.56;;;;;
83;13;0.7478134;0.37379086;15.681.934;1.577.737;156.5;0.4356597904821861;0.22977750532529073;0.9231085158369359;1.046.291.779.097.570;102.7;;;;;
83;14;0.22998054;0.23307891;0.8364987;0.95593095;93.48;0.233508839843635;0.22746570103268274;0.8465004391891148;0.907099783363867;88.48;;;;;
83;15;0.3434736;0.22398165;0.6462257;0.8101133;78.5;0.3339789771059028;0.21232698454775525;0.6482930938381448;0.7595450223877986;73.27;;;;;
83;16;-0.25504038;0.20376849;0.6125443;0.7007708;67.16;-0.2578426730433259;0.1989552715009002;0.6247084788881964;0.7045045973554243;67.55;;;;;
83;17;0.15366454;0.2273969;0.7687154;0.82334113;79.87;0.14774014068483743;0.21553527601538292;0.7639530016766183;0.8074074517536471;78.22;;;;;
83;18;-0.01797604;0.21183607;0.58152807;0.6826363;65.27;-0.01524036056470393;0.20489775220749715;0.5889660412661155;0.6237758854063747;59.08;;;;;
83;19;-0.24364454;0.21156748;0.6935469;0.78574115;75.99;-0.24018025501955134;0.20333249215014293;0.6875581166339928;0.7561526439909656;72.92;;;;;
83;20;-0.2002997;0.23169836;0.9557228;10.491.666;102.99;-0.2025919325979145;0.22267218318800988;0.9587263163927445;1.004.879.366.920.960;98.48;;;;;
84;0;-0.004455709;0.22015893;0.7519138;0.78421533;75.83;-0.0022808237154998984;0.21481720360123854;0.7536640586733552;0.7836843410811981;75.77;;;;;
84;1;-0.14754432;0.20870551;0.5891793;0.65764874;62.65;-0.14765040769782167;0.20234750755325792;0.5938884930874445;0.6445531001616736;61.27;;;;;
84;2;0.44082463;0.23010316;0.8179859;0.9559484;93.48;0.44449651671708595;0.2243440996144184;0.8290034632613101;0.9670336966748745;94.61;;;;;
84;3;-0.07481752;0.22483139;0.8064566;0.92895585;90.72;-0.06816543155569008;0.21388865555787853;0.8045135284991499;0.8352466106328614;81.09;;;;;
84;4;0.21308482;0.2227454;0.676087;0.7608258;73.41;0.217173988459811;0.21780041786679033;0.6881989349968358;0.7538032484788518;72.68;;;;;
84;5;0.2803413;0.22523695;0.7328886;0.87110996;84.78;0.2685844439843174;0.21397198301846435;0.7235349948299575;0.8008898187708504;77.55;;;;;
84;6;0.08865695;0.25009865;10.821.805;11.153.631;109.73;0.0819198479514573;0.23903290050851722;11.072.622.017.757.100;11.357.275.960.788.700;111.8;;;;;
84;7;0.3165279;0.26155278;10.900.548;11.689.751;115.17;0.2808969226507651;0.2401103168431512;10.176.924.472.199.100;10.827.067.758.805.500;106.41;;;;;
84;8;0.1337915;0.24538618;10.039.839;10.463.315;102.7;0.13879714001630447;0.23167122182794953;10.134.598.775.082.300;10.488.265.463.931.400;102.96;;;;;
84;9;0.76095754;0.4120751;18.803.009;19.203.975;191.0;0.41713168737005835;0.23763515389646234;10.191.214.832.134.700;11.265.335.807.346.400;110.86;;;;;
84;10;-0.08139548;0.25293675;11.020.772;11.335.664;111.58;-0.06874055044000844;0.22443428484745487;102.674.300.851.246;10.532.317.964.337.200;103.41;;;;;
84;11;-0.21212056;0.2092038;0.48893347;0.5866818;55.15;-0.21052238701129444;0.20009458794073143;0.4940834764327528;0.5731282589787202;53.71;;;;;
84;12;0.3333337;0.25441265;1.102.542;12.015.308;118.48;0.3314764574680008;0.23700719796183484;10.978.786.237.945.600;11.710.621.359.801.100;115.39;;;;;
84;13;0.23290457;0.23213963;0.83696026;0.92292625;90.1;0.2327523744010705;0.22594926302579818;0.840857102927854;0.9012587890253615;87.88;;;;;
84;14;0.34280312;0.22395812;0.6458689;0.7976111;77.21;0.33511695558274823;0.21345638340173265;0.6517414613585605;0.7633046141533464;73.66;;;;;
84;15;0.7958;0.4022094;16.949.114;17.140.886;170.24;0.433389137482019;0.228124429747411;0.9164674473776774;10.391.243.823.710.100;101.97;;;;;
84;16;-0.017382246;0.21218894;0.5817945;0.7142874;68.57;-0.01524036056470393;0.20489775220749715;0.5889660412661155;0.6237758854063747;59.08;;;;;
84;17;0.15499662;0.22810535;0.77030987;0.83604735;81.18;0.14774014068483743;0.21553527601538292;0.7639530016766183;0.8074074517536471;78.22;;;;;
84;18;-0.25711584;0.2041696;0.611164;0.7046994;67.57;-0.2584520081877876;0.19842757178637765;0.6250131464604272;0.7048491860176201;67.59;;;;;
84;19;-0.24406421;0.21148014;0.6932252;0.7887214;76.29;-0.24018025501955134;0.203906839353242;0.6872265171216753;0.756005846453236;72.91;;;;;
84;20;-0.20017485;0.23197368;0.9525283;0.99968076;97.95;-0.20501772925999626;0.22434641012927314;0.965934784937051;1.012.617.198.056.700;99.27;;;;;
85;0;-0.1480377;0.20927778;0.5875647;0.65811706;62.7;-0.14765040769782167;0.20234750755325792;0.5938884930874445;0.6445531001616736;61.27;;;;;
85;1;-0.005134699;0.22006683;0.7440168;0.7736396;74.73;-0.0030405839038532977;0.2174369255963756;0.7628550837791278;0.7932439351239569;76.76;;;;;
85;2;-0.074919805;0.22524889;0.8086892;0.87257373;84.93;-0.06816543155569008;0.21322651005621654;0.8048958183827772;0.8354455991266025;81.12;;;;;
85;3;0.27925718;0.22510163;0.7317962;0.8710826;84.78;0.2701551132473836;0.21522328116477116;0.7277661936301327;0.8055733849624929;78.04;;;;;
85;4;0.21155429;0.22173114;0.67582846;0.74532723;71.8;0.217173988459811;0.21721965337650578;0.6885342395316374;0.7539418532512714;72.69;;;;;
85;5;0.30690652;0.2564029;10.582.974;11.476.194;113.01;0.27963032501933355;0.23821968442706343;10.096.791.208.638.500;10.744.271.328.607.400;105.56;;;;;
85;6;0.08816446;0.25017688;1.090.817;11.204.004;110.24;0.08224289181169037;0.236126207760471;10.983.872.637.244.700;1.126.487.487.883.030;110.86;;;;;
85;7;0.44270727;0.23095773;0.8182596;0.974896;95.42;0.44449651671708595;0.22366017301072805;0.8293983284700567;0.9672138406959112;94.63;;;;;
85;8;0.13667277;0.24365643;0.99796915;10.364.968;101.7;0.14005758206889368;0.2353779613771967;10.296.752.355.483.600;10.654.811.127.836.300;104.65;;;;;
85;9;-0.21254082;0.2042192;0.4925109;0.59023994;55.53;-0.21052238701129444;0.19922465619377802;0.494585731761033;0.5732583929870184;53.72;;;;;
85;10;-0.25850964;0.20598516;0.6131978;0.7134865;68.49;-0.25525128939464925;0.19643332483375078;0.6187316073000209;0.6975443166673642;66.83;;;;;
85;11;0.23398817;0.23210377;0.8356596;0.92325485;90.13;0.2327523744010705;0.22594926302579818;0.840857102927854;0.9012587890253615;87.88;;;;;
85;12;0.78922963;0.42834917;19.580.886;19.964.554;198.64;0.41713168737005835;0.23681009958089932;1.019.597.828.544.660;11.267.908.412.144.200;110.89;;;;;
85;13;0.33619106;0.2562255;11.112.989;12.750.531;125.93;0.3314764574680008;0.23700719796183484;10.978.786.237.945.600;11.710.621.359.801.100;115.39;;;;;
85;14;-0.0741924;0.25125787;10.843.921;11.158.787;109.78;-0.0667286744686102;0.22092749914671345;10.107.001.490.044.500;10.367.142.649.125.500;101.72;;;;;
85;15;0.34333605;0.22419935;0.6458957;0.80402213;77.88;0.33511695558274823;0.21400934533663124;0.6514222086365952;0.7631869153198598;73.65;;;;;
85;16;-0.016808331;0.211698;0.5815079;0.6420252;61.01;-0.01524036056470393;0.20439310733487126;0.5892573981191712;0.6238854799995924;59.1;;;;;
85;17;0.1535133;0.22616401;0.7697466;0.81587124;79.1;0.14774014068483743;0.21553527601538292;0.7639530016766183;0.8074074517536471;78.22;;;;;
85;18;0.7431453;0.36990005;15.329.118;14.979.808;148.46;0.4356597904821861;0.22977750532529073;0.9231085158369359;1.046.291.779.097.570;102.7;;;;;
85;19;-0.2426866;0.2091192;0.69562083;0.7746882;74.84;-0.24018025501955134;0.203906839353242;0.6872265171216753;0.756005846453236;72.91;;;;;
85;20;-0.19844627;0.2309444;0.9526068;10.348.427;101.53;-0.2025919325979145;0.22267218318800988;0.9587263163927445;1.004.879.366.920.960;98.48;;;;;
86;0;-0.1482888;0.20865242;0.588084;0.6595339;62.85;-0.14765040769782167;0.20184040099832654;0.594181271193442;0.6446639228354204;61.29;;;;;
86;1;-0.0016059015;0.22833906;0.78085995;0.84919524;82.53;-0.0022808237154998984;0.21481720360123854;0.7536640586733552;0.7836843410811981;75.77;;;;;
86;2;-0.07177852;0.22440735;0.80824137;0.87157655;84.83;-0.06860238945027783;0.21459334665914098;0.810055406962154;0.8408010196338244;81.67;;;;;
86;3;0.21505854;0.22341913;0.6766931;0.77886957;75.28;0.21839406704666392;0.21902401571997454;0.6920652211485037;0.7580380981894074;73.12;;;;;
86;4;0.27992794;0.22540796;0.73190874;0.88228214;85.93;0.2701551132473836;0.21522328116477116;0.7277661936301327;0.8055733849624929;78.04;;;;;
86;5;0.44349566;0.22933245;0.8160486;0.9550135;93.38;0.44449651671708595;0.22366017301072805;0.8293983284700567;0.9672138406959112;94.63;;;;;
86;6;0.090139925;0.25118732;10.817.071;11.201.726;110.22;0.08224289181169037;0.23700719796183484;10.978.786.237.945.600;11.261.766.192.406.500;110.83;;;;;
86;7;0.29621756;0.24775258;10.237.457;11.012.883;108.3;0.2808969226507651;0.2401103168431512;10.176.924.472.199.100;10.827.067.758.805.500;106.41;;;;;
86;8;-0.21635483;0.20999262;0.48955286;0.59289986;55.81;-0.21052238701129444;0.19965962206725474;0.4943346040968929;0.5731931096276403;53.72;;;;;
86;9;0.13577971;0.24324629;0.9997024;1.045.575;102.63;0.13879714001630447;0.23167122182794953;10.134.598.775.082.300;10.488.265.463.931.400;102.96;;;;;
86;10;-0.08146197;0.25314337;11.029.775;11.344.821;111.67;-0.0667286744686102;0.22092749914671345;10.107.001.490.044.500;10.367.142.649.125.500;101.72;;;;;
86;11;0.32861277;0.2501259;10.863.773;12.539.942;123.79;0.3314764574680008;0.23700719796183484;10.978.786.237.945.600;11.710.621.359.801.100;115.39;;;;;
86;12;0.7547161;0.41031504;18.766.886;19.198.694;190.94;0.41713168737005835;0.23681009958089932;1.019.597.828.544.660;11.267.908.412.144.200;110.89;;;;;
86;13;0.23688257;0.23537731;0.8496454;0.93999577;91.85;0.2327523744010705;0.22594926302579818;0.840857102927854;0.9012587890253615;87.88;;;;;
86;14;0.7720748;0.39274624;16.665.411;1.634.076;162.18;0.4356597904821861;0.22977750532529073;0.9231085158369359;1.046.291.779.097.570;102.7;;;;;
86;15;0.34296352;0.22461228;0.6472717;0.8031714;77.79;0.3339789771059028;0.21232698454775525;0.6482930938381448;0.7595450223877986;73.27;;;;;
86;16;-0.25975388;0.20667027;0.6133585;0.72821814;70.02;-0.2597706408826233;0.1999703494167211;0.6278957670457891;0.7083233871505544;67.95;;;;;
86;17;0.16214734;0.23077884;0.7728603;0.8983138;87.58;0.1479100861892907;0.21749535036983883;0.7682716120443921;0.8120485766888034;78.7;;;;;
86;18;-0.017387155;0.20775115;0.5813344;0.62390226;59.1;-0.01524036056470393;0.20489775220749715;0.5889660412661155;0.6237758854063747;59.08;;;;;
86;19;-0.20362952;0.23163436;0.95514804;10.921.309;107.37;-0.20501772925999626;0.22434641012927314;0.965934784937051;1.012.617.198.056.700;99.27;;;;;
86;20;-0.24212903;0.21133222;0.69541264;0.7859007;76.0;-0.24018025501955134;0.203906839353242;0.6872265171216753;0.756005846453236;72.91;;;;;
87;0;-0.1459243;0.20748621;0.5885173;0.6525848;62.12;-0.14765040769782167;0.20234750755325792;0.5938884930874445;0.6445531001616736;61.27;;;;;
87;1;-0.0044245115;0.22261098;0.74642444;0.83087224;80.64;-0.0030221561226178232;0.21611912604730665;0.7582317196350119;0.7884363961232056;76.26;;;;;
87;2;-0.07171781;0.22536002;0.808027;0.9039338;88.15;-0.06816543155569008;0.21388865555787853;0.8045135284991499;0.8352466106328614;81.09;;;;;
87;3;0.27778235;0.22467256;0.7331642;0.85085666;82.7;0.2701551132473836;0.21522328116477116;0.7277661936301327;0.8055733849624929;78.04;;;;;
87;4;0.213037;0.22195049;0.6766582;0.7718417;74.55;0.217173988459811;0.21780041786679033;0.6881989349968358;0.7538032484788518;72.68;;;;;
87;5;0.4410521;0.23080623;0.8182237;0.9582233;93.71;0.44449651671708595;0.22366017301072805;0.8293983284700567;0.9672138406959112;94.63;;;;;
87;6;0.086337335;0.25144085;10.969.014;11.239.997;110.61;0.08224289181169037;0.236126207760471;10.983.872.637.244.700;1.126.487.487.883.030;110.86;;;;;
87;7;0.3075849;0.25436574;10.606.685;11.369.807;111.93;0.2808969226507651;0.2401103168431512;10.176.924.472.199.100;10.827.067.758.805.500;106.41;;;;;
87;8;-0.21082996;0.20342837;0.48843807;0.576228;54.04;-0.2110246423395746;0.19965962206725474;0.4943346040968929;0.5733777682873799;53.74;;;;;
87;9;0.13733727;0.24262318;0.9957577;10.350.504;101.55;0.1398987046196085;0.23433493663421046;10.210.268.645.382.200;10.568.729.196.030.900;103.78;;;;;
87;10;0.75832826;0.4091547;187.273;1.895.279;188.47;0.41808437803243104;0.23763515389646234;10.191.214.832.134.700;11.268.866.895.430.900;110.9;;;;;
87;11;-0.07464082;0.25271723;10.911.062;11.229.444;110.5;-0.0662113979223419;0.21921488287425828;10.028.652.641.284.400;10.286.777.202.233.100;100.9;;;;;
87;12;0.33574677;0.25547934;11.076.815;12.738.222;125.8;0.3269521750390254;0.23305707799580427;10.795.806.467.313.100;1.151.827.981.585.570;113.43;;;;;
87;13;0.23532379;0.23755154;0.88871324;10.059.521;98.59;0.2327523744010705;0.22594926302579818;0.840857102927854;0.9012587890253615;87.88;;;;;
87;14;-0.2539373;0.2033727;0.6129806;0.7002776;67.11;-0.25654043732088483;0.19795044689736024;0.6215533855604781;0.7009464933283766;67.18;;;;;
87;15;0.3456813;0.22586116;0.65000606;0.8192822;79.45;0.33511695558274823;0.21290342146683405;0.6520607140805258;0.7634228288691263;73.68;;;;;
87;16;0.79748774;0.40299344;17.006.131;17.187.176;170.7;0.4356597904821861;0.22977750532529073;0.9231085158369359;1.046.291.779.097.570;102.7;;;;;
87;17;-0.018536508;0.21124324;0.58160084;0.63856083;60.64;-0.015166735634439661;0.20390790799393435;0.5861207946899507;0.6207624753319478;58.77;;;;;
87;18;0.16401102;0.23165277;0.7753805;0.9091643;88.69;0.1479100861892907;0.21685757832222577;0.7686398299077631;0.8122264407127724;78.72;;;;;
87;19;-0.19907868;0.2301847;0.9576835;10.060.393;98.6;-0.20501772925999626;0.22434641012927314;0.965934784937051;1.012.617.198.056.700;99.27;;;;;
87;20;-0.24632;0.21257861;0.6919004;0.79319483;76.76;-0.24018025501955134;0.203906839353242;0.6872265171216753;0.756005846453236;72.91;;;;;
88;0;-0.14928585;0.20915398;0.5894683;0.65994805;62.89;-0.14765040769782167;0.20234750755325792;0.5938884930874445;0.6445531001616736;61.27;;;;;
88;1;-0.00011471173;0.22666813;0.77034277;0.8659592;84.25;-0.0022808237154998984;0.21481720360123854;0.7536640586733552;0.7836843410811981;75.77;;;;;
88;2;0.21384187;0.22271931;0.67601776;0.7680412;74.15;0.217173988459811;0.21780041786679033;0.6881989349968358;0.7538032484788518;72.68;;;;;
88;3;-0.077197954;0.22406048;0.81028533;0.87419087;85.1;-0.06860238945027783;0.21459334665914098;0.810055406962154;0.8408010196338244;81.67;;;;;
88;4;0.27966022;0.22484078;0.73246217;0.8565667;83.29;0.27103814906966844;0.2164893004657404;0.7320471712397217;0.810075525113144;78.5;;;;;
88;5;0.08473082;0.25022036;10.847.225;1.113.487;109.54;0.0819198479514573;0.23814438047637254;1.107.775.189.055.450;11.360.411.422.689.300;111.83;;;;;
88;6;0.4434029;0.23139569;0.8172537;0.9584161;93.73;0.44449651671708595;0.22366017301072805;0.8293983284700567;0.9672138406959112;94.63;;;;;
88;7;0.2999365;0.25041297;10.351.175;1.114.418;109.63;0.2808969226507651;0.2401103168431512;10.176.924.472.199.100;10.827.067.758.805.500;106.41;;;;;
88;8;-0.22052196;0.20460816;0.49047917;0.5985102;56.41;-0.21191130050066526;0.20049852804232723;0.49641164024856055;0.5757869185743016;53.99;;;;;
88;9;0.13656119;0.24307632;0.9973754;10.411.174;102.17;0.13879714001630447;0.2324897796528388;10.129.872.829.276.800;10.485.510.855.904.600;102.93;;;;;
88;10;0.23783381;0.2368777;0.8589028;0.94716614;92.58;0.23121096794808327;0.22445291029052802;0.8352885128422392;0.895290187773538;87.27;;;;;
88;11;0.33224845;0.25039655;10.907.042;13.231.124;130.79;0.3296996723082609;0.23501554083610515;1.088.652.753.006.370;11.615.072.083.215.900;114.42;;;;;
88;12;-0.07598731;0.25604188;11.016.773;11.340.059;111.62;-0.06819928626331546;0.22266708575416788;10.186.584.178.942.500;10.449.386.326.822.700;102.56;;;;;
88;13;0.75676805;0.41152757;18.909.568;18.621.659;185.14;0.41713168737005835;0.23763515389646234;10.191.214.832.134.700;11.265.335.807.346.400;110.86;;;;;
88;14;0.3418791;0.22307137;0.64572203;0.79993397;77.45;0.3339789771059028;0.21287702075813056;0.6479755302840206;0.7594279893198699;73.26;;;;;
88;15;-0.019694515;0.2111991;0.58167005;0.6415281;60.96;-0.01524036056470393;0.20489775220749715;0.5889660412661155;0.6237758854063747;59.08;;;;;
88;16;0.16032146;0.23035127;0.7720616;0.88505584;86.22;0.1479100861892907;0.21749535036983883;0.7682716120443921;0.8120485766888034;78.7;;;;;
88;17;-0.26107275;0.20688412;0.61480826;0.7173732;68.89;-0.2578426730433259;0.1989552715009002;0.6247084788881964;0.7045045973554243;67.55;;;;;
88;18;0.76981497;0.38627556;16.175.194;15.305.547;151.74;0.4302935007857189;0.22723751841893616;0.9094925405269119;1.031.487.308.632.400;101.19;;;;;
88;19;-0.19653592;0.22827482;0.9530339;10.016.212;98.15;-0.2025919325979145;0.22344798052950937;0.9582784095887932;10.046.243.086.052.100;98.45;;;;;
88;20;-0.2468641;0.20506991;0.698093;0.77565247;74.94;-0.24018025501955134;0.203906839353242;0.6872265171216753;0.756005846453236;72.91;;;;;
89;0;-0.14970715;0.20893782;0.58795816;0.6586576;62.76;-0.14969641675621873;0.20382897637762037;0.6000352738652986;0.6511509799450539;61.97;;;;;
89;1;-0.0030674222;0.22406468;0.76446843;0.7955614;77.0;-0.0030405839038532977;0.2174369255963756;0.7628550837791278;0.7932439351239569;76.76;;;;;
89;2;-0.07935771;0.22337684;0.8120106;0.86817384;84.48;-0.06816543155569008;0.21388865555787853;0.8045135284991499;0.8352466106328614;81.09;;;;;
89;3;0.2814621;0.22756228;0.73450196;0.9463418;92.5;0.2685844439843174;0.21397198301846435;0.7235349948299575;0.8008898187708504;77.55;;;;;
89;4;0.21584743;0.22374205;0.67697227;0.7927997;76.72;0.217173988459811;0.21780041786679033;0.6881989349968358;0.7538032484788518;72.68;;;;;
89;5;0.4455124;0.23067757;0.81715965;0.95949346;93.84;0.44449651671708595;0.22366017301072805;0.8293983284700567;0.9672138406959112;94.63;;;;;
89;6;0.09065732;0.2514609;11.061.752;11.301.216;111.23;0.08294582251093557;0.23903290050851722;11.072.622.017.757.100;11.358.020.604.307.400;111.81;;;;;
89;7;0.28631747;0.24545178;10.050.275;10.934.411;107.5;0.27744571310512;0.23635859314247698;10.017.910.027.321.000;10.660.331.708.852.600;104.71;;;;;
89;8;0.13380232;0.24388331;0.9988203;10.435.021;102.42;0.13879714001630447;0.23167122182794953;10.134.598.775.082.300;10.488.265.463.931.400;102.96;;;;;
89;9;-0.0757397;0.2499305;10.816.249;11.154.985;109.74;-0.06819928626331546;0.22266708575416788;10.186.584.178.942.500;10.449.386.326.822.700;102.56;;;;;
89;10;0.75534064;0.4123975;18.825.055;17.743.539;176.3;0.4204687408690188;0.23870458037754655;10.277.546.111.730.200;11.358.051.679.441.300;111.81;;;;;
89;11;-0.21728674;0.20654649;0.5017282;0.6067612;57.29;-0.2110246423395746;0.19965962206725474;0.4943346040968929;0.5733777682873799;53.74;;;;;
89;12;0.22903356;0.22985753;0.82881534;0.90788203;88.56;0.2327523744010705;0.22594926302579818;0.840857102927854;0.9012587890253615;87.88;;;;;
89;13;0.34037077;0.22236164;0.6446114;0.79898125;77.35;0.3339789771059028;0.21232698454775525;0.6482930938381448;0.7595450223877986;73.27;;;;;
89;14;0.33373106;0.25246304;10.914.602;11.840.473;116.7;0.3314764574680008;0.23700719796183484;10.978.786.237.945.600;11.710.621.359.801.100;115.39;;;;;
89;15;0.4439942;0.2453887;0.93951327;12.177.083;120.12;0.4356597904821861;0.22977750532529073;0.9231085158369359;1.046.291.779.097.570;102.7;;;;;
89;16;-0.26019305;0.20602505;0.6122968;0.7107695;68.21;-0.2597706408826233;0.1999703494167211;0.6278957670457891;0.7083233871505544;67.95;;;;;
89;17;0.1590521;0.2281278;0.77056706;0.8705814;84.73;0.14684474589280813;0.21485904309262865;0.7589592288680964;0.8023383942446348;77.7;;;;;
89;18;-0.018525999;0.20961568;0.5803993;0.6265119;59.37;-0.01524036056470393;0.20489775220749715;0.5889660412661155;0.6237758854063747;59.08;;;;;
89;19;-0.203446;0.23091677;0.9515637;10.639.435;104.5;-0.2025919325979145;0.22267218318800988;0.9587263163927445;1.004.879.366.920.960;98.48;;;;;
89;20;-0.24528912;0.20509246;0.6992867;0.7748528;74.86;-0.24018025501955134;0.203906839353242;0.6872265171216753;0.756005846453236;72.91;;;;;
90;0;-0.14916301;0.20999333;0.5869806;0.6608408;62.98;-0.14765040769782167;0.20234750755325792;0.5938884930874445;0.6445531001616736;61.27;;;;;
90;1;-0.0015693349;0.22207505;0.7557267;0.842443;81.84;-0.0022808237154998984;0.21481720360123854;0.7536640586733552;0.7836843410811981;75.77;;;;;
90;2;-0.075817436;0.21901178;0.8134019;0.8549518;83.12;-0.06860238945027783;0.21459334665914098;0.810055406962154;0.8408010196338244;81.67;;;;;
90;3;0.21447963;0.22278148;0.67720795;0.78514653;75.92;0.21663434976536186;0.21601287752441412;0.6847090493120173;0.7499456560074237;72.28;;;;;
90;4;0.28094146;0.22516336;0.73286784;0.89479756;87.22;0.2701551132473836;0.21522328116477116;0.7277661936301327;0.8055733849624929;78.04;;;;;
90;5;0.08922035;0.24959058;108.312;11.184.528;110.04;0.08224289181169037;0.236126207760471;10.983.872.637.244.700;1.126.487.487.883.030;110.86;;;;;
90;6;0.2926198;0.24809553;10.257.496;11.020.766;108.38;0.2808969226507651;0.2401103168431512;10.176.924.472.199.100;10.827.067.758.805.500;106.41;;;;;
90;7;0.44414353;0.23209512;0.8186731;0.9647618;94.38;0.44449651671708595;0.2243440996144184;0.8290034632613101;0.9670336966748745;94.61;;;;;
90;8;0.13598725;0.24199083;0.99522257;10.385.982;101.92;0.13879714001630447;0.23167122182794953;10.134.598.775.082.300;10.488.265.463.931.400;102.96;;;;;
90;9;-0.07575858;0.25433135;10.960.888;1.125.721;110.78;-0.0676664793393833;0.22092749914671345;10.107.001.490.044.500;10.367.750.496.144.400;101.73;;;;;
90;10;0.33148244;0.2513752;1.089.993;13.755.165;136.09;0.32869094101868984;0.23501554083610515;1.088.652.753.006.370;11.612.212.776.945.600;114.39;;;;;
90;11;0.77236474;0.41508856;19.044.023;19.406.408;193.03;0.4147923750557977;0.23494545312750648;10.115.694.991.860.400;11.182.687.208.507.700;110.02;;;;;
90;12;-0.21748094;0.20652048;0.4916985;0.59374356;55.9;-0.21052238701129444;0.20009458794073143;0.4940834764327528;0.5731282589787202;53.71;;;;;
90;13;0.2372811;0.2401575;0.92537606;0.9734231;95.27;0.23195211424467743;0.22594926302579818;0.840857102927854;0.9010524514747745;87.86;;;;;
90;14;0.3424576;0.22311917;0.6457516;0.8091943;78.41;0.3339789771059028;0.21232698454775525;0.6482930938381448;0.7595450223877986;73.27;;;;;
90;15;-0.25675473;0.20509823;0.6128078;0.70886534;68.01;-0.25654043732088483;0.1974254123329111;0.6218565144075967;0.7010672677616437;67.19;;;;;
90;16;-0.017389638;0.21172887;0.5819703;0.6855556;65.57;-0.01524036056470393;0.20489775220749715;0.5889660412661155;0.6237758854063747;59.08;;;;;
90;17;0.16711067;0.24791685;0.94359154;0.9191582;89.71;0.14774014068483743;0.21553527601538292;0.7639530016766183;0.8074074517536471;78.22;;;;;
90;18;0.47359037;0.2563343;0.97468865;15.180.424;150.48;0.433389137482019;0.22887232070971986;0.9160356523292639;10.389.080.806.369.500;101.95;;;;;
90;19;-0.2423558;0.21045633;0.6944475;0.78043485;75.44;-0.24018025501955134;0.20333249215014293;0.6875581166339928;0.7561526439909656;72.92;;;;;
90;20;-0.20449765;0.23136868;0.954748;11.582.148;114.08;-0.20411518021143268;0.22512804053349061;0.9654835104127693;1.012.177.874.835.320;99.22;;;;;
91;0;-0.1519544;0.2098307;0.5877597;0.66334;63.25;-0.14765040769782167;0.20234750755325792;0.5938884930874445;0.6445531001616736;61.27;;;;;
91;1;-0.0016046632;0.22251767;0.75511205;0.8107078;78.57;-0.0022808237154998984;0.21481720360123854;0.7536640586733552;0.7836843410811981;75.77;;;;;
91;2;0.28043002;0.22533815;0.7330883;0.88709;86.43;0.2701551132473836;0.21583121592360702;0.7274152023334691;0.8054190062114323;78.02;;;;;
91;3;-0.06868766;0.22383504;0.8076043;0.85635227;83.27;-0.06860238945027783;0.21525973668324952;0.8096706665023495;0.8406007555728156;81.65;;;;;
91;4;0.21306792;0.22250205;0.6766244;0.76654744;74.0;0.217173988459811;0.21780041786679033;0.6881989349968358;0.7538032484788518;72.68;;;;;
91;5;0.44472748;0.23097858;0.81712437;10.135.914;99.37;0.44449651671708595;0.22366017301072805;0.8293983284700567;0.9672138406959112;94.63;;;;;
91;6;0.087154254;0.24871045;10.842.439;1.111.478;109.33;0.08224289181169037;0.236126207760471;10.983.872.637.244.700;1.126.487.487.883.030;110.86;;;;;
91;7;0.30633438;0.2523666;10.568.286;11.284.299;111.06;0.2808969226507651;0.2401103168431512;10.176.924.472.199.100;10.827.067.758.805.500;106.41;;;;;
91;8;0.13630405;0.24241355;0.99424225;10.349.633;101.55;0.13879714001630447;0.2324897796528388;10.129.872.829.276.800;10.485.510.855.904.600;102.93;;;;;
91;9;0.2366884;0.24148244;0.9018488;0.9765157;95.58;0.23121096794808327;0.22445291029052802;0.8352885128422392;0.895290187773538;87.27;;;;;
91;10;0.33439484;0.2521599;1.096.173;13.449.111;133.0;0.3296996723082609;0.23588912775846593;10.881.483.873.615.800;11.612.116.376.580.300;114.39;;;;;
91;11;-0.21170694;0.21142048;0.48958588;0.59331375;55.86;-0.21140693485587972;0.20049852804232723;0.49641164024856055;0.5756014840378405;53.97;;;;;
91;12;0.7543614;0.409524;18.801.795;1.843.029;183.21;0.41713168737005835;0.23763515389646234;10.191.214.832.134.700;11.265.335.807.346.400;110.86;;;;;
91;13;-0.074625984;0.25261143;10.909.808;11.212.461;110.33;-0.06819928626331546;0.22266708575416788;10.186.584.178.942.500;10.449.386.326.822.700;102.56;;;;;
91;14;0.3423548;0.22429866;0.64645505;0.8099276;78.48;0.33511695558274823;0.21345638340173265;0.6517414613585605;0.7633046141533464;73.66;;;;;
91;15;0.44703054;0.24465564;0.9353917;14.175.297;140.33;0.433389137482019;0.228124429747411;0.9164674473776774;10.391.243.823.710.100;101.97;;;;;
91;16;-0.26017484;0.20536733;0.61258596;0.7129404;68.43;-0.2584520081877876;0.19842757178637765;0.6250131464604272;0.7048491860176201;67.59;;;;;
91;17;0.16154687;0.230711;0.77424395;0.8951319;87.25;0.1479100861892907;0.21749535036983883;0.7682716120443921;0.8120485766888034;78.7;;;;;
91;18;-0.020264827;0.20919812;0.5808759;0.62629765;59.35;-0.01524036056470393;0.20489775220749715;0.5889660412661155;0.6237758854063747;59.08;;;;;
91;19;-0.24370205;0.2092116;0.6943339;0.7778087;75.17;-0.24018025501955134;0.203906839353242;0.6872265171216753;0.756005846453236;72.91;;;;;
91;20;-0.2010367;0.23199737;0.95413303;10.097.629;98.98;-0.2025919325979145;0.22267218318800988;0.9587263163927445;1.004.879.366.920.960;98.48;;;;;
92;0;-0.0030078029;0.22012472;0.7548725;0.8022125;77.69;-0.002294646889533231;0.21611912604730665;0.7582317196350119;0.788433943148357;76.26;;;;;
92;1;-0.14594354;0.20839062;0.588525;0.65498155;62.37;-0.14765040769782167;0.20184040099832654;0.594181271193442;0.6446639228354204;61.29;;;;;
92;2;0.28144202;0.22630143;0.73400134;0.8821937;85.92;0.2701551132473836;0.21522328116477116;0.7277661936301327;0.8055733849624929;78.04;;;;;
92;3;0.44480255;0.23188753;0.8180854;0.9670244;94.61;0.4423758795062484;0.222877798309749;0.8235851399720205;0.9610740941941265;94.0;;;;;
92;4;-0.07333569;0.22514224;0.80841994;0.879409;85.64;-0.06816543155569008;0.21322651005621654;0.8048958183827772;0.8354455991266025;81.12;;;;;
92;5;0.2124838;0.22227827;0.67705286;0.7620114;73.53;0.21663434976536186;0.21601287752441412;0.6847090493120173;0.7499456560074237;72.28;;;;;
92;6;0.08738315;0.2501988;10.868.607;11.206.332;110.26;0.0819198479514573;0.23814438047637254;1.107.775.189.055.450;11.360.411.422.689.300;111.83;;;;;
92;7;0.29384965;0.25028825;10.238.047;1.110.819;109.27;0.2821837858442996;0.2420311993778964;1.025.833.986.797.670;10.911.196.813.067.500;107.26;;;;;
92;8;0.13593361;0.2451221;10.040.185;10.427.989;102.34;0.14005758206889368;0.23620961612728414;10.291.950.794.545.200;10.652.012.113.302.300;104.63;;;;;
92;9;-0.21629813;0.20643593;0.48999292;0.60062385;56.63;-0.21280544100910687;0.2013445133927168;0.49850620413146585;0.5782163992433915;54.25;;;;;
92;10;0.33689633;0.2561048;10.991.752;11.922.928;117.54;0.3296996723082609;0.23588912775846593;10.881.483.873.615.800;11.612.116.376.580.300;114.39;;;;;
92;12;0.7444403;0.403314;1.844.025;18.782.537;186.76;0.4147923750557977;0.23576401095239574;10.110.969.046.054.900;11.180.135.660.033.800;110.0;;;;;
92;13;0.23735614;0.23316702;0.84210145;0.92334706;90.14;0.233508839843635;0.22746570103268274;0.8465004391891148;0.907099783363867;88.48;;;;;
92;14;0.34355745;0.22414571;0.64646095;0.8077587;78.26;0.3339789771059028;0.21232698454775525;0.6482930938381448;0.7595450223877986;73.27;;;;;
92;15;-0.25688243;0.20630726;0.6142585;0.70753205;67.87;-0.257146695015122;0.19795044689736024;0.6215533855604781;0.701168605462165;67.2;;;;;
92;16;0.76318955;0.3753656;16.001.629;15.044.308;149.11;0.4356597904821861;0.23053081578732654;0.9226735918388962;10.460.738.344.626.700;102.68;;;;;
92;17;0.15400946;0.22702166;0.7684192;0.8322752;80.79;0.1479100861892907;0.21685757832222577;0.7686398299077631;0.8122264407127724;78.72;;;;;
92;18;-0.016810678;0.21230756;0.58160245;0.6440182;61.22;-0.01524036056470393;0.20489775220749715;0.5889660412661155;0.6237758854063747;59.08;;;;;
92;19;-0.20189248;0.23212291;0.95454365;10.729.957;105.42;-0.2025919325979145;0.22267218318800988;0.9587263163927445;1.004.879.366.920.960;98.48;;;;;
92;20;-0.24246716;0.21071622;0.6934854;0.7823716;75.64;-0.24018025501955134;0.203906839353242;0.6872265171216753;0.756005846453236;72.91;;;;;
93;0;-0.14798471;0.20795782;0.5885671;0.6584713;62.74;-0.14765040769782167;0.20234750755325792;0.5938884930874445;0.6445531001616736;61.27;;;;;
93;1;0.0009885161;0.22583504;0.7655034;0.88187814;85.89;-0.002294646889533231;0.21611912604730665;0.7582317196350119;0.788433943148357;76.26;;;;;
93;2;-0.07643181;0.22488567;0.80941385;0.8781691;85.51;-0.06860238945027783;0.21459334665914098;0.810055406962154;0.8408010196338244;81.67;;;;;
93;3;0.2803228;0.22559807;0.7326522;0.88013345;85.71;0.2701551132473836;0.21522328116477116;0.7277661936301327;0.8055733849624929;78.04;;;;;
93;4;0.21469198;0.22288784;0.67658174;0.7650274;73.84;0.21663434976536186;0.21659041554530817;0.6843756075801869;0.7498078566240156;72.26;;;;;
93;5;0.30082604;0.25179833;10.508.031;11.215.144;110.35;0.2808969226507651;0.2401103168431512;10.176.924.472.199.100;10.827.067.758.805.500;106.41;;;;;
93;6;0.09025419;0.24989907;10.814.425;11.136.247;109.55;0.0819198479514573;0.23814438047637254;1.107.775.189.055.450;11.360.411.422.689.300;111.83;;;;;
93;7;0.4410456;0.23059414;0.81826425;0.9605499;93.95;0.441591310725471;0.22219834181457948;0.8239774243624093;0.9608921816063954;93.98;;;;;
93;8;-0.21303008;0.20633988;0.4891153;0.58731955;55.22;-0.21191130050066526;0.20006173458114684;0.4966638230709533;0.5758524551227995;54.0;;;;;
93;9;0.13687114;0.2441281;0.9993613;1.043.913;102.46;0.13879714001630447;0.23167122182794953;10.134.598.775.082.300;10.488.265.463.931.400;102.96;;;;;
93;10;0.7521707;0.4061578;18.565.521;19.106.555;190.02;0.4147923750557977;0.23494545312750648;10.115.694.991.860.400;11.182.687.208.507.700;110.02;;;;;
93;11;-0.07465881;0.2512778;10.817.512;11.125.026;109.44;-0.06819928626331546;0.22266708575416788;10.186.584.178.942.500;10.449.386.326.822.700;102.56;;;;;
93;12;0.2338481;0.23209548;0.83236825;0.91350925;89.13;0.233508839843635;0.22746570103268274;0.8465004391891148;0.907099783363867;88.48;;;;;
93;13;0.33310997;0.25220883;10.962.782;13.766.462;136.2;0.3296996723082609;0.23501554083610515;1.088.652.753.006.370;11.615.072.083.215.900;114.42;;;;;
93;14;0.7666475;0.3857159;16.417.601;1.607.356;159.49;0.4356597904821861;0.22977750532529073;0.9231085158369359;1.046.291.779.097.570;102.7;;;;;
93;15;-0.25571555;0.20463961;0.61281437;0.7027011;67.36;-0.2578426730433259;0.19842757178637765;0.6250131464604272;0.7046259848568805;67.56;;;;;
93;16;0.34252548;0.22400032;0.64546716;0.8094782;78.44;0.33511695558274823;0.21345638340173265;0.6517414613585605;0.7633046141533464;73.66;;;;;
93;17;-0.02028306;0.21063137;0.5815249;0.6357617;60.35;-0.01524036056470393;0.20489775220749715;0.5889660412661155;0.6237758854063747;59.08;;;;;
93;18;0.16032958;0.22934237;0.77054226;0.8885603;86.58;0.14700819541984378;0.21616915920904714;0.7635870290441215;0.8070970609772863;78.19;;;;;
93;19;-0.24923944;0.2139321;0.6915673;0.8015264;77.62;-0.24018025501955134;0.20333249215014293;0.6875581166339928;0.7561526439909656;72.92;;;;;
93;20;-0.19837797;0.23099831;0.95460856;10.434.535;102.41;-0.2025919325979145;0.22267218318800988;0.9587263163927445;1.004.879.366.920.960;98.48;;;;;
94;0;-0.003099897;0.22517654;0.77402675;0.8220733;79.74;-0.0030405839038532977;0.2174369255963756;0.7628550837791278;0.7932439351239569;76.76;;;;;
94;1;-0.14865345;0.20873302;0.5884818;0.65922153;62.82;-0.14837418420614434;0.20333940710008763;0.5967997111908145;0.6477126741820741;61.61;;;;;
94;2;0.44521904;0.23182815;0.8165729;0.9710688;95.02;0.44449651671708595;0.2243440996144184;0.8290034632613101;0.9670336966748745;94.61;;;;;
94;3;-0.07561504;0.22449762;0.8086517;0.8721966;84.9;-0.06816543155569008;0.21322651005621654;0.8048958183827772;0.8354455991266025;81.12;;;;;
94;4;0.21373206;0.2224841;0.67645204;0.7727408;74.64;0.21839406704666392;0.21843998850783447;0.6924024094166468;0.7581774816403236;73.13;;;;;
94;5;0.2812087;0.22600377;0.73333955;0.8853455;86.25;0.27103814906966844;0.21710081131139294;0.7316941152883718;0.8099201929022452;78.48;;;;;
94;6;0.09258583;0.24991491;10.871.737;11.186.976;110.07;0.08155177507377698;0.23501554083610515;1.088.652.753.006.370;11.167.129.501.714.000;109.87;;;;;
94;7;0.30445382;0.25257218;10.497.856;11.232.333;110.53;0.2808969226507651;0.2401103168431512;10.176.924.472.199.100;10.827.067.758.805.500;106.41;;;;;
94;8;0.13743868;0.24337938;10.009.956;10.450.202;102.57;0.13879714001630447;0.23167122182794953;10.134.598.775.082.300;10.488.265.463.931.400;102.96;;;;;
94;9;-0.21344131;0.20846836;0.487355;0.5889788;55.4;-0.21191130050066526;0.20049852804232723;0.49641164024856055;0.5757869185743016;53.99;;;;;
94;10;-0.07471323;0.25091183;10.812.702;11.158.116;109.77;-0.0667286744686102;0.22173966198859574;10.102.312.465.690.600;10.364.305.887.224.800;101.7;;;;;
94;11;0.7521508;0.41024756;18.847.328;18.365.942;182.57;0.4147923750557977;0.23494545312750648;10.115.694.991.860.400;11.182.687.208.507.700;110.02;;;;;
94;12;0.2363406;0.23375978;0.8403191;0.93149483;90.98;0.23121096794808327;0.22445291029052802;0.8352885128422392;0.895290187773538;87.27;;;;;
94;13;0.3439494;0.22398451;0.6454237;0.8093597;78.43;0.3339789771059028;0.21232698454775525;0.6482930938381448;0.7595450223877986;73.27;;;;;
94;14;0.33272102;0.25331065;10.950.364;12.651.881;124.93;0.3314764574680008;0.23700719796183484;10.978.786.237.945.600;11.710.621.359.801.100;115.39;;;;;
94;15;-0.018536862;0.21091914;0.5816005;0.6354245;60.31;-0.01524036056470393;0.20489775220749715;0.5889660412661155;0.6237758854063747;59.08;;;;;
94;16;0.1614145;0.22910681;0.7734401;0.8943516;87.17;0.1479100861892907;0.21749535036983883;0.7682716120443921;0.8120485766888034;78.7;;;;;
94;17;-0.26010284;0.20489079;0.61217;0.70787126;67.9;-0.25525128939464925;0.19643332483375078;0.6187316073000209;0.6975443166673642;66.83;;;;;
94;18;0.4464414;0.2438967;0.9337308;13.729.403;135.83;0.4356597904821861;0.22977750532529073;0.9231085158369359;1.046.291.779.097.570;102.7;;;;;
94;19;-0.20400023;0.23092389;0.9606122;1.042.651;102.33;-0.20411518021143268;0.22434641012927314;0.965934784937051;10.124.348.508.827.700;99.25;;;;;
94;20;-0.24191685;0.20746231;0.6922269;0.76462847;73.8;-0.24018025501955134;0.203906839353242;0.6872265171216753;0.756005846453236;72.91;;;;;
95;0;-0.151002;0.21107928;0.58892715;0.6689044;63.83;-0.14765040769782167;0.20184040099832654;0.594181271193442;0.6446639228354204;61.29;;;;;
95;1;-0.002339059;0.22182639;0.76165676;0.79597163;77.04;-0.002294646889533231;0.21611912604730665;0.7582317196350119;0.788433943148357;76.26;;;;;
95;2;0.21182492;0.22128116;0.67634904;0.74221563;71.48;0.21663434976536186;0.21659041554530817;0.6843756075801869;0.7498078566240156;72.26;;;;;
95;3;0.2782836;0.22488086;0.7325959;0.85742116;83.38;0.2685844439843174;0.21457638327288836;0.7231860441803675;0.8007363375706681;77.54;;;;;
95;4;-0.07479603;0.22441052;0.8077901;0.8703508;84.71;-0.06860238945027783;0.21459334665914098;0.810055406962154;0.8408010196338244;81.67;;;;;
95;5;0.312262;0.25666586;10.745.542;11.485.338;113.1;0.2808969226507651;0.2401103168431512;10.176.924.472.199.100;10.827.067.758.805.500;106.41;;;;;
95;6;0.44355363;0.23159066;0.8175966;0.96093684;93.99;0.44449651671708595;0.22366017301072805;0.8293983284700567;0.9672138406959112;94.63;;;;;
95;7;0.08657308;0.24776691;1.081.884;11.084.687;109.03;0.0819198479514573;0.23814438047637254;1.107.775.189.055.450;11.360.411.422.689.300;111.83;;;;;
95;8;0.13581814;0.24523729;10.050.118;10.480.442;102.88;0.1389460139572358;0.23433493663421046;10.210.268.645.382.200;10.567.472.334.625.300;103.76;;;;;
95;9;-0.21398734;0.20769598;0.48785895;0.5892391;55.43;-0.2133119347789759;0.2013445133927168;0.49850620413146585;0.5784029997761618;54.27;;;;;
95;10;-0.074473426;0.25015268;1.077.684;11.084.468;109.03;-0.06819928626331546;0.22266708575416788;10.186.584.178.942.500;10.449.386.326.822.700;102.56;;;;;
95;11;0.7328868;0.3962579;18.156.662;1.839.953;182.91;0.41713168737005835;0.23681009958089932;1.019.597.828.544.660;11.267.908.412.144.200;110.89;;;;;
95;12;0.23441198;0.23659371;0.8593477;0.9747136;95.4;0.2327523744010705;0.22594926302579818;0.840857102927854;0.9012587890253615;87.88;;;;;
95;13;0.33467174;0.25469336;110.397;12.989.001;128.34;0.3296996723082609;0.23501554083610515;1.088.652.753.006.370;11.615.072.083.215.900;114.42;;;;;
95;14;-0.2622905;0.20624363;0.61559;0.71950257;69.11;-0.2597706408826233;0.19943995735671632;0.6282019890444089;0.7084453553340366;67.96;;;;;
95;15;0.34175113;0.22369406;0.64599013;0.8056321;78.04;0.33511695558274823;0.21345638340173265;0.6517414613585605;0.7633046141533464;73.66;;;;;
95;16;0.7251183;0.35928932;15.026.066;15.028.448;148.95;0.433389137482019;0.22887232070971986;0.9160356523292639;10.389.080.806.369.500;101.95;;;;;
95;17;0.15374684;0.22742718;0.76905036;0.8362474;81.2;0.14882311141268137;0.21883791426101068;0.7730140294026908;0.8170612222239194;79.22;;;;;
95;18;-0.018525016;0.20957333;0.58059144;0.64800525;61.64;-0.01524036056470393;0.20489775220749715;0.5889660412661155;0.6237758854063747;59.08;;;;;
95;19;-0.2455082;0.20522892;0.6975975;0.77363205;74.73;-0.24018025501955134;0.20333249215014293;0.6875581166339928;0.7561526439909656;72.92;;;;;
95;20;-0.2037324;0.23079897;0.95527554;10.546.552;103.55;-0.20501772925999626;0.22434641012927314;0.965934784937051;1.012.617.198.056.700;99.27;;;;;
96;0;-0.15032752;0.21156052;0.58824384;0.66637886;63.57;-0.14837418420614434;0.20333940710008763;0.5967997111908145;0.6477126741820741;61.61;;;;;
96;1;-0.0030006643;0.22099727;0.75269175;0.80635655;78.12;-0.002294646889533231;0.21611912604730665;0.7582317196350119;0.788433943148357;76.26;;;;;
96;2;0.21247011;0.22213075;0.6763015;0.7645192;73.79;0.21663434976536186;0.21659041554530817;0.6843756075801869;0.7498078566240156;72.26;;;;;
96;3;-0.07095305;0.22476077;0.8072805;0.8638959;84.04;-0.06816543155569008;0.21388865555787853;0.8045135284991499;0.8352466106328614;81.09;;;;;
96;4;0.28059527;0.2252452;0.7337279;0.8849391;86.2;0.27103814906966844;0.2164893004657404;0.7320471712397217;0.810075525113144;78.5;;;;;
96;5;0.089824334;0.2487629;10.760.821;11.090.186;109.08;0.08224289181169037;0.236126207760471;10.983.872.637.244.700;1.126.487.487.883.030;110.86;;;;;
96;6;0.4432139;0.23079585;0.81637615;0.956384;93.52;0.44449651671708595;0.22366017301072805;0.8293983284700567;0.9672138406959112;94.63;;;;;
96;7;0.30712923;0.25091136;10.556.419;11.223.128;110.43;0.2808969226507651;0.24093537115871416;10.172.161.018.887.300;10.824.423.920.799.500;106.38;;;;;
96;8;-0.21174708;0.20717838;0.48784193;0.58706206;55.19;-0.21140693485587972;0.20049852804232723;0.49641164024856055;0.5756014840378405;53.97;;;;;
96;9;0.13473114;0.2437214;0.99713755;10.388.485;101.94;0.13879714001630447;0.2324897796528388;10.129.872.829.276.800;10.485.510.855.904.600;102.93;;;;;
96;10;-0.0737286;0.24968675;10.778.981;11.092.991;109.11;-0.06819928626331546;0.22266708575416788;10.186.584.178.942.500;10.449.386.326.822.700;102.56;;;;;
96;11;0.33208442;0.25052512;1.089.273;13.492.665;133.44;0.3314764574680008;0.23700719796183484;10.978.786.237.945.600;11.710.621.359.801.100;115.39;;;;;
96;12;0.75953484;0.41132492;18.716.207;19.135.205;190.3;0.41808437803243104;0.23681009958089932;1.019.597.828.544.660;11.271.438.694.289.500;110.93;;;;;
96;13;0.233185;0.23480313;0.8641668;0.96737236;94.65;0.233508839843635;0.22746570103268274;0.8465004391891148;0.907099783363867;88.48;;;;;
96;14;-0.25930035;0.20771529;0.61435115;0.7287584;70.08;-0.25654043732088483;0.1974254123329111;0.6218565144075967;0.7010672677616437;67.19;;;;;
96;15;0.34196723;0.22335681;0.6452116;0.8036437;77.84;0.33511695558274823;0.21345638340173265;0.6517414613585605;0.7633046141533464;73.66;;;;;
96;16;0.16441117;0.23287995;0.78616804;0.9080466;88.57;0.1479100861892907;0.21749535036983883;0.7682716120443921;0.8120485766888034;78.7;;;;;
96;17;-0.022025477;0.2099949;0.5821198;0.6453876;61.36;-0.01531470378697078;0.2058972534377776;0.5918390463454624;0.6268186946034789;59.41;;;;;
96;18;0.803066;0.40691227;17.087.799;1.745.042;173.35;0.433389137482019;0.22887232070971986;0.9160356523292639;10.389.080.806.369.500;101.95;;;;;
96;19;-0.24590145;0.21337797;0.6917714;0.7924014;76.67;-0.24018025501955134;0.203906839353242;0.6872265171216753;0.756005846453236;72.91;;;;;
96;20;-0.20364821;0.2315518;0.9544732;11.061.795;108.79;-0.20501772925999626;0.22512804053349061;0.9654835104127693;10.123.602.682.959.900;99.24;;;;;
97;0;-0.1484324;0.20817676;0.5906181;0.6609369;63.0;-0.14765040769782167;0.20184040099832654;0.594181271193442;0.6446639228354204;61.29;;;;;
97;1;-0.0030198453;0.22057909;0.7569778;0.80764306;78.25;-0.0030221561226178232;0.21611912604730665;0.7582317196350119;0.7884363961232056;76.26;;;;;
97;2;-0.074151665;0.22638254;0.80874866;0.9231749;90.13;-0.06860238945027783;0.21525973668324952;0.8096706665023495;0.8406007555728156;81.65;;;;;
97;3;0.21388844;0.22150113;0.6766204;0.750318;72.32;0.21663434976536186;0.21659041554530817;0.6843756075801869;0.7498078566240156;72.26;;;;;
97;4;0.28100964;0.22616471;0.7329385;0.8960887;87.35;0.2701551132473836;0.21522328116477116;0.7277661936301327;0.8055733849624929;78.04;;;;;
97;5;0.44180182;0.23102495;0.8174339;0.96460015;94.36;0.4466452418380007;0.22514136620947459;0.8348910326321102;0.9732541513935125;95.25;;;;;
97;6;0.08957243;0.24781999;10.780.815;11.095.408;109.14;0.08122561195186868;0.236126207760471;10.983.872.637.244.700;11.264.136.749.615.700;110.85;;;;;
97;7;0.296216;0.25109273;10.347.966;11.157.824;109.77;0.2808969226507651;0.2401103168431512;10.176.924.472.199.100;10.827.067.758.805.500;106.41;;;;;
97;8;-0.2132394;0.20554039;0.48757756;0.5801732;54.46;-0.21280544100910687;0.2013445133927168;0.49850620413146585;0.5782163992433915;54.25;;;;;
97;9;0.13559267;0.24544653;10.038.985;10.461.664;102.69;0.1398987046196085;0.23350988231864744;10.215.032.098.694.100;1.057.150.566.602.610;103.81;;;;;
97;10;-0.26086727;0.20618272;0.61638856;0.7237907;69.56;-0.257146695015122;0.19795044689736024;0.6215533855604781;0.701168605462165;67.2;;;;;
97;11;0.7331359;0.4000392;18.367.809;1.708.409;169.67;0.4147923750557977;0.23576401095239574;10.110.969.046.054.900;11.180.135.660.033.800;110.0;;;;;
97;12;-0.07673277;0.25187314;1.096.255;11.297.228;111.19;-0.0667286744686102;0.22092749914671345;10.107.001.490.044.500;10.367.142.649.125.500;101.72;;;;;
97;13;0.22749795;0.23166147;0.8373793;0.9264386;90.46;0.23121096794808327;0.22445291029052802;0.8352885128422392;0.895290187773538;87.27;;;;;
97;14;0.33357513;0.25378633;10.988.984;12.751.044;125.93;0.3314764574680008;0.23700719796183484;10.978.786.237.945.600;11.710.621.359.801.100;115.39;;;;;
97;15;0.34187767;0.22297359;0.6443095;0.8031961;77.79;0.3339789771059028;0.21232698454775525;0.6482930938381448;0.7595450223877986;73.27;;;;;
97;16;0.44208807;0.24132814;0.93121785;10.589.156;103.99;0.4356597904821861;0.22977750532529073;0.9231085158369359;1.046.291.779.097.570;102.7;;;;;
97;17;0.15434873;0.22690898;0.77132154;0.8422153;81.81;0.14774014068483743;0.21553527601538292;0.7639530016766183;0.8074074517536471;78.22;;;;;
97;18;-0.019692376;0.2100086;0.5804669;0.63093257;59.84;-0.014586836970386726;0.20390790799393435;0.5861207946899507;0.6207485777053724;58.76;;;;;
97;19;-0.24706554;0.20532382;0.6941581;0.772257;74.59;-0.24018025501955134;0.20333249215014293;0.6875581166339928;0.7561526439909656;72.92;;;;;
97;20;-0.20569672;0.2324538;0.95861435;11.684.947;115.13;-0.2065708938756023;0.226046004145404;0.9732524727017255;10.202.885.404.662.200;100.05;;;;;
98;0;-0.0023076045;0.22257563;0.76183575;0.8227461;79.81;-0.0022808237154998984;0.21419095755448592;0.7540256219970267;0.78386070642872;75.79;;;;;
98;1;-0.14926314;0.20822494;0.5912622;0.65981215;62.88;-0.14765040769782167;0.20234750755325792;0.5938884930874445;0.6445531001616736;61.27;;;;;
98;2;0.21242306;0.22186564;0.67748976;0.76725054;74.07;0.21839406704666392;0.21902401571997454;0.6920652211485037;0.7580380981894074;73.12;;;;;
98;3;0.28092664;0.22595763;0.7332154;0.87978226;85.67;0.2701551132473836;0.21522328116477116;0.7277661936301327;0.8055733849624929;78.04;;;;;
98;4;-0.07417356;0.22337505;0.8101013;0.8631154;83.96;-0.06860238945027783;0.21459334665914098;0.810055406962154;0.8408010196338244;81.67;;;;;
98;5;0.4459532;0.23119009;0.81664634;0.9715576;95.07;0.441591310725471;0.222877798309749;0.8235851399720205;0.9607132149972609;93.97;;;;;
98;6;0.091815256;0.24969861;10.839.423;11.158.975;109.78;0.08224289181169037;0.23700719796183484;10.978.786.237.945.600;11.261.766.192.406.500;110.83;;;;;
98;7;0.30425948;0.25170812;10.498.328;11.236.317;110.57;0.2808969226507651;0.2401103168431512;10.176.924.472.199.100;10.827.067.758.805.500;106.41;;;;;
98;8;0.13640065;0.24301302;0.99748385;10.392.518;101.98;0.13879714001630447;0.23167122182794953;10.134.598.775.082.300;10.488.265.463.931.400;102.96;;;;;
98;9;0.7726653;0.42097345;19.150.884;19.477.922;193.75;0.4204687408690188;0.23953623512763406;10.272.744.550.791.800;11.355.458.493.805.200;111.78;;;;;
98;10;0.23997891;0.2383192;0.8594681;0.9522851;93.1;0.2327523744010705;0.22594926302579818;0.840857102927854;0.9012587890253615;87.88;;;;;
98;11;0.33085597;0.25119323;10.921.451;1.250.288;123.42;0.3314764574680008;0.23700719796183484;10.978.786.237.945.600;11.710.621.359.801.100;115.39;;;;;
98;12;-0.076738484;0.24884331;10.714.074;11.026.081;108.43;-0.06819928626331546;0.22266708575416788;10.186.584.178.942.500;10.449.386.326.822.700;102.56;;;;;
98;13;-0.21698675;0.20825258;0.48854262;0.5949464;56.03;-0.21052238701129444;0.19965962206725474;0.4943346040968929;0.5731931096276403;53.72;;;;;
98;14;-0.017953854;0.21052639;0.5805397;0.69137007;66.18;-0.015166735634439661;0.20390790799393435;0.5861207946899507;0.6207624753319478;58.77;;;;;
98;15;0.34118763;0.22385415;0.646192;0.80496174;77.97;0.33690902486393937;0.21459786138783815;0.6552267098150233;0.7673864570097814;74.09;;;;;
98;16;0.16370901;0.23011097;0.7733426;0.9103715;88.81;0.1479100861892907;0.21685757832222577;0.7686398299077631;0.8122264407127724;78.72;;;;;
98;17;-0.2639467;0.2080171;0.61469024;0.728759;70.08;-0.2578426730433259;0.1989552715009002;0.6247084788881964;0.7045045973554243;67.55;;;;;
98;18;0.4455157;0.24209309;0.92879796;1.300.696;128.52;0.4356597904821861;0.22977750532529073;0.9231085158369359;1.046.291.779.097.570;102.7;;;;;
98;19;-0.24533112;0.20515303;0.695564;0.77307063;74.68;-0.24018025501955134;0.20448118655634107;0.6868949176093576;0.7558596023034384;72.89;;;;;
98;20;-0.20479895;0.23248477;0.9570661;12.063.724;118.97;-0.20501772925999626;0.22512804053349061;0.9654835104127693;10.123.602.682.959.900;99.24;;;;;
99;0;-0.14867355;0.20891455;0.58824676;0.6568232;62.56;-0.14765040769782167;0.20234750755325792;0.5938884930874445;0.6445531001616736;61.27;;;;;
99;1;0.0013697671;0.22515896;0.7668361;0.8896784;86.69;-0.0030405839038532977;0.2174369255963756;0.7628550837791278;0.7932439351239569;76.76;;;;;
99;2;0.44308427;0.23014581;0.81489235;0.95429033;93.31;0.441591310725471;0.222877798309749;0.8235851399720205;0.9607132149972609;93.97;;;;;
99;3;-0.07485988;0.22145854;0.80962974;0.85792035;83.43;-0.06697426411888852;0.2125349298897907;0.7994216707238389;0.829898581816127;80.54;;;;;
99;4;0.21389808;0.22221777;0.67695177;0.7907913;76.51;0.217173988459811;0.21780041786679033;0.6881989349968358;0.7538032484788518;72.68;;;;;
99;5;0.28061268;0.22630489;0.7336064;0.9023215;87.99;0.2701551132473836;0.21583121592360702;0.7274152023334691;0.8054190062114323;78.02;;;;;
99;6;0.08886417;0.25118673;1.085.938;11.207.666;110.28;0.0819198479514573;0.23814438047637254;1.107.775.189.055.450;11.360.411.422.689.300;111.83;;;;;
99;7;0.30645967;0.25460124;10.603.104;11.474.615;112.99;0.27744571310512;0.23635859314247698;10.017.910.027.321.000;10.660.331.708.852.600;104.71;;;;;
99;8;0.13622698;0.2456815;10.032.173;10.869.955;106.84;0.1389460139572358;0.23433493663421046;10.210.268.645.382.200;10.567.472.334.625.300;103.76;;;;;
99;9;-0.21335822;0.20414272;0.48852408;0.57919145;54.36;-0.21140693485587972;0.20006173458114684;0.4966638230709533;0.5756670416970479;53.98;;;;;
99;10;0.3393392;0.25854456;11.153.494;13.240.442;130.89;0.3314764574680008;0.23700719796183484;10.978.786.237.945.600;11.710.621.359.801.100;115.39;;;;;
99;11;0.76257396;0.4142266;18.935.862;19.209.265;191.05;0.4204687408690188;0.23953623512763406;10.272.744.550.791.800;11.355.458.493.805.200;111.78;;;;;
99;12;-0.0750176;0.25187165;10.858.886;11.163.361;109.83;-0.0662113979223419;0.21921488287425828;10.028.652.641.284.400;10.286.777.202.233.100;100.9;;;;;
99;13;0.2409856;0.23572093;0.8597881;0.99125284;97.09;0.233508839843635;0.22676800409468992;0.8469032547040777;0.9073010684412146;88.5;;;;;
99;14;0.34059173;0.22322673;0.6454552;0.80570734;78.05;0.3339789771059028;0.21232698454775525;0.6482930938381448;0.7595450223877986;73.27;;;;;
99;15;0.44604796;0.2445626;0.9415486;11.436.114;112.6;0.433389137482019;0.22887232070971986;0.9160356523292639;10.389.080.806.369.500;101.95;;;;;
99;16;-0.25565636;0.20780824;0.6149606;0.74014324;71.26;-0.25525128939464925;0.19643332483375078;0.6187316073000209;0.6975443166673642;66.83;;;;;
99;17;0.15290935;0.22662164;0.77010375;0.8156849;79.08;0.14700819541984378;0.21616915920904714;0.7635870290441215;0.8070970609772863;78.19;;;;;
99;18;-0.015075303;0.21261418;0.58166295;0.6467216;61.5;-0.01524036056470393;0.20489775220749715;0.5889660412661155;0.6237758854063747;59.08;;;;;
99;19;-0.24115382;0.21119584;0.69534564;0.780499;75.44;-0.24018025501955134;0.203906839353242;0.6872265171216753;0.756005846453236;72.91;;;;;
99;20;-0.20214498;0.23013027;0.9562043;11.064.699;108.82;-0.2025919325979145;0.22267218318800988;0.9587263163927445;1.004.879.366.920.960;98.48;;;;;
100;0;-0.000113157614;0.2253659;0.76650035;0.8391429;81.5;-0.0022808237154998984;0.21481720360123854;0.7536640586733552;0.7836843410811981;75.77;;;;;
100;1;-0.14978784;0.20915908;0.58755744;0.6580669;62.69;-0.14765040769782167;0.20234750755325792;0.5938884930874445;0.6445531001616736;61.27;;;;;
100;2;-0.0725545;0.21818793;0.8139576;0.8550068;83.13;-0.06816543155569008;0.21388865555787853;0.8045135284991499;0.8352466106328614;81.09;;;;;
100;3;0.21322289;0.22289632;0.6762904;0.76069903;73.39;0.21839406704666392;0.21902401571997454;0.6920652211485037;0.7580380981894074;73.12;;;;;
100;4;0.28099376;0.22604778;0.733045;0.8698115;84.65;0.27103814906966844;0.2164893004657404;0.7320471712397217;0.810075525113144;78.5;;;;;
100;5;0.4462263;0.23260918;0.8176399;0.98078936;96.02;0.4466452418380007;0.22582982212842118;0.8344935524219811;0.9730727463314026;95.23;;;;;
100;6;0.2802346;0.24321926;0.99800825;10.824.246;106.38;0.2808969226507651;0.2401103168431512;10.176.924.472.199.100;10.827.067.758.805.500;106.41;;;;;
100;7;0.0927734;0.24960855;10.783.985;1.122.708;110.48;0.08155177507377698;0.23414195391374437;10.891.571.186.511.500;11.170.212.064.722.500;109.9;;;;;
100;8;-0.20914331;0.20753604;0.48977786;0.58779466;55.27;-0.21280544100910687;0.2013445133927168;0.49850620413146585;0.5782163992433915;54.25;;;;;
100;9;-0.073981605;0.24852303;10.819.597;10.775.864;105.89;-0.0672540971022213;0.22266708575416788;10.186.584.178.942.500;10.448.773.693.606.800;102.56;;;;;
100;10;0.1354602;0.24162364;0.99582183;10.374.066;101.79;0.1389460139572358;0.23350988231864744;10.215.032.098.694.100;1.057.024.913.475.820;103.79;;;;;
100;11;0.7561051;0.40901685;18.849.785;18.603.961;184.96;0.41713168737005835;0.23681009958089932;1.019.597.828.544.660;11.267.908.412.144.200;110.89;;;;;
100;12;-0.017377283;0.2111273;0.58162916;0.65291476;62.15;-0.01524036056470393;0.20489775220749715;0.5889660412661155;0.6237758854063747;59.08;;;;;
100;13;0.33309737;0.25243494;1.093.933;1.315.152;129.99;0.3296996723082609;0.23501554083610515;1.088.652.753.006.370;11.615.072.083.215.900;114.42;;;;;
100;14;0.23477468;0.23327738;0.84400576;0.92815495;90.64;0.233508839843635;0.22746570103268274;0.8465004391891148;0.907099783363867;88.48;;;;;
100;15;0.34500432;0.22496237;0.6472895;0.81251276;78.75;0.3339789771059028;0.21232698454775525;0.6482930938381448;0.7595450223877986;73.27;;;;;
100;16;0.44623566;0.24377091;0.9353433;1.368.722;135.4;0.4379635917013338;0.2314547133933586;0.9298465342007092;10.535.644.114.969.900;103.44;;;;;
100;17;0.16294535;0.23113297;0.77353555;0.8923299;86.96;0.1479100861892907;0.21685757832222577;0.7686398299077631;0.8122264407127724;78.72;;;;;
100;18;-0.25717565;0.20352326;0.61083674;0.7040307;67.5;-0.257146695015122;0.19795044689736024;0.6215533855604781;0.701168605462165;67.2;;;;;
100;19;-0.24493994;0.2055049;0.7001546;0.77410346;74.78;-0.24151458976965995;0.2050396551274267;0.6910444422167956;0.7602058789335316;73.34;;;;;
100;20;-0.20010634;0.2308101;0.9537028;10.284.978;100.89;-0.20501772925999626;0.22512804053349061;0.9654835104127693;10.123.602.682.959.900;99.24;;;;;
101;0;-0.14707062;0.20954025;0.58897114;0.65950775;62.85;-0.14765040769782167;0.20234750755325792;0.5938884930874445;0.6445531001616736;61.27;;;;;
101;1;-0.003018469;0.2210286;0.7546178;0.7997764;77.44;-0.002294646889533231;0.21611912604730665;0.7582317196350119;0.788433943148357;76.26;;;;;
101;2;-0.07763267;0.22122751;0.81062794;0.8551104;83.14;-0.06816543155569008;0.21388865555787853;0.8045135284991499;0.8352466106328614;81.09;;;;;
101;3;0.44261426;0.23075467;0.81809396;0.9651007;94.42;0.4466452418380007;0.22582982212842118;0.8344935524219811;0.9730727463314026;95.23;;;;;
101;4;0.27915406;0.22463532;0.731619;0.87617743;85.3;0.2701551132473836;0.21522328116477116;0.7277661936301327;0.8055733849624929;78.04;;;;;
101;5;0.21361883;0.2224965;0.67632836;0.7812237;75.52;0.217173988459811;0.21780041786679033;0.6881989349968358;0.7538032484788518;72.68;;;;;
101;6;0.08799126;0.24942857;10.868.176;11.152.649;109.72;0.0819198479514573;0.23814438047637254;1.107.775.189.055.450;11.360.411.422.689.300;111.83;;;;;
101;7;-0.019118331;0.20986599;0.58130336;0.6526354;62.12;-0.01531470378697078;0.2058972534377776;0.5918390463454624;0.6268186946034789;59.41;;;;;
101;8;0.30244964;0.251104;10.412.223;11.247.767;110.69;0.2808969226507651;0.2401103168431512;10.176.924.472.199.100;10.827.067.758.805.500;106.41;;;;;
101;9;0.13590999;0.2443613;0.99883354;10.402.383;102.08;0.13879714001630447;0.23167122182794953;10.134.598.775.082.300;10.488.265.463.931.400;102.96;;;;;
101;10;-0.21230863;0.21022248;0.4887221;0.58997023;55.5;-0.2096452103987474;0.19882770697530783;0.49227487657982255;0.5708048050041918;53.46;;;;;
101;11;-0.07446729;0.25151637;10.883.768;11.200.776;110.21;-0.06819928626331546;0.22266708575416788;10.186.584.178.942.500;10.449.386.326.822.700;102.56;;;;;
101;12;0.75752735;0.4090227;18.851.061;18.404.931;182.96;0.41713168737005835;0.23681009958089932;1.019.597.828.544.660;11.267.908.412.144.200;110.89;;;;;
101;13;0.33186385;0.25195536;10.917.602;12.879.311;127.23;0.3314764574680008;0.23700719796183484;10.978.786.237.945.600;11.710.621.359.801.100;115.39;;;;;
101;14;-0.25835025;0.20607233;0.6121748;0.7159744;68.75;-0.25525128939464925;0.19643332483375078;0.6187316073000209;0.6975443166673642;66.83;;;;;
101;15;0.23310465;0.23711479;0.8757586;0.9606508;93.96;0.23121096794808327;0.22445291029052802;0.8352885128422392;0.895290187773538;87.27;;;;;
101;16;0.34220967;0.22443706;0.6464161;0.8122098;78.72;0.3339789771059028;0.21232698454775525;0.6482930938381448;0.7595450223877986;73.27;;;;;
101;17;0.15616366;0.23016442;0.7755131;0.85004056;82.62;0.1479100861892907;0.21685757832222577;0.7686398299077631;0.8122264407127724;78.72;;;;;
101;18;0.45268965;0.24664019;0.9457866;13.143.998;129.91;0.433389137482019;0.228124429747411;0.9164674473776774;10.391.243.823.710.100;101.97;;;;;
101;19;-0.24323946;0.2077249;0.700947;0.78176874;75.58;-0.24018025501955134;0.203906839353242;0.6872265171216753;0.756005846453236;72.91;;;;;
101;20;-0.20197633;0.23114994;0.9540899;10.584.354;103.94;-0.20501772925999626;0.22434641012927314;0.965934784937051;1.012.617.198.056.700;99.27;;;;;
102;0;-0.149838;0.21062464;0.58892286;0.66364217;63.28;-0.14765040769782167;0.20184040099832654;0.594181271193442;0.6446639228354204;61.29;;;;;
102;1;0.0006161735;0.22999787;0.7640065;0.94232005;92.09;-0.0030221561226178232;0.21611912604730665;0.7582317196350119;0.7884363961232056;76.26;;;;;
102;2;-0.07714246;0.22684792;0.8109691;0.8915742;86.89;-0.06860238945027783;0.21525973668324952;0.8096706665023495;0.8406007555728156;81.65;;;;;
102;3;0.21305567;0.2226326;0.67714494;0.7660946;73.95;0.21663434976536186;0.21659041554530817;0.6843756075801869;0.7498078566240156;72.26;;;;;
102;4;0.27910167;0.2258248;0.73361546;0.8651609;84.17;0.26945313065405635;0.21522328116477116;0.7277661936301327;0.8053382413405525;78.01;;;;;
102;5;0.4435838;0.2313413;0.81741315;0.9583895;93.73;0.44449651671708595;0.2243440996144184;0.8290034632613101;0.9670336966748745;94.61;;;;;
102;6;0.08822198;0.24962956;10.817.456;11.137.028;109.56;0.08224289181169037;0.236126207760471;10.983.872.637.244.700;1.126.487.487.883.030;110.86;;;;;
102;7;0.30030495;0.25168362;10.432.539;11.241.361;110.62;0.2808969226507651;0.2401103168431512;10.176.924.472.199.100;10.827.067.758.805.500;106.41;;;;;
102;8;0.13480559;0.24478602;0.99801195;10.436.767;102.43;0.1389460139572358;0.23433493663421046;10.210.268.645.382.200;10.567.472.334.625.300;103.76;;;;;
102;9;-0.2157574;0.20620508;0.4887334;0.5917767;55.7;-0.21280544100910687;0.2009058769211517;0.49875945101640035;0.5782822123174104;54.26;;;;;
102;10;-0.0728499;0.24514836;1.054.869;10.852.177;106.66;-0.06819928626331546;0.22266708575416788;10.186.584.178.942.500;10.449.386.326.822.700;102.56;;;;;
102;11;-0.018542543;0.2107155;0.5818561;0.6461312;61.44;-0.01524036056470393;0.20489775220749715;0.5889660412661155;0.6237758854063747;59.08;;;;;
102;12;0.23831457;0.23717691;0.8537924;0.9598742;93.88;0.233508839843635;0.22746570103268274;0.8465004391891148;0.907099783363867;88.48;;;;;
102;13;0.75519484;0.4083671;18.738.502;19.141.818;190.37;0.4147923750557977;0.23494545312750648;10.115.694.991.860.400;11.182.687.208.507.700;110.02;;;;;
102;14;0.33364147;0.2510438;10.914.156;13.453.956;133.04;0.3314764574680008;0.23700719796183484;10.978.786.237.945.600;11.710.621.359.801.100;115.39;;;;;
102;15;0.34247607;0.22343308;0.6463113;0.80538994;78.02;0.3339789771059028;0.21232698454775525;0.6482930938381448;0.7595450223877986;73.27;;;;;
102;16;-0.2622308;0.20601605;0.6145616;0.71794176;68.95;-0.257146695015122;0.1974254123329111;0.6218565144075967;0.7012893416437938;67.22;;;;;
102;17;0.4448394;0.24340698;0.93501437;12.569.025;124.09;0.4302935007857189;0.22723751841893616;0.9094925405269119;1.031.487.308.632.400;101.19;;;;;
102;18;0.1652305;0.23361039;0.7800543;0.9202283;89.82;0.14774014068483743;0.21553527601538292;0.7639530016766183;0.8074074517536471;78.22;;;;;
102;19;-0.24456319;0.20499365;0.69899875;0.77267104;74.63;-0.24018025501955134;0.203906839353242;0.6872265171216753;0.756005846453236;72.91;;;;;
102;20;-0.19769539;0.23111296;0.95526814;10.013.248;98.11;-0.2025919325979145;0.22267218318800988;0.9587263163927445;1.004.879.366.920.960;98.48;;;;;
103;0;-0.152322;0.21062292;0.58823484;0.6670055;63.63;-0.14765040769782167;0.20234750755325792;0.5938884930874445;0.6445531001616736;61.27;;;;;
103;1;-0.0023171743;0.22946438;0.76737505;0.8868427;86.4;-0.0030221561226178232;0.21611912604730665;0.7582317196350119;0.7884363961232056;76.26;;;;;
103;2;-0.07484686;0.22582021;0.808516;0.89003295;86.73;-0.06816543155569008;0.21388865555787853;0.8045135284991499;0.8352466106328614;81.09;;;;;
103;3;0.21424605;0.22267383;0.6756934;0.7629354;73.63;0.21663434976536186;0.21659041554530817;0.6843756075801869;0.7498078566240156;72.26;;;;;
103;4;0.4433029;0.23087062;0.8172066;0.96343344;94.24;0.44449651671708595;0.22366017301072805;0.8293983284700567;0.9672138406959112;94.63;;;;;
103;5;0.27891773;0.22538765;0.7322967;0.8570073;83.33;0.2701551132473836;0.21522328116477116;0.7277661936301327;0.8055733849624929;78.04;;;;;
103;6;0.08316046;0.25044268;10.865.922;11.153.622;109.73;0.08224289181169037;0.23700719796183484;10.978.786.237.945.600;11.261.766.192.406.500;110.83;;;;;
103;7;0.30081773;0.25131795;10.403.732;11.194.396;110.14;0.27963032501933355;0.23821968442706343;10.096.791.208.638.500;10.744.271.328.607.400;105.56;;;;;
103;8;0.13618845;0.2474823;10.052.514;10.510.406;103.18;0.1389460139572358;0.23433493663421046;10.210.268.645.382.200;10.567.472.334.625.300;103.76;;;;;
103;9;0.7649019;0.41476923;18.990.619;20.253.704;201.55;0.4147923750557977;0.23494545312750648;10.115.694.991.860.400;11.182.687.208.507.700;110.02;;;;;
103;10;-0.21387379;0.20632723;0.48813748;0.58463365;54.94;-0.21140693485587972;0.20049852804232723;0.49641164024856055;0.5756014840378405;53.97;;;;;
103;11;-0.07579571;0.25062972;10.831.323;11.169.826;109.89;-0.0667286744686102;0.22092749914671345;10.107.001.490.044.500;10.367.142.649.125.500;101.72;;;;;
103;12;0.33069465;0.25324386;10.949.945;11.686.957;115.15;0.3314764574680008;0.23700719796183484;10.978.786.237.945.600;11.710.621.359.801.100;115.39;;;;;
103;13;0.23021656;0.23252074;0.83536285;0.9131091;89.09;0.23195211424467743;0.22594926302579818;0.840857102927854;0.9010524514747745;87.86;;;;;
103;14;-0.25978896;0.20569278;0.6131682;0.71043223;68.17;-0.25525128939464925;0.19643332483375078;0.6187316073000209;0.6975443166673642;66.83;;;;;
103;15;0.7704557;0.38340873;16.386.461;15.203.941;150.72;0.4356597904821861;0.22977750532529073;0.9231085158369359;1.046.291.779.097.570;102.7;;;;;
103;16;0.3419396;0.22385706;0.6461549;0.8118461;78.68;0.3339789771059028;0.21232698454775525;0.6482930938381448;0.7595450223877986;73.27;;;;;
103;17;0.15876368;0.22809988;0.7716407;0.87570894;85.26;0.14774014068483743;0.21616915920904714;0.7635870290441215;0.8072307015266142;78.21;;;;;
103;18;-0.2456319;0.20820367;0.6936176;0.7753918;74.92;-0.24018025501955134;0.20333249215014293;0.6875581166339928;0.7561526439909656;72.92;;;;;
103;19;-0.017397825;0.21257693;0.58261174;0.7212139;69.29;-0.015166735634439661;0.20390790799393435;0.5861207946899507;0.6207624753319478;58.77;;;;;
103;20;-0.20015779;0.23157202;0.9543532;102.516;100.55;-0.2025919325979145;0.22267218318800988;0.9587263163927445;1.004.879.366.920.960;98.48;;;;;
104;0;-0.14879096;0.20894076;0.5889311;0.66015834;62.91;-0.14765040769782167;0.20234750755325792;0.5938884930874445;0.6445531001616736;61.27;;;;;
104;1;0.0020629237;0.22249542;0.75280285;0.86831045;84.5;-0.002294646889533231;0.21611912604730665;0.7582317196350119;0.788433943148357;76.26;;;;;
104;2;0.27903998;0.2255407;0.73231214;0.86649215;84.31;0.27103814906966844;0.2164893004657404;0.7320471712397217;0.810075525113144;78.5;;;;;
104;3;0.2144713;0.22302808;0.67642176;0.76726085;74.07;0.217173988459811;0.21780041786679033;0.6881989349968358;0.7538032484788518;72.68;;;;;
104;4;-0.07795147;0.2242223;0.80858785;0.88263464;85.97;-0.06816543155569008;0.21388865555787853;0.8045135284991499;0.8352466106328614;81.09;;;;;
104;5;0.44295317;0.23094393;0.81671125;0.9581849;93.71;0.4466452418380007;0.22514136620947459;0.8348910326321102;0.9732541513935125;95.25;;;;;
104;6;0.30398428;0.25130945;10.467.768;11.232.917;110.53;0.27963032501933355;0.23821968442706343;10.096.791.208.638.500;10.744.271.328.607.400;105.56;;;;;
104;7;0.09086411;0.24888203;1.081.432;11.108.078;109.27;0.08224289181169037;0.236126207760471;10.983.872.637.244.700;1.126.487.487.883.030;110.86;;;;;
104;8;0.13661736;0.24324948;0.99679446;10.404.649;102.11;0.13879714001630447;0.23167122182794953;10.134.598.775.082.300;10.488.265.463.931.400;102.96;;;;;
104;9;0.77073747;0.41506317;19.004.698;1.957.376;194.71;0.4204687408690188;0.23870458037754655;10.277.546.111.730.200;11.358.051.679.441.300;111.81;;;;;
104;10;-0.21204333;0.20674329;0.48825586;0.5845673;54.93;-0.2096452103987474;0.1992608604909784;0.4920247952809497;0.5707402245663089;53.46;;;;;
104;11;0.22964394;0.23329377;0.837476;0.9241227;90.22;0.2327523744010705;0.22594926302579818;0.840857102927854;0.9012587890253615;87.88;;;;;
104;12;0.3315295;0.25144416;10.921.855;13.450.341;133.01;0.32869094101868984;0.23501554083610515;1.088.652.753.006.370;11.612.212.776.945.600;114.39;;;;;
104;13;-0.08091192;0.2514341;109.553;1.126.832;110.89;-0.06874055044000844;0.22443428484745487;102.674.300.851.246;10.532.317.964.337.200;103.41;;;;;
104;14;0.34051424;0.22426122;0.64550424;0.8093227;78.42;0.33690902486393937;0.21459786138783815;0.6552267098150233;0.7673864570097814;74.09;;;;;
104;15;-0.25812516;0.20541717;0.6133825;0.70834714;67.95;-0.25525128939464925;0.19643332483375078;0.6187316073000209;0.6975443166673642;66.83;;;;;
104;16;-0.019117292;0.2107169;0.5817349;0.6471715;61.55;-0.01524036056470393;0.20489775220749715;0.5889660412661155;0.6237758854063747;59.08;;;;;
104;17;0.16460004;0.23135847;0.786886;0.90775704;88.55;0.14700819541984378;0.21553527601538292;0.7639530016766183;0.8072738404645238;78.21;;;;;
104;18;0.8115791;0.41454524;17.790.272;16.338.092;162.15;0.433389137482019;0.228124429747411;0.9164674473776774;10.391.243.823.710.100;101.97;;;;;
104;19;-0.24551544;0.20520394;0.69928235;0.7734697;74.72;-0.24018025501955134;0.203906839353242;0.6872265171216753;0.756005846453236;72.91;;;;;
104;20;-0.20022437;0.23167369;0.95409274;10.875.137;106.9;-0.2025919325979145;0.22344798052950937;0.9582784095887932;10.046.243.086.052.100;98.45;;;;;
105;0;-0.15087885;0.209462;0.58774984;0.6602053;62.92;-0.14765040769782167;0.20184040099832654;0.594181271193442;0.6446639228354204;61.29;;;;;
105;1;0.005205727;0.23765147;0.8079673;0.95276505;93.15;-0.0022808237154998984;0.21481720360123854;0.7536640586733552;0.7836843410811981;75.77;;;;;
105;2;0.2143286;0.22210503;0.6766958;0.77433705;74.81;0.21663434976536186;0.21659041554530817;0.6843756075801869;0.7498078566240156;72.26;;;;;
105;3;-0.0725328;0.22217987;0.80826336;0.85873234;83.51;-0.06816543155569008;0.21322651005621654;0.8048958183827772;0.8354455991266025;81.12;;;;;
105;4;0.27967277;0.22482249;0.73298633;0.87971336;85.67;0.27103814906966844;0.21710081131139294;0.7316941152883718;0.8099201929022452;78.48;;;;;
105;5;0.08545707;0.25160766;10.862.939;11.183.119;110.03;0.0819198479514573;0.23814438047637254;1.107.775.189.055.450;11.360.411.422.689.300;111.83;;;;;
105;6;0.30652657;0.2532798;10.570.642;11.329.172;111.51;0.2786851358582394;0.23821968442706343;10.096.791.208.638.500;10.741.815.256.767.600;105.54;;;;;
105;7;0.4426377;0.23171133;0.8176066;0.961063;94.0;0.4466452418380007;0.22582982212842118;0.8344935524219811;0.9730727463314026;95.23;;;;;
105;8;0.13591315;0.2461665;10.069.551;10.486.012;102.94;0.14005758206889368;0.2353779613771967;10.296.752.355.483.600;10.654.811.127.836.300;104.65;;;;;
105;9;-0.21006548;0.20624548;0.48720774;0.5790015;54.34;-0.2096452103987474;0.19882770697530783;0.49227487657982255;0.5708048050041918;53.46;;;;;
105;10;0.7613509;0.4133768;18.927.673;19.186.311;190.82;0.4204687408690188;0.23953623512763406;10.272.744.550.791.800;11.355.458.493.805.200;111.78;;;;;
105;11;0.32977325;0.2509088;10.889.587;11.913.059;117.44;0.3296996723082609;0.23588912775846593;10.881.483.873.615.800;11.612.116.376.580.300;114.39;;;;;
105;12;-0.07528288;0.25272852;1.089.535;11.203.359;110.23;-0.0667286744686102;0.22092749914671345;10.107.001.490.044.500;10.367.142.649.125.500;101.72;;;;;
105;13;0.23149239;0.23321068;0.8399439;0.9338725;91.22;0.23047957357644427;0.2229762464070377;0.8297931936788032;0.8896043977934346;86.68;;;;;
105;14;0.342509;0.22373906;0.6464671;0.80478996;77.95;0.33511695558274823;0.21345638340173265;0.6517414613585605;0.7633046141533464;73.66;;;;;
105;15;-0.25832;0.20540847;0.61188436;0.70769954;67.89;-0.257146695015122;0.1974254123329111;0.6218565144075967;0.7012893416437938;67.22;;;;;
105;16;0.16160455;0.2290167;0.7718693;0.8829278;86.0;0.14774014068483743;0.21616915920904714;0.7635870290441215;0.8072307015266142;78.21;;;;;
105;17;0.44485167;0.2434746;0.9446366;14.492.333;143.54;0.4356597904821861;0.23053081578732654;0.9226735918388962;10.460.738.344.626.700;102.68;;;;;
105;18;-0.016225968;0.21115053;0.58171934;0.70156884;67.25;-0.01524036056470393;0.20489775220749715;0.5889660412661155;0.6237758854063747;59.08;;;;;
105;19;-0.24503735;0.21277434;0.6939308;0.79778785;77.23;-0.24018025501955134;0.20333249215014293;0.6875581166339928;0.7561526439909656;72.92;;;;;
105;20;-0.2019998;0.23076561;0.95783764;10.129.398;99.3;-0.2065708938756023;0.226046004145404;0.9732524727017255;10.202.885.404.662.200;100.05;;;;;
106;0;-0.14681341;0.20715511;0.5890771;0.6560331;62.48;-0.14837418420614434;0.20333940710008763;0.5967997111908145;0.6477126741820741;61.61;;;;;
106;1;-0.000114521434;0.22227748;0.754188;0.85917836;83.56;-0.0022808237154998984;0.21481720360123854;0.7536640586733552;0.7836843410811981;75.77;;;;;
106;2;0.21466362;0.22320196;0.6761613;0.7753977;74.92;0.21663434976536186;0.21659041554530817;0.6843756075801869;0.7498078566240156;72.26;;;;;
106;3;-0.07482942;0.22262046;0.8085333;0.857593;83.39;-0.06860238945027783;0.21525973668324952;0.8096706665023495;0.8406007555728156;81.65;;;;;
106;4;0.28130764;0.22532934;0.73368096;0.8856217;86.27;0.2701551132473836;0.21583121592360702;0.7274152023334691;0.8054190062114323;78.02;;;;;
106;5;0.44480246;0.23150077;0.81767726;0.9685083;94.76;0.441591310725471;0.222877798309749;0.8235851399720205;0.9607132149972609;93.97;;;;;
106;6;0.09230678;0.2508237;10.852.665;11.209.126;110.29;0.08224289181169037;0.236126207760471;10.983.872.637.244.700;1.126.487.487.883.030;110.86;;;;;
106;7;0.30322564;0.25223047;10.470.326;11.240.242;110.61;0.2808969226507651;0.2401103168431512;10.176.924.472.199.100;10.827.067.758.805.500;106.41;;;;;
106;8;0.13540041;0.24546763;10.036.101;10.464.512;102.72;0.1389460139572358;0.23433493663421046;10.210.268.645.382.200;10.567.472.334.625.300;103.76;;;;;
106;9;-0.2130005;0.20633626;0.48703787;0.582622;54.72;-0.2110246423395746;0.19965962206725474;0.4943346040968929;0.5733777682873799;53.74;;;;;
106;10;0.33164564;0.2529809;10.954.154;1.219.211;120.27;0.3296996723082609;0.23588912775846593;10.881.483.873.615.800;11.612.116.376.580.300;114.39;;;;;
106;11;0.23697099;0.2345265;0.84793407;0.9385764;91.7;0.233508839843635;0.22746570103268274;0.8465004391891148;0.907099783363867;88.48;;;;;
106;12;-0.07562763;0.2509732;1.079.597;11.111.469;109.3;-0.06874055044000844;0.22443428484745487;102.674.300.851.246;10.532.317.964.337.200;103.41;;;;;
106;13;0.7477946;0.4039735;18.546.209;18.637.166;185.3;0.41713168737005835;0.23681009958089932;1.019.597.828.544.660;11.267.908.412.144.200;110.89;;;;;
106;14;0.34251878;0.22382952;0.6456244;0.80441886;77.92;0.33511695558274823;0.21400934533663124;0.6514222086365952;0.7631869153198598;73.65;;;;;
106;15;-0.256761;0.20501271;0.61265856;0.72352713;69.53;-0.25397503294767604;0.19545115820958203;0.6156379492635208;0.6940565950840274;66.46;;;;;
106;16;-0.018527359;0.20912352;0.58066136;0.6374329;60.52;-0.01524036056470393;0.20489775220749715;0.5889660412661155;0.6237758854063747;59.08;;;;;
106;17;0.16379318;0.23072955;0.77379876;0.9044203;88.2;0.14774014068483743;0.21553527601538292;0.7639530016766183;0.8074074517536471;78.22;;;;;
106;18;0.6901276;0.34553546;14.537.234;14.639.292;145.02;0.43115092238185426;0.22723751841893616;0.9094925405269119;10.318.452.834.228.600;101.23;;;;;
106;19;-0.24138674;0.20910442;0.6952021;0.77447623;74.82;-0.24018025501955134;0.203906839353242;0.6872265171216753;0.756005846453236;72.91;;;;;
106;20;-0.20737171;0.23229179;0.95557106;12.201.436;120.36;-0.2025919325979145;0.22344798052950937;0.9582784095887932;10.046.243.086.052.100;98.45;;;;;
107;0;-0.14799672;0.20843191;0.58803326;0.65630907;62.51;-0.14765040769782167;0.20234750755325792;0.5938884930874445;0.6445531001616736;61.27;;;;;
107;1;-0.00084734;0.22455284;0.7639035;0.815366;79.05;-0.0030221561226178232;0.21611912604730665;0.7582317196350119;0.7884363961232056;76.26;;;;;
107;2;-0.06946974;0.22474225;0.80733687;0.8568315;83.32;-0.06860238945027783;0.21459334665914098;0.810055406962154;0.8408010196338244;81.67;;;;;
107;3;0.27998245;0.22568017;0.7339455;0.8652948;84.19;0.2701551132473836;0.21583121592360702;0.7274152023334691;0.8054190062114323;78.02;;;;;
107;4;0.2119455;0.22200012;0.6759609;0.7569791;73.01;0.217173988459811;0.21780041786679033;0.6881989349968358;0.7538032484788518;72.68;;;;;
107;5;0.08665717;0.2474178;10.803.199;11.079.812;108.98;0.08155177507377698;0.23414195391374437;10.891.571.186.511.500;11.170.212.064.722.500;109.9;;;;;
107;6;0.2880187;0.24669461;10.079.505;11.012.868;108.3;0.2808969226507651;0.2401103168431512;10.176.924.472.199.100;10.827.067.758.805.500;106.41;;;;;
107;7;0.4473645;0.23192723;0.8187945;0.98755455;96.71;0.44449651671708595;0.2243440996144184;0.8290034632613101;0.9670336966748745;94.61;;;;;
107;8;-0.21396244;0.2081955;0.48717415;0.58773845;55.27;-0.21140693485587972;0.20093532150350762;0.49615945742616774;0.5755363609072022;53.97;;;;;
107;9;-0.01910131;0.21050563;0.5802467;0.63196266;59.95;-0.01531470378697078;0.2058972534377776;0.5918390463454624;0.6268186946034789;59.41;;;;;
107;10;0.13513353;0.24552399;10.011.334;10.450.932;102.58;0.1389460139572358;0.23433493663421046;10.210.268.645.382.200;10.567.472.334.625.300;103.76;;;;;
107;11;0.77174175;0.42118603;19.279.776;19.097.286;189.92;0.41713168737005835;0.23681009958089932;1.019.597.828.544.660;11.267.908.412.144.200;110.89;;;;;
107;12;0.23369873;0.23220125;0.84025526;0.9144029;89.23;0.23121096794808327;0.22376445437158143;0.8356859930523681;0.8954887613608692;87.29;;;;;
107;13;-0.076738246;0.25270957;10.928.799;1.124.269;110.63;-0.0676664793393833;0.22092749914671345;10.107.001.490.044.500;10.367.750.496.144.400;101.73;;;;;
107;14;0.33423665;0.25375304;1.100.678;13.569.632;134.21;0.3314764574680008;0.23700719796183484;10.978.786.237.945.600;11.710.621.359.801.100;115.39;;;;;
107;15;-0.26288676;0.20443752;0.6150948;0.72121143;69.29;-0.2597706408826233;0.19943995735671632;0.6282019890444089;0.7084453553340366;67.96;;;;;
107;16;0.34006515;0.22217406;0.64552337;0.7859143;76.0;0.3339789771059028;0.21232698454775525;0.6482930938381448;0.7595450223877986;73.27;;;;;
107;17;0.15932757;0.2286345;0.7712178;0.88376904;86.08;0.14700819541984378;0.21553527601538292;0.7639530016766183;0.8072738404645238;78.21;;;;;
107;18;0.44285896;0.24201928;0.9321664;1.060.947;104.19;0.4356597904821861;0.22977750532529073;0.9231085158369359;1.046.291.779.097.570;102.7;;;;;
107;19;-0.24414402;0.20415334;0.6971609;0.76811266;74.16;-0.24018025501955134;0.203906839353242;0.6872265171216753;0.756005846453236;72.91;;;;;
107;20;-0.20020387;0.23160711;0.95496917;10.014.086;98.12;-0.2025919325979145;0.22267218318800988;0.9587263163927445;1.004.879.366.920.960;98.48;;;;;
108;0;-0.004506029;0.22159703;0.75124645;0.79288137;76.72;-0.0030221561226178232;0.21611912604730665;0.7582317196350119;0.7884363961232056;76.26;;;;;
108;1;-0.1497627;0.20968255;0.58812284;0.66235715;63.14;-0.14765040769782167;0.20234750755325792;0.5938884930874445;0.6445531001616736;61.27;;;;;
108;2;0.44278353;0.23126727;0.81749326;0.9573994;93.63;0.44449651671708595;0.22366017301072805;0.8293983284700567;0.9672138406959112;94.63;;;;;
108;3;-0.07483279;0.22487456;0.80881834;0.87701464;85.39;-0.06816543155569008;0.21322651005621654;0.8048958183827772;0.8354455991266025;81.12;;;;;
108;4;0.21217817;0.22226465;0.675882;0.7635073;73.68;0.217173988459811;0.21780041786679033;0.6881989349968358;0.7538032484788518;72.68;;;;;
108;5;0.28008446;0.22620979;0.7344508;0.87425196;85.11;0.2701551132473836;0.21522328116477116;0.7277661936301327;0.8055733849624929;78.04;;;;;
108;6;0.3024109;0.25530726;10.534.358;11.359.326;111.82;0.2786851358582394;0.23821968442706343;10.096.791.208.638.500;10.741.815.256.767.600;105.54;;;;;
108;7;0.09313874;0.261199;11.669.604;11.638.287;114.65;0.08224289181169037;0.236126207760471;10.983.872.637.244.700;1.126.487.487.883.030;110.86;;;;;
108;8;-0.21428502;0.20630859;0.4881898;0.58686507;55.17;-0.2110246423395746;0.19922465619377802;0.494585731761033;0.5734430306243776;53.74;;;;;
108;9;0.13591328;0.24372423;0.9965093;10.358.758;101.64;0.13879714001630447;0.2324897796528388;10.129.872.829.276.800;10.485.510.855.904.600;102.93;;;;;
108;10;0.7419341;0.4025892;18.566.809;17.918.317;178.06;0.4204687408690188;0.23870458037754655;10.277.546.111.730.200;11.358.051.679.441.300;111.81;;;;;
108;11;0.23538509;0.23297004;0.8406185;0.92440844;90.25;0.23121096794808327;0.22445291029052802;0.8352885128422392;0.895290187773538;87.27;;;;;
108;12;-0.26229477;0.20547108;0.615685;0.722805;69.46;-0.257146695015122;0.19795044689736024;0.6215533855604781;0.701168605462165;67.2;;;;;
108;13;-0.07618446;0.25019774;10.872.942;11.210.768;110.31;-0.06819928626331546;0.22266708575416788;10.186.584.178.942.500;10.449.386.326.822.700;102.56;;;;;
108;14;0.3362759;0.25510678;11.081.274;14.225.374;140.84;0.32869094101868984;0.23414195391374437;10.891.571.186.511.500;11.615.177.219.477.900;114.42;;;;;
108;15;0.34557724;0.22494152;0.64827275;0.81164867;78.66;0.3339789771059028;0.21232698454775525;0.6482930938381448;0.7595450223877986;73.27;;;;;
108;16;0.1579445;0.22821128;0.77208275;0.8689915;84.57;0.1479100861892907;0.21749535036983883;0.7682716120443921;0.8120485766888034;78.7;;;;;
108;17;0.4476742;0.24484852;0.9371292;12.941.611;127.86;0.4356597904821861;0.23053081578732654;0.9226735918388962;10.460.738.344.626.700;102.68;;;;;
108;18;-0.017364606;0.21145272;0.5809039;0.6734228;64.3;-0.01531470378697078;0.2053901468828462;0.5921318244514598;0.6269288238044685;59.42;;;;;
108;19;-0.24368756;0.2066967;0.69332933;0.76602215;73.95;-0.24018025501955134;0.20333249215014293;0.6875581166339928;0.7561526439909656;72.92;;;;;
108;20;-0.20564227;0.22929382;0.9571225;10.279.908;100.83;-0.20501772925999626;0.22434641012927314;0.965934784937051;1.012.617.198.056.700;99.27;;;;;
109;0;-0.15034758;0.21037704;0.58871007;0.66493785;63.41;-0.14765040769782167;0.20234750755325792;0.5938884930874445;0.6445531001616736;61.27;;;;;
109;1;-0.0008358965;0.22274545;0.7557518;0.8718353;84.86;-0.0022808237154998984;0.21481720360123854;0.7536640586733552;0.7836843410811981;75.77;;;;;
109;2;-0.07324162;0.22595924;0.80790573;0.88515234;86.23;-0.06860238945027783;0.21459334665914098;0.810055406962154;0.8408010196338244;81.67;;;;;
109;3;0.21293901;0.22239129;0.6765841;0.76086116;73.41;0.21839406704666392;0.21902401571997454;0.6920652211485037;0.7580380981894074;73.12;;;;;
109;4;0.2784773;0.22493674;0.7337301;0.86458975;84.11;0.2701551132473836;0.21583121592360702;0.7274152023334691;0.8054190062114323;78.02;;;;;
109;5;0.08554511;0.2489946;10.914.137;11.155.235;109.74;0.08224289181169037;0.236126207760471;10.983.872.637.244.700;1.126.487.487.883.030;110.86;;;;;
109;6;0.29941338;0.25014055;10.404.348;11.275.597;110.97;0.2808969226507651;0.2401103168431512;10.176.924.472.199.100;10.827.067.758.805.500;106.41;;;;;
109;7;0.4475996;0.23333222;0.8186929;10.034.842;98.34;0.4466452418380007;0.22514136620947459;0.8348910326321102;0.9732541513935125;95.25;;;;;
109;8;0.13662958;0.24257475;0.9964653;10.365.573;101.71;0.13879714001630447;0.2324897796528388;10.129.872.829.276.800;10.485.510.855.904.600;102.93;;;;;
109;9;-0.2094163;0.20479411;0.48689306;0.57411927;53.82;-0.20914504780100174;0.1992608604909784;0.4920247952809497;0.570556693690074;53.44;;;;;
109;10;0.33363664;0.25129932;10.916.542;13.631.309;134.84;0.3296996723082609;0.23501554083610515;1.088.652.753.006.370;11.615.072.083.215.900;114.42;;;;;
109;11;-0.0736042;0.24864899;10.757.868;1.107.025;108.88;-0.0672540971022213;0.22266708575416788;10.186.584.178.942.500;10.448.773.693.606.800;102.56;;;;;
109;12;0.74510556;0.40594125;18.664.192;1.820.088;180.91;0.4204687408690188;0.23953623512763406;10.272.744.550.791.800;11.355.458.493.805.200;111.78;;;;;
109;13;-0.016807847;0.2118367;0.5811156;0.6590375;62.8;-0.01531470378697078;0.2058972534377776;0.5918390463454624;0.6268186946034789;59.41;;;;;
109;14;0.23627637;0.23492746;0.8466467;0.94352806;92.21;0.2327523744010705;0.22594926302579818;0.840857102927854;0.9012587890253615;87.88;;;;;
109;15;0.3437334;0.22422984;0.6481445;0.8081086;78.3;0.33511695558274823;0.21345638340173265;0.6517414613585605;0.7633046141533464;73.66;;;;;
109;16;-0.2620265;0.204058;0.61516446;0.71853256;69.01;-0.25525128939464925;0.19643332483375078;0.6187316073000209;0.6975443166673642;66.83;;;;;
109;17;0.16440931;0.24622265;0.934137;0.91529787;89.32;0.1479100861892907;0.21685757832222577;0.7686398299077631;0.8122264407127724;78.72;;;;;
109;18;0.44636816;0.24501163;0.9385343;13.028.399;128.74;0.4356597904821861;0.22977750532529073;0.9231085158369359;1.046.291.779.097.570;102.7;;;;;
109;19;-0.2430099;0.20580895;0.6928637;0.76289445;73.62;-0.24018025501955134;0.203906839353242;0.6872265171216753;0.756005846453236;72.91;;;;;
109;20;-0.20954536;0.23076895;0.9618989;10.316.602;101.21;-0.20501772925999626;0.22434641012927314;0.965934784937051;1.012.617.198.056.700;99.27;;;;;
110;0;-0.14649852;0.20926173;0.58864117;0.6570484;62.59;-0.14765040769782167;0.20234750755325792;0.5938884930874445;0.6445531001616736;61.27;;;;;
110;1;-0.002307762;0.22261524;0.7628501;0.815087;79.02;-0.0030221561226178232;0.21611912604730665;0.7582317196350119;0.7884363961232056;76.26;;;;;
110;2;-0.07711998;0.2281882;0.81002814;0.8953043;87.27;-0.06860238945027783;0.21459334665914098;0.810055406962154;0.8408010196338244;81.67;;;;;
110;3;0.44365054;0.23050267;0.81618345;0.9558995;93.47;0.44449651671708595;0.2243440996144184;0.8290034632613101;0.9670336966748745;94.61;;;;;
110;4;0.28121933;0.2259529;0.7332433;0.882025;85.91;0.2701551132473836;0.21522328116477116;0.7277661936301327;0.8055733849624929;78.04;;;;;
110;5;0.28196514;0.24539019;10.012.841;10.820.309;106.34;0.27963032501933355;0.23821968442706343;10.096.791.208.638.500;10.744.271.328.607.400;105.56;;;;;
110;6;0.08683994;0.2490677;1.081.121;1.113.002;109.49;0.08224289181169037;0.23700719796183484;10.978.786.237.945.600;11.261.766.192.406.500;110.83;;;;;
110;7;0.21420655;0.2224761;0.6766921;0.7825263;75.65;0.21784459752941412;0.21721965337650578;0.6885342395316374;0.754135296543778;72.71;;;;;
110;8;0.13661379;0.24372092;0.9962401;10.403.796;102.1;0.1389460139572358;0.23433493663421046;10.210.268.645.382.200;10.567.472.334.625.300;103.76;;;;;
110;9;-0.21253388;0.20630328;0.48780587;0.58473796;54.95;-0.2110246423395746;0.19965962206725474;0.4943346040968929;0.5733777682873799;53.74;;;;;
110;10;0.7476413;0.40422726;18.547.399;18.694.016;185.87;0.41713168737005835;0.23763515389646234;10.191.214.832.134.700;11.265.335.807.346.400;110.86;;;;;
110;11;-0.07406953;0.25030166;10.798.703;11.112.794;109.31;-0.06819928626331546;0.2234856435790571;10.181.858.233.137.000;1.044.652.739.588.500;102.53;;;;;
110;12;0.2433127;0.234518;0.8439119;0.9526531;93.14;0.23195211424467743;0.22594926302579818;0.840857102927854;0.9010524514747745;87.86;;;;;
110;13;0.33184117;0.2513585;10.859.891;11.904.811;117.36;0.3314764574680008;0.23700719796183484;10.978.786.237.945.600;11.710.621.359.801.100;115.39;;;;;
110;14;0.34249324;0.22379664;0.6459357;0.8038159;77.85;0.33575546102667886;0.21345638340173265;0.6517414613585605;0.763585155485606;73.69;;;;;
110;15;0.1666782;0.23252247;0.7827107;0.92153794;89.96;0.14774014068483743;0.21616915920904714;0.7635870290441215;0.8072307015266142;78.21;;;;;
110;16;-0.021126766;0.20919529;0.58059466;0.6248331;59.2;-0.01524036056470393;0.20489775220749715;0.5889660412661155;0.6237758854063747;59.08;;;;;
110;17;0.77631795;0.39470625;16.571.789;16.443.354;163.21;0.4356597904821861;0.23053081578732654;0.9226735918388962;10.460.738.344.626.700;102.68;;;;;
110;18;-0.26505435;0.20546919;0.6167219;0.7275968;69.96;-0.257146695015122;0.1974254123329111;0.6218565144075967;0.7012893416437938;67.22;;;;;
110;19;-0.20100388;0.23152258;0.95447814;10.420.731;102.27;-0.20411518021143268;0.22434641012927314;0.965934784937051;10.124.348.508.827.700;99.25;;;;;
110;20;-0.24435896;0.20479928;0.69829327;0.7706872;74.43;-0.24018025501955134;0.203906839353242;0.6872265171216753;0.756005846453236;72.91;;;;;
111;0;-0.1481717;0.20988631;0.5883069;0.6622797;63.14;-0.14837418420614434;0.2028298147287105;0.5970939244836061;0.6478240401042217;61.62;;;;;
111;1;-0.0008509793;0.22595012;0.76761466;0.83674306;81.25;-0.0022808237154998984;0.21481720360123854;0.7536640586733552;0.7836843410811981;75.77;;;;;
111;2;-0.068649516;0.22279347;0.806484;0.8421812;81.81;-0.06816543155569008;0.21322651005621654;0.8048958183827772;0.8354455991266025;81.12;;;;;
111;3;0.44296193;0.23074345;0.81617236;0.95605;93.49;0.44449651671708595;0.2243440996144184;0.8290034632613101;0.9670336966748745;94.61;;;;;
111;4;0.21368349;0.22245458;0.67580354;0.77646625;75.03;0.21663434976536186;0.21659041554530817;0.6843756075801869;0.7498078566240156;72.26;;;;;
111;5;0.28101364;0.22621062;0.733148;0.89569336;87.31;0.2685844439843174;0.21397198301846435;0.7235349948299575;0.8008898187708504;77.55;;;;;
111;6;0.30055946;0.25021106;10.380.759;11.169.983;109.89;0.2808969226507651;0.2401103168431512;10.176.924.472.199.100;10.827.067.758.805.500;106.41;;;;;
111;7;0.088926755;0.25007802;10.835.127;11.160.309;109.8;0.08224289181169037;0.236126207760471;10.983.872.637.244.700;1.126.487.487.883.030;110.86;;;;;
111;8;-0.21053286;0.20874453;0.4881193;0.5868819;55.18;-0.21280544100910687;0.2013445133927168;0.49850620413146585;0.5782163992433915;54.25;;;;;
111;9;0.13451412;0.24562472;10.055.943;10.494.673;103.02;0.1398987046196085;0.23433493663421046;10.210.268.645.382.200;10.568.729.196.030.900;103.78;;;;;
111;10;-0.0191092;0.21019599;0.5810147;0.6535458;62.22;-0.01524036056470393;0.20489775220749715;0.5889660412661155;0.6237758854063747;59.08;;;;;
111;11;-0.07507011;0.25430125;10.968.822;11.289.952;111.11;-0.0667286744686102;0.22092749914671345;10.107.001.490.044.500;10.367.142.649.125.500;101.72;;;;;
111;12;0.23028935;0.23400132;0.8434393;0.93186414;91.01;0.2327523744010705;0.22594926302579818;0.840857102927854;0.9012587890253615;87.88;;;;;
111;13;0.7580058;0.41078776;18.839.147;19.072.077;189.67;0.4204687408690188;0.23870458037754655;10.277.546.111.730.200;11.358.051.679.441.300;111.81;;;;;
111;14;0.3335042;0.2521701;10.955.355;13.590.418;134.42;0.3269521750390254;0.23305707799580427;10.795.806.467.313.100;1.151.827.981.585.570;113.43;;;;;
111;15;0.16806974;0.24912697;0.9443449;0.9344334;91.28;0.1479100861892907;0.21685757832222577;0.7686398299077631;0.8122264407127724;78.72;;;;;
111;16;-0.25749195;0.20527273;0.6133704;0.7070535;67.82;-0.25525128939464925;0.19643332483375078;0.6187316073000209;0.6975443166673642;66.83;;;;;
111;17;0.34386286;0.22440651;0.6458798;0.80940616;78.43;0.3339789771059028;0.21232698454775525;0.6482930938381448;0.7595450223877986;73.27;;;;;
111;18;0.7882669;0.4007661;16.838.572;1.682.575;167.06;0.433389137482019;0.22887232070971986;0.9160356523292639;10.389.080.806.369.500;101.95;;;;;
111;19;-0.24197346;0.21120702;0.6935241;0.7808803;75.48;-0.24018025501955134;0.203906839353242;0.6872265171216753;0.756005846453236;72.91;;;;;
111;20;-0.20294899;0.23255578;0.9559437;11.148.368;109.68;-0.20501772925999626;0.22434641012927314;0.965934784937051;1.012.617.198.056.700;99.27;;;;;
112;0;-0.14756978;0.20821798;0.58906376;0.65765995;62.65;-0.14765040769782167;0.20234750755325792;0.5938884930874445;0.6445531001616736;61.27;;;;;
112;1;-0.0016115748;0.22843547;0.78047687;0.8740411;85.09;-0.0030405839038532977;0.2174369255963756;0.7628550837791278;0.7932439351239569;76.76;;;;;
112;2;-0.06901528;0.22404745;0.8066488;0.8720232;84.88;-0.06816543155569008;0.21322651005621654;0.8048958183827772;0.8354455991266025;81.12;;;;;
112;3;0.2814799;0.22596303;0.7332998;0.9051705;88.28;0.2701551132473836;0.21522328116477116;0.7277661936301327;0.8055733849624929;78.04;;;;;
112;4;0.21419927;0.22287592;0.67615175;0.77859384;75.25;0.21663434976536186;0.21659041554530817;0.6843756075801869;0.7498078566240156;72.26;;;;;
112;5;0.44329092;0.23140247;0.8177718;0.96366006;94.27;0.4437067862995928;0.22366017301072805;0.8293983284700567;0.9668511635553971;94.59;;;;;
112;6;0.08920884;0.249108;10.785.539;11.097.633;109.16;0.0819198479514573;0.23903290050851722;11.072.622.017.757.100;11.357.275.960.788.700;111.8;;;;;
112;7;0.29546124;0.25131154;10.317.132;11.774.865;116.04;0.2808969226507651;0.2401103168431512;10.176.924.472.199.100;10.827.067.758.805.500;106.41;;;;;
112;8;-0.21496448;0.20793346;0.48797035;0.5897298;55.48;-0.2110246423395746;0.20009458794073143;0.4940834764327528;0.573312938526239;53.73;;;;;
112;9;0.13719513;0.24319744;0.99681807;1.048.557;102.93;0.1389460139572358;0.23433493663421046;10.210.268.645.382.200;10.567.472.334.625.300;103.76;;;;;
112;10;0.76890576;0.41596448;19.024.438;19.331.436;192.28;0.41713168737005835;0.23681009958089932;1.019.597.828.544.660;11.267.908.412.144.200;110.89;;;;;
112;11;0.33697098;0.25462803;10.964.409;13.421.397;132.72;0.3296996723082609;0.23588912775846593;10.881.483.873.615.800;11.612.116.376.580.300;114.39;;;;;
112;12;-0.07339294;0.2518964;10.866.013;11.213.537;110.34;-0.0667286744686102;0.22173966198859574;10.102.312.465.690.600;10.364.305.887.224.800;101.7;;;;;
112;13;0.24199817;0.24397628;0.9620961;0.9825551;96.2;0.233508839843635;0.22746570103268274;0.8465004391891148;0.907099783363867;88.48;;;;;
112;14;0.8182088;0.4125269;17.562.635;1.684.384;167.25;0.432525547385192;0.228124429747411;0.9164674473776774;10.387.645.001.112.600;101.93;;;;;
112;15;0.3444933;0.22457719;0.64630604;0.8128818;78.79;0.33511695558274823;0.21345638340173265;0.6517414613585605;0.7633046141533464;73.66;;;;;
112;16;-0.25766796;0.2054062;0.6138939;0.7151065;68.66;-0.2578426730433259;0.19842757178637765;0.6250131464604272;0.7046259848568805;67.56;;;;;
112;17;0.16391483;0.23204586;0.7778944;0.9089445;88.67;0.14774014068483743;0.21616915920904714;0.7635870290441215;0.8072307015266142;78.21;;;;;
112;18;-0.018528368;0.21109702;0.5807953;0.6477695;61.61;-0.01531470378697078;0.2058972534377776;0.5918390463454624;0.6268186946034789;59.41;;;;;
112;19;-0.2414353;0.21015146;0.6952878;0.78000236;75.39;-0.24018025501955134;0.203906839353242;0.6872265171216753;0.756005846453236;72.91;;;;;
112;20;-0.19928224;0.23229457;0.9535271;10.487.465;102.95;-0.20501772925999626;0.22434641012927314;0.965934784937051;1.012.617.198.056.700;99.27;;;;;
113;0;-0.14927022;0.21051839;0.5889913;0.6644951;63.37;-0.14765040769782167;0.20234750755325792;0.5938884930874445;0.6445531001616736;61.27;;;;;
113;1;-0.0022912342;0.22113547;0.75595343;0.81914955;79.44;-0.002294646889533231;0.21611912604730665;0.7582317196350119;0.788433943148357;76.26;;;;;
113;2;-0.07553596;0.2244611;0.8071458;0.8657486;84.23;-0.06860238945027783;0.21459334665914098;0.810055406962154;0.8408010196338244;81.67;;;;;
113;3;0.21489367;0.22238389;0.67627215;0.78025055;75.42;0.21784459752941412;0.21780041786679033;0.6881989349968358;0.7539967273314122;72.7;;;;;
113;4;0.28001451;0.22540249;0.7326292;0.88955396;86.68;0.2701551132473836;0.21522328116477116;0.7277661936301327;0.8055733849624929;78.04;;;;;
113;5;0.44693202;0.23191959;0.8181407;0.9780492;95.74;0.44449651671708595;0.2243440996144184;0.8290034632613101;0.9670336966748745;94.61;;;;;
113;6;0.09131752;0.2481286;10.758.327;11.081.407;108.99;0.0819198479514573;0.23903290050851722;11.072.622.017.757.100;11.357.275.960.788.700;111.8;;;;;
113;7;0.30128708;0.2530872;10.506.064;11.284.764;111.06;0.2808969226507651;0.2401103168431512;10.176.924.472.199.100;10.827.067.758.805.500;106.41;;;;;
113;8;0.1315576;0.24431473;10.041.068;10.562.165;103.71;0.1389460139572358;0.23433493663421046;10.210.268.645.382.200;10.567.472.334.625.300;103.76;;;;;
113;9;-0.21543941;0.20621818;0.48831198;0.5873282;55.22;-0.21140693485587972;0.20093532150350762;0.49615945742616774;0.5755363609072022;53.97;;;;;
113;10;-0.07508142;0.25291845;10.973.486;11.285.088;111.06;-0.06819928626331546;0.22266708575416788;10.186.584.178.942.500;10.449.386.326.822.700;102.56;;;;;
113;11;0.23223312;0.23570564;0.86197925;0.9544411;93.33;0.233508839843635;0.22746570103268274;0.8465004391891148;0.907099783363867;88.48;;;;;
113;12;0.75806975;0.41152143;18.769.903;18.913.181;188.07;0.4147923750557977;0.23576401095239574;10.110.969.046.054.900;11.180.135.660.033.800;110.0;;;;;
113;13;0.33385286;0.2521986;10.995.901;11.979.672;118.12;0.3314764574680008;0.23700719796183484;10.978.786.237.945.600;11.710.621.359.801.100;115.39;;;;;
113;14;-0.2559121;0.20484507;0.61423314;0.70772934;67.89;-0.257146695015122;0.1974254123329111;0.6218565144075967;0.7012893416437938;67.22;;;;;
113;15;0.34148768;0.2232782;0.64568657;0.79344624;76.78;0.33511695558274823;0.21345638340173265;0.6517414613585605;0.7633046141533464;73.66;;;;;
113;16;-0.019119617;0.21065164;0.58113205;0.655291;62.4;-0.01524036056470393;0.20489775220749715;0.5889660412661155;0.6237758854063747;59.08;;;;;
113;17;0.16891155;0.2316042;0.7790658;0.92799073;90.62;0.14774014068483743;0.21616915920904714;0.7635870290441215;0.8072307015266142;78.21;;;;;
113;18;0.4560933;0.24665268;0.9468328;13.536.983;133.88;0.433389137482019;0.22887232070971986;0.9160356523292639;10.389.080.806.369.500;101.95;;;;;
113;19;-0.24230365;0.21100862;0.69073933;0.77793807;75.18;-0.24018025501955134;0.20333249215014293;0.6875581166339928;0.7561526439909656;72.92;;;;;
113;20;-0.20540676;0.23358753;0.95629656;11.073.468;108.91;-0.2025919325979145;0.22267218318800988;0.9587263163927445;1.004.879.366.920.960;98.48;;;;;
114;0;-0.0031127217;0.22622812;0.7753071;0.8142736;78.93;-0.0030405839038532977;0.2174369255963756;0.7628550837791278;0.7932439351239569;76.76;;;;;
114;1;-0.14757904;0.20990929;0.5886942;0.6617961;63.09;-0.14765040769782167;0.20234750755325792;0.5938884930874445;0.6445531001616736;61.27;;;;;
114;2;-0.07327112;0.2235939;0.8075068;0.86352456;84.0;-0.06816543155569008;0.21322651005621654;0.8048958183827772;0.8354455991266025;81.12;;;;;
114;3;0.21575102;0.22301894;0.6762882;0.76566523;73.91;0.21663434976536186;0.21659041554530817;0.6843756075801869;0.7498078566240156;72.26;;;;;
114;4;0.28101158;0.22606154;0.73301744;0.885669;86.28;0.2701551132473836;0.21522328116477116;0.7277661936301327;0.8055733849624929;78.04;;;;;
114;5;0.44675797;0.23172958;0.8177517;0.97984135;95.92;0.4466452418380007;0.22582982212842118;0.8344935524219811;0.9730727463314026;95.23;;;;;
114;6;0.088455856;0.24962772;10.909.927;11.184.653;110.04;0.08122561195186868;0.236126207760471;10.983.872.637.244.700;11.264.136.749.615.700;110.85;;;;;
114;7;0.2886323;0.24743664;10.114.326;11.242.683;110.63;0.2808969226507651;0.2401103168431512;10.176.924.472.199.100;10.827.067.758.805.500;106.41;;;;;
114;8;0.13575819;0.24282119;0.9978442;10.382.963;101.89;0.1389460139572358;0.23350988231864744;10.215.032.098.694.100;1.057.024.913.475.820;103.79;;;;;
114;9;0.7709459;0.42031145;19.252.506;18.998.412;188.93;0.41713168737005835;0.23681009958089932;1.019.597.828.544.660;11.267.908.412.144.200;110.89;;;;;
114;10;0.23672436;0.23511721;0.85456896;0.9456661;92.43;0.233508839843635;0.22746570103268274;0.8465004391891148;0.907099783363867;88.48;;;;;
114;11;-0.2116022;0.20422873;0.4877101;0.5747612;53.88;-0.2110246423395746;0.19965962206725474;0.4943346040968929;0.5733777682873799;53.74;;;;;
114;12;0.33145267;0.25169456;10.901.029;11.755.118;115.84;0.3296996723082609;0.23501554083610515;1.088.652.753.006.370;11.615.072.083.215.900;114.42;;;;;
114;13;-0.07329967;0.2445116;10.637.392;10.984.575;108.01;-0.06819928626331546;0.22266708575416788;10.186.584.178.942.500;10.449.386.326.822.700;102.56;;;;;
114;14;0.34266537;0.22347347;0.6463799;0.79924756;77.38;0.3339789771059028;0.21232698454775525;0.6482930938381448;0.7595450223877986;73.27;;;;;
114;15;-0.26370603;0.2083427;0.61641264;0.737751;71.01;-0.2584520081877876;0.19842757178637765;0.6250131464604272;0.7048491860176201;67.59;;;;;
114;16;0.16620992;0.25148252;0.9518521;0.92574614;90.39;0.14774014068483743;0.21616915920904714;0.7635870290441215;0.8072307015266142;78.21;;;;;
114;17;0.44336632;0.23963529;0.9290952;10.534.979;103.43;0.433389137482019;0.22887232070971986;0.9160356523292639;10.389.080.806.369.500;101.95;;;;;
114;18;-0.01736659;0.2120038;0.5807249;0.6446439;61.28;-0.01531470378697078;0.2058972534377776;0.5918390463454624;0.6268186946034789;59.41;;;;;
114;19;-0.20589457;0.23205169;0.95869964;11.631.769;114.59;-0.20501772925999626;0.22434641012927314;0.965934784937051;1.012.617.198.056.700;99.27;;;;;
114;20;-0.24490963;0.20636673;0.69921905;0.7764528;75.03;-0.24018025501955134;0.203906839353242;0.6872265171216753;0.756005846453236;72.91;;;;;
115;0;0.0043205954;0.22849207;0.77403045;0.92140585;89.94;-0.0030221561226178232;0.21611912604730665;0.7582317196350119;0.7884363961232056;76.26;;;;;
115;1;-0.14810798;0.20853916;0.5892829;0.6587707;62.77;-0.14837418420614434;0.20333940710008763;0.5967997111908145;0.6477126741820741;61.61;;;;;
115;2;-0.07407365;0.21989918;0.80988765;0.85345095;82.97;-0.06816543155569008;0.21322651005621654;0.8048958183827772;0.8354455991266025;81.12;;;;;
115;3;0.44338477;0.231761;0.8183472;0.9728678;95.21;0.44449651671708595;0.2243440996144184;0.8290034632613101;0.9670336966748745;94.61;;;;;
115;4;0.21160145;0.22155845;0.6752166;0.7459094;71.86;0.21839406704666392;0.21902401571997454;0.6920652211485037;0.7580380981894074;73.12;;;;;
115;5;0.2797494;0.22527519;0.73363185;0.8680209;84.47;0.2701551132473836;0.21522328116477116;0.7277661936301327;0.8055733849624929;78.04;;;;;
115;6;0.092156336;0.24968714;10.719.471;11.149.582;109.69;0.0819198479514573;0.23903290050851722;11.072.622.017.757.100;11.357.275.960.788.700;111.8;;;;;
115;7;0.3025747;0.25262964;10.475.891;11.464.286;112.88;0.2808969226507651;0.24093537115871416;10.172.161.018.887.300;10.824.423.920.799.500;106.38;;;;;
115;8;-0.21556893;0.20756522;0.4888724;0.5907682;55.59;-0.21140693485587972;0.20049852804232723;0.49641164024856055;0.5756014840378405;53.97;;;;;
115;9;0.1348727;0.24257569;0.9979339;10.417.377;102.24;0.14005758206889368;0.2353779613771967;10.296.752.355.483.600;10.654.811.127.836.300;104.65;;;;;
115;10;-0.07626989;0.25264603;10.877.719;11.185.983;110.06;-0.06819928626331546;0.22266708575416788;10.186.584.178.942.500;10.449.386.326.822.700;102.56;;;;;
115;11;0.7633045;0.41399863;18.972.228;19.218.211;191.14;0.41713168737005835;0.23763515389646234;10.191.214.832.134.700;11.265.335.807.346.400;110.86;;;;;
115;12;0.23438762;0.23591161;0.8712642;0.9581816;93.71;0.233508839843635;0.22746570103268274;0.8465004391891148;0.907099783363867;88.48;;;;;
115;13;0.34131756;0.22291544;0.64564645;0.8001417;77.47;0.3339789771059028;0.21232698454775525;0.6482930938381448;0.7595450223877986;73.27;;;;;
115;14;0.3305167;0.25217706;10.939.075;11.685.361;115.13;0.3314764574680008;0.23700719796183484;10.978.786.237.945.600;11.710.621.359.801.100;115.39;;;;;
115;15;-0.26154304;0.2067017;0.61490214;0.72776556;69.97;-0.257146695015122;0.19795044689736024;0.6215533855604781;0.701168605462165;67.2;;;;;
115;16;0.16534841;0.24811563;0.9423917;0.9153611;89.32;0.1479100861892907;0.21685757832222577;0.7686398299077631;0.8122264407127724;78.72;;;;;
115;17;-0.020825492;0.2100473;0.5802177;0.63204926;59.96;-0.015900259998965695;0.2058972534377776;0.5918390463454624;0.6268332744999754;59.41;;;;;
115;18;-0.24557309;0.20536634;0.70126253;0.77544135;74.92;-0.24018025501955134;0.203906839353242;0.6872265171216753;0.756005846453236;72.91;;;;;
115;19;0.4427248;0.24193934;0.93123996;11.604.642;114.31;0.433389137482019;0.22887232070971986;0.9160356523292639;10.389.080.806.369.500;101.95;;;;;
115;20;-0.20302117;0.23171198;0.95658636;1.040.943;102.15;-0.20501772925999626;0.22434641012927314;0.965934784937051;1.012.617.198.056.700;99.27;;;;;
116;0;-0.14832337;0.21045685;0.58991176;0.6649096;63.41;-0.14765040769782167;0.20234750755325792;0.5938884930874445;0.6445531001616736;61.27;;;;;
116;1;-0.0037811496;0.22514921;0.76173687;0.8288408;80.43;-0.0030405839038532977;0.2174369255963756;0.7628550837791278;0.7932439351239569;76.76;;;;;
116;2;-0.07098514;0.21929827;0.8103199;0.8526124;82.88;-0.06816543155569008;0.21388865555787853;0.8045135284991499;0.8352466106328614;81.09;;;;;
116;3;0.21235266;0.2214237;0.67576873;0.7487099;72.15;0.21839406704666392;0.21902401571997454;0.6920652211485037;0.7580380981894074;73.12;;;;;
116;4;0.28011644;0.22501512;0.73330176;0.85706455;83.34;0.26928234528349737;0.21397198301846435;0.7235349948299575;0.8011241350388973;77.58;;;;;
116;5;0.44640887;0.23292513;0.8191942;110.694;108.87;0.44449651671708595;0.2243440996144184;0.8290034632613101;0.9670336966748745;94.61;;;;;
116;6;0.09075147;0.25376227;11.251.855;11.503.483;113.28;0.0819198479514573;0.23814438047637254;1.107.775.189.055.450;11.360.411.422.689.300;111.83;;;;;
116;7;0.2884024;0.24633422;1.008.658;10.976.329;107.93;0.2808969226507651;0.2401103168431512;10.176.924.472.199.100;10.827.067.758.805.500;106.41;;;;;
116;8;0.13571286;0.24611509;10.037.134;1.052.114;103.29;0.13879714001630447;0.23167122182794953;10.134.598.775.082.300;10.488.265.463.931.400;102.96;;;;;
116;9;0.7624351;0.41553292;18.947.161;19.187.416;190.83;0.41713168737005835;0.23681009958089932;1.019.597.828.544.660;11.267.908.412.144.200;110.89;;;;;
116;10;-0.074998006;0.25195342;10.861.433;11.164.516;109.84;-0.06819928626331546;0.22266708575416788;10.186.584.178.942.500;10.449.386.326.822.700;102.56;;;;;
116;11;0.23937267;0.23319627;0.8426609;0.9299463;90.82;0.2327523744010705;0.22594926302579818;0.840857102927854;0.9012587890253615;87.88;;;;;
116;12;-0.2173062;0.20518276;0.48965266;0.59011525;55.52;-0.2133119347789759;0.2013445133927168;0.49850620413146585;0.5784029997761618;54.27;;;;;
116;13;0.32952183;0.25113857;10.894.829;13.172.572;130.2;0.3314764574680008;0.23700719796183484;10.978.786.237.945.600;11.710.621.359.801.100;115.39;;;;;
116;14;0.34303412;0.2238085;0.64620376;0.8097882;78.47;0.3339789771059028;0.21232698454775525;0.6482930938381448;0.7595450223877986;73.27;;;;;
116;15;-0.017950416;0.2106323;0.58152616;0.7061914;67.73;-0.01524036056470393;0.20489775220749715;0.5889660412661155;0.6237758854063747;59.08;;;;;
116;16;0.15660787;0.22857267;0.7711232;0.8617401;83.82;0.1479100861892907;0.21685757832222577;0.7686398299077631;0.8122264407127724;78.72;;;;;
116;17;-0.2574137;0.2049349;0.6137659;0.707753;67.89;-0.2597706408826233;0.19943995735671632;0.6282019890444089;0.7084453553340366;67.96;;;;;
116;18;0.7542479;0.37556615;15.779.763;1.628.546;161.62;0.4356597904821861;0.23053081578732654;0.9226735918388962;10.460.738.344.626.700;102.68;;;;;
116;19;-0.24366459;0.2106351;0.6925863;0.7810346;75.5;-0.24018025501955134;0.203906839353242;0.6872265171216753;0.756005846453236;72.91;;;;;
116;20;-0.20215784;0.23248917;0.9561934;10.741.405;105.54;-0.20501772925999626;0.22434641012927314;0.965934784937051;1.012.617.198.056.700;99.27;;;;;
117;0;-0.14597684;0.20788997;0.5889006;0.65220964;62.08;-0.14765040769782167;0.20234750755325792;0.5938884930874445;0.6445531001616736;61.27;;;;;
117;1;-0.0053089787;0.22389464;0.771926;0.8008824;77.55;-0.002294646889533231;0.21611912604730665;0.7582317196350119;0.788433943148357;76.26;;;;;
117;2;0.4433704;0.23140031;0.81818604;0.96900386;94.81;0.44449651671708595;0.22366017301072805;0.8293983284700567;0.9672138406959112;94.63;;;;;
117;3;0.21306744;0.2219584;0.6759232;0.75487906;72.79;0.21663434976536186;0.21659041554530817;0.6843756075801869;0.7498078566240156;72.26;;;;;
117;4;0.27879742;0.22548904;0.73299325;0.8596428;83.61;0.2701551132473836;0.21522328116477116;0.7277661936301327;0.8055733849624929;78.04;;;;;
117;5;-0.0748595;0.22371005;0.80859643;0.86480564;84.14;-0.06860238945027783;0.21525973668324952;0.8096706665023495;0.8406007555728156;81.65;;;;;
117;6;0.28160307;0.24426132;0.9936612;10.798.988;106.12;0.2808969226507651;0.2401103168431512;10.176.924.472.199.100;10.827.067.758.805.500;106.41;;;;;
117;7;0.088501886;0.24950044;1.085.752;11.139.294;109.58;0.08224289181169037;0.236126207760471;10.983.872.637.244.700;1.126.487.487.883.030;110.86;;;;;
117;8;0.7869712;0.42480904;1.949.333;21.024.525;209.29;0.41808437803243104;0.23681009958089932;1.019.597.828.544.660;11.271.438.694.289.500;110.93;;;;;
117;9;-0.21165344;0.20767322;0.48869196;0.58524823;55.0;-0.21280544100910687;0.2013445133927168;0.49850620413146585;0.5782163992433915;54.25;;;;;
117;10;0.136175;0.2458112;10.067.978;1.052.044;103.29;0.13879714001630447;0.23167122182794953;10.134.598.775.082.300;10.488.265.463.931.400;102.96;;;;;
117;11;0.33743978;0.25383073;11.067.166;15.333.669;152.03;0.32869094101868984;0.23501554083610515;1.088.652.753.006.370;11.612.212.776.945.600;114.39;;;;;
117;12;0.24789663;0.24141403;0.8769564;0.95978236;93.87;0.2327523744010705;0.22594926302579818;0.840857102927854;0.9012587890253615;87.88;;;;;
117;13;-0.07587579;0.25052875;10.836.397;11.178.167;109.98;-0.0672540971022213;0.22266708575416788;10.186.584.178.942.500;10.448.773.693.606.800;102.56;;;;;
117;14;-0.015076752;0.21310377;0.58223504;0.653143;62.18;-0.01524036056470393;0.20489775220749715;0.5889660412661155;0.6237758854063747;59.08;;;;;
117;15;0.3433084;0.22378618;0.6457784;0.8102608;78.52;0.33511695558274823;0.21290342146683405;0.6520607140805258;0.7634228288691263;73.68;;;;;
117;16;-0.26080263;0.20410472;0.6152549;0.7145514;68.6;-0.2578426730433259;0.19842757178637765;0.6250131464604272;0.7046259848568805;67.56;;;;;
117;17;0.44655374;0.24329211;0.93544495;12.662.327;125.03;0.4356597904821861;0.22977750532529073;0.9231085158369359;1.046.291.779.097.570;102.7;;;;;
117;18;0.15559176;0.22790354;0.7731534;0.86967266;84.64;0.1479100861892907;0.21685757832222577;0.7686398299077631;0.8122264407127724;78.72;;;;;
117;19;-0.24574435;0.20475538;0.69658124;0.77063733;74.42;-0.24018025501955134;0.203906839353242;0.6872265171216753;0.756005846453236;72.91;;;;;
117;20;-0.20666727;0.23266843;0.9597753;11.202.244;110.22;-0.2025919325979145;0.22344798052950937;0.9582784095887932;10.046.243.086.052.100;98.45;;;;;
118;0;-0.0030048296;0.2197668;0.75403655;0.81857234;79.38;-0.0022808237154998984;0.21481720360123854;0.7536640586733552;0.7836843410811981;75.77;;;;;
118;1;-0.1486449;0.20897432;0.58869004;0.66187;63.09;-0.14765040769782167;0.20234750755325792;0.5938884930874445;0.6445531001616736;61.27;;;;;
118;2;-0.07335263;0.22347128;0.8083601;0.85783637;83.42;-0.06816543155569008;0.21322651005621654;0.8048958183827772;0.8354455991266025;81.12;;;;;
118;3;0.21321212;0.22174326;0.67664385;0.76499975;73.84;0.21839406704666392;0.21902401571997454;0.6920652211485037;0.7580380981894074;73.12;;;;;
118;4;0.28113794;0.22539175;0.7338717;0.8755134;85.24;0.2685844439843174;0.21457638327288836;0.7231860441803675;0.8007363375706681;77.54;;;;;
118;5;0.08960135;0.24990627;1.085.803;11.143.566;109.63;0.08224289181169037;0.236126207760471;10.983.872.637.244.700;1.126.487.487.883.030;110.86;;;;;
118;6;0.44549316;0.23215398;0.81764275;0.9725202;95.17;0.44449651671708595;0.22366017301072805;0.8293983284700567;0.9672138406959112;94.63;;;;;
118;7;0.29742262;0.2501812;10.366.583;11.159.112;109.78;0.2808969226507651;0.2401103168431512;10.176.924.472.199.100;10.827.067.758.805.500;106.41;;;;;
118;8;0.1363068;0.2431209;0.9951211;10.389.953;101.96;0.1389460139572358;0.23433493663421046;10.210.268.645.382.200;10.567.472.334.625.300;103.76;;;;;
118;9;-0.2136499;0.2051112;0.48886406;0.5883408;55.33;-0.21052238701129444;0.19965962206725474;0.4943346040968929;0.5731931096276403;53.72;;;;;
118;10;0.74856555;0.40624171;18.666.129;17.753.788;176.41;0.41713168737005835;0.23763515389646234;10.191.214.832.134.700;11.265.335.807.346.400;110.86;;;;;
118;11;-0.080870666;0.25174826;1.094.716;11.262.071;110.83;-0.0676664793393833;0.22173966198859574;10.102.312.465.690.600;10.364.913.900.604.700;101.7;;;;;
118;12;0.23503062;0.23454365;0.8450022;0.9374126;91.58;0.23195211424467743;0.22594926302579818;0.840857102927854;0.9010524514747745;87.86;;;;;
118;13;-0.016228914;0.21223123;0.5816522;0.64475954;61.3;-0.01531470378697078;0.2058972534377776;0.5918390463454624;0.6268186946034789;59.41;;;;;
118;14;0.333195;0.25052163;10.916.792;13.215.774;130.64;0.3314764574680008;0.23700719796183484;10.978.786.237.945.600;11.710.621.359.801.100;115.39;;;;;
118;15;0.34187025;0.22360578;0.64580584;0.8054481;78.02;0.33511695558274823;0.21345638340173265;0.6517414613585605;0.7633046141533464;73.66;;;;;
118;16;0.44402328;0.2432375;0.9323067;11.932.707;117.64;0.4356597904821861;0.22977750532529073;0.9231085158369359;1.046.291.779.097.570;102.7;;;;;
118;17;-0.2595061;0.20444125;0.6152845;0.7153954;68.69;-0.257146695015122;0.1974254123329111;0.6218565144075967;0.7012893416437938;67.22;;;;;
118;18;0.16382463;0.22977316;0.7734715;0.9014223;87.9;0.14774014068483743;0.21553527601538292;0.7639530016766183;0.8074074517536471;78.22;;;;;
118;19;-0.19935514;0.23177472;0.9569679;101.547;99.56;-0.20501772925999626;0.22434641012927314;0.965934784937051;1.012.617.198.056.700;99.27;;;;;
118;20;-0.2451383;0.20471436;0.698027;0.7721726;74.58;-0.24018025501955134;0.203906839353242;0.6872265171216753;0.756005846453236;72.91;;;;;
119;0;-0.14868997;0.20956698;0.58915323;0.6628098;63.19;-0.14837418420614434;0.20333940710008763;0.5967997111908145;0.6477126741820741;61.61;;;;;
119;1;-0.0037430571;0.22146456;0.75439787;0.81344825;78.85;-0.0022808237154998984;0.21481720360123854;0.7536640586733552;0.7836843410811981;75.77;;;;;
119;2;0.21570817;0.22309731;0.6757898;0.7604831;73.37;0.217173988459811;0.21780041786679033;0.6881989349968358;0.7538032484788518;72.68;;;;;
119;3;-0.074865624;0.22597408;0.80933285;0.88210225;85.91;-0.06816543155569008;0.21322651005621654;0.8048958183827772;0.8354455991266025;81.12;;;;;
119;4;0.28100803;0.22625501;0.7332613;0.8688922;84.56;0.26928234528349737;0.21457638327288836;0.7231860441803675;0.800970698738164;77.56;;;;;
119;5;0.09170053;0.24879661;10.752.518;1.112.738;109.46;0.0819198479514573;0.23903290050851722;11.072.622.017.757.100;11.357.275.960.788.700;111.8;;;;;
119;6;0.2947289;0.24999121;1.027.474;11.130.773;109.5;0.2808969226507651;0.2401103168431512;10.176.924.472.199.100;10.827.067.758.805.500;106.41;;;;;
119;7;0.44197944;0.23047173;0.8161533;0.9548056;93.36;0.441591310725471;0.222877798309749;0.8235851399720205;0.9607132149972609;93.97;;;;;
119;8;0.13476774;0.24339867;0.99917257;10.431.273;102.38;0.1389460139572358;0.23433493663421046;10.210.268.645.382.200;10.567.472.334.625.300;103.76;;;;;
119;9;0.7620827;0.41596025;18.997.054;18.637.848;185.3;0.4204687408690188;0.23953623512763406;10.272.744.550.791.800;11.355.458.493.805.200;111.78;;;;;
119;10;-0.21539944;0.20687893;0.49103594;0.5903283;55.54;-0.2110246423395746;0.19965962206725474;0.4943346040968929;0.5733777682873799;53.74;;;;;
119;11;-0.07531574;0.25374797;10.921.015;11.231.078;110.52;-0.06819928626331546;0.22266708575416788;10.186.584.178.942.500;10.449.386.326.822.700;102.56;;;;;
119;12;0.2365289;0.23645034;0.8535251;0.953202;93.2;0.2327523744010705;0.22594926302579818;0.840857102927854;0.9012587890253615;87.88;;;;;
119;13;0.3304769;0.24983972;1.088.202;12.322.068;121.59;0.3296996723082609;0.23501554083610515;1.088.652.753.006.370;11.615.072.083.215.900;114.42;;;;;
119;14;-0.25702193;0.20420228;0.61334616;0.7032528;67.42;-0.25397503294767604;0.19545115820958203;0.6156379492635208;0.6940565950840274;66.46;;;;;
119;15;0.34300655;0.22389668;0.6462389;0.8052983;78.01;0.33575546102667886;0.21345638340173265;0.6517414613585605;0.763585155485606;73.69;;;;;
119;16;0.16492772;0.23217738;0.7880738;0.90947247;88.72;0.1479100861892907;0.21685757832222577;0.7686398299077631;0.8122264407127724;78.72;;;;;
119;17;0.7985779;0.40413144;17.176.502;1.629.907;161.76;0.433389137482019;0.22887232070971986;0.9160356523292639;10.389.080.806.369.500;101.95;;;;;
119;18;-0.018534496;0.21035644;0.5806463;0.62911314;59.65;-0.01524036056470393;0.20489775220749715;0.5889660412661155;0.6237758854063747;59.08;;;;;
119;19;-0.24355379;0.20952192;0.6929456;0.7796936;75.36;-0.24018025501955134;0.20333249215014293;0.6875581166339928;0.7561526439909656;72.92;;;;;
119;20;-0.2012386;0.23006994;0.9555315;10.118.991;99.19;-0.20501772925999626;0.22434641012927314;0.965934784937051;1.012.617.198.056.700;99.27;;;;;
120;0;-0.14930688;0.2099675;0.58898383;0.6635548;63.27;-0.14765040769782167;0.20184040099832654;0.594181271193442;0.6446639228354204;61.29;;;;;
120;1;-0.0015977395;0.22429219;0.76980615;0.83715177;81.29;-0.0030221561226178232;0.21548908456996768;0.7585954742515542;0.7886138297997142;76.28;;;;;
120;2;0.2799774;0.22600892;0.73351026;0.869558;84.62;0.2701551132473836;0.21522328116477116;0.7277661936301327;0.8055733849624929;78.04;;;;;
120;3;0.21231678;0.22136706;0.67638326;0.7471652;71.99;0.21663434976536186;0.21659041554530817;0.6843756075801869;0.7498078566240156;72.26;;;;;
120;4;-0.076408006;0.22553878;0.80919415;0.8835165;86.06;-0.06816543155569008;0.21388865555787853;0.8045135284991499;0.8352466106328614;81.09;;;;;
120;5;0.4446635;0.23129013;0.8169945;0.9674869;94.66;0.44449651671708595;0.22366017301072805;0.8293983284700567;0.9672138406959112;94.63;;;;;
120;6;0.3121108;0.26187113;1.084.597;11.588.453;114.15;0.2786851358582394;0.23821968442706343;10.096.791.208.638.500;10.741.815.256.767.600;105.54;;;;;
120;7;0.08666774;0.2489754;10.880.755;11.135.694;109.55;0.08224289181169037;0.236126207760471;10.983.872.637.244.700;1.126.487.487.883.030;110.86;;;;;
120;8;0.1372433;0.24275114;0.9971813;10.381.044;101.87;0.1389460139572358;0.23350988231864744;10.215.032.098.694.100;1.057.024.913.475.820;103.79;;;;;
120;9;0.7773062;0.42129475;1.925.408;19.667.513;195.66;0.4204687408690188;0.23953623512763406;10.272.744.550.791.800;11.355.458.493.805.200;111.78;;;;;
120;10;-0.2145338;0.20931393;0.48755917;0.592642;55.79;-0.21191130050066526;0.20049852804232723;0.49641164024856055;0.5757869185743016;53.99;;;;;
120;11;0.23863131;0.2358331;0.84885263;0.9598881;93.88;0.233508839843635;0.22746570103268274;0.8465004391891148;0.907099783363867;88.48;;;;;
120;12;-0.07381095;0.24706279;10.754.342;1.108.141;108.99;-0.0667286744686102;0.22092749914671345;10.107.001.490.044.500;10.367.142.649.125.500;101.72;;;;;
120;13;0.33064574;0.25168598;10.909.004;1.270.111;125.43;0.3314764574680008;0.23700719796183484;10.978.786.237.945.600;11.710.621.359.801.100;115.39;;;;;
120;14;0.34253907;0.22367133;0.6457273;0.7998748;77.45;0.33511695558274823;0.21345638340173265;0.6517414613585605;0.7633046141533464;73.66;;;;;
120;15;0.802242;0.39782748;17.043.402;15.698.402;155.7;0.433389137482019;0.228124429747411;0.9164674473776774;10.391.243.823.710.100;101.97;;;;;
120;16;0.16397697;0.23086348;0.7746037;0.9157709;89.37;0.14774014068483743;0.21553527601538292;0.7639530016766183;0.8074074517536471;78.22;;;;;
120;17;-0.018520152;0.21002375;0.5807317;0.661885;63.09;-0.01524036056470393;0.20439310733487126;0.5892573981191712;0.6238854799995924;59.1;;;;;
120;18;-0.2608108;0.20527281;0.61381453;0.7134459;68.48;-0.25525128939464925;0.19643332483375078;0.6187316073000209;0.6975443166673642;66.83;;;;;
120;19;-0.20464745;0.23226035;0.95528173;11.610.342;114.37;-0.20501772925999626;0.22512804053349061;0.9654835104127693;10.123.602.682.959.900;99.24;;;;;
120;20;-0.24688579;0.20625548;0.69574666;0.7734363;74.71;-0.24018025501955134;0.203906839353242;0.6872265171216753;0.756005846453236;72.91;;;;;
121;0;0.009933338;0.237656;0.79453367;0.9436167;92.22;-0.0022808237154998984;0.21481720360123854;0.7536640586733552;0.7836843410811981;75.77;;;;;
121;1;-0.14749382;0.20732386;0.58911014;0.6574734;62.63;-0.14635094443977906;0.20136523809911588;0.5910055392375055;0.6412909678629067;60.93;;;;;
121;2;0.27816552;0.22519812;0.73503685;0.8717915;84.85;0.2701551132473836;0.21583121592360702;0.7274152023334691;0.8054190062114323;78.02;;;;;
121;3;-0.07335491;0.21905702;0.811447;0.8565629;83.29;-0.06860238945027783;0.21459334665914098;0.810055406962154;0.8408010196338244;81.67;;;;;
121;4;0.21315867;0.22253552;0.6760987;0.74822646;72.1;0.21663434976536186;0.21601287752441412;0.6847090493120173;0.7499456560074237;72.28;;;;;
121;5;0.08900833;0.24994421;10.814.471;11.175.797;109.95;0.08224289181169037;0.23700719796183484;10.978.786.237.945.600;11.261.766.192.406.500;110.83;;;;;
121;6;0.44456565;0.23181155;0.81697166;0.9615873;94.06;0.44449651671708595;0.2243440996144184;0.8290034632613101;0.9670336966748745;94.61;;;;;
121;7;0.30033043;0.2552547;10.476.533;11.321.299;111.43;0.2808969226507651;0.2401103168431512;10.176.924.472.199.100;10.827.067.758.805.500;106.41;;;;;
121;8;0.13666087;0.24405447;0.9983717;10.440.961;102.48;0.1398987046196085;0.23433493663421046;10.210.268.645.382.200;10.568.729.196.030.900;103.78;;;;;
121;9;-0.21354598;0.20646589;0.4884231;0.58588594;55.07;-0.21280544100910687;0.2013445133927168;0.49850620413146585;0.5782163992433915;54.25;;;;;
121;10;0.77934754;0.42334262;19.332.912;20.326.912;202.28;0.41713168737005835;0.23681009958089932;1.019.597.828.544.660;11.267.908.412.144.200;110.89;;;;;
121;11;-0.075694054;0.2568986;1.107.074;11.396.803;112.2;-0.06819928626331546;0.22266708575416788;10.186.584.178.942.500;10.449.386.326.822.700;102.56;;;;;
121;12;0.33481476;0.25463146;11.051.042;12.699.043;125.41;0.3314764574680008;0.23700719796183484;10.978.786.237.945.600;11.710.621.359.801.100;115.39;;;;;
121;13;0.24084514;0.23774469;0.8608878;0.95427054;93.31;0.2327523744010705;0.22594926302579818;0.840857102927854;0.9012587890253615;87.88;;;;;
121;14;-0.016809179;0.21244936;0.58223;0.6423792;61.05;-0.01524036056470393;0.20489775220749715;0.5889660412661155;0.6237758854063747;59.08;;;;;
121;15;-0.26282927;0.20578149;0.6143955;0.7208287;69.25;-0.2597706408826233;0.1999703494167211;0.6278957670457891;0.7083233871505544;67.95;;;;;
121;16;0.3419289;0.22335166;0.64538366;0.7991761;77.37;0.33511695558274823;0.21345638340173265;0.6517414613585605;0.7633046141533464;73.66;;;;;
121;17;0.7243092;0.36175814;15.053.607;14.360.036;142.2;0.4356597904821861;0.23053081578732654;0.9226735918388962;10.460.738.344.626.700;102.68;;;;;
121;18;0.1642322;0.23139206;0.77291346;0.91370124;89.15;0.14774014068483743;0.21616915920904714;0.7635870290441215;0.8072307015266142;78.21;;;;;
121;19;-0.24495837;0.20599896;0.7030632;0.7778826;75.17;-0.24018025501955134;0.20333249215014293;0.6875581166339928;0.7561526439909656;72.92;;;;;
121;20;-0.20188472;0.22875552;0.9537523;10.425.111;102.31;-0.20501772925999626;0.22434641012927314;0.965934784937051;1.012.617.198.056.700;99.27;;;;;
122;0;-0.15043071;0.20955211;0.58887297;0.6617291;63.08;-0.14765040769782167;0.20234750755325792;0.5938884930874445;0.6445531001616736;61.27;;;;;
122;1;-0.0037939008;0.22473139;0.76211417;0.8096833;78.46;-0.0022808237154998984;0.21481720360123854;0.7536640586733552;0.7836843410811981;75.77;;;;;
122;2;-0.07733051;0.22269377;0.81047976;0.8595516;83.6;-0.06816543155569008;0.21388865555787853;0.8045135284991499;0.8352466106328614;81.09;;;;;
122;3;0.2805006;0.22692315;0.73324287;0.8855957;86.27;0.2701551132473836;0.21522328116477116;0.7277661936301327;0.8055733849624929;78.04;;;;;
122;4;0.21450406;0.22277504;0.6777373;0.785131;75.92;0.217173988459811;0.21721965337650578;0.6885342395316374;0.7539418532512714;72.69;;;;;
122;5;0.44181582;0.23185992;0.81770176;0.9612336;94.02;0.4437067862995928;0.2243440996144184;0.8290034632613101;0.9666709519476433;94.58;;;;;
122;6;0.08910051;0.24873924;10.792.489;11.103.141;109.22;0.0819198479514573;0.23814438047637254;1.107.775.189.055.450;11.360.411.422.689.300;111.83;;;;;
122;7;0.2955116;0.25218338;10.378.889;11.183.021;110.03;0.2808969226507651;0.2401103168431512;10.176.924.472.199.100;10.827.067.758.805.500;106.41;;;;;
122;8;0.13388388;0.24425997;0.99822897;10.550.715;103.59;0.1389460139572358;0.23433493663421046;10.210.268.645.382.200;10.567.472.334.625.300;103.76;;;;;
122;9;-0.21266079;0.21136811;0.48907417;0.5951263;56.05;-0.21280544100910687;0.2013445133927168;0.49850620413146585;0.5782163992433915;54.25;;;;;
122;10;-0.07738413;0.25089133;10.805.813;11.120.461;109.39;-0.06874055044000844;0.22443428484745487;102.674.300.851.246;10.532.317.964.337.200;103.41;;;;;
122;11;0.33545828;0.25476977;11.049.583;12.950.811;127.95;0.3314764574680008;0.23700719796183484;10.978.786.237.945.600;11.710.621.359.801.100;115.39;;;;;
122;12;-0.017969288;0.21172914;0.5821346;0.66332126;63.25;-0.01524036056470393;0.20489775220749715;0.5889660412661155;0.6237758854063747;59.08;;;;;
122;13;0.7809931;0.42364472;19.417.199;20.186.086;200.87;0.4204687408690188;0.23870458037754655;10.277.546.111.730.200;11.358.051.679.441.300;111.81;;;;;
122;14;0.22914144;0.23322806;0.8305758;0.92836887;90.66;0.2327523744010705;0.22594926302579818;0.840857102927854;0.9012587890253615;87.88;;;;;
122;15;0.34257686;0.22361964;0.6451423;0.79686666;77.14;0.33575546102667886;0.21345638340173265;0.6517414613585605;0.763585155485606;73.69;;;;;
122;16;-0.26170093;0.20638934;0.61465096;0.7191802;69.08;-0.25397503294767604;0.19545115820958203;0.6156379492635208;0.6940565950840274;66.46;;;;;
122;17;0.15582316;0.22811955;0.7702597;0.85308635;82.93;0.1479100861892907;0.21749535036983883;0.7682716120443921;0.8120485766888034;78.7;;;;;
122;18;0.44136617;0.24202567;0.93396413;11.044.242;108.62;0.4379635917013338;0.23069590431481166;0.9302846328264718;1.053.784.705.713.950;103.46;;;;;
122;19;-0.2019905;0.22989617;0.95494103;10.751.457;105.64;-0.20501772925999626;0.22434641012927314;0.965934784937051;1.012.617.198.056.700;99.27;;;;;
122;20;-0.24534076;0.20515317;0.69968474;0.77311295;74.68;-0.24018025501955134;0.203906839353242;0.6872265171216753;0.756005846453236;72.91;;;;;
123;0;-0.14817548;0.2108368;0.5915042;0.66876584;63.82;-0.14765040769782167;0.20234750755325792;0.5938884930874445;0.6445531001616736;61.27;;;;;
123;1;-0.001599539;0.22732271;0.77433234;0.84759206;82.37;-0.0022808237154998984;0.21481720360123854;0.7536640586733552;0.7836843410811981;75.77;;;;;
123;2;0.21401538;0.22265962;0.6780219;0.7856762;75.98;0.21839406704666392;0.21902401571997454;0.6920652211485037;0.7580380981894074;73.12;;;;;
123;3;-0.07333654;0.2248852;0.8083086;0.8723788;84.91;-0.06816543155569008;0.21388865555787853;0.8045135284991499;0.8352466106328614;81.09;;;;;
123;4;0.44266433;0.23162249;0.8180325;0.95985705;93.88;0.4466452418380007;0.22514136620947459;0.8348910326321102;0.9732541513935125;95.25;;;;;
123;5;0.27983558;0.22509485;0.73191816;0.8802669;85.72;0.2701551132473836;0.21522328116477116;0.7277661936301327;0.8055733849624929;78.04;;;;;
123;6;0.30689996;0.2536354;10.594.258;11.339.632;111.62;0.2786851358582394;0.23821968442706343;10.096.791.208.638.500;10.741.815.256.767.600;105.54;;;;;
123;7;0.09262148;0.24961959;10.814.437;1.122.597;110.46;0.08224289181169037;0.236126207760471;10.983.872.637.244.700;1.126.487.487.883.030;110.86;;;;;
123;8;0.1362792;0.24197872;0.99440044;10.372.857;101.78;0.1398987046196085;0.23433493663421046;10.210.268.645.382.200;10.568.729.196.030.900;103.78;;;;;
123;9;-0.21604924;0.20385748;0.48995367;0.5875212;55.24;-0.2096452103987474;0.1983945534596373;0.4925249578786954;0.5708698163495725;53.47;;;;;
123;10;0.7783065;0.41989094;19.266.427;20.445.042;203.47;0.4204687408690188;0.23953623512763406;10.272.744.550.791.800;11.355.458.493.805.200;111.78;;;;;
123;11;-0.076241136;0.25435436;11.028.948;11.346.749;111.69;-0.06874055044000844;0.22443428484745487;102.674.300.851.246;10.532.317.964.337.200;103.41;;;;;
123;12;0.33297554;0.25324577;10.980.735;12.996.176;128.41;0.3296996723082609;0.23501554083610515;1.088.652.753.006.370;11.615.072.083.215.900;114.42;;;;;
123;13;0.23864178;0.24268225;0.94176555;0.9874381;96.7;0.23121096794808327;0.22445291029052802;0.8352885128422392;0.895290187773538;87.27;;;;;
123;14;0.34357864;0.22377235;0.6459689;0.81083167;78.58;0.3339789771059028;0.21232698454775525;0.6482930938381448;0.7595450223877986;73.27;;;;;
123;15;-0.2598924;0.20430827;0.61578745;0.7190713;69.07;-0.2597706408826233;0.1999703494167211;0.6278957670457891;0.7083233871505544;67.95;;;;;
123;16;0.78769135;0.39083174;16.678.442;1.581.581;156.89;0.433389137482019;0.228124429747411;0.9164674473776774;10.391.243.823.710.100;101.97;;;;;
123;17;0.16212067;0.23241964;0.7740702;0.90534365;88.3;0.1479100861892907;0.21749535036983883;0.7682716120443921;0.8120485766888034;78.7;;;;;
123;18;-0.01737592;0.21223424;0.5819564;0.7234244;69.52;-0.01524036056470393;0.20489775220749715;0.5889660412661155;0.6237758854063747;59.08;;;;;
123;19;-0.24457711;0.20477426;0.6989678;0.772218;74.59;-0.24018025501955134;0.20333249215014293;0.6875581166339928;0.7561526439909656;72.92;;;;;
123;20;-0.20558004;0.2315933;0.9562982;11.454.786;112.79;-0.20501772925999626;0.22434641012927314;0.965934784937051;1.012.617.198.056.700;99.27;;;;;
124;0;-0.14837658;0.20941815;0.5914703;0.6619815;63.1;-0.14765040769782167;0.20234750755325792;0.5938884930874445;0.6445531001616736;61.27;;;;;
124;1;-0.0031288245;0.225447;0.7736113;0.8063139;78.11;-0.0022808237154998984;0.21481720360123854;0.7536640586733552;0.7836843410811981;75.77;;;;;
124;2;0.21325725;0.22223502;0.6764803;0.75633895;72.94;0.21839406704666392;0.21843998850783447;0.6924024094166468;0.7581774816403236;73.13;;;;;
124;3;-0.073350415;0.218948;0.8113078;0.85182095;82.8;-0.06816543155569008;0.21388865555787853;0.8045135284991499;0.8352466106328614;81.09;;;;;
124;4;0.28013396;0.22530887;0.73255616;0.883092;86.01;0.27103814906966844;0.2164893004657404;0.7320471712397217;0.810075525113144;78.5;;;;;
124;5;0.44579875;0.23061153;0.8168371;0.9810902;96.05;0.44449651671708595;0.2243440996144184;0.8290034632613101;0.9670336966748745;94.61;;;;;
124;6;0.31273705;0.2588331;10.629.923;11.409.986;112.33;0.2808969226507651;0.2401103168431512;10.176.924.472.199.100;10.827.067.758.805.500;106.41;;;;;
124;7;0.08922878;0.24954091;10.802.116;11.139.725;109.59;0.08224289181169037;0.23700719796183484;10.978.786.237.945.600;11.261.766.192.406.500;110.83;;;;;
124;8;0.13505301;0.24649626;1.006.725;10.496.055;103.04;0.1389460139572358;0.23433493663421046;10.210.268.645.382.200;10.567.472.334.625.300;103.76;;;;;
124;9;-0.21944347;0.20542209;0.49063146;0.6052851;57.13;-0.2096452103987474;0.19882770697530783;0.49227487657982255;0.5708048050041918;53.46;;;;;
124;10;0.773108;0.417166;19.086.136;19.310.926;192.07;0.41808437803243104;0.23763515389646234;10.191.214.832.134.700;11.268.866.895.430.900;110.9;;;;;
124;11;0.33164862;0.25211403;10.906.222;1.230.555;121.42;0.3296996723082609;0.23501554083610515;1.088.652.753.006.370;11.615.072.083.215.900;114.42;;;;;
124;12;0.23740754;0.23404041;0.84226555;0.94801396;92.67;0.2327523744010705;0.22525621740072532;0.8412572330060505;0.9014586864366083;87.9;;;;;
124;13;0.15347569;0.2257773;0.7703747;0.8183968;79.36;0.1479100861892907;0.21685757832222577;0.7686398299077631;0.8122264407127724;78.72;;;;;
124;14;-0.07407822;0.25097004;10.832.123;11.146.901;109.66;-0.06819928626331546;0.22266708575416788;10.186.584.178.942.500;10.449.386.326.822.700;102.56;;;;;
124;15;-0.015080934;0.21323416;0.5825773;0.6463451;61.46;-0.01524036056470393;0.20489775220749715;0.5889660412661155;0.6237758854063747;59.08;;;;;
124;16;0.33905485;0.22345704;0.64564997;0.7940709;76.85;0.33511695558274823;0.21345638340173265;0.6517414613585605;0.7633046141533464;73.66;;;;;
124;17;0.77329606;0.37973008;16.271.299;15.065.703;149.32;0.438839788952859;0.2314547133933586;0.9298465342007092;10.539.289.453.683.500;103.48;;;;;
124;18;-0.25973648;0.20619056;0.61341226;0.7134152;68.48;-0.257146695015122;0.1974254123329111;0.6218565144075967;0.7012893416437938;67.22;;;;;
124;19;-0.2453061;0.20601559;0.6980639;0.775077;74.88;-0.24018025501955134;0.203906839353242;0.6872265171216753;0.756005846453236;72.91;;;;;
124;20;-0.2028134;0.2316901;0.95453787;11.311.575;111.33;-0.2025919325979145;0.22267218318800988;0.9587263163927445;1.004.879.366.920.960;98.48;;;;;
125;0;-0.14802279;0.20832707;0.5911987;0.66072667;62.97;-0.14765040769782167;0.20234750755325792;0.5938884930874445;0.6445531001616736;61.27;;;;;
125;1;-0.000112295784;0.2242718;0.75741065;0.85297257;82.92;-0.0030405839038532977;0.2174369255963756;0.7628550837791278;0.7932439351239569;76.76;;;;;
125;2;0.4434054;0.23126131;0.81721145;0.95753723;93.64;0.44449651671708595;0.2243440996144184;0.8290034632613101;0.9670336966748745;94.61;;;;;
125;3;-0.07593359;0.2221607;0.8098185;0.8640588;84.06;-0.06816543155569008;0.21322651005621654;0.8048958183827772;0.8354455991266025;81.12;;;;;
125;4;0.21338539;0.22248402;0.67640007;0.75672805;72.98;0.21663434976536186;0.21659041554530817;0.6843756075801869;0.7498078566240156;72.26;;;;;
125;5;0.2783242;0.22451222;0.7304463;0.8709914;84.77;0.27103814906966844;0.2164893004657404;0.7320471712397217;0.810075525113144;78.5;;;;;
125;6;0.09135188;0.25095508;10.871.904;11.213.852;110.34;0.0819198479514573;0.23814438047637254;1.107.775.189.055.450;11.360.411.422.689.300;111.83;;;;;
125;7;0.29204932;0.24870396;1.021.967;11.100.953;109.19;0.27963032501933355;0.23821968442706343;10.096.791.208.638.500;10.744.271.328.607.400;105.56;;;;;
125;8;-0.2159788;0.20730513;0.48901385;0.5944374;55.98;-0.2096452103987474;0.19882770697530783;0.49227487657982255;0.5708048050041918;53.46;;;;;
125;9;0.13582872;0.24380045;0.9998459;10.434.921;102.41;0.13879714001630447;0.2324897796528388;10.129.872.829.276.800;10.485.510.855.904.600;102.93;;;;;
125;10;0.76807296;0.41633427;18.956.921;18.977.467;188.72;0.4204687408690188;0.23953623512763406;10.272.744.550.791.800;11.355.458.493.805.200;111.78;;;;;
125;11;0.33250707;0.25391176;11.009.748;1.177.827;116.07;0.3314764574680008;0.23700719796183484;10.978.786.237.945.600;11.710.621.359.801.100;115.39;;;;;
125;12;0.2337792;0.2348401;0.85731924;0.92996705;90.82;0.233508839843635;0.22746570103268274;0.8465004391891148;0.907099783363867;88.48;;;;;
125;13;-0.26442528;0.20562191;0.61640835;0.7266044;69.85;-0.257146695015122;0.19795044689736024;0.6215533855604781;0.701168605462165;67.2;;;;;
125;14;-0.074224114;0.24722703;1.074.678;11.059.984;108.78;-0.0667286744686102;0.22092749914671345;10.107.001.490.044.500;10.367.142.649.125.500;101.72;;;;;
125;15;0.1650587;0.23260164;0.77754307;0.9085499;88.63;0.1479100861892907;0.21685757832222577;0.7686398299077631;0.8122264407127724;78.72;;;;;
125;16;0.34352726;0.2240741;0.645844;0.81033075;78.53;0.33690902486393937;0.21459786138783815;0.6552267098150233;0.7673864570097814;74.09;;;;;
125;17;0.44585472;0.2444185;0.9410451;12.622.876;124.63;0.4356597904821861;0.22977750532529073;0.9231085158369359;1.046.291.779.097.570;102.7;;;;;
125;18;-0.017965974;0.21177557;0.5821157;0.6636982;63.28;-0.01524036056470393;0.20489775220749715;0.5889660412661155;0.6237758854063747;59.08;;;;;
125;19;-0.24715567;0.20546919;0.6949251;0.7710117;74.46;-0.24018025501955134;0.20333249215014293;0.6875581166339928;0.7561526439909656;72.92;;;;;
125;20;-0.20009217;0.23147947;0.9546689;10.079.851;98.79;-0.20501772925999626;0.22434641012927314;0.965934784937051;1.012.617.198.056.700;99.27;;;;;
126;0;-0.14879374;0.21085882;0.59079224;0.66507536;63.43;-0.14765040769782167;0.20234750755325792;0.5938884930874445;0.6445531001616736;61.27;;;;;
126;1;-0.005896081;0.22089481;0.75188696;0.78591543;76.0;-0.0022808237154998984;0.21481720360123854;0.7536640586733552;0.7836843410811981;75.77;;;;;
126;2;0.21316634;0.22276598;0.67648476;0.7565017;72.96;0.21663434976536186;0.21659041554530817;0.6843756075801869;0.7498078566240156;72.26;;;;;
126;3;0.44493037;0.23222339;0.8183553;0.967956;94.71;0.441591310725471;0.22219834181457948;0.8239774243624093;0.9608921816063954;93.98;;;;;
126;4;-0.07729773;0.22148715;0.8101537;0.85968626;83.61;-0.06816543155569008;0.21388865555787853;0.8045135284991499;0.8352466106328614;81.09;;;;;
126;5;0.27691907;0.22459003;0.73267436;0.840678;81.65;0.2701551132473836;0.21583121592360702;0.7274152023334691;0.8054190062114323;78.02;;;;;
126;6;0.30937722;0.25561965;10.658.696;11.426.424;112.5;0.2808969226507651;0.2401103168431512;10.176.924.472.199.100;10.827.067.758.805.500;106.41;;;;;
126;7;0.089855835;0.24888006;10.815.152;11.154.572;109.74;0.08224289181169037;0.236126207760471;10.983.872.637.244.700;1.126.487.487.883.030;110.86;;;;;
126;8;0.1372373;0.24265479;0.9951233;10.363.053;101.68;0.13879714001630447;0.23167122182794953;10.134.598.775.082.300;10.488.265.463.931.400;102.96;;;;;
126;9;0.7548274;0.41111535;18.908.674;18.404.555;182.96;0.41808437803243104;0.23763515389646234;10.191.214.832.134.700;11.268.866.895.430.900;110.9;;;;;
126;10;-0.21386719;0.20584759;0.4918236;0.6006024;56.63;-0.2096452103987474;0.19882770697530783;0.49227487657982255;0.5708048050041918;53.46;;;;;
126;11;0.33352387;0.25154808;10.939.913;13.402.854;132.53;0.3296996723082609;0.23501554083610515;1.088.652.753.006.370;11.615.072.083.215.900;114.42;;;;;
126;12;0.23365496;0.23401038;0.84923345;0.9487856;92.75;0.2327523744010705;0.22594926302579818;0.840857102927854;0.9012587890253615;87.88;;;;;
126;13;-0.0761457;0.2514727;10.874.329;11.217.209;110.37;-0.06874055044000844;0.22443428484745487;102.674.300.851.246;10.532.317.964.337.200;103.41;;;;;
126;14;0.34348148;0.2238934;0.64593065;0.81072295;78.57;0.33575546102667886;0.21345638340173265;0.6517414613585605;0.763585155485606;73.69;;;;;
126;15;0.16456805;0.25230557;0.9588456;0.9275416;90.57;0.1479100861892907;0.21685757832222577;0.7686398299077631;0.8122264407127724;78.72;;;;;
126;16;0.44354236;0.24241808;0.93804383;10.694.512;105.06;0.4356597904821861;0.22977750532529073;0.9231085158369359;1.046.291.779.097.570;102.7;;;;;
126;17;-0.26070693;0.20527223;0.61485434;0.7170774;68.86;-0.25654043732088483;0.1974254123329111;0.6218565144075967;0.7010672677616437;67.19;;;;;
126;18;-0.017954085;0.21162593;0.58134735;0.6513107;61.98;-0.01524036056470393;0.20489775220749715;0.5889660412661155;0.6237758854063747;59.08;;;;;
126;19;-0.245823;0.2048562;0.69529426;0.77051294;74.41;-0.24018025501955134;0.203906839353242;0.6872265171216753;0.756005846453236;72.91;;;;;
126;20;-0.20470628;0.23112479;0.9565962;11.123.184;109.42;-0.2025919325979145;0.22267218318800988;0.9587263163927445;1.004.879.366.920.960;98.48;;;;;
127;0;-0.14953594;0.21001007;0.5913999;0.6654802;63.47;-0.14765040769782167;0.20234750755325792;0.5938884930874445;0.6445531001616736;61.27;;;;;
127;1;-0.0044963434;0.22388814;0.75486124;0.78447133;75.85;-0.0030221561226178232;0.21611912604730665;0.7582317196350119;0.7884363961232056;76.26;;;;;
127;2;0.2811738;0.2252276;0.73386;0.8681934;84.48;0.2701551132473836;0.21522328116477116;0.7277661936301327;0.8055733849624929;78.04;;;;;
127;3;-0.076511316;0.22088088;0.8117103;0.85891795;83.53;-0.06816543155569008;0.21322651005621654;0.8048958183827772;0.8354455991266025;81.12;;;;;
127;4;0.21411037;0.2227605;0.6772183;0.76061296;73.38;0.217173988459811;0.21780041786679033;0.6881989349968358;0.7538032484788518;72.68;;;;;
127;5;0.44477695;0.23235705;0.81815827;0.975254;95.45;0.44449651671708595;0.22366017301072805;0.8293983284700567;0.9672138406959112;94.63;;;;;
127;6;0.09051536;0.24988762;10.831.671;11.140.972;109.6;0.08224289181169037;0.23700719796183484;10.978.786.237.945.600;11.261.766.192.406.500;110.83;;;;;
127;7;0.28594372;0.2469665;10.051.203;10.929.934;107.45;0.2808969226507651;0.24093537115871416;10.172.161.018.887.300;10.824.423.920.799.500;106.38;;;;;
127;8;0.1375026;0.24257697;0.9980017;10.387.595;101.93;0.1389460139572358;0.23350988231864744;10.215.032.098.694.100;1.057.024.913.475.820;103.79;;;;;
127;9;-0.21595815;0.20664284;0.4896742;0.59060764;55.57;-0.21052238701129444;0.19965962206725474;0.4943346040968929;0.5731931096276403;53.72;;;;;
127;10;0.7738072;0.4187842;19.208.679;19.506.711;194.04;0.41713168737005835;0.23681009958089932;1.019.597.828.544.660;11.267.908.412.144.200;110.89;;;;;
127;11;0.23666905;0.23657414;0.8495627;0.9442619;92.28;0.23121096794808327;0.22445291029052802;0.8352885128422392;0.895290187773538;87.27;;;;;
127;12;-0.07588987;0.25037977;1.083.838;11.171.482;109.91;-0.0672540971022213;0.22266708575416788;10.186.584.178.942.500;10.448.773.693.606.800;102.56;;;;;
127;13;0.33029464;0.25118092;10.963.318;11.956.882;117.88;0.3296996723082609;0.23501554083610515;1.088.652.753.006.370;11.615.072.083.215.900;114.42;;;;;
127;14;-0.2583229;0.20431522;0.613166;0.7125826;68.39;-0.2558545005678099;0.19695572103355447;0.6184300017134406;0.6976451451332095;66.84;;;;;
127;15;0.16564187;0.2511732;0.9526328;0.9213261;89.94;0.1479100861892907;0.21685757832222577;0.7686398299077631;0.8122264407127724;78.72;;;;;
127;16;0.33899087;0.2230156;0.6447524;0.803524;77.82;0.33511695558274823;0.21345638340173265;0.6517414613585605;0.7633046141533464;73.66;;;;;
127;17;0.4469415;0.24294737;0.9349313;12.868.404;127.12;0.4356597904821861;0.23053081578732654;0.9226735918388962;10.460.738.344.626.700;102.68;;;;;
127;18;-0.015658328;0.213063;0.5820958;0.6556073;62.44;-0.01524036056470393;0.20489775220749715;0.5889660412661155;0.6237758854063747;59.08;;;;;
127;19;-0.24435036;0.20427132;0.6983445;0.77095765;74.46;-0.24018025501955134;0.203906839353242;0.6872265171216753;0.756005846453236;72.91;;;;;
127;20;-0.20914848;0.23295003;0.9568104;12.416.738;122.55;-0.20501772925999626;0.22434641012927314;0.965934784937051;1.012.617.198.056.700;99.27;;;;;
128;0;-0.14811659;0.20956793;0.5891375;0.66171855;63.08;-0.14765040769782167;0.20234750755325792;0.5938884930874445;0.6445531001616736;61.27;;;;;
128;1;-0.0053389734;0.22226244;0.7665093;0.79329896;76.77;-0.0030405839038532977;0.2174369255963756;0.7628550837791278;0.7932439351239569;76.76;;;;;
128;2;-0.07172212;0.22338817;0.80734944;0.8616346;83.81;-0.06816543155569008;0.21322651005621654;0.8048958183827772;0.8354455991266025;81.12;;;;;
128;3;0.27985895;0.22584917;0.73447585;0.8878924;86.51;0.2701551132473836;0.21522328116477116;0.7277661936301327;0.8055733849624929;78.04;;;;;
128;4;0.21078831;0.22197878;0.67731214;0.745741;71.84;0.21839406704666392;0.21902401571997454;0.6920652211485037;0.7580380981894074;73.12;;;;;
128;5;0.3109584;0.25521034;10.655.674;11.312.585;111.34;0.2808969226507651;0.24093537115871416;10.172.161.018.887.300;10.824.423.920.799.500;106.38;;;;;
128;6;0.44578066;0.23279086;0.81872976;0.97315675;95.24;0.441591310725471;0.22219834181457948;0.8239774243624093;0.9608921816063954;93.98;;;;;
128;7;0.09243181;0.25012553;10.810.771;11.167.635;109.87;0.08224289181169037;0.236126207760471;10.983.872.637.244.700;1.126.487.487.883.030;110.86;;;;;
128;8;0.13428901;0.24412598;10.022.004;10.480.003;102.87;0.1389460139572358;0.23350988231864744;10.215.032.098.694.100;1.057.024.913.475.820;103.79;;;;;
128;9;-0.21212538;0.20558318;0.48783275;0.57962894;54.4;-0.2110246423395746;0.19965962206725474;0.4943346040968929;0.5733777682873799;53.74;;;;;
128;10;0.33339766;0.25226277;10.948.639;13.207.278;130.55;0.3296996723082609;0.23501554083610515;1.088.652.753.006.370;11.615.072.083.215.900;114.42;;;;;
128;11;0.79186845;0.42972308;19.744.066;19.174.072;190.69;0.41713168737005835;0.23681009958089932;1.019.597.828.544.660;11.267.908.412.144.200;110.89;;;;;
128;12;-0.07625778;0.2518272;10.887.618;1.123.384;110.54;-0.06819928626331546;0.22266708575416788;10.186.584.178.942.500;10.449.386.326.822.700;102.56;;;;;
128;13;-0.26390338;0.20834792;0.6175829;0.73065543;70.27;-0.25525128939464925;0.19643332483375078;0.6187316073000209;0.6975443166673642;66.83;;;;;
128;14;0.23830892;0.23737487;0.85299146;0.9722171;95.14;0.23121096794808327;0.22445291029052802;0.8352885128422392;0.895290187773538;87.27;;;;;
128;15;0.34179088;0.22330645;0.6450705;0.80609095;78.09;0.3339789771059028;0.21232698454775525;0.6482930938381448;0.7595450223877986;73.27;;;;;
128;16;0.45224458;0.24481887;0.9365134;13.858.411;137.13;0.433389137482019;0.228124429747411;0.9164674473776774;10.391.243.823.710.100;101.97;;;;;
128;17;-0.01794579;0.21151891;0.58120966;0.64050883;60.85;-0.01531470378697078;0.2058972534377776;0.5918390463454624;0.6268186946034789;59.41;;;;;
128;18;0.16210297;0.22950694;0.7718549;0.88727486;86.44;0.1479100861892907;0.21749535036983883;0.7682716120443921;0.8120485766888034;78.7;;;;;
128;19;-0.20027381;0.2313175;0.9545205;10.530.151;103.38;-0.2025919325979145;0.22344798052950937;0.9582784095887932;10.046.243.086.052.100;98.45;;;;;
128;20;-0.2460644;0.20518544;0.69769734;0.7751082;74.89;-0.24018025501955134;0.20333249215014293;0.6875581166339928;0.7561526439909656;72.92;;;;;
129;0;-0.1484461;0.20640892;0.58999157;0.6570645;62.59;-0.14765040769782167;0.20184040099832654;0.594181271193442;0.6446639228354204;61.29;;;;;
129;1;-0.0022863238;0.22112055;0.75228584;0.82341874;79.88;-0.0030221561226178232;0.21611912604730665;0.7582317196350119;0.7884363961232056;76.26;;;;;
129;2;-0.07483627;0.22172385;0.8084347;0.85381323;83.01;-0.06860238945027783;0.21525973668324952;0.8096706665023495;0.8406007555728156;81.65;;;;;
129;3;0.2133611;0.22264417;0.6762256;0.7667827;74.02;0.217173988459811;0.21780041786679033;0.6881989349968358;0.7538032484788518;72.68;;;;;
129;4;0.27963728;0.22513503;0.7315668;0.89979833;87.73;0.2701551132473836;0.21583121592360702;0.7274152023334691;0.8054190062114323;78.02;;;;;
129;5;0.088097274;0.2474142;10.823.836;111.859;110.06;0.08224289181169037;0.236126207760471;10.983.872.637.244.700;1.126.487.487.883.030;110.86;;;;;
129;6;0.44475845;0.23016268;0.8167119;0.9576448;93.65;0.44449651671708595;0.2243440996144184;0.8290034632613101;0.9670336966748745;94.61;;;;;
129;7;0.29793957;0.25337264;10.386.622;11.341.798;111.64;0.27963032501933355;0.23821968442706343;10.096.791.208.638.500;10.744.271.328.607.400;105.56;;;;;
129;8;0.13558209;0.24367467;0.9985181;1.045.291;102.6;0.13879714001630447;0.23167122182794953;10.134.598.775.082.300;10.488.265.463.931.400;102.96;;;;;
129;9;-0.21354038;0.20611021;0.48870397;0.5860114;55.08;-0.21052238701129444;0.19922465619377802;0.494585731761033;0.5732583929870184;53.72;;;;;
129;10;-0.07607711;0.2554024;11.007.128;1.131.907;111.41;-0.0667286744686102;0.22173966198859574;10.102.312.465.690.600;10.364.305.887.224.800;101.7;;;;;
129;11;0.77338237;0.4194343;19.128.678;19.422.857;193.2;0.4147923750557977;0.23576401095239574;10.110.969.046.054.900;11.180.135.660.033.800;110.0;;;;;
129;12;0.2309417;0.23529251;0.85818994;0.9671236;94.62;0.233508839843635;0.22746570103268274;0.8465004391891148;0.907099783363867;88.48;;;;;
129;13;0.3339934;0.2548194;11.048.207;11.828.226;116.58;0.3314764574680008;0.23700719796183484;10.978.786.237.945.600;11.710.621.359.801.100;115.39;;;;;
129;14;0.34330133;0.22398804;0.64552045;0.8078916;78.27;0.3339789771059028;0.21232698454775525;0.6482930938381448;0.7595450223877986;73.27;;;;;
129;15;-0.018512407;0.21041422;0.57995653;0.6308285;59.83;-0.01524036056470393;0.20489775220749715;0.5889660412661155;0.6237758854063747;59.08;;;;;
129;16;-0.25685874;0.20476899;0.61348593;0.71082366;68.21;-0.25654043732088483;0.1974254123329111;0.6218565144075967;0.7010672677616437;67.19;;;;;
129;17;0.16317035;0.2304442;0.7741521;0.9019246;87.95;0.14700819541984378;0.21616915920904714;0.7635870290441215;0.8070970609772863;78.19;;;;;
129;18;0.79541725;0.39751595;16.685.463;16.406.898;162.85;0.4356597904821861;0.23053081578732654;0.9226735918388962;10.460.738.344.626.700;102.68;;;;;
129;19;-0.1984174;0.23160711;0.9550894;10.419.203;102.25;-0.2025919325979145;0.22267218318800988;0.9587263163927445;1.004.879.366.920.960;98.48;;;;;
129;20;-0.24399321;0.20553897;0.69633603;0.7704768;74.41;-0.24018025501955134;0.203906839353242;0.6872265171216753;0.756005846453236;72.91;;;;;
130;0;-0.14806738;0.20877701;0.5895996;0.66320556;63.23;-0.14765040769782167;0.20184040099832654;0.594181271193442;0.6446639228354204;61.29;;;;;
130;1;0.006612831;0.23213798;0.7740569;0.9284623;90.67;-0.0030405839038532977;0.2174369255963756;0.7628550837791278;0.7932439351239569;76.76;;;;;
130;2;0.44353718;0.23003836;0.81673217;0.95632356;93.52;0.44449651671708595;0.22366017301072805;0.8293983284700567;0.9672138406959112;94.63;;;;;
130;3;-0.071795255;0.2275969;0.8095471;0.90071625;87.82;-0.06816543155569008;0.21322651005621654;0.8048958183827772;0.8354455991266025;81.12;;;;;
130;4;0.27847973;0.22456086;0.73202443;0.8726764;84.94;0.2701551132473836;0.21583121592360702;0.7274152023334691;0.8054190062114323;78.02;;;;;
130;5;0.21175957;0.22202346;0.67561984;0.7454031;71.81;0.217173988459811;0.21780041786679033;0.6881989349968358;0.7538032484788518;72.68;;;;;
130;6;0.083981514;0.25148427;10.854.201;11.210.833;110.31;0.08224289181169037;0.23700719796183484;10.978.786.237.945.600;11.261.766.192.406.500;110.83;;;;;
130;7;0.2846392;0.24579798;10.043.578;10.900.714;107.16;0.2808969226507651;0.2401103168431512;10.176.924.472.199.100;10.827.067.758.805.500;106.41;;;;;
130;8;0.1343202;0.24579935;10.029.247;10.497.023;103.05;0.14005758206889368;0.2353779613771967;10.296.752.355.483.600;10.654.811.127.836.300;104.65;;;;;
130;9;-0.21582529;0.20840374;0.4901569;0.5919601;55.72;-0.21191130050066526;0.20093532150350762;0.49615945742616774;0.5757218164192064;53.99;;;;;
130;10;-0.07617097;0.25191888;10.864.148;11.182.084;110.02;-0.0662113979223419;0.21921488287425828;10.028.652.641.284.400;10.286.777.202.233.100;100.9;;;;;
130;11;0.7619003;0.41535652;18.936.193;18.784.158;186.77;0.41713168737005835;0.23681009958089932;1.019.597.828.544.660;11.267.908.412.144.200;110.89;;;;;
130;12;0.2338366;0.23498146;0.84426254;0.9331061;91.14;0.2327523744010705;0.22594926302579818;0.840857102927854;0.9012587890253615;87.88;;;;;
130;13;0.33486354;0.25415233;11.038.318;11.816.976;116.46;0.3296996723082609;0.23501554083610515;1.088.652.753.006.370;11.615.072.083.215.900;114.42;;;;;
130;14;0.34187698;0.22313258;0.6451277;0.7973417;77.19;0.3339789771059028;0.21232698454775525;0.6482930938381448;0.7595450223877986;73.27;;;;;
130;15;0.8175609;0.4155359;17.883.204;16.552.641;164.31;0.4356597904821861;0.22977750532529073;0.9231085158369359;1.046.291.779.097.570;102.7;;;;;
130;16;-0.01798002;0.2117764;0.58196783;0.6400864;60.8;-0.015900259998965695;0.2058972534377776;0.5918390463454624;0.6268332744999754;59.41;;;;;
130;17;-0.26310015;0.20723483;0.6167575;0.7231865;69.5;-0.2597706408826233;0.19943995735671632;0.6282019890444089;0.7084453553340366;67.96;;;;;
130;18;0.15347789;0.22780776;0.77229565;0.8421916;81.81;0.1479100861892907;0.21685757832222577;0.7686398299077631;0.8122264407127724;78.72;;;;;
130;19;-0.24486488;0.20514332;0.7002678;0.7742354;74.8;-0.24018025501955134;0.203906839353242;0.6872265171216753;0.756005846453236;72.91;;;;;
130;20;-0.20363131;0.23183267;0.954364;11.230.409;110.51;-0.2025919325979145;0.22344798052950937;0.9582784095887932;10.046.243.086.052.100;98.45;;;;;
131;0;-0.1497427;0.2093283;0.5884598;0.65999216;62.9;-0.14896261079172746;0.20333940710008763;0.5967997111908145;0.6478477206652367;61.62;;;;;
131;1;0.0069618924;0.22526357;0.7545192;0.9336782;91.2;-0.0030221561226178232;0.21611912604730665;0.7582317196350119;0.7884363961232056;76.26;;;;;
131;2;0.44343522;0.23170869;0.81782967;0.96485895;94.39;0.4466452418380007;0.22582982212842118;0.8344935524219811;0.9730727463314026;95.23;;;;;
131;3;-0.07493645;0.2252426;0.8100108;0.8857242;86.28;-0.06816543155569008;0.21388865555787853;0.8045135284991499;0.8352466106328614;81.09;;;;;
131;4;0.2802056;0.2253549;0.73211247;0.86280525;83.93;0.26945313065405635;0.21522328116477116;0.7277661936301327;0.8053382413405525;78.01;;;;;
131;5;0.21431753;0.22231495;0.67601514;0.7565298;72.96;0.21663434976536186;0.21659041554530817;0.6843756075801869;0.7498078566240156;72.26;;;;;
131;6;0.08261776;0.24954614;10.852.867;11.150.113;109.69;0.08224289181169037;0.236126207760471;10.983.872.637.244.700;1.126.487.487.883.030;110.86;;;;;
131;7;0.2919932;0.24756452;10.196.766;11.011.175;108.28;0.2808969226507651;0.2401103168431512;10.176.924.472.199.100;10.827.067.758.805.500;106.41;;;;;
131;8;-0.21260962;0.20475888;0.4882833;0.57956606;54.4;-0.21280544100910687;0.2013445133927168;0.49850620413146585;0.5782163992433915;54.25;;;;;
131;9;0.13621555;0.24868058;10.219.011;10.631.863;104.42;0.1389460139572358;0.23350988231864744;10.215.032.098.694.100;1.057.024.913.475.820;103.79;;;;;
131;10;0.78919333;0.42940652;19.648.789;20.438.137;203.4;0.4204687408690188;0.23870458037754655;10.277.546.111.730.200;11.358.051.679.441.300;111.81;;;;;
131;11;-0.07446227;0.24727166;10.642.847;10.951.328;107.67;-0.0667286744686102;0.22092749914671345;10.107.001.490.044.500;10.367.142.649.125.500;101.72;;;;;
131;12;0.3329041;0.2510572;10.934.768;1.347.014;133.21;0.3314764574680008;0.23700719796183484;10.978.786.237.945.600;11.710.621.359.801.100;115.39;;;;;
131;13;0.795525;0.39392525;1.687.788;15.882.728;157.56;0.4356597904821861;0.229024194863255;0.9235434398349756;1.046.510.401.352.010;102.72;;;;;
131;14;0.23420385;0.23202021;0.8377416;0.9113391;88.91;0.233508839843635;0.22746570103268274;0.8465004391891148;0.907099783363867;88.48;;;;;
131;15;-0.25813136;0.20587862;0.6160836;0.7193324;69.1;-0.257146695015122;0.1974254123329111;0.6218565144075967;0.7012893416437938;67.22;;;;;
131;16;0.3419862;0.22343507;0.645103;0.8043615;77.91;0.33575546102667886;0.21345638340173265;0.6517414613585605;0.763585155485606;73.69;;;;;
131;17;0.15253878;0.22687803;0.7688407;0.8137785;78.88;0.14774014068483743;0.21616915920904714;0.7635870290441215;0.8072307015266142;78.21;;;;;
131;18;-0.01796828;0.21174023;0.5816881;0.68650717;65.67;-0.01524036056470393;0.20489775220749715;0.5889660412661155;0.6237758854063747;59.08;;;;;
131;19;-0.2048109;0.230149;0.9553047;10.275.037;100.79;-0.20501772925999626;0.22512804053349061;0.9654835104127693;10.123.602.682.959.900;99.24;;;;;
131;20;-0.24572383;0.204754;0.6969546;0.7727008;74.64;-0.24018025501955134;0.203906839353242;0.6872265171216753;0.756005846453236;72.91;;;;;
132;0;-0.14760724;0.20934993;0.5884463;0.6586836;62.76;-0.14765040769782167;0.20234750755325792;0.5938884930874445;0.6445531001616736;61.27;;;;;
132;1;-0.0015765112;0.22448528;0.7660721;0.8458574;82.19;-0.0022808237154998984;0.21481720360123854;0.7536640586733552;0.7836843410811981;75.77;;;;;
132;2;-0.0732633;0.22469759;0.8074776;0.8725836;84.94;-0.06860238945027783;0.21459334665914098;0.810055406962154;0.8408010196338244;81.67;;;;;
132;3;0.21651739;0.22369517;0.6773097;0.77852976;75.24;0.21663434976536186;0.21601287752441412;0.6847090493120173;0.7499456560074237;72.28;;;;;
132;4;0.44574782;0.2321777;0.8177122;0.9962083;97.59;0.4437067862995928;0.2243440996144184;0.8290034632613101;0.9666709519476433;94.58;;;;;
132;5;0.2808955;0.2254828;0.73293865;0.8733889;85.02;0.2701551132473836;0.21522328116477116;0.7277661936301327;0.8055733849624929;78.04;;;;;
132;6;0.09345503;0.2701871;12.030.145;12.343.411;121.8;0.08224289181169037;0.23700719796183484;10.978.786.237.945.600;11.261.766.192.406.500;110.83;;;;;
132;7;0.28059852;0.24523076;0.9997281;10.804.123;106.17;0.2808969226507651;0.2401103168431512;10.176.924.472.199.100;10.827.067.758.805.500;106.41;;;;;
132;8;0.13832392;0.24258508;0.9975246;10.389.743;101.95;0.13879714001630447;0.2324897796528388;10.129.872.829.276.800;10.485.510.855.904.600;102.93;;;;;
132;9;-0.07695667;0.2534602;10.960.764;11.274.899;110.96;-0.06819928626331546;0.22266708575416788;10.186.584.178.942.500;10.449.386.326.822.700;102.56;;;;;
132;10;0.7491642;0.41016924;18.682.613;18.659.033;185.52;0.41713168737005835;0.23681009958089932;1.019.597.828.544.660;11.267.908.412.144.200;110.89;;;;;
132;11;0.33395544;0.25326478;1.099.026;12.283.673;121.2;0.3296996723082609;0.23501554083610515;1.088.652.753.006.370;11.615.072.083.215.900;114.42;;;;;
132;12;0.23733078;0.23465842;0.84564424;0.94085675;91.94;0.233508839843635;0.22746570103268274;0.8465004391891148;0.907099783363867;88.48;;;;;
132;13;0.34265712;0.22428957;0.64572436;0.809793;78.47;0.3339789771059028;0.21232698454775525;0.6482930938381448;0.7595450223877986;73.27;;;;;
132;14;0.6880824;0.34219396;14.449.463;14.256.918;141.16;0.4356597904821861;0.22977750532529073;0.9231085158369359;1.046.291.779.097.570;102.7;;;;;
132;15;0.1659207;0.24228746;0.92310095;0.91390073;89.17;0.1479100861892907;0.21685757832222577;0.7686398299077631;0.8122264407127724;78.72;;;;;
132;16;-0.26158372;0.2025136;0.6132763;0.70817363;67.93;-0.2584520081877876;0.19842757178637765;0.6250131464604272;0.7048491860176201;67.59;;;;;
132;17;-0.018524699;0.2098977;0.5809022;0.6430353;61.11;-0.015166735634439661;0.20390790799393435;0.5861207946899507;0.6207624753319478;58.77;;;;;
132;18;-0.2101146;0.20458807;0.48830193;0.57515985;53.93;-0.21191130050066526;0.20093532150350762;0.49615945742616774;0.5757218164192064;53.99;;;;;
132;19;-0.24261346;0.20934923;0.69513243;0.77568585;74.95;-0.24018025501955134;0.203906839353242;0.6872265171216753;0.756005846453236;72.91;;;;;
132;20;-0.19917633;0.22969666;0.95390457;10.300.794;101.05;-0.20411518021143268;0.22434641012927314;0.965934784937051;10.124.348.508.827.700;99.25;;;;;
133;0;-0.14992084;0.21233067;0.58987045;0.672761;64.23;-0.14837418420614434;0.20333940710008763;0.5967997111908145;0.6477126741820741;61.61;;;;;
133;1;-0.0038504915;0.22634055;0.7780506;0.8310028;80.66;-0.0030405839038532977;0.2174369255963756;0.7628550837791278;0.7932439351239569;76.76;;;;;
133;2;0.4430191;0.23163673;0.8184623;0.96368605;94.27;0.44449651671708595;0.22366017301072805;0.8293983284700567;0.9672138406959112;94.63;;;;;
133;3;0.21409467;0.2227169;0.67645264;0.76233846;73.56;0.217173988459811;0.21780041786679033;0.6881989349968358;0.7538032484788518;72.68;;;;;
133;4;-0.07645373;0.22628666;0.80981493;0.88318443;86.02;-0.06860238945027783;0.21525973668324952;0.8096706665023495;0.8406007555728156;81.65;;;;;
133;5;0.27887183;0.224853;0.7332331;0.87583834;85.27;0.27103814906966844;0.21710081131139294;0.7316941152883718;0.8099201929022452;78.48;;;;;
133;6;0.08758393;0.2527972;11.041.002;11.319.003;111.41;0.08224289181169037;0.236126207760471;10.983.872.637.244.700;1.126.487.487.883.030;110.86;;;;;
133;7;0.30187374;0.251913;10.481.226;11.219.636;110.4;0.2808969226507651;0.2401103168431512;10.176.924.472.199.100;10.827.067.758.805.500;106.41;;;;;
133;8;0.13706532;0.24410051;0.9974249;10.394.336;102.0;0.13879714001630447;0.2324897796528388;10.129.872.829.276.800;10.485.510.855.904.600;102.93;;;;;
133;9;0.7642218;0.4137436;18.855.435;19.349.499;192.46;0.4204687408690188;0.23870458037754655;10.277.546.111.730.200;11.358.051.679.441.300;111.81;;;;;
133;10;0.33301547;0.25279203;10.935.465;13.074.312;129.2;0.3314764574680008;0.23700719796183484;10.978.786.237.945.600;11.710.621.359.801.100;115.39;;;;;
133;11;-0.074164174;0.2479876;1.074.635;11.001.757;108.18;-0.0667286744686102;0.22173966198859574;10.102.312.465.690.600;10.364.305.887.224.800;101.7;;;;;
133;12;0.23121601;0.23320448;0.8390391;0.9152815;89.32;0.2327523744010705;0.22594926302579818;0.840857102927854;0.9012587890253615;87.88;;;;;
133;13;-0.21245152;0.20569095;0.48791766;0.58128846;54.58;-0.21280544100910687;0.2013445133927168;0.49850620413146585;0.5782163992433915;54.25;;;;;
133;14;-0.017382184;0.21178944;0.58159906;0.65486014;62.36;-0.01531470378697078;0.2058972534377776;0.5918390463454624;0.6268186946034789;59.41;;;;;
133;15;-0.26035935;0.20686963;0.61468136;0.72851366;70.05;-0.25654043732088483;0.1974254123329111;0.6218565144075967;0.7010672677616437;67.19;;;;;
133;16;0.34246314;0.22360554;0.64531404;0.80995244;78.49;0.33511695558274823;0.21345638340173265;0.6517414613585605;0.7633046141533464;73.66;;;;;
133;17;0.79198027;0.39182043;16.736.372;15.999.874;158.74;0.4356597904821861;0.22977750532529073;0.9231085158369359;1.046.291.779.097.570;102.7;;;;;
133;18;-0.20388672;0.23019955;0.9557503;10.660.102;104.71;-0.20501772925999626;0.22434641012927314;0.965934784937051;1.012.617.198.056.700;99.27;;;;;
133;19;0.16167022;0.2297509;0.7717795;0.886546;86.37;0.14774014068483743;0.21553527601538292;0.7639530016766183;0.8074074517536471;78.22;;;;;
133;20;-0.24386264;0.20594305;0.69503593;0.7709906;74.46;-0.24151458976965995;0.2044621171065326;0.6913778839486261;0.7603534920131376;73.36;;;;;
134;0;-0.149329;0.20959747;0.5884857;0.6587017;62.76;-0.14765040769782167;0.20234750755325792;0.5938884930874445;0.6445531001616736;61.27;;;;;
134;1;-0.0030094343;0.22165276;0.7562532;0.7908221;76.51;-0.0030221561226178232;0.21611912604730665;0.7582317196350119;0.7884363961232056;76.26;;;;;
134;2;-0.07409963;0.22033465;0.8098427;0.8558452;83.21;-0.06816543155569008;0.21388865555787853;0.8045135284991499;0.8352466106328614;81.09;;;;;
134;3;0.44362834;0.23181976;0.8180655;0.9630846;94.21;0.44449651671708595;0.22366017301072805;0.8293983284700567;0.9672138406959112;94.63;;;;;
134;4;0.28035343;0.22597182;0.73153317;0.89224714;86.95;0.2701551132473836;0.21522328116477116;0.7277661936301327;0.8055733849624929;78.04;;;;;
134;5;0.21372338;0.2227116;0.6758791;0.75645274;72.95;0.21839406704666392;0.21902401571997454;0.6920652211485037;0.7580380981894074;73.12;;;;;
134;6;0.30663574;0.25425622;10.575.111;11.328.245;111.5;0.2808969226507651;0.2401103168431512;10.176.924.472.199.100;10.827.067.758.805.500;106.41;;;;;
134;7;0.09030527;0.25419122;10.897.199;11.308.264;111.3;0.0819198479514573;0.23903290050851722;11.072.622.017.757.100;11.357.275.960.788.700;111.8;;;;;
134;8;-0.21586528;0.21051604;0.48965973;0.5980382;56.36;-0.21280544100910687;0.2013445133927168;0.49850620413146585;0.5782163992433915;54.25;;;;;
134;9;0.13832158;0.24232356;0.9938923;10.363.836;101.69;0.1389460139572358;0.23433493663421046;10.210.268.645.382.200;10.567.472.334.625.300;103.76;;;;;
134;10;0.7687155;0.41849416;19.065.359;19.470.756;193.68;0.41713168737005835;0.23681009958089932;1.019.597.828.544.660;11.267.908.412.144.200;110.89;;;;;
134;11;-0.07477116;0.25365123;10.940.259;11.260.096;110.81;-0.0672540971022213;0.2234856435790571;10.181.858.233.137.000;10.445.914.594.998.300;102.53;;;;;
134;12;-0.017389197;0.20858946;0.58106226;0.6263903;59.36;-0.01524036056470393;0.20489775220749715;0.5889660412661155;0.6237758854063747;59.08;;;;;
134;13;0.23739152;0.23596735;0.8604034;0.9520491;93.08;0.233508839843635;0.22746570103268274;0.8465004391891148;0.907099783363867;88.48;;;;;
134;14;0.33342534;0.25384593;11.007.527;12.382.832;122.2;0.3296996723082609;0.23501554083610515;1.088.652.753.006.370;11.615.072.083.215.900;114.42;;;;;
134;15;0.34325323;0.22364128;0.64570165;0.8139951;78.9;0.3339789771059028;0.21177694833737995;0.648610657392269;0.7596625684332681;73.29;;;;;
134;16;0.16279042;0.23114437;0.7776716;0.9118085;88.96;0.1479100861892907;0.21685757832222577;0.7686398299077631;0.8122264407127724;78.72;;;;;
134;17;0.7941987;0.39359778;16.672.666;15.373.362;152.43;0.433389137482019;0.22887232070971986;0.9160356523292639;10.389.080.806.369.500;101.95;;;;;
134;18;-0.25867438;0.20546341;0.6136236;0.7084512;67.96;-0.25525128939464925;0.19643332483375078;0.6187316073000209;0.6975443166673642;66.83;;;;;
134;19;-0.20206241;0.2315932;0.9563106;10.946.827;107.63;-0.2025919325979145;0.22267218318800988;0.9587263163927445;1.004.879.366.920.960;98.48;;;;;
134;20;-0.24232547;0.20726061;0.69293445;0.7659927;73.94;-0.24018025501955134;0.203906839353242;0.6872265171216753;0.756005846453236;72.91;;;;;
135;0;-0.0015632908;0.22242269;0.7542121;0.85165477;82.78;-0.0022808237154998984;0.21481720360123854;0.7536640586733552;0.7836843410811981;75.77;;;;;
135;1;-0.14878044;0.208476;0.5889783;0.65911424;62.8;-0.14765040769782167;0.20234750755325792;0.5938884930874445;0.6445531001616736;61.27;;;;;
135;2;0.44410756;0.23207255;0.81931996;0.97194844;95.11;0.44449651671708595;0.2243440996144184;0.8290034632613101;0.9670336966748745;94.61;;;;;
135;3;0.21429864;0.22280152;0.67647;0.7803686;75.43;0.21663434976536186;0.21659041554530817;0.6843756075801869;0.7498078566240156;72.26;;;;;
135;4;0.28088894;0.22597861;0.7336686;0.8898616;86.71;0.2701551132473836;0.21522328116477116;0.7277661936301327;0.8055733849624929;78.04;;;;;
135;5;-0.07339514;0.22442353;0.8092781;0.8714968;84.82;-0.06816543155569008;0.21388865555787853;0.8045135284991499;0.8352466106328614;81.09;;;;;
135;6;0.30104482;0.2506708;10.393.105;11.169.437;109.89;0.2808969226507651;0.24093537115871416;10.172.161.018.887.300;10.824.423.920.799.500;106.38;;;;;
135;7;0.09173055;0.24826862;10.759.674;11.250.542;110.71;0.0819198479514573;0.23814438047637254;1.107.775.189.055.450;11.360.411.422.689.300;111.83;;;;;
135;8;0.13839856;0.24424785;10.003.527;12.076.272;119.1;0.13879714001630447;0.23167122182794953;10.134.598.775.082.300;10.488.265.463.931.400;102.96;;;;;
135;9;0.74928313;0.40985608;18.805.155;18.303.741;181.94;0.41713168737005835;0.23681009958089932;1.019.597.828.544.660;11.267.908.412.144.200;110.89;;;;;
135;10;-0.07862486;0.25492892;10.979.617;1.129.958;111.21;-0.06819928626331546;0.2234856435790571;10.181.858.233.137.000;1.044.652.739.588.500;102.53;;;;;
135;11;-0.21575296;0.21092263;0.4886242;0.5963622;56.18;-0.2110246423395746;0.20009458794073143;0.4940834764327528;0.573312938526239;53.73;;;;;
135;12;0.2335707;0.2353285;0.867197;0.9518806;93.06;0.2327523744010705;0.22594926302579818;0.840857102927854;0.9012587890253615;87.88;;;;;
135;13;0.3346816;0.2521426;10.925.117;14.192.854;140.51;0.3314764574680008;0.23700719796183484;10.978.786.237.945.600;11.710.621.359.801.100;115.39;;;;;
135;14;0.3422882;0.22348322;0.64577186;0.80693007;78.18;0.33511695558274823;0.21345638340173265;0.6517414613585605;0.7633046141533464;73.66;;;;;
135;15;0.45249325;0.24609086;0.9408629;12.979.548;128.25;0.4356597904821861;0.22977750532529073;0.9231085158369359;1.046.291.779.097.570;102.7;;;;;
135;16;-0.25857937;0.20560825;0.61258763;0.7099931;68.12;-0.257146695015122;0.1974254123329111;0.6218565144075967;0.7012893416437938;67.22;;;;;
135;17;0.16127224;0.23015484;0.773952;0.88950837;86.67;0.14700819541984378;0.21553527601538292;0.7639530016766183;0.8072738404645238;78.21;;;;;
135;18;-0.018521558;0.21148638;0.58066607;0.6401557;60.81;-0.01524036056470393;0.20489775220749715;0.5889660412661155;0.6237758854063747;59.08;;;;;
135;19;-0.24478412;0.20693392;0.7042257;0.780675;75.46;-0.24018025501955134;0.203906839353242;0.6872265171216753;0.756005846453236;72.91;;;;;
135;20;-0.209357;0.23172069;0.95649433;11.312.847;111.35;-0.20501772925999626;0.22434641012927314;0.965934784937051;1.012.617.198.056.700;99.27;;;;;
136;0;-0.0008602982;0.22758469;0.7763614;0.85661805;83.29;-0.0022808237154998984;0.21481720360123854;0.7536640586733552;0.7836843410811981;75.77;;;;;
136;1;-0.14973761;0.20854339;0.5883467;0.658088;62.7;-0.14765040769782167;0.20184040099832654;0.594181271193442;0.6446639228354204;61.29;;;;;
136;2;0.21167412;0.22204864;0.67626953;0.74712;71.99;0.21784459752941412;0.21780041786679033;0.6881989349968358;0.7539967273314122;72.7;;;;;
136;3;0.44466582;0.23191601;0.81813025;0.9609637;93.99;0.44449651671708595;0.2243440996144184;0.8290034632613101;0.9670336966748745;94.61;;;;;
136;4;-0.07076099;0.21653149;0.81245065;0.85186356;82.81;-0.06740085178843558;0.21388865555787853;0.8045135284991499;0.8351845600442551;81.09;;;;;
136;5;0.27961215;0.22514415;0.73266745;0.86867386;84.53;0.2701551132473836;0.21583121592360702;0.7274152023334691;0.8054190062114323;78.02;;;;;
136;6;0.31495264;0.26020414;10.719.584;11.525.695;113.51;0.2808969226507651;0.2401103168431512;10.176.924.472.199.100;10.827.067.758.805.500;106.41;;;;;
136;7;0.08738222;0.2507022;10.976.369;11.206.475;110.27;0.08224289181169037;0.236126207760471;10.983.872.637.244.700;1.126.487.487.883.030;110.86;;;;;
136;8;-0.21288818;0.20557627;0.48798257;0.58254546;54.71;-0.21052238701129444;0.19965962206725474;0.4943346040968929;0.5731931096276403;53.72;;;;;
136;9;0.137622;0.24292389;0.995723;10.334.998;101.4;0.13879714001630447;0.2324897796528388;10.129.872.829.276.800;10.485.510.855.904.600;102.93;;;;;
136;10;-0.020274866;0.21029133;0.5817425;0.6341423;60.18;-0.01524036056470393;0.20489775220749715;0.5889660412661155;0.6237758854063747;59.08;;;;;
136;11;0.34145156;0.22312333;0.64517766;0.7945894;76.9;0.3339789771059028;0.21287702075813056;0.6479755302840206;0.7594279893198699;73.26;;;;;
136;12;0.23603061;0.23491669;0.8469662;0.9387478;91.72;0.233508839843635;0.22746570103268274;0.8465004391891148;0.907099783363867;88.48;;;;;
136;13;-0.07518438;0.2520214;10.909.514;11.050.524;108.68;-0.06819928626331546;0.22266708575416788;10.186.584.178.942.500;10.449.386.326.822.700;102.56;;;;;
136;14;0.7635827;0.415029;18.891.945;19.449.874;193.47;0.41713168737005835;0.23681009958089932;1.019.597.828.544.660;11.267.908.412.144.200;110.89;;;;;
136;15;0.33363932;0.25328112;10.964.718;13.065.141;129.11;0.3343095895831119;0.23903290050851722;11.072.622.017.757.100;11.810.712.140.654.100;116.4;;;;;
136;16;-0.26327497;0.20521805;0.62035036;0.7307985;70.29;-0.2597706408826233;0.19943995735671632;0.6282019890444089;0.7084453553340366;67.96;;;;;
136;17;0.79757017;0.3935758;16.796.104;16.204.834;160.81;0.4356597904821861;0.22977750532529073;0.9231085158369359;1.046.291.779.097.570;102.7;;;;;
136;18;0.16103756;0.23024513;0.7731501;0.8919008;86.92;0.14774014068483743;0.21616915920904714;0.7635870290441215;0.8072307015266142;78.21;;;;;
136;19;-0.24551444;0.20438959;0.69858474;0.7725961;74.63;-0.24218147323332082;0.2044621171065326;0.6913778839486261;0.7605655801588888;73.38;;;;;
136;20;-0.20573786;0.23076643;0.955815;10.443.028;102.5;-0.20501772925999626;0.22512804053349061;0.9654835104127693;10.123.602.682.959.900;99.24;;;;;
137;0;-0.14820187;0.20893648;0.5888215;0.6599129;62.89;-0.14765040769782167;0.20234750755325792;0.5938884930874445;0.6445531001616736;61.27;;;;;
137;1;-0.0022958317;0.22234866;0.75693023;0.81980896;79.5;-0.0022808237154998984;0.21481720360123854;0.7536640586733552;0.7836843410811981;75.77;;;;;
137;2;-0.07098022;0.22406232;0.80712885;0.9127569;89.06;-0.06816543155569008;0.21322651005621654;0.8048958183827772;0.8354455991266025;81.12;;;;;
137;3;0.21430695;0.22236171;0.67588174;0.7579382;73.11;0.21663434976536186;0.21659041554530817;0.6843756075801869;0.7498078566240156;72.26;;;;;
137;4;0.09134939;0.25027406;10.822.605;11.182.021;110.02;0.0819198479514573;0.23814438047637254;1.107.775.189.055.450;11.360.411.422.689.300;111.83;;;;;
137;5;0.27965683;0.22552773;0.7334056;0.87420064;85.1;0.2685844439843174;0.21397198301846435;0.7235349948299575;0.8008898187708504;77.55;;;;;
137;6;0.4457318;0.23277622;0.8187887;0.9760105;95.53;0.44449651671708595;0.2243440996144184;0.8290034632613101;0.9670336966748745;94.61;;;;;
137;7;0.2984985;0.2520993;10.364.306;1.119.084;110.11;0.2808969226507651;0.2401103168431512;10.176.924.472.199.100;10.827.067.758.805.500;106.41;;;;;
137;8;0.1369274;0.24419391;10.025.753;10.436.519;102.43;0.13879714001630447;0.23167122182794953;10.134.598.775.082.300;10.488.265.463.931.400;102.96;;;;;
137;9;0.77312297;0.41924626;19.087.198;1.940.913;193.06;0.41808437803243104;0.23681009958089932;1.019.597.828.544.660;11.271.438.694.289.500;110.93;;;;;
137;10;-0.07461125;0.25278068;10.912.107;1.122.859;110.49;-0.0667286744686102;0.22092749914671345;10.107.001.490.044.500;10.367.142.649.125.500;101.72;;;;;
137;11;-0.21452118;0.20782213;0.488082;0.5887952;55.38;-0.21370715897948447;0.20219766811048256;0.5006185185557518;0.580666468731711;54.51;;;;;
137;12;0.33324206;0.25375572;1.095.583;12.029.543;118.62;0.3269521750390254;0.23305707799580427;10.795.806.467.313.100;1.151.827.981.585.570;113.43;;;;;
137;13;0.23663262;0.23479617;0.84610915;0.9436921;92.23;0.23121096794808327;0.22445291029052802;0.8352885128422392;0.895290187773538;87.27;;;;;
137;14;0.34283924;0.22374603;0.6454632;0.8118305;78.68;0.3339789771059028;0.21232698454775525;0.6482930938381448;0.7595450223877986;73.27;;;;;
137;15;0.44983;0.24308863;0.9325269;13.297.821;131.47;0.4356597904821861;0.22977750532529073;0.9231085158369359;1.046.291.779.097.570;102.7;;;;;
137;16;-0.2635085;0.20445439;0.615644;0.7241884;69.6;-0.257146695015122;0.1974254123329111;0.6218565144075967;0.7012893416437938;67.22;;;;;
137;17;0.16787302;0.256298;0.9588486;0.9303126;90.86;0.14774014068483743;0.21553527601538292;0.7639530016766183;0.8074074517536471;78.22;;;;;
137;18;-0.019692242;0.21118288;0.5810681;0.6324008;59.99;-0.01524036056470393;0.20489775220749715;0.5889660412661155;0.6237758854063747;59.08;;;;;
137;19;-0.24535093;0.2049287;0.69912827;0.77241933;74.61;-0.24018025501955134;0.203906839353242;0.6872265171216753;0.756005846453236;72.91;;;;;
137;20;-0.19909398;0.22920926;0.9532431;0.99520046;97.49;-0.2025919325979145;0.22344798052950937;0.9582784095887932;10.046.243.086.052.100;98.45;;;;;
138;0;-0.1468077;0.20758063;0.5876189;0.6553117;62.4;-0.14837418420614434;0.2028298147287105;0.5970939244836061;0.6478240401042217;61.62;;;;;
138;1;-0.0022922968;0.22215262;0.75503886;0.8186897;79.39;-0.0022808237154998984;0.21481720360123854;0.7536640586733552;0.7836843410811981;75.77;;;;;
138;2;0.28023237;0.22563487;0.7350826;0.8701192;84.68;0.2701551132473836;0.21522328116477116;0.7277661936301327;0.8055733849624929;78.04;;;;;
138;3;0.21404387;0.22249229;0.6771496;0.7661195;73.96;0.21784459752941412;0.21721965337650578;0.6885342395316374;0.754135296543778;72.71;;;;;
138;4;0.44739476;0.23278047;0.8180514;0.98202306;96.14;0.44449651671708595;0.2243440996144184;0.8290034632613101;0.9670336966748745;94.61;;;;;
138;5;-0.071780436;0.22231923;0.80884284;0.85823685;83.46;-0.06860238945027783;0.21459334665914098;0.810055406962154;0.8408010196338244;81.67;;;;;
138;6;0.089350395;0.249275;10.833.623;11.164.688;109.84;0.0819198479514573;0.23814438047637254;1.107.775.189.055.450;11.360.411.422.689.300;111.83;;;;;
138;7;0.29882446;0.25276467;10.439.496;11.273.017;110.94;0.27963032501933355;0.23821968442706343;10.096.791.208.638.500;10.744.271.328.607.400;105.56;;;;;
138;8;-0.21439397;0.2059344;0.48997298;0.58667004;55.15;-0.2096452103987474;0.1992608604909784;0.4920247952809497;0.5707402245663089;53.46;;;;;
138;9;0.13472739;0.24270636;0.9981604;10.425.608;102.32;0.1389460139572358;0.23433493663421046;10.210.268.645.382.200;10.567.472.334.625.300;103.76;;;;;
138;10;-0.07507855;0.25254333;10.918.388;11.229.234;110.5;-0.06819928626331546;0.22266708575416788;10.186.584.178.942.500;10.449.386.326.822.700;102.56;;;;;
138;11;-0.25604013;0.2054522;0.61454445;0.71296114;68.43;-0.25654043732088483;0.1974254123329111;0.6218565144075967;0.7010672677616437;67.19;;;;;
138;12;0.7623595;0.41322446;18.935.492;18.890.715;187.85;0.41713168737005835;0.23681009958089932;1.019.597.828.544.660;11.267.908.412.144.200;110.89;;;;;
138;13;0.33410603;0.2545093;11.084.595;11.981.212;118.13;0.3296996723082609;0.23501554083610515;1.088.652.753.006.370;11.615.072.083.215.900;114.42;;;;;
138;14;0.23703788;0.23297645;0.8412798;0.91884017;89.68;0.2327523744010705;0.22594926302579818;0.840857102927854;0.9012587890253615;87.88;;;;;
138;15;0.34149757;0.2229912;0.64517224;0.8039734;77.87;0.33690902486393937;0.21459786138783815;0.6552267098150233;0.7673864570097814;74.09;;;;;
138;16;0.16079673;0.22927183;0.7721227;0.8786105;85.55;0.1479100861892907;0.21685757832222577;0.7686398299077631;0.8122264407127724;78.72;;;;;
138;17;0.44518715;0.2433012;0.93402904;12.465.334;123.04;0.4356597904821861;0.23053081578732654;0.9226735918388962;10.460.738.344.626.700;102.68;;;;;
138;18;-0.02025659;0.20915617;0.5809494;0.64902467;61.74;-0.01524036056470393;0.20489775220749715;0.5889660412661155;0.6237758854063747;59.08;;;;;
138;19;-0.24342814;0.20937254;0.6954162;0.77669543;75.05;-0.24018025501955134;0.20333249215014293;0.6875581166339928;0.7561526439909656;72.92;;;;;
138;20;-0.20100981;0.23152287;0.95350224;10.169.184;99.71;-0.2025919325979145;0.22344798052950937;0.9582784095887932;10.046.243.086.052.100;98.45;;;;;
139;0;-0.14745617;0.20819134;0.5879322;0.65510404;62.38;-0.14765040769782167;0.20234750755325792;0.5938884930874445;0.6445531001616736;61.27;;;;;
139;1;-0.00083837035;0.22270484;0.75430936;0.86055887;83.7;-0.0022808237154998984;0.21481720360123854;0.7536640586733552;0.7836843410811981;75.77;;;;;
139;2;-0.07099198;0.22420736;0.8077228;0.8696405;84.63;-0.06860238945027783;0.21459334665914098;0.810055406962154;0.8408010196338244;81.67;;;;;
139;3;0.21502794;0.22318012;0.6766414;0.77686274;75.07;0.217173988459811;0.21780041786679033;0.6881989349968358;0.7538032484788518;72.68;;;;;
139;4;0.28116935;0.22627564;0.7333397;0.8864603;86.36;0.27103814906966844;0.21710081131139294;0.7316941152883718;0.8099201929022452;78.48;;;;;
139;5;0.44350526;0.23145868;0.81826633;0.9676823;94.68;0.44449651671708595;0.2243440996144184;0.8290034632613101;0.9670336966748745;94.61;;;;;
139;6;0.3015544;0.25405794;1.040.763;11.332.792;111.55;0.2808969226507651;0.2401103168431512;10.176.924.472.199.100;10.827.067.758.805.500;106.41;;;;;
139;7;0.09244451;0.24911492;10.804.839;11.150.392;109.7;0.08224289181169037;0.236126207760471;10.983.872.637.244.700;1.126.487.487.883.030;110.86;;;;;
139;8;-0.21166253;0.20862626;0.48921776;0.58831036;55.33;-0.21052238701129444;0.19965962206725474;0.4943346040968929;0.5731931096276403;53.72;;;;;
139;9;0.13438591;0.2443143;10.003.504;10.424.584;102.31;0.14005758206889368;0.23620961612728414;10.291.950.794.545.200;10.652.012.113.302.300;104.63;;;;;
139;10;0.76576424;0.41616586;18.953.047;19.409.678;193.06;0.41713168737005835;0.23763515389646234;10.191.214.832.134.700;11.265.335.807.346.400;110.86;;;;;
139;11;-0.0813659;0.25284487;11.016.768;11.331.544;111.54;-0.06874055044000844;0.22443428484745487;102.674.300.851.246;10.532.317.964.337.200;103.41;;;;;
139;12;0.23052484;0.23487693;0.832106;0.9427828;92.13;0.2327523744010705;0.22594926302579818;0.840857102927854;0.9012587890253615;87.88;;;;;
139;13;0.33199328;0.25331855;109.781;11.939.428;117.71;0.3343095895831119;0.23903290050851722;11.072.622.017.757.100;11.810.712.140.654.100;116.4;;;;;
139;14;0.79958797;0.40169728;17.025.338;16.862.891;167.44;0.4356597904821861;0.22977750532529073;0.9231085158369359;1.046.291.779.097.570;102.7;;;;;
139;15;0.34555963;0.22442067;0.6453785;0.8125602;78.76;0.3339789771059028;0.21177694833737995;0.648610657392269;0.7596625684332681;73.29;;;;;
139;16;0.16286594;0.22965847;0.7746502;0.89578944;87.32;0.14774014068483743;0.21553527601538292;0.7639530016766183;0.8074074517536471;78.22;;;;;
139;17;-0.26115757;0.20733315;0.61418676;0.71734023;68.89;-0.2584520081877876;0.1989552715009002;0.6247084788881964;0.704727836961973;67.58;;;;;
139;18;-0.020245906;0.209425;0.5799278;0.62654555;59.38;-0.01524036056470393;0.20489775220749715;0.5889660412661155;0.6237758854063747;59.08;;;;;
139;19;-0.24270952;0.20979214;0.69550145;0.77529794;74.91;-0.24018025501955134;0.203906839353242;0.6872265171216753;0.756005846453236;72.91;;;;;
139;20;-0.2021371;0.23173799;0.95763314;10.328.648;101.33;-0.2025919325979145;0.22344798052950937;0.9582784095887932;10.046.243.086.052.100;98.45;;;;;
140;0;-0.14860342;0.2088938;0.5879975;0.6573021;62.61;-0.14837418420614434;0.20333940710008763;0.5967997111908145;0.6477126741820741;61.61;;;;;
140;1;-0.0022884854;0.22091782;0.75608367;0.81037796;78.53;-0.0030221561226178232;0.21611912604730665;0.7582317196350119;0.7884363961232056;76.26;;;;;
140;2;-0.07323806;0.22661512;0.808368;0.9012012;87.87;-0.06860238945027783;0.21459334665914098;0.810055406962154;0.8408010196338244;81.67;;;;;
140;3;0.28031182;0.22581318;0.7335243;0.8647016;84.13;0.2701551132473836;0.21522328116477116;0.7277661936301327;0.8055733849624929;78.04;;;;;
140;4;0.21235308;0.22261992;0.67708635;0.75773525;73.09;0.21771969051037762;0.21902401571997454;0.6920652211485037;0.7578440825271155;73.1;;;;;
140;5;0.44382572;0.23123723;0.8164736;0.95946556;93.84;0.4466452418380007;0.22514136620947459;0.8348910326321102;0.9732541513935125;95.25;;;;;
140;6;0.08773352;0.2514727;10.849.311;1.120.245;110.22;0.0819198479514573;0.23814438047637254;1.107.775.189.055.450;11.360.411.422.689.300;111.83;;;;;
140;7;-0.20970598;0.20347345;0.4876349;0.5724634;53.64;-0.2110246423395746;0.19965962206725474;0.4943346040968929;0.5733777682873799;53.74;;;;;
140;8;0.2872976;0.24615937;10.077.702;10.985.556;108.02;0.2786851358582394;0.23821968442706343;10.096.791.208.638.500;10.741.815.256.767.600;105.54;;;;;
140;9;0.13585207;0.24354646;0.9988459;1.042.081;102.27;0.13879714001630447;0.23167122182794953;10.134.598.775.082.300;10.488.265.463.931.400;102.96;;;;;
140;10;-0.26042837;0.20442018;0.615886;0.71983457;69.15;-0.25525128939464925;0.19695572103355447;0.6184300017134406;0.6974241491407969;66.81;;;;;
140;11;-0.017962102;0.21169588;0.58165383;0.6698155;63.93;-0.015823074270815373;0.20489775220749715;0.5889660412661155;0.6237903945266746;59.09;;;;;
140;12;0.3344059;0.25145775;10.944.897;13.821.548;136.76;0.3269521750390254;0.23305707799580427;10.795.806.467.313.100;1.151.827.981.585.570;113.43;;;;;
140;13;-0.074658416;0.2514109;10.808.829;1.112.227;109.41;-0.0667286744686102;0.22173966198859574;10.102.312.465.690.600;10.364.305.887.224.800;101.7;;;;;
140;14;0.77483964;0.42047685;19.227.028;19.472.266;193.69;0.41713168737005835;0.23763515389646234;10.191.214.832.134.700;11.265.335.807.346.400;110.86;;;;;
140;15;0.23333868;0.2331629;0.8394093;0.9163367;89.42;0.233508839843635;0.22746570103268274;0.8465004391891148;0.907099783363867;88.48;;;;;
140;16;0.34090048;0.22319362;0.64481235;0.8019923;77.67;0.33511695558274823;0.21345638340173265;0.6517414613585605;0.7633046141533464;73.66;;;;;
140;17;0.44374815;0.24324012;0.93598306;1.200.313;118.35;0.432525547385192;0.228124429747411;0.9164674473776774;10.387.645.001.112.600;101.93;;;;;
140;18;0.16239887;0.23037396;0.7734603;0.8954904;87.29;0.14774014068483743;0.21616915920904714;0.7635870290441215;0.8072307015266142;78.21;;;;;
140;19;-0.20566007;0.23321262;0.95622784;11.228.585;110.49;-0.20501772925999626;0.22434641012927314;0.965934784937051;1.012.617.198.056.700;99.27;;;;;
140;20;-0.24507035;0.20653078;0.6956038;0.77069545;74.43;-0.24018025501955134;0.203906839353242;0.6872265171216753;0.756005846453236;72.91;;;;;
141;0;-0.14869742;0.20783937;0.59026355;0.6596329;62.86;-0.14765040769782167;0.20184040099832654;0.594181271193442;0.6446639228354204;61.29;;;;;
141;1;-0.0015765139;0.22296378;0.75670445;0.8477541;82.38;-0.0022808237154998984;0.21419095755448592;0.7540256219970267;0.78386070642872;75.79;;;;;
141;2;-0.070953615;0.22446181;0.807306;0.9018771;87.94;-0.06740085178843558;0.21322651005621654;0.8048958183827772;0.8353835633184562;81.11;;;;;
141;3;0.2809255;0.2262428;0.73263377;0.890475;86.77;0.2701551132473836;0.21583121592360702;0.7274152023334691;0.8054190062114323;78.02;;;;;
141;4;0.4414946;0.2306943;0.81769764;0.9789694;95.83;0.44449651671708595;0.2243440996144184;0.8290034632613101;0.9670336966748745;94.61;;;;;
141;5;0.21462587;0.22314826;0.67711604;0.7815676;75.55;0.217173988459811;0.21780041786679033;0.6881989349968358;0.7538032484788518;72.68;;;;;
141;6;0.08847873;0.2491214;10.830.868;1.112.297;109.42;0.08224289181169037;0.236126207760471;10.983.872.637.244.700;1.126.487.487.883.030;110.86;;;;;
141;7;0.30845624;0.25241274;1.060.661;11.290.718;111.12;0.2786851358582394;0.23821968442706343;10.096.791.208.638.500;10.741.815.256.767.600;105.54;;;;;
141;8;-0.2134845;0.20674692;0.48817408;0.587431;55.23;-0.21140693485587972;0.20049852804232723;0.49641164024856055;0.5756014840378405;53.97;;;;;
141;9;-0.072607495;0.24831778;10.772.712;11.091.777;109.1;-0.06819928626331546;0.22184852792927867;10.191.310.124.747.900;10.452.253.023.052.500;102.59;;;;;
141;10;0.13578054;0.24318056;0.9977433;10.387.665;101.93;0.13879714001630447;0.23167122182794953;10.134.598.775.082.300;10.488.265.463.931.400;102.96;;;;;
141;11;0.33155075;0.25170854;10.938.762;12.643.872;124.85;0.3296996723082609;0.23501554083610515;1.088.652.753.006.370;11.615.072.083.215.900;114.42;;;;;
141;12;0.7597112;0.4112704;18.819.659;1.852.971;184.21;0.4147923750557977;0.23494545312750648;10.115.694.991.860.400;11.182.687.208.507.700;110.02;;;;;
141;13;0.23021516;0.2309865;0.83255553;0.90918744;88.69;0.23121096794808327;0.22445291029052802;0.8352885128422392;0.895290187773538;87.27;;;;;
141;14;0.34051737;0.22328025;0.6450234;0.7971035;77.16;0.33511695558274823;0.21345638340173265;0.6517414613585605;0.7633046141533464;73.66;;;;;
141;15;0.4585886;0.25064513;0.95874774;14.091.066;139.48;0.4356597904821861;0.22977750532529073;0.9231085158369359;1.046.291.779.097.570;102.7;;;;;
141;16;0.15960845;0.23057903;0.776613;0.88224524;85.93;0.1479100861892907;0.21685757832222577;0.7686398299077631;0.8122264407127724;78.72;;;;;
141;17;-0.017937556;0.209829;0.57994664;0.62519246;59.23;-0.01524036056470393;0.20489775220749715;0.5889660412661155;0.6237758854063747;59.08;;;;;
141;18;-0.2607384;0.207335;0.61656964;0.7218476;69.36;-0.257146695015122;0.19795044689736024;0.6215533855604781;0.701168605462165;67.2;;;;;
141;19;-0.20497924;0.23245005;0.9584982;11.069.671;108.87;-0.2025919325979145;0.22344798052950937;0.9582784095887932;10.046.243.086.052.100;98.45;;;;;
141;20;-0.24544589;0.20483503;0.69895506;0.7742474;74.8;-0.24151458976965995;0.2044621171065326;0.6913778839486261;0.7603534920131376;73.36;;;;;
142;0;-0.14935589;0.21132442;0.5884004;0.66739684;63.67;-0.14635094443977906;0.20136523809911588;0.5910055392375055;0.6412909678629067;60.93;;;;;
142;1;-0.003001216;0.22081031;0.75089353;0.8021123;77.68;-0.002294646889533231;0.21611912604730665;0.7582317196350119;0.788433943148357;76.26;;;;;
142;2;-0.074885845;0.22395255;0.8090026;0.866967;84.36;-0.06860238945027783;0.21459334665914098;0.810055406962154;0.8408010196338244;81.67;;;;;
142;3;0.4451354;0.23230352;0.8187762;0.96825695;94.74;0.44449651671708595;0.2243440996144184;0.8290034632613101;0.9670336966748745;94.61;;;;;
142;4;0.21509486;0.22348666;0.6771293;0.79319996;76.76;0.21663434976536186;0.21659041554530817;0.6843756075801869;0.7498078566240156;72.26;;;;;
142;5;0.2794041;0.2260266;0.73271406;0.8969151;87.43;0.2701551132473836;0.21522328116477116;0.7277661936301327;0.8055733849624929;78.04;;;;;
142;6;0.08830311;0.2511214;10.941.585;11.196.992;110.17;0.08224289181169037;0.23700719796183484;10.978.786.237.945.600;11.261.766.192.406.500;110.83;;;;;
142;7;0.28627145;0.24570945;10.051.708;10.974.675;107.91;0.2808969226507651;0.2401103168431512;10.176.924.472.199.100;10.827.067.758.805.500;106.41;;;;;
142;8;-0.21396334;0.20680606;0.48795518;0.5862339;55.11;-0.21280544100910687;0.2013445133927168;0.49850620413146585;0.5782163992433915;54.25;;;;;
142;9;0.13850531;0.24313232;1.001.851;10.409.396;102.15;0.13879714001630447;0.23167122182794953;10.134.598.775.082.300;10.488.265.463.931.400;102.96;;;;;
142;10;-0.08111479;0.25206456;10.982.769;11.296.575;111.18;-0.0667286744686102;0.22092749914671345;10.107.001.490.044.500;10.367.142.649.125.500;101.72;;;;;
142;11;0.78261155;0.42669365;19.447.248;20.263.197;201.64;0.4204687408690188;0.23870458037754655;10.277.546.111.730.200;11.358.051.679.441.300;111.81;;;;;
142;12;0.33370504;0.25380367;10.990.422;12.537.433;123.77;0.3314764574680008;0.23700719796183484;10.978.786.237.945.600;11.710.621.359.801.100;115.39;;;;;
142;13;0.23664607;0.2331011;0.849344;0.9372645;91.57;0.2327523744010705;0.22525621740072532;0.8412572330060505;0.9014586864366083;87.9;;;;;
142;14;0.3427912;0.22416285;0.6458625;0.80893606;78.38;0.33511695558274823;0.21345638340173265;0.6517414613585605;0.7633046141533464;73.66;;;;;
142;15;0.16273557;0.22976734;0.7743249;0.8956306;87.3;0.1479100861892907;0.21685757832222577;0.7686398299077631;0.8122264407127724;78.72;;;;;
142;16;-0.01968189;0.20873076;0.5811521;0.62888426;59.62;-0.01524036056470393;0.20489775220749715;0.5889660412661155;0.6237758854063747;59.08;;;;;
142;17;0.8304438;0.4292267;18.225.198;16.732.844;166.13;0.4356597904821861;0.22977750532529073;0.9231085158369359;1.046.291.779.097.570;102.7;;;;;
142;18;-0.26133737;0.20606413;0.61344665;0.7152007;68.67;-0.257146695015122;0.1974254123329111;0.6218565144075967;0.7012893416437938;67.22;;;;;
142;19;-0.24678475;0.20609963;0.6961868;0.7757271;74.95;-0.24018025501955134;0.203906839353242;0.6872265171216753;0.756005846453236;72.91;;;;;
142;20;-0.20745528;0.23241195;0.9570363;11.633.476;114.6;-0.20411518021143268;0.22434641012927314;0.965934784937051;10.124.348.508.827.700;99.25;;;;;
143;0;-0.14813478;0.20938227;0.5892073;0.6607395;62.97;-0.14837418420614434;0.2028298147287105;0.5970939244836061;0.6478240401042217;61.62;;;;;
143;1;-0.0015855666;0.22570065;0.7669441;0.88027257;85.73;-0.0022808237154998984;0.21481720360123854;0.7536640586733552;0.7836843410811981;75.77;;;;;
143;2;0.44161186;0.23127592;0.81803954;0.9613367;94.03;0.44449651671708595;0.2243440996144184;0.8290034632613101;0.9670336966748745;94.61;;;;;
143;3;-0.07624909;0.22291349;0.810037;0.8820498;85.91;-0.06860238945027783;0.21459334665914098;0.810055406962154;0.8408010196338244;81.67;;;;;
143;4;0.21449603;0.22250615;0.6764164;0.7615341;73.48;0.21784459752941412;0.21780041786679033;0.6881989349968358;0.7539967273314122;72.7;;;;;
143;5;0.28161088;0.22627303;0.73431003;0.8785768;85.55;0.2701551132473836;0.21522328116477116;0.7277661936301327;0.8055733849624929;78.04;;;;;
143;6;0.08778365;0.24915913;10.843.897;11.123.924;109.43;0.0819198479514573;0.23814438047637254;1.107.775.189.055.450;11.360.411.422.689.300;111.83;;;;;
143;7;0.29863223;0.25118244;10.407.555;11.193.651;110.14;0.27963032501933355;0.23821968442706343;10.096.791.208.638.500;10.744.271.328.607.400;105.56;;;;;
143;8;0.1365162;0.24251604;0.99644834;10.383.823;101.89;0.1389460139572358;0.23350988231864744;10.215.032.098.694.100;1.057.024.913.475.820;103.79;;;;;
143;9;-0.21245584;0.20743951;0.48818204;0.58741903;55.23;-0.21140693485587972;0.20006173458114684;0.4966638230709533;0.5756670416970479;53.98;;;;;
143;10;0.760211;0.4146157;19.009.117;18.427.775;183.19;0.41713168737005835;0.23763515389646234;10.191.214.832.134.700;11.265.335.807.346.400;110.86;;;;;
143;11;0.3299253;0.25060767;10.924.562;13.014.634;128.6;0.3296996723082609;0.23501554083610515;1.088.652.753.006.370;11.615.072.083.215.900;114.42;;;;;
143;12;-0.07518683;0.2547567;10.984.732;1.130.594;111.28;-0.06819928626331546;0.22266708575416788;10.186.584.178.942.500;10.449.386.326.822.700;102.56;;;;;
143;13;0.23429939;0.23301747;0.8333267;0.91645026;89.44;0.2327523744010705;0.22594926302579818;0.840857102927854;0.9012587890253615;87.88;;;;;
143;14;0.34138656;0.22272044;0.6451853;0.800806;77.54;0.3339789771059028;0.21232698454775525;0.6482930938381448;0.7595450223877986;73.27;;;;;
143;15;-0.25901043;0.20637849;0.6145406;0.72301275;69.48;-0.2578426730433259;0.19842757178637765;0.6250131464604272;0.7046259848568805;67.56;;;;;
143;16;0.44826478;0.24389306;0.9367354;11.278.747;111.0;0.4356597904821861;0.22977750532529073;0.9231085158369359;1.046.291.779.097.570;102.7;;;;;
143;17;0.16082884;0.23039944;0.7732253;0.8778361;85.47;0.14774014068483743;0.21553527601538292;0.7639530016766183;0.8074074517536471;78.22;;;;;
143;18;-0.20929766;0.2324449;0.95706856;12.692.868;125.34;-0.20501772925999626;0.22434641012927314;0.965934784937051;1.012.617.198.056.700;99.27;;;;;
143;19;-0.01682337;0.21232092;0.5822575;0.6502563;61.87;-0.01524036056470393;0.20489775220749715;0.5889660412661155;0.6237758854063747;59.08;;;;;
143;20;-0.24405098;0.21114296;0.6979271;0.7867205;76.09;-0.24018025501955134;0.203906839353242;0.6872265171216753;0.756005846453236;72.91;;;;;
144;0;0.0006374364;0.2266943;0.7702365;0.863109;83.96;-0.0030405839038532977;0.2174369255963756;0.7628550837791278;0.7932439351239569;76.76;;;;;
144;1;-0.14982879;0.20962822;0.58801126;0.65979904;62.88;-0.14765040769782167;0.20234750755325792;0.5938884930874445;0.6445531001616736;61.27;;;;;
144;2;0.21105567;0.22162361;0.6755916;0.7421004;71.46;0.21839406704666392;0.21902401571997454;0.6920652211485037;0.7580380981894074;73.12;;;;;
144;3;0.44723326;0.23140341;0.81730497;0.978938;95.83;0.44449651671708595;0.2243440996144184;0.8290034632613101;0.9670336966748745;94.61;;;;;
144;4;0.27936557;0.22598165;0.7335075;0.88393;86.1;0.2701551132473836;0.21583121592360702;0.7274152023334691;0.8054190062114323;78.02;;;;;
144;5;-0.07793074;0.22213165;0.80988747;0.8619764;83.85;-0.06816543155569008;0.21322651005621654;0.8048958183827772;0.8354455991266025;81.12;;;;;
144;6;0.08868645;0.25019684;10.830.306;11.157.573;109.77;0.0819198479514573;0.23814438047637254;1.107.775.189.055.450;11.360.411.422.689.300;111.83;;;;;
144;7;0.29674128;0.2526177;10.368.935;11.268.995;110.9;0.2808969226507651;0.2401103168431512;10.176.924.472.199.100;10.827.067.758.805.500;106.41;;;;;
144;8;0.13648441;0.2422254;0.9957243;10.403.092;102.09;0.14005758206889368;0.23620961612728414;10.291.950.794.545.200;10.652.012.113.302.300;104.63;;;;;
144;9;-0.21450001;0.20829092;0.48855022;0.5896319;55.47;-0.2110246423395746;0.19965962206725474;0.4943346040968929;0.5733777682873799;53.74;;;;;
144;10;-0.2586846;0.20365655;0.61380863;0.7076583;67.88;-0.25654043732088483;0.19795044689736024;0.6215533855604781;0.7009464933283766;67.18;;;;;
144;11;-0.07397368;0.24872965;10.715;11.016.686;108.34;-0.06874055044000844;0.22443428484745487;102.674.300.851.246;10.532.317.964.337.200;103.41;;;;;
144;12;0.33457;0.2547134;11.068.678;1.321.438;130.62;0.3314764574680008;0.23700719796183484;10.978.786.237.945.600;11.710.621.359.801.100;115.39;;;;;
144;13;0.74974006;0.40681016;18.768.942;17.937.889;178.26;0.41713168737005835;0.23681009958089932;1.019.597.828.544.660;11.267.908.412.144.200;110.89;;;;;
144;14;0.23729764;0.2334418;0.8434702;0.92384464;90.19;0.2327523744010705;0.22594926302579818;0.840857102927854;0.9012587890253615;87.88;;;;;
144;15;0.34346944;0.22397459;0.6457006;0.8115584;78.65;0.3339789771059028;0.21232698454775525;0.6482930938381448;0.7595450223877986;73.27;;;;;
144;16;0.16246068;0.23000349;0.7722358;0.90299207;88.06;0.1479100861892907;0.21749535036983883;0.7682716120443921;0.8120485766888034;78.7;;;;;
144;17;0.44352144;0.24450928;0.9372064;10.723.816;105.36;0.433389137482019;0.22887232070971986;0.9160356523292639;10.389.080.806.369.500;101.95;;;;;
144;18;-0.021416135;0.20983255;0.58105814;0.6290934;59.65;-0.01531470378697078;0.2058972534377776;0.5918390463454624;0.6268186946034789;59.41;;;;;
144;19;-0.2440602;0.2041697;0.6962683;0.7704445;74.4;-0.24018025501955134;0.203906839353242;0.6872265171216753;0.756005846453236;72.91;;;;;
144;20;-0.20232323;0.22970323;0.9606591;1.009.354;98.93;-0.20501772925999626;0.22434641012927314;0.965934784937051;1.012.617.198.056.700;99.27;;;;;
145;0;-0.14917715;0.20962045;0.5877413;0.66059136;62.96;-0.14837418420614434;0.20333940710008763;0.5967997111908145;0.6477126741820741;61.61;;;;;
145;1;-0.0030189978;0.22558416;0.7647013;0.85587674;83.22;-0.0022808237154998984;0.21481720360123854;0.7536640586733552;0.7836843410811981;75.77;;;;;
145;2;-0.070992924;0.22423804;0.8080001;0.865803;84.24;-0.06816543155569008;0.21388865555787853;0.8045135284991499;0.8352466106328614;81.09;;;;;
145;3;0.21248177;0.22210479;0.67675614;0.75806046;73.12;0.217173988459811;0.21780041786679033;0.6881989349968358;0.7538032484788518;72.68;;;;;
145;4;0.28115606;0.22628209;0.73348045;0.87872535;85.57;0.2701551132473836;0.21583121592360702;0.7274152023334691;0.8054190062114323;78.02;;;;;
145;5;0.090128645;0.24835415;10.790.176;11.094.393;109.13;0.08224289181169037;0.236126207760471;10.983.872.637.244.700;1.126.487.487.883.030;110.86;;;;;
145;6;0.30514812;0.25341666;10.498.788;11.300.455;111.22;0.2808969226507651;0.2401103168431512;10.176.924.472.199.100;10.827.067.758.805.500;106.41;;;;;
145;7;0.44172743;0.23050301;0.8176506;0.9564762;93.53;0.441591310725471;0.222877798309749;0.8235851399720205;0.9607132149972609;93.97;;;;;
145;8;-0.2121157;0.20557733;0.48817512;0.57981944;54.42;-0.21280544100910687;0.20178314986428192;0.4982529572465313;0.5781510223956587;54.25;;;;;
145;9;0.13547952;0.24278578;0.9975317;10.410.931;102.17;0.1389460139572358;0.23350988231864744;10.215.032.098.694.100;1.057.024.913.475.820;103.79;;;;;
145;10;0.23577163;0.23386905;0.84463257;0.93490237;91.33;0.2327523744010705;0.22594926302579818;0.840857102927854;0.9012587890253615;87.88;;;;;
145;11;-0.07526484;0.24981815;10.761.142;11.026.843;108.44;-0.06819928626331546;0.22266708575416788;10.186.584.178.942.500;10.449.386.326.822.700;102.56;;;;;
145;12;0.7498794;0.4097352;18.771.944;1.828.756;181.78;0.4147923750557977;0.23494545312750648;10.115.694.991.860.400;11.182.687.208.507.700;110.02;;;;;
145;13;0.33046257;0.25188679;10.928.084;11.671.255;114.99;0.3314764574680008;0.23700719796183484;10.978.786.237.945.600;11.710.621.359.801.100;115.39;;;;;
145;14;0.7009817;0.35314202;14.996.258;14.552.577;144.14;0.4356597904821861;0.22977750532529073;0.9231085158369359;1.046.291.779.097.570;102.7;;;;;
145;15;-0.2598642;0.20583245;0.6139062;0.708865;68.01;-0.25654043732088483;0.19795044689736024;0.6215533855604781;0.7009464933283766;67.18;;;;;
145;16;0.34268665;0.22442266;0.64642733;0.8079469;78.28;0.33511695558274823;0.21345638340173265;0.6517414613585605;0.7633046141533464;73.66;;;;;
145;17;0.16179146;0.23131336;0.7750754;0.8935844;87.09;0.14774014068483743;0.21553527601538292;0.7639530016766183;0.8074074517536471;78.22;;;;;
145;18;-0.015654774;0.21260884;0.58130836;0.6930586;66.36;-0.01524036056470393;0.20489775220749715;0.5889660412661155;0.6237758854063747;59.08;;;;;
145;19;-0.24579844;0.20561919;0.6965641;0.7742642;74.8;-0.24018025501955134;0.203906839353242;0.6872265171216753;0.756005846453236;72.91;;;;;
145;20;-0.20401397;0.23181432;0.95756614;11.252.176;110.73;-0.20501772925999626;0.22434641012927314;0.965934784937051;1.012.617.198.056.700;99.27;;;;;
146;0;-0.14857851;0.2091923;0.58869654;0.6613723;63.04;-0.14765040769782167;0.20234750755325792;0.5938884930874445;0.6445531001616736;61.27;;;;;
146;1;-0.0030038022;0.22084051;0.7514038;0.8040851;77.88;-0.002294646889533231;0.21611912604730665;0.7582317196350119;0.788433943148357;76.26;;;;;
146;2;0.44338018;0.2320661;0.8172431;0.95943195;93.84;0.441591310725471;0.22219834181457948;0.8239774243624093;0.9608921816063954;93.98;;;;;
146;3;0.21466456;0.22305682;0.6768855;0.7739658;74.77;0.217173988459811;0.21780041786679033;0.6881989349968358;0.7538032484788518;72.68;;;;;
146;4;0.28176972;0.2261303;0.7329398;0.89698714;87.44;0.27103814906966844;0.2164893004657404;0.7320471712397217;0.810075525113144;78.5;;;;;
146;5;-0.073288456;0.22386912;0.80845153;0.8673806;84.4;-0.06816543155569008;0.21322651005621654;0.8048958183827772;0.8354455991266025;81.12;;;;;
146;6;0.29420447;0.25027204;10.279.891;11.112.769;109.31;0.2808969226507651;0.2401103168431512;10.176.924.472.199.100;10.827.067.758.805.500;106.41;;;;;
146;7;0.091923654;0.24983749;10.801.294;11.155.008;109.74;0.0819198479514573;0.23814438047637254;1.107.775.189.055.450;11.360.411.422.689.300;111.83;;;;;
146;8;-0.21798693;0.20352481;0.4915698;0.58509964;54.99;-0.2110246423395746;0.19922465619377802;0.494585731761033;0.5734430306243776;53.74;;;;;
146;9;0.7514988;0.40661654;18.786.931;18.183.309;180.73;0.41713168737005835;0.23681009958089932;1.019.597.828.544.660;11.267.908.412.144.200;110.89;;;;;
146;10;0.1358092;0.24512796;10.031.489;10.455.908;102.63;0.13879714001630447;0.2324897796528388;10.129.872.829.276.800;10.485.510.855.904.600;102.93;;;;;
146;11;0.3426867;0.22350025;0.64645845;0.80426586;77.9;0.3339789771059028;0.21232698454775525;0.6482930938381448;0.7595450223877986;73.27;;;;;
146;12;0.22849691;0.23450613;0.8423234;0.93349266;91.18;0.2327523744010705;0.22594926302579818;0.840857102927854;0.9012587890253615;87.88;;;;;
146;13;0.33450043;0.251826;10.906.906;13.304.443;131.53;0.3269521750390254;0.23305707799580427;10.795.806.467.313.100;1.151.827.981.585.570;113.43;;;;;
146;14;0.44917983;0.24506404;0.9366149;13.303.516;131.52;0.4356597904821861;0.22977750532529073;0.9231085158369359;1.046.291.779.097.570;102.7;;;;;
146;15;-0.26353404;0.2068706;0.6161291;0.73375833;70.6;-0.25525128939464925;0.19643332483375078;0.6187316073000209;0.6975443166673642;66.83;;;;;
146;16;-0.072397105;0.24744725;10.738.748;11.055.566;108.73;-0.06819928626331546;0.22266708575416788;10.186.584.178.942.500;10.449.386.326.822.700;102.56;;;;;
146;17;0.1594754;0.23165391;0.7794472;0.9141682;89.2;0.1479100861892907;0.21685757832222577;0.7686398299077631;0.8122264407127724;78.72;;;;;
146;18;-0.016829208;0.21289904;0.58329606;0.68961936;66.0;-0.01531470378697078;0.2058972534377776;0.5918390463454624;0.6268186946034789;59.41;;;;;
146;19;-0.24502373;0.20499238;0.6961894;0.77286017;74.65;-0.24018025501955134;0.203906839353242;0.6872265171216753;0.756005846453236;72.91;;;;;
146;20;-0.2019237;0.2307235;0.9547223;10.998.197;108.15;-0.20501772925999626;0.22434641012927314;0.965934784937051;1.012.617.198.056.700;99.27;;;;;
147;0;0.007264793;0.23424879;0.77733976;0.9221407;90.02;-0.0030221561226178232;0.21611912604730665;0.7582317196350119;0.7884363961232056;76.26;;;;;
147;1;-0.14988634;0.21190633;0.58992016;0.6716666;64.12;-0.14765040769782167;0.20234750755325792;0.5938884930874445;0.6445531001616736;61.27;;;;;
147;2;-0.07564825;0.22475739;0.8088876;0.8755009;85.24;-0.06816543155569008;0.21388865555787853;0.8045135284991499;0.8352466106328614;81.09;;;;;
147;3;0.21585509;0.22357099;0.6766902;0.7758162;74.96;0.21839406704666392;0.21902401571997454;0.6920652211485037;0.7580380981894074;73.12;;;;;
147;4;0.44283146;0.23215884;0.81833637;0.9678967;94.7;0.441591310725471;0.222877798309749;0.8235851399720205;0.9607132149972609;93.97;;;;;
147;5;0.28252548;0.22769228;0.7345092;0.9154925;89.34;0.27103814906966844;0.2164893004657404;0.7320471712397217;0.810075525113144;78.5;;;;;
147;6;0.08867021;0.25037923;10.910.296;11.230.794;110.51;0.0819198479514573;0.23814438047637254;1.107.775.189.055.450;11.360.411.422.689.300;111.83;;;;;
147;7;0.29577425;0.2508847;10.340.211;111.298;109.49;0.2808969226507651;0.2401103168431512;10.176.924.472.199.100;10.827.067.758.805.500;106.41;;;;;
147;8;0.13425641;0.24489108;0.99781257;10.443.392;102.5;0.14005758206889368;0.23620961612728414;10.291.950.794.545.200;10.652.012.113.302.300;104.63;;;;;
147;9;-0.21506016;0.20621674;0.49162978;0.587848;55.28;-0.21280544100910687;0.2013445133927168;0.49850620413146585;0.5782163992433915;54.25;;;;;
147;10;0.7537645;0.4113891;18.842.689;18.636.836;185.29;0.41713168737005835;0.23763515389646234;10.191.214.832.134.700;11.265.335.807.346.400;110.86;;;;;
147;11;-0.07518191;0.25469905;10.985.155;11.306.229;111.28;-0.0672540971022213;0.22266708575416788;10.186.584.178.942.500;10.448.773.693.606.800;102.56;;;;;
147;12;0.3322436;0.25293785;1.097.967;12.134.447;119.68;0.3314764574680008;0.23700719796183484;10.978.786.237.945.600;11.710.621.359.801.100;115.39;;;;;
147;13;0.23483767;0.23190023;0.8327259;0.91026425;88.8;0.23121096794808327;0.22445291029052802;0.8352885128422392;0.895290187773538;87.27;;;;;
147;14;0.34158134;0.22338179;0.64542645;0.8012686;77.59;0.33575546102667886;0.21345638340173265;0.6517414613585605;0.763585155485606;73.69;;;;;
147;15;0.4520475;0.25276232;0.98437566;13.524.017;133.75;0.438839788952859;0.23069590431481166;0.9302846328264718;10.541.491.634.056.800;103.5;;;;;
147;16;-0.2663052;0.20513538;0.65561134;0.73439276;70.66;-0.25525128939464925;0.19643332483375078;0.6187316073000209;0.6975443166673642;66.83;;;;;
147;17;0.1536117;0.22739023;0.76895016;0.8239863;79.93;0.14774014068483743;0.21553527601538292;0.7639530016766183;0.8074074517536471;78.22;;;;;
147;18;-0.017379468;0.2105743;0.5811135;0.63534683;60.3;-0.01531470378697078;0.2058972534377776;0.5918390463454624;0.6268186946034789;59.41;;;;;
147;19;-0.24419396;0.20654848;0.6946924;0.7681485;74.17;-0.24018025501955134;0.203906839353242;0.6872265171216753;0.756005846453236;72.91;;;;;
147;20;-0.20291685;0.23009107;0.9558795;10.514.964;103.23;-0.2025919325979145;0.22344798052950937;0.9582784095887932;10.046.243.086.052.100;98.45;;;;;
148;0;-0.14751102;0.20967862;0.5890419;0.65981615;62.88;-0.14837418420614434;0.20333940710008763;0.5967997111908145;0.6477126741820741;61.61;;;;;
148;1;0.0021512532;0.2323806;0.7885488;0.9178489;89.58;-0.002294646889533231;0.21611912604730665;0.7582317196350119;0.788433943148357;76.26;;;;;
148;2;0.44329906;0.22996561;0.81692064;0.99353105;97.32;0.44449651671708595;0.22366017301072805;0.8293983284700567;0.9672138406959112;94.63;;;;;
148;3;0.21231046;0.2221146;0.67561156;0.7444405;71.71;0.21663434976536186;0.21659041554530817;0.6843756075801869;0.7498078566240156;72.26;;;;;
148;4;0.27887738;0.22551934;0.73274267;0.8674844;84.41;0.2701551132473836;0.21522328116477116;0.7277661936301327;0.8055733849624929;78.04;;;;;
148;5;-0.07636558;0.22508807;0.80954707;0.93725127;91.57;-0.06816543155569008;0.21388865555787853;0.8045135284991499;0.8352466106328614;81.09;;;;;
148;6;0.08477591;0.25269842;10.914.288;11.262.197;110.83;0.08224289181169037;0.236126207760471;10.983.872.637.244.700;1.126.487.487.883.030;110.86;;;;;
148;7;0.3145998;0.25004947;1.062.877;11.234.809;110.55;0.2808969226507651;0.2401103168431512;10.176.924.472.199.100;10.827.067.758.805.500;106.41;;;;;
148;8;0.13695566;0.24428995;10.004.537;10.420.495;102.27;0.13879714001630447;0.23167122182794953;10.134.598.775.082.300;10.488.265.463.931.400;102.96;;;;;
148;9;-0.2160404;0.20854485;0.48795155;0.5907379;55.59;-0.21191130050066526;0.20093532150350762;0.49615945742616774;0.5757218164192064;53.99;;;;;
148;10;-0.07378173;0.247022;1.075.097;1.107.752;108.95;-0.06874055044000844;0.22443428484745487;102.674.300.851.246;10.532.317.964.337.200;103.41;;;;;
148;11;0.23089641;0.23250996;0.83665675;0.91222066;89.0;0.23121096794808327;0.22445291029052802;0.8352885128422392;0.895290187773538;87.27;;;;;
148;12;0.7521032;0.40695995;18.687.397;19.079.509;189.74;0.4204687408690188;0.23870458037754655;10.277.546.111.730.200;11.358.051.679.441.300;111.81;;;;;
148;13;0.33411226;0.2545833;11.012.225;12.761.698;126.04;0.3269521750390254;0.23305707799580427;10.795.806.467.313.100;1.151.827.981.585.570;113.43;;;;;
148;14;0.3427626;0.22387345;0.6464484;0.7997029;77.43;0.3339789771059028;0.21232698454775525;0.6482930938381448;0.7595450223877986;73.27;;;;;
148;15;0.7646303;0.38718158;16.355.028;16.288.185;161.65;0.4356597904821861;0.229024194863255;0.9235434398349756;1.046.510.401.352.010;102.72;;;;;
148;16;-0.016790695;0.20920658;0.580259;0.6262896;59.35;-0.01524036056470393;0.20489775220749715;0.5889660412661155;0.6237758854063747;59.08;;;;;
148;17;0.15586372;0.2284656;0.7698215;0.85178286;82.8;0.1479100861892907;0.21685757832222577;0.7686398299077631;0.8122264407127724;78.72;;;;;
148;18;-0.26213518;0.20375207;0.61532974;0.71734166;68.89;-0.257146695015122;0.1974254123329111;0.6218565144075967;0.7012893416437938;67.22;;;;;
148;19;-0.20368803;0.23225936;0.95547116;11.131.802;109.51;-0.20501772925999626;0.22434641012927314;0.965934784937051;1.012.617.198.056.700;99.27;;;;;
148;20;-0.24415872;0.20350003;0.6961858;0.766652;74.01;-0.24018025501955134;0.203906839353242;0.6872265171216753;0.756005846453236;72.91;;;;;
149;0;-0.1493311;0.21031065;0.58799994;0.66329026;63.24;-0.14765040769782167;0.20234750755325792;0.5938884930874445;0.6445531001616736;61.27;;;;;
149;1;-0.00011399391;0.2270282;0.77127475;0.8583221;83.47;-0.0030221561226178232;0.21611912604730665;0.7582317196350119;0.7884363961232056;76.26;;;;;
149;2;-0.07215804;0.2248716;0.80858076;0.87318295;85.0;-0.06816543155569008;0.21322651005621654;0.8048958183827772;0.8354455991266025;81.12;;;;;
149;3;0.21502852;0.22260985;0.6761234;0.77034336;74.39;0.21663434976536186;0.21601287752441412;0.6847090493120173;0.7499456560074237;72.28;;;;;
149;4;0.2776444;0.2247098;0.7326666;0.85003346;82.62;0.2701551132473836;0.21583121592360702;0.7274152023334691;0.8054190062114323;78.02;;;;;
149;5;0.08597165;0.2505557;10.836.905;11.167.226;109.87;0.08155177507377698;0.23501554083610515;1.088.652.753.006.370;11.167.129.501.714.000;109.87;;;;;
149;6;0.44485214;0.23307393;0.81864065;10.956.216;107.72;0.4466452418380007;0.22514136620947459;0.8348910326321102;0.9732541513935125;95.25;;;;;
149;7;0.31933987;0.26112843;10.849.228;11.621.459;114.48;0.2808969226507651;0.2401103168431512;10.176.924.472.199.100;10.827.067.758.805.500;106.41;;;;;
149;8;-0.21454081;0.20631808;0.4883613;0.58552444;55.03;-0.2110246423395746;0.19965962206725474;0.4943346040968929;0.5733777682873799;53.74;;;;;
149;9;0.13623199;0.24288064;0.99686646;10.427.195;102.34;0.13879714001630447;0.23167122182794953;10.134.598.775.082.300;10.488.265.463.931.400;102.96;;;;;
149;10;0.34270483;0.22340596;0.6459029;0.8014308;77.61;0.33575546102667886;0.21400934533663124;0.6514222086365952;0.7634674999013585;73.68;;;;;
149;11;0.3349939;0.25303763;10.958.904;14.295.418;141.55;0.3296996723082609;0.23501554083610515;1.088.652.753.006.370;11.615.072.083.215.900;114.42;;;;;
149;12;-0.26016006;0.2062239;0.61481196;0.714852;68.63;-0.25525128939464925;0.19643332483375078;0.6187316073000209;0.6975443166673642;66.83;;;;;
149;13;0.23967454;0.23649776;0.8526265;0.9599286;93.89;0.2327523744010705;0.22525621740072532;0.8412572330060505;0.9014586864366083;87.9;;;;;
149;14;-0.07460454;0.25124475;10.804.244;11.134.292;109.53;-0.0662113979223419;0.21921488287425828;10.028.652.641.284.400;10.286.777.202.233.100;100.9;;;;;
149;15;0.76768273;0.41694146;19.048.806;19.427.718;193.24;0.41713168737005835;0.23681009958089932;1.019.597.828.544.660;11.267.908.412.144.200;110.89;;;;;
149;16;-0.019690432;0.2105166;0.5811948;0.63592094;60.37;-0.01524036056470393;0.20489775220749715;0.5889660412661155;0.6237758854063747;59.08;;;;;
149;17;0.160819;0.22899121;0.7722623;0.8836135;86.07;0.14774014068483743;0.21616915920904714;0.7635870290441215;0.8072307015266142;78.21;;;;;
149;18;0.74659693;0.37861022;15.884.144;16.202.409;160.78;0.433389137482019;0.228124429747411;0.9164674473776774;10.391.243.823.710.100;101.97;;;;;
149;19;-0.2021231;0.2300448;0.95515376;0.99922705;97.9;-0.20501772925999626;0.22434641012927314;0.965934784937051;1.012.617.198.056.700;99.27;;;;;
149;20;-0.24305722;0.20971996;0.69259894;0.7754153;74.92;-0.24018025501955134;0.203906839353242;0.6872265171216753;0.756005846453236;72.91;;;;;
