frame;ID;left_xmin;left_ymin;left_xmax;left_ymax;f;C_x;C_y;x_il;v_il;x_ir;v_ir;disparitas;X_val;Y_val;Z_val;distance_cm;;X_actual;Y_actual;Z_actual
0;0;924;258;996;308;10.511.309.814.453.100;9.631.541.137.695.310;5.468.471.069.335.930;960;283;795;284;165;-0.002294646889533231;0.21611912604730665;0.7582317196350119;76.26;;0;0,21;0,76
0;1;677;310;746;367;10.511.309.814.453.100;9.631.541.137.695.310;5.468.471.069.335.930;711;338;506;337;205;-0.14765040769782167;0.20184040099832654;0.594181271193442;61.29;;0,13;0,21;0,6
0;2;1501;243;1550;293;10.511.309.814.453.100;9.631.541.137.695.310;5.468.471.069.335.930;1525;268;1374;267;151;0.4466452418380007;0.22582982212842118;0.8344935524219811;95.23;;0,45;0,21;0,91
0;3;845;238;903;287;10.511.309.814.453.100;9.631.541.137.695.310;5.468.471.069.335.930;874;262;717;263;157;-0.06816543155569008;0.21322651005621654;0.8048958183827772;81.12;;0;0,21;0,8
0;4;1315;268;1381;321;10.511.309.814.453.100;9.631.541.137.695.310;5.468.471.069.335.930;1348;294;1177;295;171;0.2701551132473836;0.21522328116477116;0.7277661936301327;78.04;;0,28;0,21;0,74
0;5;1253;283;1324;347;10.511.309.814.453.100;9.631.541.137.695.310;5.468.471.069.335.930;1288;315;1109;311;179;0.21784459752941412;0.21780041786679033;0.6881989349968358;72.7;;0,21;0,21;0,77
0;6;1233;211;1284;251;10.511.309.814.453.100;9.631.541.137.695.310;5.468.471.069.335.930;1258;231;1132;230;126;0.2808969226507651;0.2401103168431512;10.176.924.472.199.100;106.41;;0,22;0,21;0,99
0;7;1019;184;1068;233;10.511.309.814.453.100;9.631.541.137.695.310;5.468.471.069.335.930;1043;208;926;208;117;0.0819198479514573;0.23814438047637254;1.107.775.189.055.450;111.83;;0,1;0,21;1,04
0;8;1085;199;1135;249;10.511.309.814.453.100;9.631.541.137.695.310;5.468.471.069.335.930;1110;224;983;223;127;0.13879714001630447;0.2324897796528388;10.129.872.829.276.800;102.93;;0,18;0,21;1,03
0;9;1223;243;1284;289;10.511.309.814.453.100;9.631.541.137.695.310;5.468.471.069.335.930;1253;266;1103;263;150;0.23195211424467743;0.22594926302579818;0.840857102927854;87.86;;0,24;0,21;0,85
0;10;1380;204;1424;251;10.511.309.814.453.100;9.631.541.137.695.310;5.468.471.069.335.930;1402;227;1275;226;127;0.4147923750557977;0.23494545312750648;10.115.694.991.860.400;110.02;;0,43;0,21;1,05
0;11;866;191;918;234;10.511.309.814.453.100;9.631.541.137.695.310;5.468.471.069.335.930;892;212;764;213;128;-0.0667286744686102;0.22092749914671345;10.107.001.490.044.500;101.72;;0,03;0,21;1,03
0;12;1265;186;1315;233;10.511.309.814.453.100;9.631.541.137.695.310;5.468.471.069.335.930;1290;209;1171;209;119;0.3296996723082609;0.23501554083610515;1.088.652.753.006.370;114.42;;0,36;0,21;1,12
0;13;488;356;601;442;10.511.309.814.453.100;9.631.541.137.695.310;5.468.471.069.335.930;544;399;304;395;240;-0.2096452103987474;0.19882770697530783;0.49227487657982255;53.46;;0,19;0,21;0,49
0;14;895;317;979;375;10.511.309.814.453.100;9.631.541.137.695.310;5.468.471.069.335.930;937;346;731;345;206;-0.01524036056470393;0.20489775220749715;0.5889660412661155;59.08;;0;0,21;0,55
0;15;505;280;574;352;10.511.309.814.453.100;9.631.541.137.695.310;5.468.471.069.335.930;539;316;343;316;196;-0.2597706408826233;0.19943995735671632;0.6282019890444089;67.96;;0,23;0,21;0,63
0;16;1137;257;1193;303;10.511.309.814.453.100;9.631.541.137.695.310;5.468.471.069.335.930;1165;280;1001;280;164;0.14774014068483743;0.21553527601538292;0.7639530016766183;78.22;;0,17;0,21;0,75
0;17;1456;298;1521;354;10.511.309.814.453.100;9.631.541.137.695.310;5.468.471.069.335.930;1488;326;1300;325;188;0.33511695558274823;0.21345638340173265;0.6517414613585605;73.66;;0,35;0,21;0,69
0;18;1439;224;1490;266;10.511.309.814.453.100;9.631.541.137.695.310;5.468.471.069.335.930;1464;245;1326;245;138;0.4356597904821861;0.22977750532529073;0.9231085158369359;102.7;;0,45;0,21;0,97
0;19;569;266;633;323;10.511.309.814.453.100;9.631.541.137.695.310;5.468.471.069.335.930;601;294;420;294;181;-0.24018025501955134;0.20333249215014293;0.6875581166339928;72.92;;0,23;0,21;0,69
0;20;709;205;766;251;10.511.309.814.453.100;9.631.541.137.695.310;5.468.471.069.335.930;737;228;603;227;134;-0.2025919325979145;0.22344798052950937;0.9582784095887932;98.45;;0,15;0,21;0,95
1;0;677;310;745;368;10.511.309.814.453.100;9.631.541.137.695.310;5.468.471.069.335.930;711;339;507;338;204;-0.14837418420614434;0.20333940710008763;0.5967997111908145;61.61;;;;
1;1;924;258;995;308;10.511.309.814.453.100;9.631.541.137.695.310;5.468.471.069.335.930;959;283;795;284;164;-0.0030405839038532977;0.2174369255963756;0.7628550837791278;76.76;;;;
1;2;1501;243;1551;293;10.511.309.814.453.100;9.631.541.137.695.310;5.468.471.069.335.930;1526;268;1374;268;152;0.44449651671708595;0.2243440996144184;0.8290034632613101;94.61;;;;
1;3;1251;283;1323;347;10.511.309.814.453.100;9.631.541.137.695.310;5.468.471.069.335.930;1287;315;1109;311;178;0.21839406704666392;0.21902401571997454;0.6920652211485037;73.12;;;;
1;4;1315;268;1380;321;10.511.309.814.453.100;9.631.541.137.695.310;5.468.471.069.335.930;1347;294;1177;295;170;0.27103814906966844;0.2164893004657404;0.7320471712397217;78.5;;;;
1;5;845;238;904;288;10.511.309.814.453.100;9.631.541.137.695.310;5.468.471.069.335.930;874;263;718;262;156;-0.06860238945027783;0.21525973668324952;0.8096706665023495;81.65;;;;
1;6;1020;185;1068;233;10.511.309.814.453.100;9.631.541.137.695.310;5.468.471.069.335.930;1044;209;926;208;118;0.08224289181169037;0.23700719796183484;10.978.786.237.945.600;110.83;;;;
1;7;1233;212;1284;251;10.511.309.814.453.100;9.631.541.137.695.310;5.468.471.069.335.930;1258;231;1132;231;126;0.2808969226507651;0.2401103168431512;10.176.924.472.199.100;106.41;;;;
1;8;1085;199;1134;248;10.511.309.814.453.100;9.631.541.137.695.310;5.468.471.069.335.930;1109;223;983;223;126;0.1389460139572358;0.23350988231864744;10.215.032.098.694.100;103.79;;;;
1;9;1380;203;1424;251;10.511.309.814.453.100;9.631.541.137.695.310;5.468.471.069.335.930;1402;227;1275;227;127;0.4147923750557977;0.23494545312750648;10.115.694.991.860.400;110.02;;;;
1;10;506;281;574;352;10.511.309.814.453.100;9.631.541.137.695.310;5.468.471.069.335.930;540;316;341;317;199;-0.25525128939464925;0.19643332483375078;0.6187316073000209;66.83;;;;
1;11;866;190;917;234;10.511.309.814.453.100;9.631.541.137.695.310;5.468.471.069.335.930;891;212;764;213;127;-0.06819928626331546;0.22266708575416788;10.186.584.178.942.500;102.56;;;;
1;12;488;357;599;443;10.511.309.814.453.100;9.631.541.137.695.310;5.468.471.069.335.930;543;400;304;395;239;-0.2110246423395746;0.20009458794073143;0.4940834764327528;53.73;;;;
1;13;1264;186;1315;232;10.511.309.814.453.100;9.631.541.137.695.310;5.468.471.069.335.930;1289;209;1171;209;118;0.3314764574680008;0.23700719796183484;10.978.786.237.945.600;115.39;;;;
1;14;1224;243;1285;289;10.511.309.814.453.100;9.631.541.137.695.310;5.468.471.069.335.930;1254;266;1104;263;150;0.2327523744010705;0.22594926302579818;0.840857102927854;87.88;;;;
1;15;896;317;979;375;10.511.309.814.453.100;9.631.541.137.695.310;5.468.471.069.335.930;937;346;732;346;205;-0.01531470378697078;0.2058972534377776;0.5918390463454624;59.41;;;;
1;16;1456;298;1521;354;10.511.309.814.453.100;9.631.541.137.695.310;5.468.471.069.335.930;1488;326;1300;324;188;0.33511695558274823;0.21345638340173265;0.6517414613585605;73.66;;;;
1;17;1438;224;1491;265;10.511.309.814.453.100;9.631.541.137.695.310;5.468.471.069.335.930;1464;244;1326;245;138;0.4356597904821861;0.229024194863255;0.9235434398349756;102.72;;;;
1;18;1136;258;1194;304;10.511.309.814.453.100;9.631.541.137.695.310;5.468.471.069.335.930;1165;281;1001;281;164;0.14774014068483743;0.21616915920904714;0.7635870290441215;78.21;;;;
1;19;569;267;633;322;10.511.309.814.453.100;9.631.541.137.695.310;5.468.471.069.335.930;601;294;420;293;181;-0.24018025501955134;0.20333249215014293;0.6875581166339928;72.92;;;;
1;20;708;204;766;251;10.511.309.814.453.100;9.631.541.137.695.310;5.468.471.069.335.930;737;227;603;227;134;-0.2025919325979145;0.22267218318800988;0.9587263163927445;98.48;;;;
2;0;677;310;744;368;10.511.309.814.453.100;9.631.541.137.695.310;5.468.471.069.335.930;710;339;506;337;204;-0.14896261079172746;0.20333940710008763;0.5967997111908145;61.62;;;;
2;1;924;258;995;308;10.511.309.814.453.100;9.631.541.137.695.310;5.468.471.069.335.930;959;283;795;283;164;-0.0030405839038532977;0.2174369255963756;0.7628550837791278;76.76;;;;
2;2;1501;243;1551;294;10.511.309.814.453.100;9.631.541.137.695.310;5.468.471.069.335.930;1526;268;1374;268;152;0.44449651671708595;0.2243440996144184;0.8290034632613101;94.61;;;;
2;3;1252;282;1323;347;10.511.309.814.453.100;9.631.541.137.695.310;5.468.471.069.335.930;1287;314;1108;311;179;0.217173988459811;0.21721965337650578;0.6885342395316374;72.69;;;;
2;4;845;238;904;288;10.511.309.814.453.100;9.631.541.137.695.310;5.468.471.069.335.930;874;263;718;262;156;-0.06860238945027783;0.21525973668324952;0.8096706665023495;81.65;;;;
2;5;1316;268;1381;321;10.511.309.814.453.100;9.631.541.137.695.310;5.468.471.069.335.930;1348;294;1177;295;171;0.2701551132473836;0.21522328116477116;0.7277661936301327;78.04;;;;
2;6;1233;211;1284;251;10.511.309.814.453.100;9.631.541.137.695.310;5.468.471.069.335.930;1258;231;1132;230;126;0.2808969226507651;0.2401103168431512;10.176.924.472.199.100;106.41;;;;
2;7;1020;184;1068;233;10.511.309.814.453.100;9.631.541.137.695.310;5.468.471.069.335.930;1044;208;926;208;118;0.08224289181169037;0.236126207760471;10.983.872.637.244.700;110.86;;;;
2;8;488;357;599;442;10.511.309.814.453.100;9.631.541.137.695.310;5.468.471.069.335.930;543;399;305;395;238;-0.21191130050066526;0.20049852804232723;0.49641164024856055;53.99;;;;
2;9;1085;199;1134;249;10.511.309.814.453.100;9.631.541.137.695.310;5.468.471.069.335.930;1109;224;983;223;126;0.1389460139572358;0.23433493663421046;10.210.268.645.382.200;103.76;;;;
2;10;1380;204;1423;251;10.511.309.814.453.100;9.631.541.137.695.310;5.468.471.069.335.930;1401;227;1276;227;125;0.4204687408690188;0.23870458037754655;10.277.546.111.730.200;111.81;;;;
2;11;1224;243;1284;289;10.511.309.814.453.100;9.631.541.137.695.310;5.468.471.069.335.930;1254;266;1104;263;150;0.2327523744010705;0.22594926302579818;0.840857102927854;87.88;;;;
2;12;866;190;918;234;10.511.309.814.453.100;9.631.541.137.695.310;5.468.471.069.335.930;892;212;764;213;128;-0.0667286744686102;0.22092749914671345;10.107.001.490.044.500;101.72;;;;
2;13;505;281;573;352;10.511.309.814.453.100;9.631.541.137.695.310;5.468.471.069.335.930;539;316;342;316;197;-0.2584520081877876;0.19842757178637765;0.6250131464604272;67.59;;;;
2;14;1265;185;1314;232;10.511.309.814.453.100;9.631.541.137.695.310;5.468.471.069.335.930;1289;208;1171;208;118;0.3314764574680008;0.236126207760471;10.983.872.637.244.700;115.42;;;;
2;15;896;317;979;375;10.511.309.814.453.100;9.631.541.137.695.310;5.468.471.069.335.930;937;346;732;345;205;-0.01531470378697078;0.2058972534377776;0.5918390463454624;59.41;;;;
2;16;1457;298;1521;354;10.511.309.814.453.100;9.631.541.137.695.310;5.468.471.069.335.930;1489;326;1300;324;189;0.3339789771059028;0.21232698454775525;0.6482930938381448;73.27;;;;
2;17;1439;225;1491;266;10.511.309.814.453.100;9.631.541.137.695.310;5.468.471.069.335.930;1465;245;1326;245;139;0.433389137482019;0.228124429747411;0.9164674473776774;101.97;;;;
2;18;1136;257;1193;304;10.511.309.814.453.100;9.631.541.137.695.310;5.468.471.069.335.930;1164;280;1001;280;163;0.1479100861892907;0.21685757832222577;0.7686398299077631;78.72;;;;
2;19;569;267;633;322;10.511.309.814.453.100;9.631.541.137.695.310;5.468.471.069.335.930;601;294;420;294;181;-0.24018025501955134;0.20333249215014293;0.6875581166339928;72.92;;;;
2;20;709;205;765;251;10.511.309.814.453.100;9.631.541.137.695.310;5.468.471.069.335.930;737;228;604;227;133;-0.20411518021143268;0.22512804053349061;0.9654835104127693;99.22;;;;
3;0;925;258;995;308;10.511.309.814.453.100;9.631.541.137.695.310;5.468.471.069.335.930;960;283;794;284;166;-0.0022808237154998984;0.21481720360123854;0.7536640586733552;75.77;;;;
3;1;677;310;745;368;10.511.309.814.453.100;9.631.541.137.695.310;5.468.471.069.335.930;711;339;506;337;205;-0.14765040769782167;0.20234750755325792;0.5938884930874445;61.27;;;;
3;2;845;238;904;287;10.511.309.814.453.100;9.631.541.137.695.310;5.468.471.069.335.930;874;262;718;263;156;-0.06860238945027783;0.21459334665914098;0.810055406962154;81.67;;;;
3;3;1500;242;1551;293;10.511.309.814.453.100;9.631.541.137.695.310;5.468.471.069.335.930;1525;267;1374;268;151;0.4466452418380007;0.22514136620947459;0.8348910326321102;95.25;;;;
3;4;1315;267;1381;322;10.511.309.814.453.100;9.631.541.137.695.310;5.468.471.069.335.930;1348;294;1177;295;171;0.2701551132473836;0.21522328116477116;0.7277661936301327;78.04;;;;
3;5;1251;282;1324;348;10.511.309.814.453.100;9.631.541.137.695.310;5.468.471.069.335.930;1287;315;1109;311;178;0.21839406704666392;0.21902401571997454;0.6920652211485037;73.12;;;;
3;6;1019;184;1068;233;10.511.309.814.453.100;9.631.541.137.695.310;5.468.471.069.335.930;1043;208;926;208;117;0.0819198479514573;0.23814438047637254;1.107.775.189.055.450;111.83;;;;
3;7;1233;212;1284;251;10.511.309.814.453.100;9.631.541.137.695.310;5.468.471.069.335.930;1258;231;1132;230;126;0.2808969226507651;0.2401103168431512;10.176.924.472.199.100;106.41;;;;
3;8;1085;199;1134;249;10.511.309.814.453.100;9.631.541.137.695.310;5.468.471.069.335.930;1109;224;983;223;126;0.1389460139572358;0.23433493663421046;10.210.268.645.382.200;103.76;;;;
3;9;1379;204;1424;252;10.511.309.814.453.100;9.631.541.137.695.310;5.468.471.069.335.930;1401;228;1275;226;126;0.41713168737005835;0.23763515389646234;10.191.214.832.134.700;110.86;;;;
3;10;866;190;917;234;10.511.309.814.453.100;9.631.541.137.695.310;5.468.471.069.335.930;891;212;764;213;127;-0.06819928626331546;0.22266708575416788;10.186.584.178.942.500;102.56;;;;
3;11;488;356;599;441;10.511.309.814.453.100;9.631.541.137.695.310;5.468.471.069.335.930;543;398;304;393;239;-0.2110246423395746;0.19922465619377802;0.494585731761033;53.74;;;;
3;12;1265;187;1315;232;10.511.309.814.453.100;9.631.541.137.695.310;5.468.471.069.335.930;1290;209;1171;209;119;0.3296996723082609;0.23501554083610515;1.088.652.753.006.370;114.42;;;;
3;13;1223;243;1283;289;10.511.309.814.453.100;9.631.541.137.695.310;5.468.471.069.335.930;1253;266;1104;263;149;0.233508839843635;0.22746570103268274;0.8465004391891148;88.48;;;;
3;14;1438;224;1491;266;10.511.309.814.453.100;9.631.541.137.695.310;5.468.471.069.335.930;1464;245;1325;245;139;0.432525547385192;0.228124429747411;0.9164674473776774;101.93;;;;
3;15;1457;298;1521;354;10.511.309.814.453.100;9.631.541.137.695.310;5.468.471.069.335.930;1489;326;1300;324;189;0.3339789771059028;0.21232698454775525;0.6482930938381448;73.27;;;;
3;16;506;280;574;353;10.511.309.814.453.100;9.631.541.137.695.310;5.468.471.069.335.930;540;316;343;316;197;-0.2578426730433259;0.19842757178637765;0.6250131464604272;67.56;;;;
3;17;896;317;979;375;10.511.309.814.453.100;9.631.541.137.695.310;5.468.471.069.335.930;937;346;731;345;206;-0.01524036056470393;0.20489775220749715;0.5889660412661155;59.08;;;;
3;18;1136;258;1193;304;10.511.309.814.453.100;9.631.541.137.695.310;5.468.471.069.335.930;1164;281;1001;280;163;0.1479100861892907;0.21749535036983883;0.7682716120443921;78.7;;;;
3;19;710;205;763;250;10.511.309.814.453.100;9.631.541.137.695.310;5.468.471.069.335.930;736;227;603;227;133;-0.20501772925999626;0.22434641012927314;0.965934784937051;99.27;;;;
3;20;569;267;633;323;10.511.309.814.453.100;9.631.541.137.695.310;5.468.471.069.335.930;601;295;420;294;181;-0.24018025501955134;0.203906839353242;0.6872265171216753;72.91;;;;
4;0;678;310;745;368;10.511.309.814.453.100;9.631.541.137.695.310;5.468.471.069.335.930;711;339;507;337;204;-0.14837418420614434;0.20333940710008763;0.5967997111908145;61.61;;;;
4;1;924;258;995;308;10.511.309.814.453.100;9.631.541.137.695.310;5.468.471.069.335.930;959;283;795;284;164;-0.0030405839038532977;0.2174369255963756;0.7628550837791278;76.76;;;;
4;2;845;237;903;288;10.511.309.814.453.100;9.631.541.137.695.310;5.468.471.069.335.930;874;262;717;263;157;-0.06816543155569008;0.21322651005621654;0.8048958183827772;81.12;;;;
4;3;1315;269;1382;321;10.511.309.814.453.100;9.631.541.137.695.310;5.468.471.069.335.930;1348;295;1177;295;171;0.2701551132473836;0.21583121592360702;0.7274152023334691;78.02;;;;
4;4;1501;243;1552;293;10.511.309.814.453.100;9.631.541.137.695.310;5.468.471.069.335.930;1526;268;1374;268;152;0.44449651671708595;0.2243440996144184;0.8290034632613101;94.61;;;;
4;5;1250;283;1324;348;10.511.309.814.453.100;9.631.541.137.695.310;5.468.471.069.335.930;1287;315;1108;311;179;0.217173988459811;0.21780041786679033;0.6881989349968358;72.68;;;;
4;6;1019;184;1068;232;10.511.309.814.453.100;9.631.541.137.695.310;5.468.471.069.335.930;1043;208;926;208;117;0.0819198479514573;0.23814438047637254;1.107.775.189.055.450;111.83;;;;
4;7;1233;212;1284;251;10.511.309.814.453.100;9.631.541.137.695.310;5.468.471.069.335.930;1258;231;1132;230;126;0.2808969226507651;0.2401103168431512;10.176.924.472.199.100;106.41;;;;
4;8;488;357;599;440;10.511.309.814.453.100;9.631.541.137.695.310;5.468.471.069.335.930;543;398;305;394;238;-0.21191130050066526;0.20006173458114684;0.4966638230709533;54.0;;;;
4;9;1085;200;1134;248;10.511.309.814.453.100;9.631.541.137.695.310;5.468.471.069.335.930;1109;224;983;223;126;0.1389460139572358;0.23433493663421046;10.210.268.645.382.200;103.76;;;;
4;10;1264;186;1315;232;10.511.309.814.453.100;9.631.541.137.695.310;5.468.471.069.335.930;1289;209;1171;208;118;0.3314764574680008;0.23700719796183484;10.978.786.237.945.600;115.39;;;;
4;11;1380;204;1424;251;10.511.309.814.453.100;9.631.541.137.695.310;5.468.471.069.335.930;1402;227;1276;228;126;0.41808437803243104;0.23681009958089932;1.019.597.828.544.660;110.93;;;;
4;12;1224;243;1284;289;10.511.309.814.453.100;9.631.541.137.695.310;5.468.471.069.335.930;1254;266;1104;263;150;0.2327523744010705;0.22594926302579818;0.840857102927854;87.88;;;;
4;13;1457;298;1521;354;10.511.309.814.453.100;9.631.541.137.695.310;5.468.471.069.335.930;1489;326;1301;325;188;0.33575546102667886;0.21345638340173265;0.6517414613585605;73.69;;;;
4;14;867;190;917;235;10.511.309.814.453.100;9.631.541.137.695.310;5.468.471.069.335.930;892;212;764;213;128;-0.0667286744686102;0.22092749914671345;10.107.001.490.044.500;101.72;;;;
4;15;1136;257;1193;304;10.511.309.814.453.100;9.631.541.137.695.310;5.468.471.069.335.930;1164;280;1001;281;163;0.1479100861892907;0.21685757832222577;0.7686398299077631;78.72;;;;
4;16;1438;226;1492;266;10.511.309.814.453.100;9.631.541.137.695.310;5.468.471.069.335.930;1465;246;1326;245;139;0.433389137482019;0.22887232070971986;0.9160356523292639;101.95;;;;
4;17;896;317;978;375;10.511.309.814.453.100;9.631.541.137.695.310;5.468.471.069.335.930;937;346;731;345;206;-0.01524036056470393;0.20489775220749715;0.5889660412661155;59.08;;;;
4;18;507;282;573;352;10.511.309.814.453.100;9.631.541.137.695.310;5.468.471.069.335.930;540;317;341;316;199;-0.25525128939464925;0.19695572103355447;0.6184300017134406;66.81;;;;
4;19;569;269;632;323;10.511.309.814.453.100;9.631.541.137.695.310;5.468.471.069.335.930;600;296;420;294;180;-0.24218147323332082;0.20561719314832075;0.6907110004849651;73.35;;;;
4;20;708;204;764;250;10.511.309.814.453.100;9.631.541.137.695.310;5.468.471.069.335.930;736;227;603;227;133;-0.20501772925999626;0.22434641012927314;0.965934784937051;99.27;;;;
5;0;924;258;996;308;10.511.309.814.453.100;9.631.541.137.695.310;5.468.471.069.335.930;960;283;794;284;166;-0.0022808237154998984;0.21481720360123854;0.7536640586733552;75.77;;;;
5;1;679;311;745;369;10.511.309.814.453.100;9.631.541.137.695.310;5.468.471.069.335.930;712;340;506;338;206;-0.14635094443977906;0.2018698829717418;0.5907141823844498;60.92;;;;
5;2;1501;242;1551;293;10.511.309.814.453.100;9.631.541.137.695.310;5.468.471.069.335.930;1526;267;1374;268;152;0.44449651671708595;0.22366017301072805;0.8293983284700567;94.63;;;;
5;3;1252;282;1324;347;10.511.309.814.453.100;9.631.541.137.695.310;5.468.471.069.335.930;1288;314;1107;311;181;0.21543747490477977;0.21481943621212451;0.6809261263876415;71.85;;;;
5;4;845;237;904;287;10.511.309.814.453.100;9.631.541.137.695.310;5.468.471.069.335.930;874;262;718;262;156;-0.06860238945027783;0.21459334665914098;0.810055406962154;81.67;;;;
5;5;1316;268;1381;322;10.511.309.814.453.100;9.631.541.137.695.310;5.468.471.069.335.930;1348;295;1177;295;171;0.2701551132473836;0.21583121592360702;0.7274152023334691;78.02;;;;
5;6;1019;184;1068;233;10.511.309.814.453.100;9.631.541.137.695.310;5.468.471.069.335.930;1043;208;926;208;117;0.0819198479514573;0.23814438047637254;1.107.775.189.055.450;111.83;;;;
5;7;1233;211;1284;251;10.511.309.814.453.100;9.631.541.137.695.310;5.468.471.069.335.930;1258;231;1132;230;126;0.2808969226507651;0.2401103168431512;10.176.924.472.199.100;106.41;;;;
5;8;1085;199;1134;248;10.511.309.814.453.100;9.631.541.137.695.310;5.468.471.069.335.930;1109;223;983;223;126;0.1389460139572358;0.23350988231864744;10.215.032.098.694.100;103.79;;;;
5;9;1379;204;1423;252;10.511.309.814.453.100;9.631.541.137.695.310;5.468.471.069.335.930;1401;228;1275;227;126;0.41713168737005835;0.23763515389646234;10.191.214.832.134.700;110.86;;;;
5;10;1265;186;1315;232;10.511.309.814.453.100;9.631.541.137.695.310;5.468.471.069.335.930;1290;209;1171;208;119;0.3296996723082609;0.23501554083610515;1.088.652.753.006.370;114.42;;;;
5;11;487;357;599;441;10.511.309.814.453.100;9.631.541.137.695.310;5.468.471.069.335.930;543;399;305;393;238;-0.21191130050066526;0.20049852804232723;0.49641164024856055;53.99;;;;
5;12;866;191;919;234;10.511.309.814.453.100;9.631.541.137.695.310;5.468.471.069.335.930;892;212;764;214;128;-0.0667286744686102;0.22092749914671345;10.107.001.490.044.500;101.72;;;;
5;13;1225;243;1285;289;10.511.309.814.453.100;9.631.541.137.695.310;5.468.471.069.335.930;1255;266;1104;263;151;0.23200592836834127;0.22445291029052802;0.8352885128422392;87.29;;;;
5;14;1457;299;1521;354;10.511.309.814.453.100;9.631.541.137.695.310;5.468.471.069.335.930;1489;326;1300;325;189;0.3339789771059028;0.21232698454775525;0.6482930938381448;73.27;;;;
5;15;1439;225;1490;266;10.511.309.814.453.100;9.631.541.137.695.310;5.468.471.069.335.930;1464;245;1326;245;138;0.4356597904821861;0.22977750532529073;0.9231085158369359;102.7;;;;
5;16;1137;259;1193;304;10.511.309.814.453.100;9.631.541.137.695.310;5.468.471.069.335.930;1165;281;1001;281;164;0.14774014068483743;0.21616915920904714;0.7635870290441215;78.21;;;;
5;17;896;316;978;376;10.511.309.814.453.100;9.631.541.137.695.310;5.468.471.069.335.930;937;346;731;345;206;-0.01524036056470393;0.20489775220749715;0.5889660412661155;59.08;;;;
5;18;507;282;573;352;10.511.309.814.453.100;9.631.541.137.695.310;5.468.471.069.335.930;540;317;341;316;199;-0.25525128939464925;0.19695572103355447;0.6184300017134406;66.81;;;;
5;19;570;267;633;322;10.511.309.814.453.100;9.631.541.137.695.310;5.468.471.069.335.930;601;294;420;294;181;-0.24018025501955134;0.20333249215014293;0.6875581166339928;72.92;;;;
5;20;710;205;763;250;10.511.309.814.453.100;9.631.541.137.695.310;5.468.471.069.335.930;736;227;603;227;133;-0.20501772925999626;0.22434641012927314;0.965934784937051;99.27;;;;
6;0;677;310;745;367;10.511.309.814.453.100;9.631.541.137.695.310;5.468.471.069.335.930;711;338;506;338;205;-0.14765040769782167;0.20184040099832654;0.594181271193442;61.29;;;;
6;1;924;258;996;308;10.511.309.814.453.100;9.631.541.137.695.310;5.468.471.069.335.930;960;283;794;284;166;-0.0022808237154998984;0.21481720360123854;0.7536640586733552;75.77;;;;
6;2;845;238;903;287;10.511.309.814.453.100;9.631.541.137.695.310;5.468.471.069.335.930;874;262;717;263;157;-0.06816543155569008;0.21322651005621654;0.8048958183827772;81.12;;;;
6;3;1252;283;1324;347;10.511.309.814.453.100;9.631.541.137.695.310;5.468.471.069.335.930;1288;315;1108;311;180;0.21663434976536186;0.21659041554530817;0.6843756075801869;72.26;;;;
6;4;1315;268;1381;321;10.511.309.814.453.100;9.631.541.137.695.310;5.468.471.069.335.930;1348;294;1177;295;171;0.2701551132473836;0.21522328116477116;0.7277661936301327;78.04;;;;
6;5;1501;242;1551;294;10.511.309.814.453.100;9.631.541.137.695.310;5.468.471.069.335.930;1526;268;1374;268;152;0.44449651671708595;0.2243440996144184;0.8290034632613101;94.61;;;;
6;6;1020;185;1068;232;10.511.309.814.453.100;9.631.541.137.695.310;5.468.471.069.335.930;1044;208;926;209;118;0.08224289181169037;0.236126207760471;10.983.872.637.244.700;110.86;;;;
6;7;1234;212;1284;251;10.511.309.814.453.100;9.631.541.137.695.310;5.468.471.069.335.930;1259;231;1132;230;127;0.27963032501933355;0.23821968442706343;10.096.791.208.638.500;105.56;;;;
6;8;1085;199;1135;248;10.511.309.814.453.100;9.631.541.137.695.310;5.468.471.069.335.930;1110;223;984;223;126;0.1398987046196085;0.23350988231864744;10.215.032.098.694.100;103.81;;;;
6;9;1265;187;1316;232;10.511.309.814.453.100;9.631.541.137.695.310;5.468.471.069.335.930;1290;209;1171;208;119;0.3296996723082609;0.23501554083610515;1.088.652.753.006.370;114.42;;;;
6;10;1379;204;1424;252;10.511.309.814.453.100;9.631.541.137.695.310;5.468.471.069.335.930;1401;228;1276;227;125;0.4204687408690188;0.23953623512763406;10.272.744.550.791.800;111.78;;;;
6;11;486;356;600;443;10.511.309.814.453.100;9.631.541.137.695.310;5.468.471.069.335.930;543;399;306;393;237;-0.21280544100910687;0.2013445133927168;0.49850620413146585;54.25;;;;
6;12;866;191;918;234;10.511.309.814.453.100;9.631.541.137.695.310;5.468.471.069.335.930;892;212;764;213;128;-0.0667286744686102;0.22092749914671345;10.107.001.490.044.500;101.72;;;;
6;13;1224;243;1283;289;10.511.309.814.453.100;9.631.541.137.695.310;5.468.471.069.335.930;1253;266;1103;263;150;0.23195211424467743;0.22594926302579818;0.840857102927854;87.86;;;;
6;14;896;317;979;375;10.511.309.814.453.100;9.631.541.137.695.310;5.468.471.069.335.930;937;346;731;345;206;-0.01524036056470393;0.20489775220749715;0.5889660412661155;59.08;;;;
6;15;505;282;574;352;10.511.309.814.453.100;9.631.541.137.695.310;5.468.471.069.335.930;539;317;343;316;196;-0.2597706408826233;0.1999703494167211;0.6278957670457891;67.95;;;;
6;16;1457;298;1521;354;10.511.309.814.453.100;9.631.541.137.695.310;5.468.471.069.335.930;1489;326;1301;325;188;0.33575546102667886;0.21345638340173265;0.6517414613585605;73.69;;;;
6;17;1438;226;1490;267;10.511.309.814.453.100;9.631.541.137.695.310;5.468.471.069.335.930;1464;246;1326;245;138;0.4356597904821861;0.23053081578732654;0.9226735918388962;102.68;;;;
6;18;1135;257;1193;304;10.511.309.814.453.100;9.631.541.137.695.310;5.468.471.069.335.930;1164;280;1001;281;163;0.1479100861892907;0.21685757832222577;0.7686398299077631;78.72;;;;
6;19;570;268;633;323;10.511.309.814.453.100;9.631.541.137.695.310;5.468.471.069.335.930;601;295;420;294;181;-0.24018025501955134;0.203906839353242;0.6872265171216753;72.91;;;;
6;20;709;205;764;251;10.511.309.814.453.100;9.631.541.137.695.310;5.468.471.069.335.930;736;228;603;227;133;-0.20501772925999626;0.22512804053349061;0.9654835104127693;99.24;;;;
7;0;678;310;745;368;10.511.309.814.453.100;9.631.541.137.695.310;5.468.471.069.335.930;711;339;506;337;205;-0.14765040769782167;0.20234750755325792;0.5938884930874445;61.27;;;;
7;1;924;258;995;308;10.511.309.814.453.100;9.631.541.137.695.310;5.468.471.069.335.930;959;283;795;284;164;-0.0030405839038532977;0.2174369255963756;0.7628550837791278;76.76;;;;
7;2;846;238;903;287;10.511.309.814.453.100;9.631.541.137.695.310;5.468.471.069.335.930;874;262;718;263;156;-0.06860238945027783;0.21459334665914098;0.810055406962154;81.67;;;;
7;3;1315;268;1381;321;10.511.309.814.453.100;9.631.541.137.695.310;5.468.471.069.335.930;1348;294;1177;294;171;0.2701551132473836;0.21522328116477116;0.7277661936301327;78.04;;;;
7;4;1250;284;1325;348;10.511.309.814.453.100;9.631.541.137.695.310;5.468.471.069.335.930;1287;316;1108;311;179;0.217173988459811;0.21838118235707488;0.6878636304620342;72.66;;;;
7;5;1020;184;1068;233;10.511.309.814.453.100;9.631.541.137.695.310;5.468.471.069.335.930;1044;208;926;208;118;0.08224289181169037;0.236126207760471;10.983.872.637.244.700;110.86;;;;
7;6;1233;212;1285;251;10.511.309.814.453.100;9.631.541.137.695.310;5.468.471.069.335.930;1259;231;1132;231;127;0.27963032501933355;0.23821968442706343;10.096.791.208.638.500;105.56;;;;
7;7;1500;242;1552;294;10.511.309.814.453.100;9.631.541.137.695.310;5.468.471.069.335.930;1526;268;1374;268;152;0.44449651671708595;0.2243440996144184;0.8290034632613101;94.61;;;;
7;8;489;357;599;441;10.511.309.814.453.100;9.631.541.137.695.310;5.468.471.069.335.930;544;399;306;393;238;-0.21140693485587972;0.20049852804232723;0.49641164024856055;53.97;;;;
7;9;1085;199;1134;249;10.511.309.814.453.100;9.631.541.137.695.310;5.468.471.069.335.930;1109;224;984;223;125;0.14005758206889368;0.23620961612728414;10.291.950.794.545.200;104.63;;;;
7;10;1379;204;1424;251;10.511.309.814.453.100;9.631.541.137.695.310;5.468.471.069.335.930;1401;227;1276;226;125;0.4204687408690188;0.23870458037754655;10.277.546.111.730.200;111.81;;;;
7;11;866;190;917;235;10.511.309.814.453.100;9.631.541.137.695.310;5.468.471.069.335.930;891;212;764;214;127;-0.06819928626331546;0.22266708575416788;10.186.584.178.942.500;102.56;;;;
7;12;1265;188;1316;232;10.511.309.814.453.100;9.631.541.137.695.310;5.468.471.069.335.930;1290;210;1171;208;119;0.3296996723082609;0.23588912775846593;10.881.483.873.615.800;114.39;;;;
7;13;1224;243;1285;289;10.511.309.814.453.100;9.631.541.137.695.310;5.468.471.069.335.930;1254;266;1103;263;151;0.23121096794808327;0.22445291029052802;0.8352885128422392;87.27;;;;
7;14;507;282;574;352;10.511.309.814.453.100;9.631.541.137.695.310;5.468.471.069.335.930;540;317;341;316;199;-0.25525128939464925;0.19695572103355447;0.6184300017134406;66.81;;;;
7;15;1457;299;1521;354;10.511.309.814.453.100;9.631.541.137.695.310;5.468.471.069.335.930;1489;326;1300;325;189;0.3339789771059028;0.21232698454775525;0.6482930938381448;73.27;;;;
7;16;896;317;979;376;10.511.309.814.453.100;9.631.541.137.695.310;5.468.471.069.335.930;937;346;731;345;206;-0.01524036056470393;0.20489775220749715;0.5889660412661155;59.08;;;;
7;17;1437;226;1491;265;10.511.309.814.453.100;9.631.541.137.695.310;5.468.471.069.335.930;1464;245;1326;246;138;0.4356597904821861;0.22977750532529073;0.9231085158369359;102.7;;;;
7;18;1136;257;1193;304;10.511.309.814.453.100;9.631.541.137.695.310;5.468.471.069.335.930;1164;280;1001;281;163;0.1479100861892907;0.21685757832222577;0.7686398299077631;78.72;;;;
7;19;570;268;631;323;10.511.309.814.453.100;9.631.541.137.695.310;5.468.471.069.335.930;600;295;420;294;180;-0.24218147323332082;0.2050396551274267;0.6910444422167956;73.36;;;;
7;20;708;204;764;251;10.511.309.814.453.100;9.631.541.137.695.310;5.468.471.069.335.930;736;227;603;227;133;-0.20501772925999626;0.22434641012927314;0.965934784937051;99.27;;;;
8;0;924;259;995;308;10.511.309.814.453.100;9.631.541.137.695.310;5.468.471.069.335.930;959;283;795;284;164;-0.0030405839038532977;0.2174369255963756;0.7628550837791278;76.76;;;;
8;1;677;310;745;368;10.511.309.814.453.100;9.631.541.137.695.310;5.468.471.069.335.930;711;339;507;338;204;-0.14837418420614434;0.20333940710008763;0.5967997111908145;61.61;;;;
8;2;1501;242;1550;293;10.511.309.814.453.100;9.631.541.137.695.310;5.468.471.069.335.930;1525;267;1374;268;151;0.4466452418380007;0.22514136620947459;0.8348910326321102;95.25;;;;
8;3;845;238;904;287;10.511.309.814.453.100;9.631.541.137.695.310;5.468.471.069.335.930;874;262;717;262;157;-0.06816543155569008;0.21322651005621654;0.8048958183827772;81.12;;;;
8;4;1315;268;1381;321;10.511.309.814.453.100;9.631.541.137.695.310;5.468.471.069.335.930;1348;294;1177;295;171;0.2701551132473836;0.21522328116477116;0.7277661936301327;78.04;;;;
8;5;1252;283;1323;348;10.511.309.814.453.100;9.631.541.137.695.310;5.468.471.069.335.930;1287;315;1108;310;179;0.217173988459811;0.21780041786679033;0.6881989349968358;72.68;;;;
8;6;1020;185;1068;233;10.511.309.814.453.100;9.631.541.137.695.310;5.468.471.069.335.930;1044;209;926;208;118;0.08224289181169037;0.23700719796183484;10.978.786.237.945.600;110.83;;;;
8;7;1234;212;1284;252;10.511.309.814.453.100;9.631.541.137.695.310;5.468.471.069.335.930;1259;232;1132;230;127;0.27963032501933355;0.2390382422519527;100.920.652.628.331;105.54;;;;
8;8;1085;199;1135;248;10.511.309.814.453.100;9.631.541.137.695.310;5.468.471.069.335.930;1110;223;983;223;127;0.13879714001630447;0.23167122182794953;10.134.598.775.082.300;102.96;;;;
8;9;488;357;600;442;10.511.309.814.453.100;9.631.541.137.695.310;5.468.471.069.335.930;544;399;306;393;238;-0.21140693485587972;0.20049852804232723;0.49641164024856055;53.97;;;;
8;10;1379;203;1423;251;10.511.309.814.453.100;9.631.541.137.695.310;5.468.471.069.335.930;1401;227;1276;227;125;0.4204687408690188;0.23870458037754655;10.277.546.111.730.200;111.81;;;;
8;11;866;191;918;234;10.511.309.814.453.100;9.631.541.137.695.310;5.468.471.069.335.930;892;212;764;213;128;-0.0667286744686102;0.22092749914671345;10.107.001.490.044.500;101.72;;;;
8;12;1264;186;1315;232;10.511.309.814.453.100;9.631.541.137.695.310;5.468.471.069.335.930;1289;209;1171;208;118;0.3314764574680008;0.23700719796183484;10.978.786.237.945.600;115.39;;;;
8;13;1224;243;1283;289;10.511.309.814.453.100;9.631.541.137.695.310;5.468.471.069.335.930;1253;266;1103;263;150;0.23195211424467743;0.22594926302579818;0.840857102927854;87.86;;;;
8;14;1457;299;1521;354;10.511.309.814.453.100;9.631.541.137.695.310;5.468.471.069.335.930;1489;326;1301;324;188;0.33575546102667886;0.21345638340173265;0.6517414613585605;73.69;;;;
8;15;506;282;574;352;10.511.309.814.453.100;9.631.541.137.695.310;5.468.471.069.335.930;540;317;343;316;197;-0.2578426730433259;0.1989552715009002;0.6247084788881964;67.55;;;;
8;16;1439;226;1491;266;10.511.309.814.453.100;9.631.541.137.695.310;5.468.471.069.335.930;1465;246;1326;245;139;0.433389137482019;0.22887232070971986;0.9160356523292639;101.95;;;;
8;17;1136;258;1194;304;10.511.309.814.453.100;9.631.541.137.695.310;5.468.471.069.335.930;1165;281;1001;280;164;0.14774014068483743;0.21616915920904714;0.7635870290441215;78.21;;;;
8;18;896;317;979;376;10.511.309.814.453.100;9.631.541.137.695.310;5.468.471.069.335.930;937;346;731;345;206;-0.01524036056470393;0.20489775220749715;0.5889660412661155;59.08;;;;
8;19;569;268;633;323;10.511.309.814.453.100;9.631.541.137.695.310;5.468.471.069.335.930;601;295;420;294;181;-0.24018025501955134;0.203906839353242;0.6872265171216753;72.91;;;;
8;20;709;205;764;251;10.511.309.814.453.100;9.631.541.137.695.310;5.468.471.069.335.930;736;228;603;227;133;-0.20501772925999626;0.22512804053349061;0.9654835104127693;99.24;;;;
9;0;677;310;745;368;10.511.309.814.453.100;9.631.541.137.695.310;5.468.471.069.335.930;711;339;507;338;204;-0.14837418420614434;0.20333940710008763;0.5967997111908145;61.61;;;;
9;1;925;258;995;308;10.511.309.814.453.100;9.631.541.137.695.310;5.468.471.069.335.930;960;283;794;284;166;-0.0022808237154998984;0.21481720360123854;0.7536640586733552;75.77;;;;
9;2;1251;283;1324;348;10.511.309.814.453.100;9.631.541.137.695.310;5.468.471.069.335.930;1287;315;1108;311;179;0.217173988459811;0.21780041786679033;0.6881989349968358;72.68;;;;
9;3;845;238;903;287;10.511.309.814.453.100;9.631.541.137.695.310;5.468.471.069.335.930;874;262;717;262;157;-0.06816543155569008;0.21322651005621654;0.8048958183827772;81.12;;;;
9;4;1314;267;1381;321;10.511.309.814.453.100;9.631.541.137.695.310;5.468.471.069.335.930;1347;294;1177;295;170;0.27103814906966844;0.2164893004657404;0.7320471712397217;78.5;;;;
9;5;1020;184;1068;233;10.511.309.814.453.100;9.631.541.137.695.310;5.468.471.069.335.930;1044;208;926;208;118;0.08224289181169037;0.236126207760471;10.983.872.637.244.700;110.86;;;;
9;6;1234;211;1284;251;10.511.309.814.453.100;9.631.541.137.695.310;5.468.471.069.335.930;1259;231;1132;230;127;0.27963032501933355;0.23821968442706343;10.096.791.208.638.500;105.56;;;;
9;7;1500;242;1551;293;10.511.309.814.453.100;9.631.541.137.695.310;5.468.471.069.335.930;1525;267;1374;268;151;0.4466452418380007;0.22514136620947459;0.8348910326321102;95.25;;;;
9;8;1086;200;1134;249;10.511.309.814.453.100;9.631.541.137.695.310;5.468.471.069.335.930;1110;224;983;223;127;0.13879714001630447;0.2324897796528388;10.129.872.829.276.800;102.93;;;;
9;9;488;357;600;441;10.511.309.814.453.100;9.631.541.137.695.310;5.468.471.069.335.930;544;399;304;394;240;-0.2096452103987474;0.19882770697530783;0.49227487657982255;53.46;;;;
9;10;1265;186;1315;232;10.511.309.814.453.100;9.631.541.137.695.310;5.468.471.069.335.930;1290;209;1170;208;120;0.3269521750390254;0.23305707799580427;10.795.806.467.313.100;113.43;;;;
9;11;1380;204;1424;251;10.511.309.814.453.100;9.631.541.137.695.310;5.468.471.069.335.930;1402;227;1276;227;126;0.41808437803243104;0.23681009958089932;1.019.597.828.544.660;110.93;;;;
9;12;866;190;917;234;10.511.309.814.453.100;9.631.541.137.695.310;5.468.471.069.335.930;891;212;764;213;127;-0.06819928626331546;0.22266708575416788;10.186.584.178.942.500;102.56;;;;
9;13;1224;244;1284;289;10.511.309.814.453.100;9.631.541.137.695.310;5.468.471.069.335.930;1254;266;1104;263;150;0.2327523744010705;0.22594926302579818;0.840857102927854;87.88;;;;
9;14;1457;299;1521;354;10.511.309.814.453.100;9.631.541.137.695.310;5.468.471.069.335.930;1489;326;1300;325;189;0.3339789771059028;0.21232698454775525;0.6482930938381448;73.27;;;;
9;15;1136;257;1192;304;10.511.309.814.453.100;9.631.541.137.695.310;5.468.471.069.335.930;1164;280;1001;281;163;0.1479100861892907;0.21685757832222577;0.7686398299077631;78.72;;;;
9;16;507;281;573;352;10.511.309.814.453.100;9.631.541.137.695.310;5.468.471.069.335.930;540;316;341;316;199;-0.25525128939464925;0.19643332483375078;0.6187316073000209;66.83;;;;
9;17;1438;225;1490;265;10.511.309.814.453.100;9.631.541.137.695.310;5.468.471.069.335.930;1464;245;1326;246;138;0.4356597904821861;0.22977750532529073;0.9231085158369359;102.7;;;;
9;18;896;317;979;375;10.511.309.814.453.100;9.631.541.137.695.310;5.468.471.069.335.930;937;346;732;345;205;-0.01531470378697078;0.2058972534377776;0.5918390463454624;59.41;;;;
9;19;710;204;764;250;10.511.309.814.453.100;9.631.541.137.695.310;5.468.471.069.335.930;737;227;603;227;134;-0.2025919325979145;0.22267218318800988;0.9587263163927445;98.48;;;;
9;20;570;268;633;322;10.511.309.814.453.100;9.631.541.137.695.310;5.468.471.069.335.930;601;295;420;294;181;-0.24018025501955134;0.203906839353242;0.6872265171216753;72.91;;;;
10;0;678;310;745;368;10.511.309.814.453.100;9.631.541.137.695.310;5.468.471.069.335.930;711;339;507;337;204;-0.14837418420614434;0.20333940710008763;0.5967997111908145;61.61;;;;
10;1;924;258;995;308;10.511.309.814.453.100;9.631.541.137.695.310;5.468.471.069.335.930;959;283;795;284;164;-0.0030405839038532977;0.2174369255963756;0.7628550837791278;76.76;;;;
10;2;846;238;903;287;10.511.309.814.453.100;9.631.541.137.695.310;5.468.471.069.335.930;874;262;717;263;157;-0.06816543155569008;0.21322651005621654;0.8048958183827772;81.12;;;;
10;3;1315;268;1381;322;10.511.309.814.453.100;9.631.541.137.695.310;5.468.471.069.335.930;1348;295;1177;295;171;0.2701551132473836;0.21583121592360702;0.7274152023334691;78.02;;;;
10;4;1251;283;1324;348;10.511.309.814.453.100;9.631.541.137.695.310;5.468.471.069.335.930;1287;315;1109;311;178;0.21839406704666392;0.21902401571997454;0.6920652211485037;73.12;;;;
10;5;1020;185;1068;233;10.511.309.814.453.100;9.631.541.137.695.310;5.468.471.069.335.930;1044;209;926;207;118;0.08224289181169037;0.23700719796183484;10.978.786.237.945.600;110.83;;;;
10;6;1500;241;1551;294;10.511.309.814.453.100;9.631.541.137.695.310;5.468.471.069.335.930;1525;267;1374;268;151;0.4466452418380007;0.22514136620947459;0.8348910326321102;95.25;;;;
10;7;1234;211;1284;252;10.511.309.814.453.100;9.631.541.137.695.310;5.468.471.069.335.930;1259;231;1132;230;127;0.27963032501933355;0.23821968442706343;10.096.791.208.638.500;105.56;;;;
10;8;1086;200;1134;248;10.511.309.814.453.100;9.631.541.137.695.310;5.468.471.069.335.930;1110;224;983;223;127;0.13879714001630447;0.2324897796528388;10.129.872.829.276.800;102.93;;;;
10;9;488;357;600;443;10.511.309.814.453.100;9.631.541.137.695.310;5.468.471.069.335.930;544;400;305;392;239;-0.21052238701129444;0.20009458794073143;0.4940834764327528;53.71;;;;
10;10;866;191;917;234;10.511.309.814.453.100;9.631.541.137.695.310;5.468.471.069.335.930;891;212;764;213;127;-0.06819928626331546;0.22266708575416788;10.186.584.178.942.500;102.56;;;;
10;11;1379;204;1424;252;10.511.309.814.453.100;9.631.541.137.695.310;5.468.471.069.335.930;1401;228;1276;227;125;0.4204687408690188;0.23953623512763406;10.272.744.550.791.800;111.78;;;;
10;12;1264;186;1315;232;10.511.309.814.453.100;9.631.541.137.695.310;5.468.471.069.335.930;1289;209;1171;208;118;0.3314764574680008;0.23700719796183484;10.978.786.237.945.600;115.39;;;;
10;13;1223;243;1284;289;10.511.309.814.453.100;9.631.541.137.695.310;5.468.471.069.335.930;1253;266;1104;264;149;0.233508839843635;0.22746570103268274;0.8465004391891148;88.48;;;;
10;14;507;281;574;352;10.511.309.814.453.100;9.631.541.137.695.310;5.468.471.069.335.930;540;316;343;316;197;-0.2578426730433259;0.19842757178637765;0.6250131464604272;67.56;;;;
10;15;1455;298;1521;354;10.511.309.814.453.100;9.631.541.137.695.310;5.468.471.069.335.930;1488;326;1300;324;188;0.33511695558274823;0.21345638340173265;0.6517414613585605;73.66;;;;
10;16;1438;226;1491;266;10.511.309.814.453.100;9.631.541.137.695.310;5.468.471.069.335.930;1464;246;1326;245;138;0.4356597904821861;0.23053081578732654;0.9226735918388962;102.68;;;;
10;17;1136;257;1193;304;10.511.309.814.453.100;9.631.541.137.695.310;5.468.471.069.335.930;1164;280;1001;281;163;0.1479100861892907;0.21685757832222577;0.7686398299077631;78.72;;;;
10;18;896;317;979;375;10.511.309.814.453.100;9.631.541.137.695.310;5.468.471.069.335.930;937;346;731;345;206;-0.01524036056470393;0.20489775220749715;0.5889660412661155;59.08;;;;
10;19;569;268;633;322;10.511.309.814.453.100;9.631.541.137.695.310;5.468.471.069.335.930;601;295;420;294;181;-0.24018025501955134;0.203906839353242;0.6872265171216753;72.91;;;;
10;20;710;205;764;251;10.511.309.814.453.100;9.631.541.137.695.310;5.468.471.069.335.930;737;228;603;227;134;-0.2025919325979145;0.22344798052950937;0.9582784095887932;98.45;;;;
11;0;678;310;746;368;10.511.309.814.453.100;9.631.541.137.695.310;5.468.471.069.335.930;712;339;507;338;205;-0.14706485148582674;0.20234750755325792;0.5938884930874445;61.26;;;;
11;1;924;258;995;308;10.511.309.814.453.100;9.631.541.137.695.310;5.468.471.069.335.930;959;283;794;284;165;-0.0030221561226178232;0.21611912604730665;0.7582317196350119;76.26;;;;
11;2;1315;268;1380;321;10.511.309.814.453.100;9.631.541.137.695.310;5.468.471.069.335.930;1347;294;1177;295;170;0.27103814906966844;0.2164893004657404;0.7320471712397217;78.5;;;;
11;3;846;238;903;287;10.511.309.814.453.100;9.631.541.137.695.310;5.468.471.069.335.930;874;262;717;263;157;-0.06816543155569008;0.21322651005621654;0.8048958183827772;81.12;;;;
11;4;1251;283;1323;347;10.511.309.814.453.100;9.631.541.137.695.310;5.468.471.069.335.930;1287;315;1109;311;178;0.21839406704666392;0.21902401571997454;0.6920652211485037;73.12;;;;
11;5;1500;242;1552;293;10.511.309.814.453.100;9.631.541.137.695.310;5.468.471.069.335.930;1526;267;1374;267;152;0.44449651671708595;0.22366017301072805;0.8293983284700567;94.63;;;;
11;6;1020;184;1068;233;10.511.309.814.453.100;9.631.541.137.695.310;5.468.471.069.335.930;1044;208;927;208;117;0.08294582251093557;0.23814438047637254;1.107.775.189.055.450;111.84;;;;
11;7;1233;212;1284;251;10.511.309.814.453.100;9.631.541.137.695.310;5.468.471.069.335.930;1258;231;1132;230;126;0.2808969226507651;0.2401103168431512;10.176.924.472.199.100;106.41;;;;
11;8;1085;199;1134;248;10.511.309.814.453.100;9.631.541.137.695.310;5.468.471.069.335.930;1109;223;983;223;126;0.1389460139572358;0.23350988231864744;10.215.032.098.694.100;103.79;;;;
11;9;488;356;598;441;10.511.309.814.453.100;9.631.541.137.695.310;5.468.471.069.335.930;543;398;306;393;237;-0.21280544100910687;0.2009058769211517;0.49875945101640035;54.26;;;;
11;10;1379;203;1424;252;10.511.309.814.453.100;9.631.541.137.695.310;5.468.471.069.335.930;1401;227;1276;227;125;0.4204687408690188;0.23870458037754655;10.277.546.111.730.200;111.81;;;;
11;11;1265;187;1316;232;10.511.309.814.453.100;9.631.541.137.695.310;5.468.471.069.335.930;1290;209;1171;209;119;0.3296996723082609;0.23501554083610515;1.088.652.753.006.370;114.42;;;;
11;12;507;281;573;352;10.511.309.814.453.100;9.631.541.137.695.310;5.468.471.069.335.930;540;316;341;317;199;-0.25525128939464925;0.19643332483375078;0.6187316073000209;66.83;;;;
11;13;1224;243;1284;289;10.511.309.814.453.100;9.631.541.137.695.310;5.468.471.069.335.930;1254;266;1104;263;150;0.2327523744010705;0.22594926302579818;0.840857102927854;87.88;;;;
11;14;866;190;916;234;10.511.309.814.453.100;9.631.541.137.695.310;5.468.471.069.335.930;891;212;764;213;127;-0.06819928626331546;0.22266708575416788;10.186.584.178.942.500;102.56;;;;
11;15;1458;299;1522;354;10.511.309.814.453.100;9.631.541.137.695.310;5.468.471.069.335.930;1490;326;1300;324;190;0.33285297734986624;0.21120947410276705;0.6448810249232073;72.89;;;;
11;16;1438;223;1491;266;10.511.309.814.453.100;9.631.541.137.695.310;5.468.471.069.335.930;1464;244;1326;245;138;0.4356597904821861;0.229024194863255;0.9235434398349756;102.72;;;;
11;17;1136;257;1193;304;10.511.309.814.453.100;9.631.541.137.695.310;5.468.471.069.335.930;1164;280;1001;281;163;0.1479100861892907;0.21685757832222577;0.7686398299077631;78.72;;;;
11;18;896;317;978;375;10.511.309.814.453.100;9.631.541.137.695.310;5.468.471.069.335.930;937;346;730;345;207;-0.015166735634439661;0.20390790799393435;0.5861207946899507;58.77;;;;
11;19;570;267;632;322;10.511.309.814.453.100;9.631.541.137.695.310;5.468.471.069.335.930;601;294;420;294;181;-0.24018025501955134;0.20333249215014293;0.6875581166339928;72.92;;;;
11;20;710;205;763;250;10.511.309.814.453.100;9.631.541.137.695.310;5.468.471.069.335.930;736;227;603;227;133;-0.20501772925999626;0.22434641012927314;0.965934784937051;99.27;;;;
12;0;924;258;996;308;10.511.309.814.453.100;9.631.541.137.695.310;5.468.471.069.335.930;960;283;794;284;166;-0.0022808237154998984;0.21481720360123854;0.7536640586733552;75.77;;;;
12;1;1502;244;1550;293;10.511.309.814.453.100;9.631.541.137.695.310;5.468.471.069.335.930;1526;268;1374;267;152;0.44449651671708595;0.2243440996144184;0.8290034632613101;94.61;;;;
12;2;677;310;745;368;10.511.309.814.453.100;9.631.541.137.695.310;5.468.471.069.335.930;711;339;506;338;205;-0.14765040769782167;0.20234750755325792;0.5938884930874445;61.27;;;;
12;3;846;237;904;288;10.511.309.814.453.100;9.631.541.137.695.310;5.468.471.069.335.930;875;262;717;263;158;-0.06697426411888852;0.211876975182443;0.7998015410512406;80.56;;;;
12;4;1249;283;1324;349;10.511.309.814.453.100;9.631.541.137.695.310;5.468.471.069.335.930;1286;316;1108;311;178;0.21771969051037762;0.21960804293211464;0.6917280328803604;73.08;;;;
12;5;1315;267;1381;321;10.511.309.814.453.100;9.631.541.137.695.310;5.468.471.069.335.930;1348;294;1177;295;171;0.2701551132473836;0.21522328116477116;0.7277661936301327;78.04;;;;
12;6;1019;184;1068;233;10.511.309.814.453.100;9.631.541.137.695.310;5.468.471.069.335.930;1043;208;925;208;118;0.08122561195186868;0.236126207760471;10.983.872.637.244.700;110.85;;;;
12;7;1233;212;1284;251;10.511.309.814.453.100;9.631.541.137.695.310;5.468.471.069.335.930;1258;231;1131;230;127;0.2786851358582394;0.23821968442706343;10.096.791.208.638.500;105.54;;;;
12;8;1085;199;1134;249;10.511.309.814.453.100;9.631.541.137.695.310;5.468.471.069.335.930;1109;224;984;223;125;0.14005758206889368;0.23620961612728414;10.291.950.794.545.200;104.63;;;;
12;9;506;280;573;352;10.511.309.814.453.100;9.631.541.137.695.310;5.468.471.069.335.930;539;316;343;316;196;-0.2597706408826233;0.19943995735671632;0.6282019890444089;67.96;;;;
12;10;489;357;599;442;10.511.309.814.453.100;9.631.541.137.695.310;5.468.471.069.335.930;544;399;306;393;238;-0.21140693485587972;0.20049852804232723;0.49641164024856055;53.97;;;;
12;11;1380;204;1424;252;10.511.309.814.453.100;9.631.541.137.695.310;5.468.471.069.335.930;1402;228;1275;226;127;0.4147923750557977;0.23576401095239574;10.110.969.046.054.900;110.0;;;;
12;12;1265;186;1315;232;10.511.309.814.453.100;9.631.541.137.695.310;5.468.471.069.335.930;1290;209;1171;208;119;0.3296996723082609;0.23501554083610515;1.088.652.753.006.370;114.42;;;;
12;13;866;190;918;234;10.511.309.814.453.100;9.631.541.137.695.310;5.468.471.069.335.930;892;212;764;213;128;-0.0667286744686102;0.22092749914671345;10.107.001.490.044.500;101.72;;;;
12;14;1224;242;1285;289;10.511.309.814.453.100;9.631.541.137.695.310;5.468.471.069.335.930;1254;265;1104;263;150;0.2327523744010705;0.22525621740072532;0.8412572330060505;87.9;;;;
12;15;1458;299;1520;354;10.511.309.814.453.100;9.631.541.137.695.310;5.468.471.069.335.930;1489;326;1300;325;189;0.3339789771059028;0.21232698454775525;0.6482930938381448;73.27;;;;
12;16;1439;225;1491;266;10.511.309.814.453.100;9.631.541.137.695.310;5.468.471.069.335.930;1465;245;1326;245;139;0.433389137482019;0.228124429747411;0.9164674473776774;101.97;;;;
12;17;1136;257;1194;304;10.511.309.814.453.100;9.631.541.137.695.310;5.468.471.069.335.930;1165;280;1001;280;164;0.14774014068483743;0.21553527601538292;0.7639530016766183;78.22;;;;
12;18;896;317;978;375;10.511.309.814.453.100;9.631.541.137.695.310;5.468.471.069.335.930;937;346;731;346;206;-0.01524036056470393;0.20489775220749715;0.5889660412661155;59.08;;;;
12;19;569;267;633;323;10.511.309.814.453.100;9.631.541.137.695.310;5.468.471.069.335.930;601;295;420;294;181;-0.24018025501955134;0.203906839353242;0.6872265171216753;72.91;;;;
12;20;709;204;765;250;10.511.309.814.453.100;9.631.541.137.695.310;5.468.471.069.335.930;737;227;603;228;134;-0.2025919325979145;0.22267218318800988;0.9587263163927445;98.48;;;;
13;0;924;258;995;308;10.511.309.814.453.100;9.631.541.137.695.310;5.468.471.069.335.930;959;283;794;284;165;-0.0030221561226178232;0.21611912604730665;0.7582317196350119;76.26;;;;
13;1;677;310;746;368;10.511.309.814.453.100;9.631.541.137.695.310;5.468.471.069.335.930;711;339;506;338;205;-0.14765040769782167;0.20234750755325792;0.5938884930874445;61.27;;;;
13;2;1250;283;1324;348;10.511.309.814.453.100;9.631.541.137.695.310;5.468.471.069.335.930;1287;315;1109;311;178;0.21839406704666392;0.21902401571997454;0.6920652211485037;73.12;;;;
13;3;1315;268;1381;322;10.511.309.814.453.100;9.631.541.137.695.310;5.468.471.069.335.930;1348;295;1177;295;171;0.2701551132473836;0.21583121592360702;0.7274152023334691;78.02;;;;
13;4;845;238;904;287;10.511.309.814.453.100;9.631.541.137.695.310;5.468.471.069.335.930;874;262;717;262;157;-0.06816543155569008;0.21322651005621654;0.8048958183827772;81.12;;;;
13;5;1020;185;1068;232;10.511.309.814.453.100;9.631.541.137.695.310;5.468.471.069.335.930;1044;208;926;208;118;0.08224289181169037;0.236126207760471;10.983.872.637.244.700;110.86;;;;
13;6;1233;212;1284;251;10.511.309.814.453.100;9.631.541.137.695.310;5.468.471.069.335.930;1258;231;1132;231;126;0.2808969226507651;0.2401103168431512;10.176.924.472.199.100;106.41;;;;
13;7;896;317;978;375;10.511.309.814.453.100;9.631.541.137.695.310;5.468.471.069.335.930;937;346;731;346;206;-0.01524036056470393;0.20489775220749715;0.5889660412661155;59.08;;;;
13;8;1500;242;1552;294;10.511.309.814.453.100;9.631.541.137.695.310;5.468.471.069.335.930;1526;268;1374;267;152;0.44449651671708595;0.2243440996144184;0.8290034632613101;94.61;;;;
13;9;1085;199;1134;248;10.511.309.814.453.100;9.631.541.137.695.310;5.468.471.069.335.930;1109;223;983;223;126;0.1389460139572358;0.23350988231864744;10.215.032.098.694.100;103.79;;;;
13;10;1380;203;1424;252;10.511.309.814.453.100;9.631.541.137.695.310;5.468.471.069.335.930;1402;227;1276;227;126;0.41808437803243104;0.23681009958089932;1.019.597.828.544.660;110.93;;;;
13;11;866;191;918;234;10.511.309.814.453.100;9.631.541.137.695.310;5.468.471.069.335.930;892;212;764;214;128;-0.0667286744686102;0.22092749914671345;10.107.001.490.044.500;101.72;;;;
13;12;1264;187;1315;232;10.511.309.814.453.100;9.631.541.137.695.310;5.468.471.069.335.930;1289;209;1171;209;118;0.3314764574680008;0.23700719796183484;10.978.786.237.945.600;115.39;;;;
13;13;489;357;600;442;10.511.309.814.453.100;9.631.541.137.695.310;5.468.471.069.335.930;544;399;306;393;238;-0.21140693485587972;0.20049852804232723;0.49641164024856055;53.97;;;;
13;14;1224;243;1283;288;10.511.309.814.453.100;9.631.541.137.695.310;5.468.471.069.335.930;1253;265;1104;263;149;0.233508839843635;0.22676800409468992;0.8469032547040777;88.5;;;;
13;15;1456;298;1521;355;10.511.309.814.453.100;9.631.541.137.695.310;5.468.471.069.335.930;1488;326;1300;325;188;0.33511695558274823;0.21345638340173265;0.6517414613585605;73.66;;;;
13;16;506;281;574;352;10.511.309.814.453.100;9.631.541.137.695.310;5.468.471.069.335.930;540;316;342;316;198;-0.25654043732088483;0.1974254123329111;0.6218565144075967;67.19;;;;
13;17;1438;225;1491;266;10.511.309.814.453.100;9.631.541.137.695.310;5.468.471.069.335.930;1464;245;1326;245;138;0.4356597904821861;0.22977750532529073;0.9231085158369359;102.7;;;;
13;18;1136;258;1193;304;10.511.309.814.453.100;9.631.541.137.695.310;5.468.471.069.335.930;1164;281;1001;280;163;0.1479100861892907;0.21749535036983883;0.7682716120443921;78.7;;;;
13;19;708;204;764;250;10.511.309.814.453.100;9.631.541.137.695.310;5.468.471.069.335.930;736;227;603;227;133;-0.20501772925999626;0.22434641012927314;0.965934784937051;99.27;;;;
13;20;569;267;633;323;10.511.309.814.453.100;9.631.541.137.695.310;5.468.471.069.335.930;601;295;420;294;181;-0.24018025501955134;0.203906839353242;0.6872265171216753;72.91;;;;
14;0;678;310;745;368;10.511.309.814.453.100;9.631.541.137.695.310;5.468.471.069.335.930;711;339;506;338;205;-0.14765040769782167;0.20234750755325792;0.5938884930874445;61.27;;;;
14;1;925;258;996;308;10.511.309.814.453.100;9.631.541.137.695.310;5.468.471.069.335.930;960;283;794;284;166;-0.0022808237154998984;0.21481720360123854;0.7536640586733552;75.77;;;;
14;2;846;238;903;288;10.511.309.814.453.100;9.631.541.137.695.310;5.468.471.069.335.930;874;263;718;263;156;-0.06860238945027783;0.21525973668324952;0.8096706665023495;81.65;;;;
14;3;1252;282;1324;348;10.511.309.814.453.100;9.631.541.137.695.310;5.468.471.069.335.930;1288;315;1109;311;179;0.21784459752941412;0.21780041786679033;0.6881989349968358;72.7;;;;
14;4;1315;267;1381;321;10.511.309.814.453.100;9.631.541.137.695.310;5.468.471.069.335.930;1348;294;1177;295;171;0.2701551132473836;0.21522328116477116;0.7277661936301327;78.04;;;;
14;5;1020;184;1067;233;10.511.309.814.453.100;9.631.541.137.695.310;5.468.471.069.335.930;1043;208;926;208;117;0.0819198479514573;0.23814438047637254;1.107.775.189.055.450;111.83;;;;
14;6;1500;241;1552;294;10.511.309.814.453.100;9.631.541.137.695.310;5.468.471.069.335.930;1526;267;1373;267;153;0.441591310725471;0.22219834181457948;0.8239774243624093;93.98;;;;
14;7;1234;212;1284;251;10.511.309.814.453.100;9.631.541.137.695.310;5.468.471.069.335.930;1259;231;1132;230;127;0.27963032501933355;0.23821968442706343;10.096.791.208.638.500;105.56;;;;
14;8;1086;199;1134;249;10.511.309.814.453.100;9.631.541.137.695.310;5.468.471.069.335.930;1110;224;983;223;127;0.13879714001630447;0.2324897796528388;10.129.872.829.276.800;102.93;;;;
14;9;866;190;916;234;10.511.309.814.453.100;9.631.541.137.695.310;5.468.471.069.335.930;891;212;763;213;128;-0.0676664793393833;0.22092749914671345;10.107.001.490.044.500;101.73;;;;
14;10;1265;187;1316;232;10.511.309.814.453.100;9.631.541.137.695.310;5.468.471.069.335.930;1290;209;1171;208;119;0.3296996723082609;0.23501554083610515;1.088.652.753.006.370;114.42;;;;
14;11;1380;203;1424;251;10.511.309.814.453.100;9.631.541.137.695.310;5.468.471.069.335.930;1402;227;1275;227;127;0.4147923750557977;0.23494545312750648;10.115.694.991.860.400;110.02;;;;
14;12;489;357;599;442;10.511.309.814.453.100;9.631.541.137.695.310;5.468.471.069.335.930;544;399;303;394;241;-0.2087753132601634;0.19800269574304516;0.4902322422371677;53.21;;;;
14;13;1224;243;1284;289;10.511.309.814.453.100;9.631.541.137.695.310;5.468.471.069.335.930;1254;266;1104;263;150;0.2327523744010705;0.22594926302579818;0.840857102927854;87.88;;;;
14;14;1438;224;1490;267;10.511.309.814.453.100;9.631.541.137.695.310;5.468.471.069.335.930;1464;245;1326;245;138;0.4356597904821861;0.22977750532529073;0.9231085158369359;102.7;;;;
14;15;507;281;573;352;10.511.309.814.453.100;9.631.541.137.695.310;5.468.471.069.335.930;540;316;341;317;199;-0.25525128939464925;0.19643332483375078;0.6187316073000209;66.83;;;;
14;16;1457;298;1521;355;10.511.309.814.453.100;9.631.541.137.695.310;5.468.471.069.335.930;1489;326;1300;324;189;0.3339789771059028;0.21232698454775525;0.6482930938381448;73.27;;;;
14;17;1136;257;1193;304;10.511.309.814.453.100;9.631.541.137.695.310;5.468.471.069.335.930;1164;280;1001;280;163;0.1479100861892907;0.21685757832222577;0.7686398299077631;78.72;;;;
14;18;570;268;632;322;10.511.309.814.453.100;9.631.541.137.695.310;5.468.471.069.335.930;601;295;420;294;181;-0.24018025501955134;0.203906839353242;0.6872265171216753;72.91;;;;
14;19;896;317;978;376;10.511.309.814.453.100;9.631.541.137.695.310;5.468.471.069.335.930;937;346;731;345;206;-0.01524036056470393;0.20489775220749715;0.5889660412661155;59.08;;;;
14;20;710;205;764;251;10.511.309.814.453.100;9.631.541.137.695.310;5.468.471.069.335.930;737;228;603;227;134;-0.2025919325979145;0.22344798052950937;0.9582784095887932;98.45;;;;
15;0;678;311;745;368;10.511.309.814.453.100;9.631.541.137.695.310;5.468.471.069.335.930;711;339;507;337;204;-0.14837418420614434;0.20333940710008763;0.5967997111908145;61.61;;;;
15;1;924;258;995;308;10.511.309.814.453.100;9.631.541.137.695.310;5.468.471.069.335.930;959;283;794;284;165;-0.0030221561226178232;0.21611912604730665;0.7582317196350119;76.26;;;;
15;2;845;238;903;287;10.511.309.814.453.100;9.631.541.137.695.310;5.468.471.069.335.930;874;262;717;263;157;-0.06816543155569008;0.21322651005621654;0.8048958183827772;81.12;;;;
15;3;1501;243;1551;293;10.511.309.814.453.100;9.631.541.137.695.310;5.468.471.069.335.930;1526;268;1374;267;152;0.44449651671708595;0.2243440996144184;0.8290034632613101;94.61;;;;
15;4;1251;282;1323;347;10.511.309.814.453.100;9.631.541.137.695.310;5.468.471.069.335.930;1287;314;1108;311;179;0.217173988459811;0.21721965337650578;0.6885342395316374;72.69;;;;
15;5;1315;269;1380;321;10.511.309.814.453.100;9.631.541.137.695.310;5.468.471.069.335.930;1347;295;1176;295;171;0.26945313065405635;0.21583121592360702;0.7274152023334691;77.99;;;;
15;6;1020;185;1068;233;10.511.309.814.453.100;9.631.541.137.695.310;5.468.471.069.335.930;1044;209;926;208;118;0.08224289181169037;0.23700719796183484;10.978.786.237.945.600;110.83;;;;
15;7;1233;212;1283;251;10.511.309.814.453.100;9.631.541.137.695.310;5.468.471.069.335.930;1258;231;1131;230;127;0.2786851358582394;0.23821968442706343;10.096.791.208.638.500;105.54;;;;
15;8;1085;199;1135;248;10.511.309.814.453.100;9.631.541.137.695.310;5.468.471.069.335.930;1110;223;984;223;126;0.1398987046196085;0.23350988231864744;10.215.032.098.694.100;103.81;;;;
15;9;865;191;918;234;10.511.309.814.453.100;9.631.541.137.695.310;5.468.471.069.335.930;891;212;764;213;127;-0.06819928626331546;0.22266708575416788;10.186.584.178.942.500;102.56;;;;
15;10;1265;187;1315;232;10.511.309.814.453.100;9.631.541.137.695.310;5.468.471.069.335.930;1290;209;1170;208;120;0.3269521750390254;0.23305707799580427;10.795.806.467.313.100;113.43;;;;
15;11;489;357;598;441;10.511.309.814.453.100;9.631.541.137.695.310;5.468.471.069.335.930;543;399;304;393;239;-0.2110246423395746;0.19965962206725474;0.4943346040968929;53.74;;;;
15;12;1379;204;1424;251;10.511.309.814.453.100;9.631.541.137.695.310;5.468.471.069.335.930;1401;227;1275;227;126;0.41713168737005835;0.23681009958089932;1.019.597.828.544.660;110.89;;;;
15;13;895;317;979;375;10.511.309.814.453.100;9.631.541.137.695.310;5.468.471.069.335.930;937;346;731;345;206;-0.01524036056470393;0.20489775220749715;0.5889660412661155;59.08;;;;
15;14;1224;243;1285;288;10.511.309.814.453.100;9.631.541.137.695.310;5.468.471.069.335.930;1254;265;1103;263;151;0.23121096794808327;0.22376445437158143;0.8356859930523681;87.29;;;;
15;15;1457;299;1520;354;10.511.309.814.453.100;9.631.541.137.695.310;5.468.471.069.335.930;1488;326;1300;324;188;0.33511695558274823;0.21345638340173265;0.6517414613585605;73.66;;;;
15;16;507;282;573;352;10.511.309.814.453.100;9.631.541.137.695.310;5.468.471.069.335.930;540;317;341;316;199;-0.25525128939464925;0.19695572103355447;0.6184300017134406;66.81;;;;
15;17;1136;257;1193;303;10.511.309.814.453.100;9.631.541.137.695.310;5.468.471.069.335.930;1164;280;1001;281;163;0.1479100861892907;0.21685757832222577;0.7686398299077631;78.72;;;;
15;18;1438;226;1491;266;10.511.309.814.453.100;9.631.541.137.695.310;5.468.471.069.335.930;1464;246;1326;246;138;0.4356597904821861;0.23053081578732654;0.9226735918388962;102.68;;;;
15;19;709;204;765;251;10.511.309.814.453.100;9.631.541.137.695.310;5.468.471.069.335.930;737;227;603;227;134;-0.2025919325979145;0.22267218318800988;0.9587263163927445;98.48;;;;
15;20;570;268;633;322;10.511.309.814.453.100;9.631.541.137.695.310;5.468.471.069.335.930;601;295;420;294;181;-0.24018025501955134;0.203906839353242;0.6872265171216753;72.91;;;;
16;0;924;258;995;308;10.511.309.814.453.100;9.631.541.137.695.310;5.468.471.069.335.930;959;283;795;284;164;-0.0030405839038532977;0.2174369255963756;0.7628550837791278;76.76;;;;
16;1;677;310;745;368;10.511.309.814.453.100;9.631.541.137.695.310;5.468.471.069.335.930;711;339;506;337;205;-0.14765040769782167;0.20234750755325792;0.5938884930874445;61.27;;;;
16;2;1252;282;1324;346;10.511.309.814.453.100;9.631.541.137.695.310;5.468.471.069.335.930;1288;314;1109;311;179;0.21784459752941412;0.21721965337650578;0.6885342395316374;72.71;;;;
16;3;845;238;903;288;10.511.309.814.453.100;9.631.541.137.695.310;5.468.471.069.335.930;874;263;717;263;157;-0.06816543155569008;0.21388865555787853;0.8045135284991499;81.09;;;;
16;4;1315;268;1381;321;10.511.309.814.453.100;9.631.541.137.695.310;5.468.471.069.335.930;1348;294;1177;295;171;0.2701551132473836;0.21522328116477116;0.7277661936301327;78.04;;;;
16;5;1500;242;1552;294;10.511.309.814.453.100;9.631.541.137.695.310;5.468.471.069.335.930;1526;268;1374;268;152;0.44449651671708595;0.2243440996144184;0.8290034632613101;94.61;;;;
16;6;1020;184;1068;233;10.511.309.814.453.100;9.631.541.137.695.310;5.468.471.069.335.930;1044;208;926;208;118;0.08224289181169037;0.236126207760471;10.983.872.637.244.700;110.86;;;;
16;7;1233;212;1283;251;10.511.309.814.453.100;9.631.541.137.695.310;5.468.471.069.335.930;1258;231;1131;230;127;0.2786851358582394;0.23821968442706343;10.096.791.208.638.500;105.54;;;;
16;8;1085;200;1134;248;10.511.309.814.453.100;9.631.541.137.695.310;5.468.471.069.335.930;1109;224;983;223;126;0.1389460139572358;0.23433493663421046;10.210.268.645.382.200;103.76;;;;
16;9;895;317;978;375;10.511.309.814.453.100;9.631.541.137.695.310;5.468.471.069.335.930;936;346;731;345;205;-0.015900259998965695;0.2058972534377776;0.5918390463454624;59.41;;;;
16;10;1379;204;1424;252;10.511.309.814.453.100;9.631.541.137.695.310;5.468.471.069.335.930;1401;228;1275;227;126;0.41713168737005835;0.23763515389646234;10.191.214.832.134.700;110.86;;;;
16;11;1224;243;1283;289;10.511.309.814.453.100;9.631.541.137.695.310;5.468.471.069.335.930;1253;266;1103;263;150;0.23195211424467743;0.22594926302579818;0.840857102927854;87.86;;;;
16;12;865;191;918;234;10.511.309.814.453.100;9.631.541.137.695.310;5.468.471.069.335.930;891;212;764;214;127;-0.06819928626331546;0.22266708575416788;10.186.584.178.942.500;102.56;;;;
16;13;1264;187;1315;232;10.511.309.814.453.100;9.631.541.137.695.310;5.468.471.069.335.930;1289;209;1171;209;118;0.3314764574680008;0.23700719796183484;10.978.786.237.945.600;115.39;;;;
16;14;506;281;573;352;10.511.309.814.453.100;9.631.541.137.695.310;5.468.471.069.335.930;539;316;343;316;196;-0.2597706408826233;0.19943995735671632;0.6282019890444089;67.96;;;;
16;15;488;357;599;442;10.511.309.814.453.100;9.631.541.137.695.310;5.468.471.069.335.930;543;399;306;393;237;-0.21280544100910687;0.2013445133927168;0.49850620413146585;54.25;;;;
16;16;1456;299;1521;355;10.511.309.814.453.100;9.631.541.137.695.310;5.468.471.069.335.930;1488;327;1300;324;188;0.33511695558274823;0.21400934533663124;0.6514222086365952;73.65;;;;
16;17;1136;258;1194;303;10.511.309.814.453.100;9.631.541.137.695.310;5.468.471.069.335.930;1165;280;1001;281;164;0.14774014068483743;0.21553527601538292;0.7639530016766183;78.22;;;;
16;18;1438;225;1491;266;10.511.309.814.453.100;9.631.541.137.695.310;5.468.471.069.335.930;1464;245;1326;245;138;0.4356597904821861;0.22977750532529073;0.9231085158369359;102.7;;;;
16;19;710;204;764;250;10.511.309.814.453.100;9.631.541.137.695.310;5.468.471.069.335.930;737;227;603;227;134;-0.2025919325979145;0.22267218318800988;0.9587263163927445;98.48;;;;
16;20;569;268;632;323;10.511.309.814.453.100;9.631.541.137.695.310;5.468.471.069.335.930;600;295;420;294;180;-0.24218147323332082;0.2050396551274267;0.6910444422167956;73.36;;;;
17;0;676;310;746;368;10.511.309.814.453.100;9.631.541.137.695.310;5.468.471.069.335.930;711;339;506;338;205;-0.14765040769782167;0.20234750755325792;0.5938884930874445;61.27;;;;
17;1;924;258;996;308;10.511.309.814.453.100;9.631.541.137.695.310;5.468.471.069.335.930;960;283;794;284;166;-0.0022808237154998984;0.21481720360123854;0.7536640586733552;75.77;;;;
17;2;1251;282;1324;348;10.511.309.814.453.100;9.631.541.137.695.310;5.468.471.069.335.930;1287;315;1108;311;179;0.217173988459811;0.21780041786679033;0.6881989349968358;72.68;;;;
17;3;845;238;904;288;10.511.309.814.453.100;9.631.541.137.695.310;5.468.471.069.335.930;874;263;717;262;157;-0.06816543155569008;0.21388865555787853;0.8045135284991499;81.09;;;;
17;4;1500;242;1552;293;10.511.309.814.453.100;9.631.541.137.695.310;5.468.471.069.335.930;1526;267;1374;268;152;0.44449651671708595;0.22366017301072805;0.8293983284700567;94.63;;;;
17;5;1020;184;1068;232;10.511.309.814.453.100;9.631.541.137.695.310;5.468.471.069.335.930;1044;208;926;208;118;0.08224289181169037;0.236126207760471;10.983.872.637.244.700;110.86;;;;
17;6;1315;268;1381;321;10.511.309.814.453.100;9.631.541.137.695.310;5.468.471.069.335.930;1348;294;1176;295;172;0.2685844439843174;0.21397198301846435;0.7235349948299575;77.55;;;;
17;7;1233;211;1283;251;10.511.309.814.453.100;9.631.541.137.695.310;5.468.471.069.335.930;1258;231;1132;230;126;0.2808969226507651;0.2401103168431512;10.176.924.472.199.100;106.41;;;;
17;8;1085;199;1134;249;10.511.309.814.453.100;9.631.541.137.695.310;5.468.471.069.335.930;1109;224;983;223;126;0.1389460139572358;0.23433493663421046;10.210.268.645.382.200;103.76;;;;
17;9;487;356;601;444;10.511.309.814.453.100;9.631.541.137.695.310;5.468.471.069.335.930;544;400;306;393;238;-0.21140693485587972;0.20093532150350762;0.49615945742616774;53.97;;;;
17;10;1379;203;1424;252;10.511.309.814.453.100;9.631.541.137.695.310;5.468.471.069.335.930;1401;227;1276;226;125;0.4204687408690188;0.23870458037754655;10.277.546.111.730.200;111.81;;;;
17;11;866;191;917;234;10.511.309.814.453.100;9.631.541.137.695.310;5.468.471.069.335.930;891;212;764;213;127;-0.06819928626331546;0.22266708575416788;10.186.584.178.942.500;102.56;;;;
17;12;1265;186;1315;232;10.511.309.814.453.100;9.631.541.137.695.310;5.468.471.069.335.930;1290;209;1171;209;119;0.3296996723082609;0.23501554083610515;1.088.652.753.006.370;114.42;;;;
17;13;1456;298;1521;355;10.511.309.814.453.100;9.631.541.137.695.310;5.468.471.069.335.930;1488;326;1300;324;188;0.33511695558274823;0.21345638340173265;0.6517414613585605;73.66;;;;
17;14;1224;243;1285;289;10.511.309.814.453.100;9.631.541.137.695.310;5.468.471.069.335.930;1254;266;1103;263;151;0.23121096794808327;0.22445291029052802;0.8352885128422392;87.27;;;;
17;15;1438;225;1491;266;10.511.309.814.453.100;9.631.541.137.695.310;5.468.471.069.335.930;1464;245;1326;245;138;0.4356597904821861;0.22977750532529073;0.9231085158369359;102.7;;;;
17;16;505;280;574;352;10.511.309.814.453.100;9.631.541.137.695.310;5.468.471.069.335.930;539;316;341;317;198;-0.257146695015122;0.1974254123329111;0.6218565144075967;67.22;;;;
17;17;896;317;978;376;10.511.309.814.453.100;9.631.541.137.695.310;5.468.471.069.335.930;937;346;730;346;207;-0.015166735634439661;0.20390790799393435;0.5861207946899507;58.77;;;;
17;18;1135;257;1194;303;10.511.309.814.453.100;9.631.541.137.695.310;5.468.471.069.335.930;1164;280;1001;280;163;0.1479100861892907;0.21685757832222577;0.7686398299077631;78.72;;;;
17;19;569;269;634;323;10.511.309.814.453.100;9.631.541.137.695.310;5.468.471.069.335.930;601;296;420;294;181;-0.24018025501955134;0.20448118655634107;0.6868949176093576;72.89;;;;
17;20;710;205;763;250;10.511.309.814.453.100;9.631.541.137.695.310;5.468.471.069.335.930;736;227;604;227;132;-0.2065708938756023;0.226046004145404;0.9732524727017255;100.05;;;;
18;0;924;258;995;308;10.511.309.814.453.100;9.631.541.137.695.310;5.468.471.069.335.930;959;283;794;284;165;-0.0030221561226178232;0.21611912604730665;0.7582317196350119;76.26;;;;
18;1;678;310;744;368;10.511.309.814.453.100;9.631.541.137.695.310;5.468.471.069.335.930;711;339;506;338;205;-0.14765040769782167;0.20234750755325792;0.5938884930874445;61.27;;;;
18;2;1501;242;1551;293;10.511.309.814.453.100;9.631.541.137.695.310;5.468.471.069.335.930;1526;267;1374;268;152;0.44449651671708595;0.22366017301072805;0.8293983284700567;94.63;;;;
18;3;846;238;904;288;10.511.309.814.453.100;9.631.541.137.695.310;5.468.471.069.335.930;875;263;717;262;158;-0.06697426411888852;0.2125349298897907;0.7994216707238389;80.54;;;;
18;4;1250;283;1324;349;10.511.309.814.453.100;9.631.541.137.695.310;5.468.471.069.335.930;1287;316;1109;311;178;0.21839406704666392;0.21960804293211464;0.6917280328803604;73.1;;;;
18;5;1315;267;1380;321;10.511.309.814.453.100;9.631.541.137.695.310;5.468.471.069.335.930;1347;294;1177;295;170;0.27103814906966844;0.2164893004657404;0.7320471712397217;78.5;;;;
18;6;1020;184;1068;233;10.511.309.814.453.100;9.631.541.137.695.310;5.468.471.069.335.930;1044;208;926;208;118;0.08224289181169037;0.236126207760471;10.983.872.637.244.700;110.86;;;;
18;7;1233;212;1284;251;10.511.309.814.453.100;9.631.541.137.695.310;5.468.471.069.335.930;1258;231;1132;230;126;0.2808969226507651;0.2401103168431512;10.176.924.472.199.100;106.41;;;;
18;8;488;357;600;442;10.511.309.814.453.100;9.631.541.137.695.310;5.468.471.069.335.930;544;399;304;394;240;-0.2096452103987474;0.19882770697530783;0.49227487657982255;53.46;;;;
18;9;1085;199;1134;249;10.511.309.814.453.100;9.631.541.137.695.310;5.468.471.069.335.930;1109;224;983;222;126;0.1389460139572358;0.23433493663421046;10.210.268.645.382.200;103.76;;;;
18;10;896;317;979;375;10.511.309.814.453.100;9.631.541.137.695.310;5.468.471.069.335.930;937;346;732;346;205;-0.01531470378697078;0.2058972534377776;0.5918390463454624;59.41;;;;
18;11;1380;204;1423;252;10.511.309.814.453.100;9.631.541.137.695.310;5.468.471.069.335.930;1401;228;1276;226;125;0.4204687408690188;0.23953623512763406;10.272.744.550.791.800;111.78;;;;
18;12;1224;243;1285;289;10.511.309.814.453.100;9.631.541.137.695.310;5.468.471.069.335.930;1254;266;1104;264;150;0.2327523744010705;0.22594926302579818;0.840857102927854;87.88;;;;
18;13;866;191;918;234;10.511.309.814.453.100;9.631.541.137.695.310;5.468.471.069.335.930;892;212;763;213;129;-0.0662113979223419;0.21921488287425828;10.028.652.641.284.400;100.9;;;;
18;14;1264;187;1315;232;10.511.309.814.453.100;9.631.541.137.695.310;5.468.471.069.335.930;1289;209;1170;208;119;0.32869094101868984;0.23501554083610515;1.088.652.753.006.370;114.39;;;;
18;15;1457;298;1521;354;10.511.309.814.453.100;9.631.541.137.695.310;5.468.471.069.335.930;1489;326;1300;324;189;0.3339789771059028;0.21232698454775525;0.6482930938381448;73.27;;;;
18;16;1136;258;1193;304;10.511.309.814.453.100;9.631.541.137.695.310;5.468.471.069.335.930;1164;281;1001;281;163;0.1479100861892907;0.21749535036983883;0.7682716120443921;78.7;;;;
18;17;506;282;573;353;10.511.309.814.453.100;9.631.541.137.695.310;5.468.471.069.335.930;539;317;341;317;198;-0.257146695015122;0.19795044689736024;0.6215533855604781;67.2;;;;
18;18;1439;226;1490;266;10.511.309.814.453.100;9.631.541.137.695.310;5.468.471.069.335.930;1464;246;1326;245;138;0.4356597904821861;0.23053081578732654;0.9226735918388962;102.68;;;;
18;19;570;268;633;323;10.511.309.814.453.100;9.631.541.137.695.310;5.468.471.069.335.930;601;295;420;294;181;-0.24018025501955134;0.203906839353242;0.6872265171216753;72.91;;;;
18;20;708;205;764;251;10.511.309.814.453.100;9.631.541.137.695.310;5.468.471.069.335.930;736;228;603;227;133;-0.20501772925999626;0.22512804053349061;0.9654835104127693;99.24;;;;
19;0;924;258;995;308;10.511.309.814.453.100;9.631.541.137.695.310;5.468.471.069.335.930;959;283;794;283;165;-0.0030221561226178232;0.21611912604730665;0.7582317196350119;76.26;;;;
19;1;1501;243;1551;293;10.511.309.814.453.100;9.631.541.137.695.310;5.468.471.069.335.930;1526;268;1373;268;153;0.441591310725471;0.222877798309749;0.8235851399720205;93.97;;;;
19;2;677;310;745;369;10.511.309.814.453.100;9.631.541.137.695.310;5.468.471.069.335.930;711;339;506;338;205;-0.14765040769782167;0.20234750755325792;0.5938884930874445;61.27;;;;
19;3;1315;268;1381;321;10.511.309.814.453.100;9.631.541.137.695.310;5.468.471.069.335.930;1348;294;1177;295;171;0.2701551132473836;0.21522328116477116;0.7277661936301327;78.04;;;;
19;4;846;237;903;287;10.511.309.814.453.100;9.631.541.137.695.310;5.468.471.069.335.930;874;262;718;263;156;-0.06860238945027783;0.21459334665914098;0.810055406962154;81.67;;;;
19;5;1252;282;1323;347;10.511.309.814.453.100;9.631.541.137.695.310;5.468.471.069.335.930;1287;314;1108;310;179;0.217173988459811;0.21721965337650578;0.6885342395316374;72.69;;;;
19;6;1020;184;1068;233;10.511.309.814.453.100;9.631.541.137.695.310;5.468.471.069.335.930;1044;208;926;208;118;0.08224289181169037;0.236126207760471;10.983.872.637.244.700;110.86;;;;
19;7;1234;212;1283;251;10.511.309.814.453.100;9.631.541.137.695.310;5.468.471.069.335.930;1258;231;1132;230;126;0.2808969226507651;0.2401103168431512;10.176.924.472.199.100;106.41;;;;
19;8;1086;199;1134;248;10.511.309.814.453.100;9.631.541.137.695.310;5.468.471.069.335.930;1110;223;983;223;127;0.13879714001630447;0.23167122182794953;10.134.598.775.082.300;102.96;;;;
19;9;867;190;917;234;10.511.309.814.453.100;9.631.541.137.695.310;5.468.471.069.335.930;892;212;764;213;128;-0.0667286744686102;0.22092749914671345;10.107.001.490.044.500;101.72;;;;
19;10;488;356;599;443;10.511.309.814.453.100;9.631.541.137.695.310;5.468.471.069.335.930;543;399;304;393;239;-0.2110246423395746;0.19965962206725474;0.4943346040968929;53.74;;;;
19;11;1380;203;1423;251;10.511.309.814.453.100;9.631.541.137.695.310;5.468.471.069.335.930;1401;227;1275;228;126;0.41713168737005835;0.23681009958089932;1.019.597.828.544.660;110.89;;;;
19;12;1265;186;1315;232;10.511.309.814.453.100;9.631.541.137.695.310;5.468.471.069.335.930;1290;209;1171;209;119;0.3296996723082609;0.23501554083610515;1.088.652.753.006.370;114.42;;;;
19;13;1224;243;1284;289;10.511.309.814.453.100;9.631.541.137.695.310;5.468.471.069.335.930;1254;266;1104;263;150;0.2327523744010705;0.22594926302579818;0.840857102927854;87.88;;;;
19;14;1457;298;1520;354;10.511.309.814.453.100;9.631.541.137.695.310;5.468.471.069.335.930;1488;326;1300;324;188;0.33511695558274823;0.21345638340173265;0.6517414613585605;73.66;;;;
19;15;1136;258;1193;304;10.511.309.814.453.100;9.631.541.137.695.310;5.468.471.069.335.930;1164;281;1001;280;163;0.1479100861892907;0.21749535036983883;0.7682716120443921;78.7;;;;
19;16;507;281;573;352;10.511.309.814.453.100;9.631.541.137.695.310;5.468.471.069.335.930;540;316;341;317;199;-0.25525128939464925;0.19643332483375078;0.6187316073000209;66.83;;;;
19;17;1439;226;1491;266;10.511.309.814.453.100;9.631.541.137.695.310;5.468.471.069.335.930;1465;246;1326;245;139;0.433389137482019;0.22887232070971986;0.9160356523292639;101.95;;;;
19;18;896;317;979;375;10.511.309.814.453.100;9.631.541.137.695.310;5.468.471.069.335.930;937;346;731;345;206;-0.01524036056470393;0.20489775220749715;0.5889660412661155;59.08;;;;
19;19;710;205;763;250;10.511.309.814.453.100;9.631.541.137.695.310;5.468.471.069.335.930;736;227;603;227;133;-0.20501772925999626;0.22434641012927314;0.965934784937051;99.27;;;;
19;20;569;268;633;323;10.511.309.814.453.100;9.631.541.137.695.310;5.468.471.069.335.930;601;295;420;294;181;-0.24018025501955134;0.203906839353242;0.6872265171216753;72.91;;;;
20;0;677;310;746;367;10.511.309.814.453.100;9.631.541.137.695.310;5.468.471.069.335.930;711;338;507;337;204;-0.14837418420614434;0.2028298147287105;0.5970939244836061;61.62;;;;
20;1;924;258;996;308;10.511.309.814.453.100;9.631.541.137.695.310;5.468.471.069.335.930;960;283;794;284;166;-0.0022808237154998984;0.21481720360123854;0.7536640586733552;75.77;;;;
20;2;845;238;903;287;10.511.309.814.453.100;9.631.541.137.695.310;5.468.471.069.335.930;874;262;718;263;156;-0.06860238945027783;0.21459334665914098;0.810055406962154;81.67;;;;
20;3;1252;282;1324;347;10.511.309.814.453.100;9.631.541.137.695.310;5.468.471.069.335.930;1288;314;1109;312;179;0.21784459752941412;0.21721965337650578;0.6885342395316374;72.71;;;;
20;4;1234;211;1284;251;10.511.309.814.453.100;9.631.541.137.695.310;5.468.471.069.335.930;1259;231;1132;230;127;0.27963032501933355;0.23821968442706343;10.096.791.208.638.500;105.56;;;;
20;5;1315;268;1381;320;10.511.309.814.453.100;9.631.541.137.695.310;5.468.471.069.335.930;1348;294;1177;295;171;0.2701551132473836;0.21522328116477116;0.7277661936301327;78.04;;;;
20;6;1020;183;1068;233;10.511.309.814.453.100;9.631.541.137.695.310;5.468.471.069.335.930;1044;208;926;209;118;0.08224289181169037;0.236126207760471;10.983.872.637.244.700;110.86;;;;
20;7;1500;243;1552;293;10.511.309.814.453.100;9.631.541.137.695.310;5.468.471.069.335.930;1526;268;1374;268;152;0.44449651671708595;0.2243440996144184;0.8290034632613101;94.61;;;;
20;8;1085;199;1134;249;10.511.309.814.453.100;9.631.541.137.695.310;5.468.471.069.335.930;1109;224;984;222;125;0.14005758206889368;0.23620961612728414;10.291.950.794.545.200;104.63;;;;
20;9;866;191;916;234;10.511.309.814.453.100;9.631.541.137.695.310;5.468.471.069.335.930;891;212;764;214;127;-0.06819928626331546;0.22266708575416788;10.186.584.178.942.500;102.56;;;;
20;10;488;357;600;443;10.511.309.814.453.100;9.631.541.137.695.310;5.468.471.069.335.930;544;400;306;393;238;-0.21140693485587972;0.20093532150350762;0.49615945742616774;53.97;;;;
20;11;1379;203;1424;251;10.511.309.814.453.100;9.631.541.137.695.310;5.468.471.069.335.930;1401;227;1275;228;126;0.41713168737005835;0.23681009958089932;1.019.597.828.544.660;110.89;;;;
20;12;1224;243;1284;289;10.511.309.814.453.100;9.631.541.137.695.310;5.468.471.069.335.930;1254;266;1103;263;151;0.23121096794808327;0.22445291029052802;0.8352885128422392;87.27;;;;
20;13;1265;186;1315;232;10.511.309.814.453.100;9.631.541.137.695.310;5.468.471.069.335.930;1290;209;1171;208;119;0.3296996723082609;0.23501554083610515;1.088.652.753.006.370;114.42;;;;
20;14;1457;298;1521;354;10.511.309.814.453.100;9.631.541.137.695.310;5.468.471.069.335.930;1489;326;1300;324;189;0.3339789771059028;0.21232698454775525;0.6482930938381448;73.27;;;;
20;15;1137;257;1193;304;10.511.309.814.453.100;9.631.541.137.695.310;5.468.471.069.335.930;1165;280;1001;281;164;0.14774014068483743;0.21553527601538292;0.7639530016766183;78.22;;;;
20;16;506;281;574;353;10.511.309.814.453.100;9.631.541.137.695.310;5.468.471.069.335.930;540;317;341;316;199;-0.25525128939464925;0.19695572103355447;0.6184300017134406;66.81;;;;
20;17;895;316;979;375;10.511.309.814.453.100;9.631.541.137.695.310;5.468.471.069.335.930;937;345;731;345;206;-0.01524036056470393;0.20439310733487126;0.5892573981191712;59.1;;;;
20;18;1439;226;1490;266;10.511.309.814.453.100;9.631.541.137.695.310;5.468.471.069.335.930;1464;246;1326;245;138;0.4356597904821861;0.23053081578732654;0.9226735918388962;102.68;;;;
20;19;569;267;634;323;10.511.309.814.453.100;9.631.541.137.695.310;5.468.471.069.335.930;601;295;420;294;181;-0.24018025501955134;0.203906839353242;0.6872265171216753;72.91;;;;
20;20;708;205;766;250;10.511.309.814.453.100;9.631.541.137.695.310;5.468.471.069.335.930;737;227;603;227;134;-0.2025919325979145;0.22267218318800988;0.9587263163927445;98.48;;;;
21;0;677;310;745;368;10.511.309.814.453.100;9.631.541.137.695.310;5.468.471.069.335.930;711;339;507;337;204;-0.14837418420614434;0.20333940710008763;0.5967997111908145;61.61;;;;
21;1;924;258;995;308;10.511.309.814.453.100;9.631.541.137.695.310;5.468.471.069.335.930;959;283;795;284;164;-0.0030405839038532977;0.2174369255963756;0.7628550837791278;76.76;;;;
21;2;845;238;904;288;10.511.309.814.453.100;9.631.541.137.695.310;5.468.471.069.335.930;874;263;717;262;157;-0.06816543155569008;0.21388865555787853;0.8045135284991499;81.09;;;;
21;3;1252;283;1323;348;10.511.309.814.453.100;9.631.541.137.695.310;5.468.471.069.335.930;1287;315;1109;311;178;0.21839406704666392;0.21902401571997454;0.6920652211485037;73.12;;;;
21;4;1315;268;1380;321;10.511.309.814.453.100;9.631.541.137.695.310;5.468.471.069.335.930;1347;294;1176;295;171;0.26945313065405635;0.21522328116477116;0.7277661936301327;78.01;;;;
21;5;1501;244;1551;294;10.511.309.814.453.100;9.631.541.137.695.310;5.468.471.069.335.930;1526;269;1374;268;152;0.44449651671708595;0.22502802621810877;0.8286085980525636;94.59;;;;
21;6;1019;185;1068;233;10.511.309.814.453.100;9.631.541.137.695.310;5.468.471.069.335.930;1043;209;925;208;118;0.08122561195186868;0.23700719796183484;10.978.786.237.945.600;110.82;;;;
21;7;1233;212;1284;251;10.511.309.814.453.100;9.631.541.137.695.310;5.468.471.069.335.930;1258;231;1132;231;126;0.2808969226507651;0.2401103168431512;10.176.924.472.199.100;106.41;;;;
21;8;1085;199;1135;249;10.511.309.814.453.100;9.631.541.137.695.310;5.468.471.069.335.930;1110;224;984;223;126;0.1398987046196085;0.23433493663421046;10.210.268.645.382.200;103.78;;;;
21;9;1379;204;1424;252;10.511.309.814.453.100;9.631.541.137.695.310;5.468.471.069.335.930;1401;228;1275;227;126;0.41713168737005835;0.23763515389646234;10.191.214.832.134.700;110.86;;;;
21;10;866;191;918;234;10.511.309.814.453.100;9.631.541.137.695.310;5.468.471.069.335.930;892;212;764;213;128;-0.0667286744686102;0.22092749914671345;10.107.001.490.044.500;101.72;;;;
21;11;487;357;600;442;10.511.309.814.453.100;9.631.541.137.695.310;5.468.471.069.335.930;543;399;306;393;237;-0.21280544100910687;0.2013445133927168;0.49850620413146585;54.25;;;;
21;12;1264;186;1315;232;10.511.309.814.453.100;9.631.541.137.695.310;5.468.471.069.335.930;1289;209;1170;208;119;0.32869094101868984;0.23501554083610515;1.088.652.753.006.370;114.39;;;;
21;13;1224;244;1283;289;10.511.309.814.453.100;9.631.541.137.695.310;5.468.471.069.335.930;1253;266;1103;263;150;0.23195211424467743;0.22594926302579818;0.840857102927854;87.86;;;;
21;14;1456;298;1522;354;10.511.309.814.453.100;9.631.541.137.695.310;5.468.471.069.335.930;1489;326;1300;324;189;0.3339789771059028;0.21232698454775525;0.6482930938381448;73.27;;;;
21;15;506;281;573;352;10.511.309.814.453.100;9.631.541.137.695.310;5.468.471.069.335.930;539;316;341;316;198;-0.257146695015122;0.1974254123329111;0.6218565144075967;67.22;;;;
21;16;1137;258;1192;304;10.511.309.814.453.100;9.631.541.137.695.310;5.468.471.069.335.930;1164;281;1001;280;163;0.1479100861892907;0.21749535036983883;0.7682716120443921;78.7;;;;
21;17;1438;225;1492;265;10.511.309.814.453.100;9.631.541.137.695.310;5.468.471.069.335.930;1465;245;1326;245;139;0.433389137482019;0.228124429747411;0.9164674473776774;101.97;;;;
21;18;896;317;979;375;10.511.309.814.453.100;9.631.541.137.695.310;5.468.471.069.335.930;937;346;731;345;206;-0.01524036056470393;0.20489775220749715;0.5889660412661155;59.08;;;;
21;19;570;268;632;322;10.511.309.814.453.100;9.631.541.137.695.310;5.468.471.069.335.930;601;295;420;293;181;-0.24018025501955134;0.203906839353242;0.6872265171216753;72.91;;;;
21;20;710;205;764;250;10.511.309.814.453.100;9.631.541.137.695.310;5.468.471.069.335.930;737;227;603;227;134;-0.2025919325979145;0.22267218318800988;0.9587263163927445;98.48;;;;
22;0;678;309;744;368;10.511.309.814.453.100;9.631.541.137.695.310;5.468.471.069.335.930;711;338;507;337;204;-0.14837418420614434;0.2028298147287105;0.5970939244836061;61.62;;;;
22;1;925;258;995;308;10.511.309.814.453.100;9.631.541.137.695.310;5.468.471.069.335.930;960;283;794;284;166;-0.0022808237154998984;0.21481720360123854;0.7536640586733552;75.77;;;;
22;2;846;239;903;288;10.511.309.814.453.100;9.631.541.137.695.310;5.468.471.069.335.930;874;263;717;263;157;-0.06816543155569008;0.21388865555787853;0.8045135284991499;81.09;;;;
22;3;1500;242;1551;294;10.511.309.814.453.100;9.631.541.137.695.310;5.468.471.069.335.930;1525;268;1374;268;151;0.4466452418380007;0.22582982212842118;0.8344935524219811;95.23;;;;
22;4;1316;268;1381;321;10.511.309.814.453.100;9.631.541.137.695.310;5.468.471.069.335.930;1348;294;1177;295;171;0.2701551132473836;0.21522328116477116;0.7277661936301327;78.04;;;;
22;5;1252;283;1324;347;10.511.309.814.453.100;9.631.541.137.695.310;5.468.471.069.335.930;1288;315;1108;311;180;0.21663434976536186;0.21659041554530817;0.6843756075801869;72.26;;;;
22;6;1233;212;1284;251;10.511.309.814.453.100;9.631.541.137.695.310;5.468.471.069.335.930;1258;231;1132;230;126;0.2808969226507651;0.2401103168431512;10.176.924.472.199.100;106.41;;;;
22;7;1019;184;1068;233;10.511.309.814.453.100;9.631.541.137.695.310;5.468.471.069.335.930;1043;208;926;208;117;0.0819198479514573;0.23814438047637254;1.107.775.189.055.450;111.83;;;;
22;8;1085;199;1135;249;10.511.309.814.453.100;9.631.541.137.695.310;5.468.471.069.335.930;1110;224;983;223;127;0.13879714001630447;0.2324897796528388;10.129.872.829.276.800;102.93;;;;
22;9;1379;204;1423;251;10.511.309.814.453.100;9.631.541.137.695.310;5.468.471.069.335.930;1401;227;1275;227;126;0.41713168737005835;0.23681009958089932;1.019.597.828.544.660;110.89;;;;
22;10;488;356;600;443;10.511.309.814.453.100;9.631.541.137.695.310;5.468.471.069.335.930;544;399;304;394;240;-0.2096452103987474;0.19882770697530783;0.49227487657982255;53.46;;;;
22;11;1265;187;1315;232;10.511.309.814.453.100;9.631.541.137.695.310;5.468.471.069.335.930;1290;209;1170;209;120;0.3269521750390254;0.23305707799580427;10.795.806.467.313.100;113.43;;;;
22;12;1224;243;1284;289;10.511.309.814.453.100;9.631.541.137.695.310;5.468.471.069.335.930;1254;266;1104;263;150;0.2327523744010705;0.22594926302579818;0.840857102927854;87.88;;;;
22;13;865;191;918;234;10.511.309.814.453.100;9.631.541.137.695.310;5.468.471.069.335.930;891;212;764;213;127;-0.06819928626331546;0.22266708575416788;10.186.584.178.942.500;102.56;;;;
22;14;1456;298;1520;354;10.511.309.814.453.100;9.631.541.137.695.310;5.468.471.069.335.930;1488;326;1300;324;188;0.33511695558274823;0.21345638340173265;0.6517414613585605;73.66;;;;
22;15;507;281;573;352;10.511.309.814.453.100;9.631.541.137.695.310;5.468.471.069.335.930;540;316;342;316;198;-0.25654043732088483;0.1974254123329111;0.6218565144075967;67.19;;;;
22;16;895;317;979;376;10.511.309.814.453.100;9.631.541.137.695.310;5.468.471.069.335.930;937;346;730;345;207;-0.015166735634439661;0.20390790799393435;0.5861207946899507;58.77;;;;
22;17;1438;225;1491;266;10.511.309.814.453.100;9.631.541.137.695.310;5.468.471.069.335.930;1464;245;1326;245;138;0.4356597904821861;0.22977750532529073;0.9231085158369359;102.7;;;;
22;18;1136;258;1193;303;10.511.309.814.453.100;9.631.541.137.695.310;5.468.471.069.335.930;1164;280;1001;280;163;0.1479100861892907;0.21685757832222577;0.7686398299077631;78.72;;;;
22;19;570;268;632;322;10.511.309.814.453.100;9.631.541.137.695.310;5.468.471.069.335.930;601;295;420;294;181;-0.24018025501955134;0.203906839353242;0.6872265171216753;72.91;;;;
22;20;710;205;764;250;10.511.309.814.453.100;9.631.541.137.695.310;5.468.471.069.335.930;737;227;603;227;134;-0.2025919325979145;0.22267218318800988;0.9587263163927445;98.48;;;;
23;0;924;258;995;308;10.511.309.814.453.100;9.631.541.137.695.310;5.468.471.069.335.930;959;283;794;284;165;-0.0030221561226178232;0.21611912604730665;0.7582317196350119;76.26;;;;
23;1;677;310;745;368;10.511.309.814.453.100;9.631.541.137.695.310;5.468.471.069.335.930;711;339;506;337;205;-0.14765040769782167;0.20234750755325792;0.5938884930874445;61.27;;;;
23;2;1501;243;1551;293;10.511.309.814.453.100;9.631.541.137.695.310;5.468.471.069.335.930;1526;268;1373;267;153;0.441591310725471;0.222877798309749;0.8235851399720205;93.97;;;;
23;3;1251;282;1324;348;10.511.309.814.453.100;9.631.541.137.695.310;5.468.471.069.335.930;1287;315;1108;310;179;0.217173988459811;0.21780041786679033;0.6881989349968358;72.68;;;;
23;4;845;238;903;288;10.511.309.814.453.100;9.631.541.137.695.310;5.468.471.069.335.930;874;263;717;263;157;-0.06816543155569008;0.21388865555787853;0.8045135284991499;81.09;;;;
23;5;1315;268;1382;322;10.511.309.814.453.100;9.631.541.137.695.310;5.468.471.069.335.930;1348;295;1177;295;171;0.2701551132473836;0.21583121592360702;0.7274152023334691;78.02;;;;
23;6;1020;185;1068;233;10.511.309.814.453.100;9.631.541.137.695.310;5.468.471.069.335.930;1044;209;926;208;118;0.08224289181169037;0.23700719796183484;10.978.786.237.945.600;110.83;;;;
23;7;1233;212;1284;251;10.511.309.814.453.100;9.631.541.137.695.310;5.468.471.069.335.930;1258;231;1132;230;126;0.2808969226507651;0.2401103168431512;10.176.924.472.199.100;106.41;;;;
23;8;1085;199;1134;249;10.511.309.814.453.100;9.631.541.137.695.310;5.468.471.069.335.930;1109;224;983;223;126;0.1389460139572358;0.23433493663421046;10.210.268.645.382.200;103.76;;;;
23;9;488;356;601;442;10.511.309.814.453.100;9.631.541.137.695.310;5.468.471.069.335.930;544;399;304;393;240;-0.2096452103987474;0.19882770697530783;0.49227487657982255;53.46;;;;
23;10;1379;204;1423;252;10.511.309.814.453.100;9.631.541.137.695.310;5.468.471.069.335.930;1401;228;1275;227;126;0.41713168737005835;0.23763515389646234;10.191.214.832.134.700;110.86;;;;
23;11;1223;243;1284;289;10.511.309.814.453.100;9.631.541.137.695.310;5.468.471.069.335.930;1253;266;1104;262;149;0.233508839843635;0.22746570103268274;0.8465004391891148;88.48;;;;
23;12;1264;186;1316;232;10.511.309.814.453.100;9.631.541.137.695.310;5.468.471.069.335.930;1290;209;1170;208;120;0.3269521750390254;0.23305707799580427;10.795.806.467.313.100;113.43;;;;
23;13;865;191;919;234;10.511.309.814.453.100;9.631.541.137.695.310;5.468.471.069.335.930;892;212;765;213;127;-0.0672540971022213;0.22266708575416788;10.186.584.178.942.500;102.56;;;;
23;14;1438;224;1491;266;10.511.309.814.453.100;9.631.541.137.695.310;5.468.471.069.335.930;1464;245;1326;245;138;0.4356597904821861;0.22977750532529073;0.9231085158369359;102.7;;;;
23;15;1458;299;1520;354;10.511.309.814.453.100;9.631.541.137.695.310;5.468.471.069.335.930;1489;326;1300;325;189;0.3339789771059028;0.21232698454775525;0.6482930938381448;73.27;;;;
23;16;506;280;574;353;10.511.309.814.453.100;9.631.541.137.695.310;5.468.471.069.335.930;540;316;343;316;197;-0.2578426730433259;0.19842757178637765;0.6250131464604272;67.56;;;;
23;17;1136;257;1195;304;10.511.309.814.453.100;9.631.541.137.695.310;5.468.471.069.335.930;1165;280;1001;281;164;0.14774014068483743;0.21553527601538292;0.7639530016766183;78.22;;;;
23;18;896;317;978;376;10.511.309.814.453.100;9.631.541.137.695.310;5.468.471.069.335.930;937;346;731;345;206;-0.01524036056470393;0.20489775220749715;0.5889660412661155;59.08;;;;
23;19;569;267;633;323;10.511.309.814.453.100;9.631.541.137.695.310;5.468.471.069.335.930;601;295;420;294;181;-0.24018025501955134;0.203906839353242;0.6872265171216753;72.91;;;;
23;20;710;205;764;250;10.511.309.814.453.100;9.631.541.137.695.310;5.468.471.069.335.930;737;227;603;226;134;-0.2025919325979145;0.22267218318800988;0.9587263163927445;98.48;;;;
24;0;677;310;745;368;10.511.309.814.453.100;9.631.541.137.695.310;5.468.471.069.335.930;711;339;507;338;204;-0.14837418420614434;0.20333940710008763;0.5967997111908145;61.61;;;;
24;1;925;259;994;307;10.511.309.814.453.100;9.631.541.137.695.310;5.468.471.069.335.930;959;283;794;284;165;-0.0030221561226178232;0.21611912604730665;0.7582317196350119;76.26;;;;
24;2;845;238;904;287;10.511.309.814.453.100;9.631.541.137.695.310;5.468.471.069.335.930;874;262;718;263;156;-0.06860238945027783;0.21459334665914098;0.810055406962154;81.67;;;;
24;3;1315;269;1381;321;10.511.309.814.453.100;9.631.541.137.695.310;5.468.471.069.335.930;1348;295;1177;295;171;0.2701551132473836;0.21583121592360702;0.7274152023334691;78.02;;;;
24;4;1252;283;1324;347;10.511.309.814.453.100;9.631.541.137.695.310;5.468.471.069.335.930;1288;315;1108;311;180;0.21663434976536186;0.21659041554530817;0.6843756075801869;72.26;;;;
24;5;1500;242;1552;293;10.511.309.814.453.100;9.631.541.137.695.310;5.468.471.069.335.930;1526;267;1374;267;152;0.44449651671708595;0.22366017301072805;0.8293983284700567;94.63;;;;
24;6;1233;212;1284;251;10.511.309.814.453.100;9.631.541.137.695.310;5.468.471.069.335.930;1258;231;1131;230;127;0.2786851358582394;0.23821968442706343;10.096.791.208.638.500;105.54;;;;
24;7;1019;185;1068;233;10.511.309.814.453.100;9.631.541.137.695.310;5.468.471.069.335.930;1043;209;926;209;117;0.0819198479514573;0.23903290050851722;11.072.622.017.757.100;111.8;;;;
24;8;488;356;599;443;10.511.309.814.453.100;9.631.541.137.695.310;5.468.471.069.335.930;543;399;304;394;239;-0.2110246423395746;0.19965962206725474;0.4943346040968929;53.74;;;;
24;9;1085;199;1135;249;10.511.309.814.453.100;9.631.541.137.695.310;5.468.471.069.335.930;1110;224;983;223;127;0.13879714001630447;0.2324897796528388;10.129.872.829.276.800;102.93;;;;
24;10;866;191;918;234;10.511.309.814.453.100;9.631.541.137.695.310;5.468.471.069.335.930;892;212;764;213;128;-0.0667286744686102;0.22092749914671345;10.107.001.490.044.500;101.72;;;;
24;11;1379;204;1423;251;10.511.309.814.453.100;9.631.541.137.695.310;5.468.471.069.335.930;1401;227;1275;226;126;0.41713168737005835;0.23681009958089932;1.019.597.828.544.660;110.89;;;;
24;12;1264;187;1315;232;10.511.309.814.453.100;9.631.541.137.695.310;5.468.471.069.335.930;1289;209;1171;209;118;0.3314764574680008;0.23700719796183484;10.978.786.237.945.600;115.39;;;;
24;13;1457;299;1521;355;10.511.309.814.453.100;9.631.541.137.695.310;5.468.471.069.335.930;1489;327;1300;325;189;0.3339789771059028;0.21287702075813056;0.6479755302840206;73.26;;;;
24;14;1224;243;1284;289;10.511.309.814.453.100;9.631.541.137.695.310;5.468.471.069.335.930;1254;266;1104;263;150;0.2327523744010705;0.22594926302579818;0.840857102927854;87.88;;;;
24;15;506;281;574;352;10.511.309.814.453.100;9.631.541.137.695.310;5.468.471.069.335.930;540;316;343;316;197;-0.2578426730433259;0.19842757178637765;0.6250131464604272;67.56;;;;
24;16;896;317;978;375;10.511.309.814.453.100;9.631.541.137.695.310;5.468.471.069.335.930;937;346;731;345;206;-0.01524036056470393;0.20489775220749715;0.5889660412661155;59.08;;;;
24;17;1136;257;1194;304;10.511.309.814.453.100;9.631.541.137.695.310;5.468.471.069.335.930;1165;280;1001;280;164;0.14774014068483743;0.21553527601538292;0.7639530016766183;78.22;;;;
24;18;1439;226;1492;266;10.511.309.814.453.100;9.631.541.137.695.310;5.468.471.069.335.930;1465;246;1326;245;139;0.433389137482019;0.22887232070971986;0.9160356523292639;101.95;;;;
24;19;569;267;633;323;10.511.309.814.453.100;9.631.541.137.695.310;5.468.471.069.335.930;601;295;420;294;181;-0.24018025501955134;0.203906839353242;0.6872265171216753;72.91;;;;
24;20;710;205;764;250;10.511.309.814.453.100;9.631.541.137.695.310;5.468.471.069.335.930;737;227;603;227;134;-0.2025919325979145;0.22267218318800988;0.9587263163927445;98.48;;;;
25;0;678;310;745;368;10.511.309.814.453.100;9.631.541.137.695.310;5.468.471.069.335.930;711;339;507;338;204;-0.14837418420614434;0.20333940710008763;0.5967997111908145;61.61;;;;
25;1;925;258;995;308;10.511.309.814.453.100;9.631.541.137.695.310;5.468.471.069.335.930;960;283;795;284;165;-0.002294646889533231;0.21611912604730665;0.7582317196350119;76.26;;;;
25;2;1252;283;1324;348;10.511.309.814.453.100;9.631.541.137.695.310;5.468.471.069.335.930;1288;315;1108;311;180;0.21663434976536186;0.21659041554530817;0.6843756075801869;72.26;;;;
25;3;1315;268;1381;322;10.511.309.814.453.100;9.631.541.137.695.310;5.468.471.069.335.930;1348;295;1177;295;171;0.2701551132473836;0.21583121592360702;0.7274152023334691;78.02;;;;
25;4;845;237;903;287;10.511.309.814.453.100;9.631.541.137.695.310;5.468.471.069.335.930;874;262;717;263;157;-0.06816543155569008;0.21322651005621654;0.8048958183827772;81.12;;;;
25;5;1233;211;1284;251;10.511.309.814.453.100;9.631.541.137.695.310;5.468.471.069.335.930;1258;231;1132;230;126;0.2808969226507651;0.2401103168431512;10.176.924.472.199.100;106.41;;;;
25;6;1500;242;1552;293;10.511.309.814.453.100;9.631.541.137.695.310;5.468.471.069.335.930;1526;267;1374;268;152;0.44449651671708595;0.22366017301072805;0.8293983284700567;94.63;;;;
25;7;1020;184;1067;233;10.511.309.814.453.100;9.631.541.137.695.310;5.468.471.069.335.930;1043;208;926;209;117;0.0819198479514573;0.23814438047637254;1.107.775.189.055.450;111.83;;;;
25;8;1085;199;1134;248;10.511.309.814.453.100;9.631.541.137.695.310;5.468.471.069.335.930;1109;223;983;223;126;0.1389460139572358;0.23350988231864744;10.215.032.098.694.100;103.79;;;;
25;9;1224;243;1284;289;10.511.309.814.453.100;9.631.541.137.695.310;5.468.471.069.335.930;1254;266;1103;263;151;0.23121096794808327;0.22445291029052802;0.8352885128422392;87.27;;;;
25;10;1380;204;1424;251;10.511.309.814.453.100;9.631.541.137.695.310;5.468.471.069.335.930;1402;227;1275;227;127;0.4147923750557977;0.23494545312750648;10.115.694.991.860.400;110.02;;;;
25;11;1265;187;1315;232;10.511.309.814.453.100;9.631.541.137.695.310;5.468.471.069.335.930;1290;209;1171;209;119;0.3296996723082609;0.23501554083610515;1.088.652.753.006.370;114.42;;;;
25;12;488;357;599;441;10.511.309.814.453.100;9.631.541.137.695.310;5.468.471.069.335.930;543;399;304;393;239;-0.2110246423395746;0.19965962206725474;0.4943346040968929;53.74;;;;
25;13;867;190;917;234;10.511.309.814.453.100;9.631.541.137.695.310;5.468.471.069.335.930;892;212;764;213;128;-0.0667286744686102;0.22092749914671345;10.107.001.490.044.500;101.72;;;;
25;14;507;281;573;353;10.511.309.814.453.100;9.631.541.137.695.310;5.468.471.069.335.930;540;317;342;316;198;-0.25654043732088483;0.19795044689736024;0.6215533855604781;67.18;;;;
25;15;1137;258;1193;303;10.511.309.814.453.100;9.631.541.137.695.310;5.468.471.069.335.930;1165;280;1001;280;164;0.14774014068483743;0.21553527601538292;0.7639530016766183;78.22;;;;
25;16;1457;298;1521;354;10.511.309.814.453.100;9.631.541.137.695.310;5.468.471.069.335.930;1489;326;1301;325;188;0.33575546102667886;0.21345638340173265;0.6517414613585605;73.69;;;;
25;17;1438;225;1491;266;10.511.309.814.453.100;9.631.541.137.695.310;5.468.471.069.335.930;1464;245;1326;245;138;0.4356597904821861;0.22977750532529073;0.9231085158369359;102.7;;;;
25;18;896;317;979;376;10.511.309.814.453.100;9.631.541.137.695.310;5.468.471.069.335.930;937;346;730;345;207;-0.015166735634439661;0.20390790799393435;0.5861207946899507;58.77;;;;
25;19;569;268;633;323;10.511.309.814.453.100;9.631.541.137.695.310;5.468.471.069.335.930;601;295;420;293;181;-0.24018025501955134;0.203906839353242;0.6872265171216753;72.91;;;;
25;20;710;205;764;250;10.511.309.814.453.100;9.631.541.137.695.310;5.468.471.069.335.930;737;227;603;227;134;-0.2025919325979145;0.22267218318800988;0.9587263163927445;98.48;;;;
26;0;677;310;746;368;10.511.309.814.453.100;9.631.541.137.695.310;5.468.471.069.335.930;711;339;507;337;204;-0.14837418420614434;0.20333940710008763;0.5967997111908145;61.61;;;;
26;1;925;258;995;308;10.511.309.814.453.100;9.631.541.137.695.310;5.468.471.069.335.930;960;283;794;284;166;-0.0022808237154998984;0.21481720360123854;0.7536640586733552;75.77;;;;
26;2;846;238;903;288;10.511.309.814.453.100;9.631.541.137.695.310;5.468.471.069.335.930;874;263;717;262;157;-0.06816543155569008;0.21388865555787853;0.8045135284991499;81.09;;;;
26;3;1251;283;1324;347;10.511.309.814.453.100;9.631.541.137.695.310;5.468.471.069.335.930;1287;315;1108;311;179;0.217173988459811;0.21780041786679033;0.6881989349968358;72.68;;;;
26;4;1315;268;1381;320;10.511.309.814.453.100;9.631.541.137.695.310;5.468.471.069.335.930;1348;294;1177;295;171;0.2701551132473836;0.21522328116477116;0.7277661936301327;78.04;;;;
26;5;1501;243;1551;293;10.511.309.814.453.100;9.631.541.137.695.310;5.468.471.069.335.930;1526;268;1373;267;153;0.441591310725471;0.222877798309749;0.8235851399720205;93.97;;;;
26;6;1019;184;1068;233;10.511.309.814.453.100;9.631.541.137.695.310;5.468.471.069.335.930;1043;208;926;208;117;0.0819198479514573;0.23814438047637254;1.107.775.189.055.450;111.83;;;;
26;7;1234;212;1283;251;10.511.309.814.453.100;9.631.541.137.695.310;5.468.471.069.335.930;1258;231;1132;231;126;0.2808969226507651;0.2401103168431512;10.176.924.472.199.100;106.41;;;;
26;8;1085;199;1135;248;10.511.309.814.453.100;9.631.541.137.695.310;5.468.471.069.335.930;1110;223;984;223;126;0.1398987046196085;0.23350988231864744;10.215.032.098.694.100;103.81;;;;
26;9;1379;204;1424;251;10.511.309.814.453.100;9.631.541.137.695.310;5.468.471.069.335.930;1401;227;1276;227;125;0.4204687408690188;0.23870458037754655;10.277.546.111.730.200;111.81;;;;
26;10;487;357;600;442;10.511.309.814.453.100;9.631.541.137.695.310;5.468.471.069.335.930;543;399;306;392;237;-0.21280544100910687;0.2013445133927168;0.49850620413146585;54.25;;;;
26;11;865;191;917;234;10.511.309.814.453.100;9.631.541.137.695.310;5.468.471.069.335.930;891;212;764;213;127;-0.06819928626331546;0.22266708575416788;10.186.584.178.942.500;102.56;;;;
26;12;1224;243;1284;289;10.511.309.814.453.100;9.631.541.137.695.310;5.468.471.069.335.930;1254;266;1104;264;150;0.2327523744010705;0.22594926302579818;0.840857102927854;87.88;;;;
26;13;1264;187;1314;232;10.511.309.814.453.100;9.631.541.137.695.310;5.468.471.069.335.930;1289;209;1171;209;118;0.3314764574680008;0.23700719796183484;10.978.786.237.945.600;115.39;;;;
26;14;1457;298;1521;354;10.511.309.814.453.100;9.631.541.137.695.310;5.468.471.069.335.930;1489;326;1300;324;189;0.3339789771059028;0.21232698454775525;0.6482930938381448;73.27;;;;
26;15;1136;257;1193;304;10.511.309.814.453.100;9.631.541.137.695.310;5.468.471.069.335.930;1164;280;1001;281;163;0.1479100861892907;0.21685757832222577;0.7686398299077631;78.72;;;;
26;16;1439;226;1491;266;10.511.309.814.453.100;9.631.541.137.695.310;5.468.471.069.335.930;1465;246;1326;245;139;0.433389137482019;0.22887232070971986;0.9160356523292639;101.95;;;;
26;17;506;281;573;352;10.511.309.814.453.100;9.631.541.137.695.310;5.468.471.069.335.930;539;316;341;317;198;-0.257146695015122;0.1974254123329111;0.6218565144075967;67.22;;;;
26;18;895;317;978;376;10.511.309.814.453.100;9.631.541.137.695.310;5.468.471.069.335.930;936;346;731;345;205;-0.015900259998965695;0.2058972534377776;0.5918390463454624;59.41;;;;
26;19;569;268;633;322;10.511.309.814.453.100;9.631.541.137.695.310;5.468.471.069.335.930;601;295;420;294;181;-0.24018025501955134;0.203906839353242;0.6872265171216753;72.91;;;;
26;20;709;205;764;250;10.511.309.814.453.100;9.631.541.137.695.310;5.468.471.069.335.930;736;227;603;227;133;-0.20501772925999626;0.22434641012927314;0.965934784937051;99.27;;;;
27;0;678;310;745;368;10.511.309.814.453.100;9.631.541.137.695.310;5.468.471.069.335.930;711;339;506;338;205;-0.14765040769782167;0.20234750755325792;0.5938884930874445;61.27;;;;
27;1;924;258;995;308;10.511.309.814.453.100;9.631.541.137.695.310;5.468.471.069.335.930;959;283;794;284;165;-0.0030221561226178232;0.21611912604730665;0.7582317196350119;76.26;;;;
27;2;1501;242;1551;293;10.511.309.814.453.100;9.631.541.137.695.310;5.468.471.069.335.930;1526;267;1374;268;152;0.44449651671708595;0.22366017301072805;0.8293983284700567;94.63;;;;
27;3;845;239;904;288;10.511.309.814.453.100;9.631.541.137.695.310;5.468.471.069.335.930;874;263;717;263;157;-0.06816543155569008;0.21388865555787853;0.8045135284991499;81.09;;;;
27;4;1252;283;1324;347;10.511.309.814.453.100;9.631.541.137.695.310;5.468.471.069.335.930;1288;315;1108;311;180;0.21663434976536186;0.21659041554530817;0.6843756075801869;72.26;;;;
27;5;1316;269;1381;321;10.511.309.814.453.100;9.631.541.137.695.310;5.468.471.069.335.930;1348;295;1177;295;171;0.2701551132473836;0.21583121592360702;0.7274152023334691;78.02;;;;
27;6;1233;212;1284;251;10.511.309.814.453.100;9.631.541.137.695.310;5.468.471.069.335.930;1258;231;1132;230;126;0.2808969226507651;0.2401103168431512;10.176.924.472.199.100;106.41;;;;
27;7;1020;184;1068;233;10.511.309.814.453.100;9.631.541.137.695.310;5.468.471.069.335.930;1044;208;926;208;118;0.08224289181169037;0.236126207760471;10.983.872.637.244.700;110.86;;;;
27;8;1085;199;1135;249;10.511.309.814.453.100;9.631.541.137.695.310;5.468.471.069.335.930;1110;224;983;223;127;0.13879714001630447;0.2324897796528388;10.129.872.829.276.800;102.93;;;;
27;9;486;357;600;441;10.511.309.814.453.100;9.631.541.137.695.310;5.468.471.069.335.930;543;399;305;393;238;-0.21191130050066526;0.20049852804232723;0.49641164024856055;53.99;;;;
27;10;1264;187;1315;232;10.511.309.814.453.100;9.631.541.137.695.310;5.468.471.069.335.930;1289;209;1170;209;119;0.32869094101868984;0.23501554083610515;1.088.652.753.006.370;114.39;;;;
27;11;1380;204;1424;252;10.511.309.814.453.100;9.631.541.137.695.310;5.468.471.069.335.930;1402;228;1276;227;126;0.41808437803243104;0.23763515389646234;10.191.214.832.134.700;110.9;;;;
27;12;866;191;918;234;10.511.309.814.453.100;9.631.541.137.695.310;5.468.471.069.335.930;892;212;764;213;128;-0.0667286744686102;0.22092749914671345;10.107.001.490.044.500;101.72;;;;
27;13;1224;243;1284;289;10.511.309.814.453.100;9.631.541.137.695.310;5.468.471.069.335.930;1254;266;1104;263;150;0.2327523744010705;0.22594926302579818;0.840857102927854;87.88;;;;
27;14;896;317;978;376;10.511.309.814.453.100;9.631.541.137.695.310;5.468.471.069.335.930;937;346;730;345;207;-0.015166735634439661;0.20390790799393435;0.5861207946899507;58.77;;;;
27;15;1457;298;1521;354;10.511.309.814.453.100;9.631.541.137.695.310;5.468.471.069.335.930;1489;326;1301;325;188;0.33575546102667886;0.21345638340173265;0.6517414613585605;73.69;;;;
27;16;1136;257;1193;304;10.511.309.814.453.100;9.631.541.137.695.310;5.468.471.069.335.930;1164;280;1001;280;163;0.1479100861892907;0.21685757832222577;0.7686398299077631;78.72;;;;
27;17;505;281;574;353;10.511.309.814.453.100;9.631.541.137.695.310;5.468.471.069.335.930;539;317;341;316;198;-0.257146695015122;0.19795044689736024;0.6215533855604781;67.2;;;;
27;18;1439;226;1491;266;10.511.309.814.453.100;9.631.541.137.695.310;5.468.471.069.335.930;1465;246;1326;245;139;0.433389137482019;0.22887232070971986;0.9160356523292639;101.95;;;;
27;19;570;268;633;322;10.511.309.814.453.100;9.631.541.137.695.310;5.468.471.069.335.930;601;295;420;294;181;-0.24018025501955134;0.203906839353242;0.6872265171216753;72.91;;;;
27;20;711;204;764;251;10.511.309.814.453.100;9.631.541.137.695.310;5.468.471.069.335.930;737;227;603;227;134;-0.2025919325979145;0.22267218318800988;0.9587263163927445;98.48;;;;
28;0;677;310;746;368;10.511.309.814.453.100;9.631.541.137.695.310;5.468.471.069.335.930;711;339;506;338;205;-0.14765040769782167;0.20234750755325792;0.5938884930874445;61.27;;;;
28;1;925;259;995;308;10.511.309.814.453.100;9.631.541.137.695.310;5.468.471.069.335.930;960;283;794;284;166;-0.0022808237154998984;0.21481720360123854;0.7536640586733552;75.77;;;;
28;2;845;238;903;288;10.511.309.814.453.100;9.631.541.137.695.310;5.468.471.069.335.930;874;263;718;263;156;-0.06860238945027783;0.21525973668324952;0.8096706665023495;81.65;;;;
28;3;1315;268;1381;321;10.511.309.814.453.100;9.631.541.137.695.310;5.468.471.069.335.930;1348;294;1177;295;171;0.2701551132473836;0.21522328116477116;0.7277661936301327;78.04;;;;
28;4;1252;283;1323;347;10.511.309.814.453.100;9.631.541.137.695.310;5.468.471.069.335.930;1287;315;1109;310;178;0.21839406704666392;0.21902401571997454;0.6920652211485037;73.12;;;;
28;5;1020;184;1068;232;10.511.309.814.453.100;9.631.541.137.695.310;5.468.471.069.335.930;1044;208;926;208;118;0.08224289181169037;0.236126207760471;10.983.872.637.244.700;110.86;;;;
28;6;1500;243;1552;293;10.511.309.814.453.100;9.631.541.137.695.310;5.468.471.069.335.930;1526;268;1374;268;152;0.44449651671708595;0.2243440996144184;0.8290034632613101;94.61;;;;
28;7;1233;212;1284;251;10.511.309.814.453.100;9.631.541.137.695.310;5.468.471.069.335.930;1258;231;1132;230;126;0.2808969226507651;0.2401103168431512;10.176.924.472.199.100;106.41;;;;
28;8;1085;199;1134;248;10.511.309.814.453.100;9.631.541.137.695.310;5.468.471.069.335.930;1109;223;983;223;126;0.1389460139572358;0.23350988231864744;10.215.032.098.694.100;103.79;;;;
28;9;487;356;600;443;10.511.309.814.453.100;9.631.541.137.695.310;5.468.471.069.335.930;543;399;306;392;237;-0.21280544100910687;0.2013445133927168;0.49850620413146585;54.25;;;;
28;10;865;190;917;235;10.511.309.814.453.100;9.631.541.137.695.310;5.468.471.069.335.930;891;212;765;213;126;-0.06874055044000844;0.22443428484745487;102.674.300.851.246;103.41;;;;
28;11;1379;204;1424;252;10.511.309.814.453.100;9.631.541.137.695.310;5.468.471.069.335.930;1401;228;1275;227;126;0.41713168737005835;0.23763515389646234;10.191.214.832.134.700;110.86;;;;
28;12;896;317;979;375;10.511.309.814.453.100;9.631.541.137.695.310;5.468.471.069.335.930;937;346;731;345;206;-0.01524036056470393;0.20489775220749715;0.5889660412661155;59.08;;;;
28;13;1223;243;1284;289;10.511.309.814.453.100;9.631.541.137.695.310;5.468.471.069.335.930;1253;266;1104;263;149;0.233508839843635;0.22746570103268274;0.8465004391891148;88.48;;;;
28;14;1264;186;1314;232;10.511.309.814.453.100;9.631.541.137.695.310;5.468.471.069.335.930;1289;209;1171;209;118;0.3314764574680008;0.23700719796183484;10.978.786.237.945.600;115.39;;;;
28;15;506;280;574;352;10.511.309.814.453.100;9.631.541.137.695.310;5.468.471.069.335.930;540;316;343;316;197;-0.2578426730433259;0.19842757178637765;0.6250131464604272;67.56;;;;
28;16;1456;299;1521;354;10.511.309.814.453.100;9.631.541.137.695.310;5.468.471.069.335.930;1488;326;1301;324;187;0.33690902486393937;0.21459786138783815;0.6552267098150233;74.09;;;;
28;17;1438;226;1491;266;10.511.309.814.453.100;9.631.541.137.695.310;5.468.471.069.335.930;1464;246;1326;245;138;0.4356597904821861;0.23053081578732654;0.9226735918388962;102.68;;;;
28;18;1137;258;1193;304;10.511.309.814.453.100;9.631.541.137.695.310;5.468.471.069.335.930;1165;281;1001;280;164;0.14774014068483743;0.21616915920904714;0.7635870290441215;78.21;;;;
28;19;569;267;634;323;10.511.309.814.453.100;9.631.541.137.695.310;5.468.471.069.335.930;601;295;420;294;181;-0.24018025501955134;0.203906839353242;0.6872265171216753;72.91;;;;
28;20;709;205;764;250;10.511.309.814.453.100;9.631.541.137.695.310;5.468.471.069.335.930;736;227;603;227;133;-0.20501772925999626;0.22434641012927314;0.965934784937051;99.27;;;;
29;0;678;310;745;368;10.511.309.814.453.100;9.631.541.137.695.310;5.468.471.069.335.930;711;339;506;337;205;-0.14765040769782167;0.20234750755325792;0.5938884930874445;61.27;;;;
29;1;924;259;996;308;10.511.309.814.453.100;9.631.541.137.695.310;5.468.471.069.335.930;960;283;794;284;166;-0.0022808237154998984;0.21481720360123854;0.7536640586733552;75.77;;;;
29;2;1252;283;1324;347;10.511.309.814.453.100;9.631.541.137.695.310;5.468.471.069.335.930;1288;315;1108;311;180;0.21663434976536186;0.21659041554530817;0.6843756075801869;72.26;;;;
29;3;845;238;904;288;10.511.309.814.453.100;9.631.541.137.695.310;5.468.471.069.335.930;874;263;717;262;157;-0.06816543155569008;0.21388865555787853;0.8045135284991499;81.09;;;;
29;4;1316;269;1382;320;10.511.309.814.453.100;9.631.541.137.695.310;5.468.471.069.335.930;1349;294;1176;294;173;0.26772579993503787;0.21273515074668134;0.7193527116228479;77.1;;;;
29;5;1500;243;1552;293;10.511.309.814.453.100;9.631.541.137.695.310;5.468.471.069.335.930;1526;268;1374;268;152;0.44449651671708595;0.2243440996144184;0.8290034632613101;94.61;;;;
29;6;1019;184;1068;233;10.511.309.814.453.100;9.631.541.137.695.310;5.468.471.069.335.930;1043;208;926;208;117;0.0819198479514573;0.23814438047637254;1.107.775.189.055.450;111.83;;;;
29;7;1233;212;1284;251;10.511.309.814.453.100;9.631.541.137.695.310;5.468.471.069.335.930;1258;231;1131;230;127;0.2786851358582394;0.23821968442706343;10.096.791.208.638.500;105.54;;;;
29;8;488;356;600;441;10.511.309.814.453.100;9.631.541.137.695.310;5.468.471.069.335.930;544;398;304;393;240;-0.2096452103987474;0.1983945534596373;0.4925249578786954;53.47;;;;
29;9;1085;199;1135;249;10.511.309.814.453.100;9.631.541.137.695.310;5.468.471.069.335.930;1110;224;983;222;127;0.13879714001630447;0.2324897796528388;10.129.872.829.276.800;102.93;;;;
29;10;866;191;919;235;10.511.309.814.453.100;9.631.541.137.695.310;5.468.471.069.335.930;892;213;764;213;128;-0.0667286744686102;0.22173966198859574;10.102.312.465.690.600;101.7;;;;
29;11;1264;187;1315;232;10.511.309.814.453.100;9.631.541.137.695.310;5.468.471.069.335.930;1289;209;1171;208;118;0.3314764574680008;0.23700719796183484;10.978.786.237.945.600;115.39;;;;
29;12;1379;204;1423;251;10.511.309.814.453.100;9.631.541.137.695.310;5.468.471.069.335.930;1401;227;1276;227;125;0.4204687408690188;0.23870458037754655;10.277.546.111.730.200;111.81;;;;
29;13;1223;243;1284;289;10.511.309.814.453.100;9.631.541.137.695.310;5.468.471.069.335.930;1253;266;1104;263;149;0.233508839843635;0.22746570103268274;0.8465004391891148;88.48;;;;
29;14;1456;299;1522;354;10.511.309.814.453.100;9.631.541.137.695.310;5.468.471.069.335.930;1489;326;1300;325;189;0.3339789771059028;0.21232698454775525;0.6482930938381448;73.27;;;;
29;15;505;281;573;352;10.511.309.814.453.100;9.631.541.137.695.310;5.468.471.069.335.930;539;316;343;316;196;-0.2597706408826233;0.19943995735671632;0.6282019890444089;67.96;;;;
29;16;896;317;979;375;10.511.309.814.453.100;9.631.541.137.695.310;5.468.471.069.335.930;937;346;731;345;206;-0.01524036056470393;0.20489775220749715;0.5889660412661155;59.08;;;;
29;17;1136;257;1194;304;10.511.309.814.453.100;9.631.541.137.695.310;5.468.471.069.335.930;1165;280;1001;280;164;0.14774014068483743;0.21553527601538292;0.7639530016766183;78.22;;;;
29;18;1439;227;1491;266;10.511.309.814.453.100;9.631.541.137.695.310;5.468.471.069.335.930;1465;246;1326;245;139;0.433389137482019;0.22887232070971986;0.9160356523292639;101.95;;;;
29;19;570;267;632;322;10.511.309.814.453.100;9.631.541.137.695.310;5.468.471.069.335.930;601;294;420;293;181;-0.24018025501955134;0.20333249215014293;0.6875581166339928;72.92;;;;
29;20;711;205;763;250;10.511.309.814.453.100;9.631.541.137.695.310;5.468.471.069.335.930;737;227;603;227;134;-0.2025919325979145;0.22267218318800988;0.9587263163927445;98.48;;;;
30;0;677;310;745;368;10.511.309.814.453.100;9.631.541.137.695.310;5.468.471.069.335.930;711;339;506;337;205;-0.14765040769782167;0.20234750755325792;0.5938884930874445;61.27;;;;
30;1;924;258;995;308;10.511.309.814.453.100;9.631.541.137.695.310;5.468.471.069.335.930;959;283;795;284;164;-0.0030405839038532977;0.2174369255963756;0.7628550837791278;76.76;;;;
30;2;845;239;903;287;10.511.309.814.453.100;9.631.541.137.695.310;5.468.471.069.335.930;874;263;718;263;156;-0.06860238945027783;0.21525973668324952;0.8096706665023495;81.65;;;;
30;3;1500;242;1551;293;10.511.309.814.453.100;9.631.541.137.695.310;5.468.471.069.335.930;1525;267;1374;268;151;0.4466452418380007;0.22514136620947459;0.8348910326321102;95.25;;;;
30;4;1314;267;1380;321;10.511.309.814.453.100;9.631.541.137.695.310;5.468.471.069.335.930;1347;294;1177;295;170;0.27103814906966844;0.2164893004657404;0.7320471712397217;78.5;;;;
30;5;1252;282;1324;348;10.511.309.814.453.100;9.631.541.137.695.310;5.468.471.069.335.930;1288;315;1108;311;180;0.21663434976536186;0.21659041554530817;0.6843756075801869;72.26;;;;
30;6;1020;185;1068;232;10.511.309.814.453.100;9.631.541.137.695.310;5.468.471.069.335.930;1044;208;926;208;118;0.08224289181169037;0.236126207760471;10.983.872.637.244.700;110.86;;;;
30;7;1234;212;1284;251;10.511.309.814.453.100;9.631.541.137.695.310;5.468.471.069.335.930;1259;231;1131;230;128;0.27744571310512;0.23635859314247698;10.017.910.027.321.000;104.71;;;;
30;8;487;357;599;442;10.511.309.814.453.100;9.631.541.137.695.310;5.468.471.069.335.930;543;399;305;392;238;-0.21191130050066526;0.20049852804232723;0.49641164024856055;53.99;;;;
30;9;1085;199;1135;248;10.511.309.814.453.100;9.631.541.137.695.310;5.468.471.069.335.930;1110;223;984;223;126;0.1398987046196085;0.23350988231864744;10.215.032.098.694.100;103.81;;;;
30;10;866;190;917;234;10.511.309.814.453.100;9.631.541.137.695.310;5.468.471.069.335.930;891;212;764;214;127;-0.06819928626331546;0.22266708575416788;10.186.584.178.942.500;102.56;;;;
30;11;1380;204;1424;252;10.511.309.814.453.100;9.631.541.137.695.310;5.468.471.069.335.930;1402;228;1275;227;127;0.4147923750557977;0.23576401095239574;10.110.969.046.054.900;110.0;;;;
30;12;1264;186;1315;232;10.511.309.814.453.100;9.631.541.137.695.310;5.468.471.069.335.930;1289;209;1171;209;118;0.3314764574680008;0.23700719796183484;10.978.786.237.945.600;115.39;;;;
30;13;1224;243;1284;289;10.511.309.814.453.100;9.631.541.137.695.310;5.468.471.069.335.930;1254;266;1104;263;150;0.2327523744010705;0.22594926302579818;0.840857102927854;87.88;;;;
30;14;1457;298;1521;354;10.511.309.814.453.100;9.631.541.137.695.310;5.468.471.069.335.930;1489;326;1300;325;189;0.3339789771059028;0.21232698454775525;0.6482930938381448;73.27;;;;
30;15;895;317;978;375;10.511.309.814.453.100;9.631.541.137.695.310;5.468.471.069.335.930;936;346;731;345;205;-0.015900259998965695;0.2058972534377776;0.5918390463454624;59.41;;;;
30;16;1438;225;1491;266;10.511.309.814.453.100;9.631.541.137.695.310;5.468.471.069.335.930;1464;245;1326;245;138;0.4356597904821861;0.22977750532529073;0.9231085158369359;102.7;;;;
30;17;507;281;573;352;10.511.309.814.453.100;9.631.541.137.695.310;5.468.471.069.335.930;540;316;342;316;198;-0.25654043732088483;0.1974254123329111;0.6218565144075967;67.19;;;;
30;18;1137;258;1193;303;10.511.309.814.453.100;9.631.541.137.695.310;5.468.471.069.335.930;1165;280;1001;281;164;0.14774014068483743;0.21553527601538292;0.7639530016766183;78.22;;;;
30;19;569;268;633;323;10.511.309.814.453.100;9.631.541.137.695.310;5.468.471.069.335.930;601;295;420;294;181;-0.24018025501955134;0.203906839353242;0.6872265171216753;72.91;;;;
30;20;709;205;765;250;10.511.309.814.453.100;9.631.541.137.695.310;5.468.471.069.335.930;737;227;603;226;134;-0.2025919325979145;0.22267218318800988;0.9587263163927445;98.48;;;;
31;0;678;310;745;368;10.511.309.814.453.100;9.631.541.137.695.310;5.468.471.069.335.930;711;339;506;338;205;-0.14765040769782167;0.20234750755325792;0.5938884930874445;61.27;;;;
31;1;924;259;995;308;10.511.309.814.453.100;9.631.541.137.695.310;5.468.471.069.335.930;959;283;795;284;164;-0.0030405839038532977;0.2174369255963756;0.7628550837791278;76.76;;;;
31;2;845;238;904;287;10.511.309.814.453.100;9.631.541.137.695.310;5.468.471.069.335.930;874;262;717;262;157;-0.06816543155569008;0.21322651005621654;0.8048958183827772;81.12;;;;
31;3;1315;268;1381;321;10.511.309.814.453.100;9.631.541.137.695.310;5.468.471.069.335.930;1348;294;1177;295;171;0.2701551132473836;0.21522328116477116;0.7277661936301327;78.04;;;;
31;4;1252;282;1324;347;10.511.309.814.453.100;9.631.541.137.695.310;5.468.471.069.335.930;1288;314;1108;311;180;0.21663434976536186;0.21601287752441412;0.6847090493120173;72.28;;;;
31;5;1233;212;1284;251;10.511.309.814.453.100;9.631.541.137.695.310;5.468.471.069.335.930;1258;231;1132;230;126;0.2808969226507651;0.2401103168431512;10.176.924.472.199.100;106.41;;;;
31;6;1500;243;1552;293;10.511.309.814.453.100;9.631.541.137.695.310;5.468.471.069.335.930;1526;268;1374;268;152;0.44449651671708595;0.2243440996144184;0.8290034632613101;94.61;;;;
31;7;1020;185;1068;233;10.511.309.814.453.100;9.631.541.137.695.310;5.468.471.069.335.930;1044;209;926;208;118;0.08224289181169037;0.23700719796183484;10.978.786.237.945.600;110.83;;;;
31;8;1085;199;1134;249;10.511.309.814.453.100;9.631.541.137.695.310;5.468.471.069.335.930;1109;224;984;222;125;0.14005758206889368;0.23620961612728414;10.291.950.794.545.200;104.63;;;;
31;9;866;191;917;234;10.511.309.814.453.100;9.631.541.137.695.310;5.468.471.069.335.930;891;212;764;214;127;-0.06819928626331546;0.22266708575416788;10.186.584.178.942.500;102.56;;;;
31;10;489;356;599;441;10.511.309.814.453.100;9.631.541.137.695.310;5.468.471.069.335.930;544;398;306;394;238;-0.21140693485587972;0.20006173458114684;0.4966638230709533;53.98;;;;
31;11;1379;204;1424;251;10.511.309.814.453.100;9.631.541.137.695.310;5.468.471.069.335.930;1401;227;1275;227;126;0.41713168737005835;0.23681009958089932;1.019.597.828.544.660;110.89;;;;
31;12;1224;243;1284;288;10.511.309.814.453.100;9.631.541.137.695.310;5.468.471.069.335.930;1254;265;1103;263;151;0.23121096794808327;0.22376445437158143;0.8356859930523681;87.29;;;;
31;13;1264;186;1315;232;10.511.309.814.453.100;9.631.541.137.695.310;5.468.471.069.335.930;1289;209;1171;208;118;0.3314764574680008;0.23700719796183484;10.978.786.237.945.600;115.39;;;;
31;14;506;282;573;352;10.511.309.814.453.100;9.631.541.137.695.310;5.468.471.069.335.930;539;317;342;316;197;-0.2584520081877876;0.1989552715009002;0.6247084788881964;67.58;;;;
31;15;1457;299;1521;354;10.511.309.814.453.100;9.631.541.137.695.310;5.468.471.069.335.930;1489;326;1300;324;189;0.3339789771059028;0.21232698454775525;0.6482930938381448;73.27;;;;
31;16;896;317;979;375;10.511.309.814.453.100;9.631.541.137.695.310;5.468.471.069.335.930;937;346;731;345;206;-0.01524036056470393;0.20489775220749715;0.5889660412661155;59.08;;;;
31;17;1438;225;1491;265;10.511.309.814.453.100;9.631.541.137.695.310;5.468.471.069.335.930;1464;245;1326;245;138;0.4356597904821861;0.22977750532529073;0.9231085158369359;102.7;;;;
31;18;1135;258;1193;304;10.511.309.814.453.100;9.631.541.137.695.310;5.468.471.069.335.930;1164;281;1001;280;163;0.1479100861892907;0.21749535036983883;0.7682716120443921;78.7;;;;
31;19;570;268;633;322;10.511.309.814.453.100;9.631.541.137.695.310;5.468.471.069.335.930;601;295;420;294;181;-0.24018025501955134;0.203906839353242;0.6872265171216753;72.91;;;;
31;20;710;205;764;250;10.511.309.814.453.100;9.631.541.137.695.310;5.468.471.069.335.930;737;227;603;226;134;-0.2025919325979145;0.22267218318800988;0.9587263163927445;98.48;;;;
32;0;925;258;996;308;10.511.309.814.453.100;9.631.541.137.695.310;5.468.471.069.335.930;960;283;795;284;165;-0.002294646889533231;0.21611912604730665;0.7582317196350119;76.26;;;;
32;1;678;310;745;369;10.511.309.814.453.100;9.631.541.137.695.310;5.468.471.069.335.930;711;339;506;337;205;-0.14765040769782167;0.20234750755325792;0.5938884930874445;61.27;;;;
32;2;846;238;903;287;10.511.309.814.453.100;9.631.541.137.695.310;5.468.471.069.335.930;874;262;718;262;156;-0.06860238945027783;0.21459334665914098;0.810055406962154;81.67;;;;
32;3;1251;283;1324;347;10.511.309.814.453.100;9.631.541.137.695.310;5.468.471.069.335.930;1287;315;1109;311;178;0.21839406704666392;0.21902401571997454;0.6920652211485037;73.12;;;;
32;4;1500;243;1551;293;10.511.309.814.453.100;9.631.541.137.695.310;5.468.471.069.335.930;1525;268;1373;268;152;0.4437067862995928;0.2243440996144184;0.8290034632613101;94.58;;;;
32;5;1315;268;1380;321;10.511.309.814.453.100;9.631.541.137.695.310;5.468.471.069.335.930;1347;294;1177;295;170;0.27103814906966844;0.2164893004657404;0.7320471712397217;78.5;;;;
32;6;1020;184;1068;233;10.511.309.814.453.100;9.631.541.137.695.310;5.468.471.069.335.930;1044;208;926;208;118;0.08224289181169037;0.236126207760471;10.983.872.637.244.700;110.86;;;;
32;7;1234;212;1284;251;10.511.309.814.453.100;9.631.541.137.695.310;5.468.471.069.335.930;1259;231;1132;230;127;0.27963032501933355;0.23821968442706343;10.096.791.208.638.500;105.56;;;;
32;8;1085;199;1135;248;10.511.309.814.453.100;9.631.541.137.695.310;5.468.471.069.335.930;1110;223;983;223;127;0.13879714001630447;0.23167122182794953;10.134.598.775.082.300;102.96;;;;
32;9;1380;204;1423;251;10.511.309.814.453.100;9.631.541.137.695.310;5.468.471.069.335.930;1401;227;1275;227;126;0.41713168737005835;0.23681009958089932;1.019.597.828.544.660;110.89;;;;
32;10;488;357;598;439;10.511.309.814.453.100;9.631.541.137.695.310;5.468.471.069.335.930;543;398;305;393;238;-0.21191130050066526;0.20006173458114684;0.4966638230709533;54.0;;;;
32;11;1265;187;1315;232;10.511.309.814.453.100;9.631.541.137.695.310;5.468.471.069.335.930;1290;209;1171;208;119;0.3296996723082609;0.23501554083610515;1.088.652.753.006.370;114.42;;;;
32;12;866;191;918;234;10.511.309.814.453.100;9.631.541.137.695.310;5.468.471.069.335.930;892;212;765;213;127;-0.0672540971022213;0.22266708575416788;10.186.584.178.942.500;102.56;;;;
32;13;1224;243;1284;289;10.511.309.814.453.100;9.631.541.137.695.310;5.468.471.069.335.930;1254;266;1104;263;150;0.2327523744010705;0.22594926302579818;0.840857102927854;87.88;;;;
32;14;1457;298;1521;354;10.511.309.814.453.100;9.631.541.137.695.310;5.468.471.069.335.930;1489;326;1300;324;189;0.3339789771059028;0.21232698454775525;0.6482930938381448;73.27;;;;
32;15;1439;225;1492;266;10.511.309.814.453.100;9.631.541.137.695.310;5.468.471.069.335.930;1465;245;1326;245;139;0.433389137482019;0.228124429747411;0.9164674473776774;101.97;;;;
32;16;506;281;573;352;10.511.309.814.453.100;9.631.541.137.695.310;5.468.471.069.335.930;539;316;341;316;198;-0.257146695015122;0.1974254123329111;0.6218565144075967;67.22;;;;
32;17;1137;257;1193;304;10.511.309.814.453.100;9.631.541.137.695.310;5.468.471.069.335.930;1165;280;1001;280;164;0.14774014068483743;0.21553527601538292;0.7639530016766183;78.22;;;;
32;18;896;316;979;376;10.511.309.814.453.100;9.631.541.137.695.310;5.468.471.069.335.930;937;346;732;345;205;-0.01531470378697078;0.2058972534377776;0.5918390463454624;59.41;;;;
32;19;710;204;763;251;10.511.309.814.453.100;9.631.541.137.695.310;5.468.471.069.335.930;736;227;603;227;133;-0.20501772925999626;0.22434641012927314;0.965934784937051;99.27;;;;
32;20;569;268;633;323;10.511.309.814.453.100;9.631.541.137.695.310;5.468.471.069.335.930;601;295;420;294;181;-0.24018025501955134;0.203906839353242;0.6872265171216753;72.91;;;;
33;0;677;310;745;368;10.511.309.814.453.100;9.631.541.137.695.310;5.468.471.069.335.930;711;339;506;338;205;-0.14765040769782167;0.20234750755325792;0.5938884930874445;61.27;;;;
33;1;924;258;996;308;10.511.309.814.453.100;9.631.541.137.695.310;5.468.471.069.335.930;960;283;794;284;166;-0.0022808237154998984;0.21481720360123854;0.7536640586733552;75.77;;;;
33;2;845;238;904;287;10.511.309.814.453.100;9.631.541.137.695.310;5.468.471.069.335.930;874;262;717;263;157;-0.06816543155569008;0.21322651005621654;0.8048958183827772;81.12;;;;
33;3;1251;283;1324;348;10.511.309.814.453.100;9.631.541.137.695.310;5.468.471.069.335.930;1287;315;1109;311;178;0.21839406704666392;0.21902401571997454;0.6920652211485037;73.12;;;;
33;4;1315;268;1381;321;10.511.309.814.453.100;9.631.541.137.695.310;5.468.471.069.335.930;1348;294;1177;295;171;0.2701551132473836;0.21522328116477116;0.7277661936301327;78.04;;;;
33;5;1500;241;1552;293;10.511.309.814.453.100;9.631.541.137.695.310;5.468.471.069.335.930;1526;267;1374;267;152;0.44449651671708595;0.22366017301072805;0.8293983284700567;94.63;;;;
33;6;1019;185;1068;232;10.511.309.814.453.100;9.631.541.137.695.310;5.468.471.069.335.930;1043;208;925;208;118;0.08122561195186868;0.236126207760471;10.983.872.637.244.700;110.85;;;;
33;7;1233;212;1284;251;10.511.309.814.453.100;9.631.541.137.695.310;5.468.471.069.335.930;1258;231;1132;230;126;0.2808969226507651;0.2401103168431512;10.176.924.472.199.100;106.41;;;;
33;8;1085;200;1134;249;10.511.309.814.453.100;9.631.541.137.695.310;5.468.471.069.335.930;1109;224;983;223;126;0.1389460139572358;0.23433493663421046;10.210.268.645.382.200;103.76;;;;
33;9;488;357;600;442;10.511.309.814.453.100;9.631.541.137.695.310;5.468.471.069.335.930;544;399;305;393;239;-0.21052238701129444;0.19965962206725474;0.4943346040968929;53.72;;;;
33;10;865;191;918;234;10.511.309.814.453.100;9.631.541.137.695.310;5.468.471.069.335.930;891;212;764;213;127;-0.06819928626331546;0.22266708575416788;10.186.584.178.942.500;102.56;;;;
33;11;506;282;573;352;10.511.309.814.453.100;9.631.541.137.695.310;5.468.471.069.335.930;539;317;342;316;197;-0.2584520081877876;0.1989552715009002;0.6247084788881964;67.58;;;;
33;12;1265;187;1316;232;10.511.309.814.453.100;9.631.541.137.695.310;5.468.471.069.335.930;1290;209;1170;209;120;0.3269521750390254;0.23305707799580427;10.795.806.467.313.100;113.43;;;;
33;13;1379;204;1424;251;10.511.309.814.453.100;9.631.541.137.695.310;5.468.471.069.335.930;1401;227;1275;227;126;0.41713168737005835;0.23681009958089932;1.019.597.828.544.660;110.89;;;;
33;14;1224;243;1283;288;10.511.309.814.453.100;9.631.541.137.695.310;5.468.471.069.335.930;1253;265;1104;264;149;0.233508839843635;0.22676800409468992;0.8469032547040777;88.5;;;;
33;15;1438;224;1491;266;10.511.309.814.453.100;9.631.541.137.695.310;5.468.471.069.335.930;1464;245;1326;245;138;0.4356597904821861;0.22977750532529073;0.9231085158369359;102.7;;;;
33;16;1456;297;1522;355;10.511.309.814.453.100;9.631.541.137.695.310;5.468.471.069.335.930;1489;326;1300;324;189;0.3339789771059028;0.21232698454775525;0.6482930938381448;73.27;;;;
33;17;1136;257;1194;304;10.511.309.814.453.100;9.631.541.137.695.310;5.468.471.069.335.930;1165;280;1001;280;164;0.14774014068483743;0.21553527601538292;0.7639530016766183;78.22;;;;
33;18;896;316;980;376;10.511.309.814.453.100;9.631.541.137.695.310;5.468.471.069.335.930;938;346;731;345;207;-0.014586836970386726;0.20390790799393435;0.5861207946899507;58.76;;;;
33;19;570;268;632;322;10.511.309.814.453.100;9.631.541.137.695.310;5.468.471.069.335.930;601;295;420;294;181;-0.24018025501955134;0.203906839353242;0.6872265171216753;72.91;;;;
33;20;710;204;764;250;10.511.309.814.453.100;9.631.541.137.695.310;5.468.471.069.335.930;737;227;603;227;134;-0.2025919325979145;0.22267218318800988;0.9587263163927445;98.48;;;;
34;0;678;311;745;368;10.511.309.814.453.100;9.631.541.137.695.310;5.468.471.069.335.930;711;339;506;338;205;-0.14765040769782167;0.20234750755325792;0.5938884930874445;61.27;;;;
34;1;924;258;995;308;10.511.309.814.453.100;9.631.541.137.695.310;5.468.471.069.335.930;959;283;795;284;164;-0.0030405839038532977;0.2174369255963756;0.7628550837791278;76.76;;;;
34;2;845;237;903;288;10.511.309.814.453.100;9.631.541.137.695.310;5.468.471.069.335.930;874;262;717;263;157;-0.06816543155569008;0.21322651005621654;0.8048958183827772;81.12;;;;
34;3;1250;283;1324;348;10.511.309.814.453.100;9.631.541.137.695.310;5.468.471.069.335.930;1287;315;1109;312;178;0.21839406704666392;0.21902401571997454;0.6920652211485037;73.12;;;;
34;4;1316;268;1381;321;10.511.309.814.453.100;9.631.541.137.695.310;5.468.471.069.335.930;1348;294;1177;295;171;0.2701551132473836;0.21522328116477116;0.7277661936301327;78.04;;;;
34;5;1500;241;1551;293;10.511.309.814.453.100;9.631.541.137.695.310;5.468.471.069.335.930;1525;267;1374;268;151;0.4466452418380007;0.22514136620947459;0.8348910326321102;95.25;;;;
34;6;1020;186;1068;233;10.511.309.814.453.100;9.631.541.137.695.310;5.468.471.069.335.930;1044;209;926;208;118;0.08224289181169037;0.23700719796183484;10.978.786.237.945.600;110.83;;;;
34;7;1233;212;1284;251;10.511.309.814.453.100;9.631.541.137.695.310;5.468.471.069.335.930;1258;231;1132;230;126;0.2808969226507651;0.2401103168431512;10.176.924.472.199.100;106.41;;;;
34;8;488;357;600;441;10.511.309.814.453.100;9.631.541.137.695.310;5.468.471.069.335.930;544;399;306;394;238;-0.21140693485587972;0.20049852804232723;0.49641164024856055;53.97;;;;
34;9;1085;199;1135;248;10.511.309.814.453.100;9.631.541.137.695.310;5.468.471.069.335.930;1110;223;983;223;127;0.13879714001630447;0.23167122182794953;10.134.598.775.082.300;102.96;;;;
34;10;866;190;917;234;10.511.309.814.453.100;9.631.541.137.695.310;5.468.471.069.335.930;891;212;764;213;127;-0.06819928626331546;0.22266708575416788;10.186.584.178.942.500;102.56;;;;
34;11;1223;243;1284;289;10.511.309.814.453.100;9.631.541.137.695.310;5.468.471.069.335.930;1253;266;1104;263;149;0.233508839843635;0.22746570103268274;0.8465004391891148;88.48;;;;
34;12;1380;204;1424;251;10.511.309.814.453.100;9.631.541.137.695.310;5.468.471.069.335.930;1402;227;1276;228;126;0.41808437803243104;0.23681009958089932;1.019.597.828.544.660;110.93;;;;
34;13;1264;187;1315;231;10.511.309.814.453.100;9.631.541.137.695.310;5.468.471.069.335.930;1289;209;1170;209;119;0.32869094101868984;0.23501554083610515;1.088.652.753.006.370;114.39;;;;
34;14;506;281;574;352;10.511.309.814.453.100;9.631.541.137.695.310;5.468.471.069.335.930;540;316;342;316;198;-0.25654043732088483;0.1974254123329111;0.6218565144075967;67.19;;;;
34;15;1456;298;1521;354;10.511.309.814.453.100;9.631.541.137.695.310;5.468.471.069.335.930;1488;326;1301;325;187;0.33690902486393937;0.21459786138783815;0.6552267098150233;74.09;;;;
34;16;895;317;978;375;10.511.309.814.453.100;9.631.541.137.695.310;5.468.471.069.335.930;936;346;731;345;205;-0.015900259998965695;0.2058972534377776;0.5918390463454624;59.41;;;;
34;17;1136;259;1194;304;10.511.309.814.453.100;9.631.541.137.695.310;5.468.471.069.335.930;1165;281;1001;280;164;0.14774014068483743;0.21616915920904714;0.7635870290441215;78.21;;;;
34;18;1438;225;1492;266;10.511.309.814.453.100;9.631.541.137.695.310;5.468.471.069.335.930;1465;245;1326;245;139;0.433389137482019;0.228124429747411;0.9164674473776774;101.97;;;;
34;19;709;205;765;250;10.511.309.814.453.100;9.631.541.137.695.310;5.468.471.069.335.930;737;227;603;227;134;-0.2025919325979145;0.22267218318800988;0.9587263163927445;98.48;;;;
34;20;570;269;633;323;10.511.309.814.453.100;9.631.541.137.695.310;5.468.471.069.335.930;601;296;420;294;181;-0.24018025501955134;0.20448118655634107;0.6868949176093576;72.89;;;;
35;0;924;257;995;308;10.511.309.814.453.100;9.631.541.137.695.310;5.468.471.069.335.930;959;282;794;284;165;-0.0030221561226178232;0.21548908456996768;0.7585954742515542;76.28;;;;
35;1;678;310;744;368;10.511.309.814.453.100;9.631.541.137.695.310;5.468.471.069.335.930;711;339;507;337;204;-0.14837418420614434;0.20333940710008763;0.5967997111908145;61.61;;;;
35;2;845;238;903;287;10.511.309.814.453.100;9.631.541.137.695.310;5.468.471.069.335.930;874;262;718;263;156;-0.06860238945027783;0.21459334665914098;0.810055406962154;81.67;;;;
35;3;1252;283;1324;348;10.511.309.814.453.100;9.631.541.137.695.310;5.468.471.069.335.930;1288;315;1108;311;180;0.21663434976536186;0.21659041554530817;0.6843756075801869;72.26;;;;
35;4;1316;268;1381;321;10.511.309.814.453.100;9.631.541.137.695.310;5.468.471.069.335.930;1348;294;1177;295;171;0.2701551132473836;0.21522328116477116;0.7277661936301327;78.04;;;;
35;5;1020;184;1068;233;10.511.309.814.453.100;9.631.541.137.695.310;5.468.471.069.335.930;1044;208;926;208;118;0.08224289181169037;0.236126207760471;10.983.872.637.244.700;110.86;;;;
35;6;1500;242;1552;293;10.511.309.814.453.100;9.631.541.137.695.310;5.468.471.069.335.930;1526;267;1374;268;152;0.44449651671708595;0.22366017301072805;0.8293983284700567;94.63;;;;
35;7;1233;212;1285;251;10.511.309.814.453.100;9.631.541.137.695.310;5.468.471.069.335.930;1259;231;1132;230;127;0.27963032501933355;0.23821968442706343;10.096.791.208.638.500;105.56;;;;
35;8;1085;200;1134;248;10.511.309.814.453.100;9.631.541.137.695.310;5.468.471.069.335.930;1109;224;983;223;126;0.1389460139572358;0.23433493663421046;10.210.268.645.382.200;103.76;;;;
35;9;866;190;917;234;10.511.309.814.453.100;9.631.541.137.695.310;5.468.471.069.335.930;891;212;764;213;127;-0.06819928626331546;0.22266708575416788;10.186.584.178.942.500;102.56;;;;
35;10;1380;204;1424;251;10.511.309.814.453.100;9.631.541.137.695.310;5.468.471.069.335.930;1402;227;1276;227;126;0.41808437803243104;0.23681009958089932;1.019.597.828.544.660;110.93;;;;
35;11;1264;187;1315;232;10.511.309.814.453.100;9.631.541.137.695.310;5.468.471.069.335.930;1289;209;1171;209;118;0.3314764574680008;0.23700719796183484;10.978.786.237.945.600;115.39;;;;
35;12;1223;243;1285;289;10.511.309.814.453.100;9.631.541.137.695.310;5.468.471.069.335.930;1254;266;1103;264;151;0.23121096794808327;0.22445291029052802;0.8352885128422392;87.27;;;;
35;13;1455;299;1521;355;10.511.309.814.453.100;9.631.541.137.695.310;5.468.471.069.335.930;1488;327;1301;325;187;0.33690902486393937;0.21515378033843138;0.6549057498592507;74.07;;;;
35;14;489;357;599;441;10.511.309.814.453.100;9.631.541.137.695.310;5.468.471.069.335.930;544;399;305;393;239;-0.21052238701129444;0.19965962206725474;0.4943346040968929;53.72;;;;
35;15;507;281;573;352;10.511.309.814.453.100;9.631.541.137.695.310;5.468.471.069.335.930;540;316;342;316;198;-0.25654043732088483;0.1974254123329111;0.6218565144075967;67.19;;;;
35;16;1136;259;1193;304;10.511.309.814.453.100;9.631.541.137.695.310;5.468.471.069.335.930;1164;281;1001;280;163;0.1479100861892907;0.21749535036983883;0.7682716120443921;78.7;;;;
35;17;1438;226;1491;265;10.511.309.814.453.100;9.631.541.137.695.310;5.468.471.069.335.930;1464;245;1326;245;138;0.4356597904821861;0.22977750532529073;0.9231085158369359;102.7;;;;
35;18;896;317;978;375;10.511.309.814.453.100;9.631.541.137.695.310;5.468.471.069.335.930;937;346;731;345;206;-0.01524036056470393;0.20489775220749715;0.5889660412661155;59.08;;;;
35;19;569;267;632;323;10.511.309.814.453.100;9.631.541.137.695.310;5.468.471.069.335.930;600;295;420;293;180;-0.24218147323332082;0.2050396551274267;0.6910444422167956;73.36;;;;
35;20;711;205;763;250;10.511.309.814.453.100;9.631.541.137.695.310;5.468.471.069.335.930;737;227;604;228;133;-0.20411518021143268;0.22434641012927314;0.965934784937051;99.25;;;;
36;0;677;310;745;368;10.511.309.814.453.100;9.631.541.137.695.310;5.468.471.069.335.930;711;339;506;338;205;-0.14765040769782167;0.20234750755325792;0.5938884930874445;61.27;;;;
36;1;924;259;996;308;10.511.309.814.453.100;9.631.541.137.695.310;5.468.471.069.335.930;960;283;794;284;166;-0.0022808237154998984;0.21481720360123854;0.7536640586733552;75.77;;;;
36;2;1252;282;1324;347;10.511.309.814.453.100;9.631.541.137.695.310;5.468.471.069.335.930;1288;314;1108;311;180;0.21663434976536186;0.21601287752441412;0.6847090493120173;72.28;;;;
36;3;845;238;904;288;10.511.309.814.453.100;9.631.541.137.695.310;5.468.471.069.335.930;874;263;717;263;157;-0.06816543155569008;0.21388865555787853;0.8045135284991499;81.09;;;;
36;4;1315;268;1381;321;10.511.309.814.453.100;9.631.541.137.695.310;5.468.471.069.335.930;1348;294;1177;295;171;0.2701551132473836;0.21522328116477116;0.7277661936301327;78.04;;;;
36;5;1020;185;1067;232;10.511.309.814.453.100;9.631.541.137.695.310;5.468.471.069.335.930;1043;208;926;208;117;0.0819198479514573;0.23814438047637254;1.107.775.189.055.450;111.83;;;;
36;6;1500;242;1553;293;10.511.309.814.453.100;9.631.541.137.695.310;5.468.471.069.335.930;1526;267;1374;268;152;0.44449651671708595;0.22366017301072805;0.8293983284700567;94.63;;;;
36;7;1233;212;1284;251;10.511.309.814.453.100;9.631.541.137.695.310;5.468.471.069.335.930;1258;231;1132;231;126;0.2808969226507651;0.2401103168431512;10.176.924.472.199.100;106.41;;;;
36;8;1085;200;1135;248;10.511.309.814.453.100;9.631.541.137.695.310;5.468.471.069.335.930;1110;224;983;223;127;0.13879714001630447;0.2324897796528388;10.129.872.829.276.800;102.93;;;;
36;9;487;357;600;441;10.511.309.814.453.100;9.631.541.137.695.310;5.468.471.069.335.930;543;399;306;393;237;-0.21280544100910687;0.2013445133927168;0.49850620413146585;54.25;;;;
36;10;865;190;917;234;10.511.309.814.453.100;9.631.541.137.695.310;5.468.471.069.335.930;891;212;764;213;127;-0.06819928626331546;0.22266708575416788;10.186.584.178.942.500;102.56;;;;
36;11;1264;187;1316;232;10.511.309.814.453.100;9.631.541.137.695.310;5.468.471.069.335.930;1290;209;1171;209;119;0.3296996723082609;0.23501554083610515;1.088.652.753.006.370;114.42;;;;
36;12;506;282;573;352;10.511.309.814.453.100;9.631.541.137.695.310;5.468.471.069.335.930;539;317;340;316;199;-0.2558545005678099;0.19695572103355447;0.6184300017134406;66.84;;;;
36;13;1379;204;1424;251;10.511.309.814.453.100;9.631.541.137.695.310;5.468.471.069.335.930;1401;227;1275;227;126;0.41713168737005835;0.23681009958089932;1.019.597.828.544.660;110.89;;;;
36;14;1224;243;1284;289;10.511.309.814.453.100;9.631.541.137.695.310;5.468.471.069.335.930;1254;266;1103;263;151;0.23121096794808327;0.22445291029052802;0.8352885128422392;87.27;;;;
36;15;895;317;979;375;10.511.309.814.453.100;9.631.541.137.695.310;5.468.471.069.335.930;937;346;732;346;205;-0.01531470378697078;0.2058972534377776;0.5918390463454624;59.41;;;;
36;16;1136;257;1193;303;10.511.309.814.453.100;9.631.541.137.695.310;5.468.471.069.335.930;1164;280;1001;281;163;0.1479100861892907;0.21685757832222577;0.7686398299077631;78.72;;;;
36;17;1456;298;1522;354;10.511.309.814.453.100;9.631.541.137.695.310;5.468.471.069.335.930;1489;326;1300;325;189;0.3339789771059028;0.21232698454775525;0.6482930938381448;73.27;;;;
36;18;1439;227;1491;266;10.511.309.814.453.100;9.631.541.137.695.310;5.468.471.069.335.930;1465;246;1326;245;139;0.433389137482019;0.22887232070971986;0.9160356523292639;101.95;;;;
36;19;570;268;632;322;10.511.309.814.453.100;9.631.541.137.695.310;5.468.471.069.335.930;601;295;420;294;181;-0.24018025501955134;0.203906839353242;0.6872265171216753;72.91;;;;
36;20;709;205;764;250;10.511.309.814.453.100;9.631.541.137.695.310;5.468.471.069.335.930;736;227;603;227;133;-0.20501772925999626;0.22434641012927314;0.965934784937051;99.27;;;;
37;0;677;310;746;368;10.511.309.814.453.100;9.631.541.137.695.310;5.468.471.069.335.930;711;339;507;338;204;-0.14837418420614434;0.20333940710008763;0.5967997111908145;61.61;;;;
37;1;925;258;996;308;10.511.309.814.453.100;9.631.541.137.695.310;5.468.471.069.335.930;960;283;794;284;166;-0.0022808237154998984;0.21481720360123854;0.7536640586733552;75.77;;;;
37;2;846;238;903;288;10.511.309.814.453.100;9.631.541.137.695.310;5.468.471.069.335.930;874;263;717;263;157;-0.06816543155569008;0.21388865555787853;0.8045135284991499;81.09;;;;
37;3;1315;268;1381;321;10.511.309.814.453.100;9.631.541.137.695.310;5.468.471.069.335.930;1348;294;1177;295;171;0.2701551132473836;0.21522328116477116;0.7277661936301327;78.04;;;;
37;4;1500;243;1551;293;10.511.309.814.453.100;9.631.541.137.695.310;5.468.471.069.335.930;1525;268;1374;268;151;0.4466452418380007;0.22582982212842118;0.8344935524219811;95.23;;;;
37;5;1253;283;1324;348;10.511.309.814.453.100;9.631.541.137.695.310;5.468.471.069.335.930;1288;315;1108;311;180;0.21663434976536186;0.21659041554530817;0.6843756075801869;72.26;;;;
37;6;1020;184;1068;233;10.511.309.814.453.100;9.631.541.137.695.310;5.468.471.069.335.930;1044;208;926;208;118;0.08224289181169037;0.236126207760471;10.983.872.637.244.700;110.86;;;;
37;7;1233;212;1284;251;10.511.309.814.453.100;9.631.541.137.695.310;5.468.471.069.335.930;1258;231;1132;230;126;0.2808969226507651;0.2401103168431512;10.176.924.472.199.100;106.41;;;;
37;8;489;357;600;443;10.511.309.814.453.100;9.631.541.137.695.310;5.468.471.069.335.930;544;400;305;392;239;-0.21052238701129444;0.20009458794073143;0.4940834764327528;53.71;;;;
37;9;1085;200;1134;248;10.511.309.814.453.100;9.631.541.137.695.310;5.468.471.069.335.930;1109;224;983;222;126;0.1389460139572358;0.23433493663421046;10.210.268.645.382.200;103.76;;;;
37;10;1379;204;1423;251;10.511.309.814.453.100;9.631.541.137.695.310;5.468.471.069.335.930;1401;227;1276;227;125;0.4204687408690188;0.23870458037754655;10.277.546.111.730.200;111.81;;;;
37;11;1264;187;1315;232;10.511.309.814.453.100;9.631.541.137.695.310;5.468.471.069.335.930;1289;209;1171;209;118;0.3314764574680008;0.23700719796183484;10.978.786.237.945.600;115.39;;;;
37;12;866;190;917;234;10.511.309.814.453.100;9.631.541.137.695.310;5.468.471.069.335.930;891;212;764;213;127;-0.06819928626331546;0.22266708575416788;10.186.584.178.942.500;102.56;;;;
37;13;1224;243;1285;289;10.511.309.814.453.100;9.631.541.137.695.310;5.468.471.069.335.930;1254;266;1103;263;151;0.23121096794808327;0.22445291029052802;0.8352885128422392;87.27;;;;
37;14;1439;226;1491;266;10.511.309.814.453.100;9.631.541.137.695.310;5.468.471.069.335.930;1465;246;1326;245;139;0.433389137482019;0.22887232070971986;0.9160356523292639;101.95;;;;
37;15;1457;298;1521;354;10.511.309.814.453.100;9.631.541.137.695.310;5.468.471.069.335.930;1489;326;1300;325;189;0.3339789771059028;0.21232698454775525;0.6482930938381448;73.27;;;;
37;16;507;281;573;352;10.511.309.814.453.100;9.631.541.137.695.310;5.468.471.069.335.930;540;316;343;316;197;-0.2578426730433259;0.19842757178637765;0.6250131464604272;67.56;;;;
37;17;1135;258;1193;304;10.511.309.814.453.100;9.631.541.137.695.310;5.468.471.069.335.930;1164;281;1000;280;164;0.14700819541984378;0.21616915920904714;0.7635870290441215;78.19;;;;
37;18;896;317;979;376;10.511.309.814.453.100;9.631.541.137.695.310;5.468.471.069.335.930;937;346;731;345;206;-0.01524036056470393;0.20489775220749715;0.5889660412661155;59.08;;;;
37;19;569;267;633;323;10.511.309.814.453.100;9.631.541.137.695.310;5.468.471.069.335.930;601;295;421;293;180;-0.24151458976965995;0.2050396551274267;0.6910444422167956;73.34;;;;
37;20;710;204;763;251;10.511.309.814.453.100;9.631.541.137.695.310;5.468.471.069.335.930;736;227;603;227;133;-0.20501772925999626;0.22434641012927314;0.965934784937051;99.27;;;;
38;0;924;259;995;308;10.511.309.814.453.100;9.631.541.137.695.310;5.468.471.069.335.930;959;283;794;284;165;-0.0030221561226178232;0.21611912604730665;0.7582317196350119;76.26;;;;
38;1;677;310;746;368;10.511.309.814.453.100;9.631.541.137.695.310;5.468.471.069.335.930;711;339;506;337;205;-0.14765040769782167;0.20234750755325792;0.5938884930874445;61.27;;;;
38;2;1316;268;1381;322;10.511.309.814.453.100;9.631.541.137.695.310;5.468.471.069.335.930;1348;295;1177;295;171;0.2701551132473836;0.21583121592360702;0.7274152023334691;78.02;;;;
38;3;845;238;904;288;10.511.309.814.453.100;9.631.541.137.695.310;5.468.471.069.335.930;874;263;717;263;157;-0.06816543155569008;0.21388865555787853;0.8045135284991499;81.09;;;;
38;4;1501;243;1551;293;10.511.309.814.453.100;9.631.541.137.695.310;5.468.471.069.335.930;1526;268;1374;267;152;0.44449651671708595;0.2243440996144184;0.8290034632613101;94.61;;;;
38;5;1252;282;1324;348;10.511.309.814.453.100;9.631.541.137.695.310;5.468.471.069.335.930;1288;315;1109;311;179;0.21784459752941412;0.21780041786679033;0.6881989349968358;72.7;;;;
38;6;1233;212;1284;251;10.511.309.814.453.100;9.631.541.137.695.310;5.468.471.069.335.930;1258;231;1132;230;126;0.2808969226507651;0.2401103168431512;10.176.924.472.199.100;106.41;;;;
38;7;1019;186;1069;232;10.511.309.814.453.100;9.631.541.137.695.310;5.468.471.069.335.930;1044;209;926;207;118;0.08224289181169037;0.23700719796183484;10.978.786.237.945.600;110.83;;;;
38;8;1085;200;1134;248;10.511.309.814.453.100;9.631.541.137.695.310;5.468.471.069.335.930;1109;224;983;223;126;0.1389460139572358;0.23433493663421046;10.210.268.645.382.200;103.76;;;;
38;9;487;357;600;443;10.511.309.814.453.100;9.631.541.137.695.310;5.468.471.069.335.930;543;400;305;393;238;-0.21191130050066526;0.20093532150350762;0.49615945742616774;53.99;;;;
38;10;865;191;917;234;10.511.309.814.453.100;9.631.541.137.695.310;5.468.471.069.335.930;891;212;764;213;127;-0.06819928626331546;0.22266708575416788;10.186.584.178.942.500;102.56;;;;
38;11;1380;204;1424;252;10.511.309.814.453.100;9.631.541.137.695.310;5.468.471.069.335.930;1402;228;1276;227;126;0.41808437803243104;0.23763515389646234;10.191.214.832.134.700;110.9;;;;
38;12;1265;186;1315;232;10.511.309.814.453.100;9.631.541.137.695.310;5.468.471.069.335.930;1290;209;1171;208;119;0.3296996723082609;0.23501554083610515;1.088.652.753.006.370;114.42;;;;
38;13;1224;243;1283;289;10.511.309.814.453.100;9.631.541.137.695.310;5.468.471.069.335.930;1253;266;1104;263;149;0.233508839843635;0.22746570103268274;0.8465004391891148;88.48;;;;
38;14;1457;298;1521;354;10.511.309.814.453.100;9.631.541.137.695.310;5.468.471.069.335.930;1489;326;1300;324;189;0.3339789771059028;0.21232698454775525;0.6482930938381448;73.27;;;;
38;15;506;280;573;353;10.511.309.814.453.100;9.631.541.137.695.310;5.468.471.069.335.930;539;316;342;316;197;-0.2584520081877876;0.19842757178637765;0.6250131464604272;67.59;;;;
38;16;1136;257;1194;304;10.511.309.814.453.100;9.631.541.137.695.310;5.468.471.069.335.930;1165;280;1001;280;164;0.14774014068483743;0.21553527601538292;0.7639530016766183;78.22;;;;
38;17;1439;225;1491;266;10.511.309.814.453.100;9.631.541.137.695.310;5.468.471.069.335.930;1465;245;1325;246;140;0.4302935007857189;0.22649496953492945;0.9099212513249796;101.21;;;;
38;18;895;317;979;376;10.511.309.814.453.100;9.631.541.137.695.310;5.468.471.069.335.930;937;346;731;345;206;-0.01524036056470393;0.20489775220749715;0.5889660412661155;59.08;;;;
38;19;707;205;766;250;10.511.309.814.453.100;9.631.541.137.695.310;5.468.471.069.335.930;736;227;603;227;133;-0.20501772925999626;0.22434641012927314;0.965934784937051;99.27;;;;
38;20;569;267;634;323;10.511.309.814.453.100;9.631.541.137.695.310;5.468.471.069.335.930;601;295;420;294;181;-0.24018025501955134;0.203906839353242;0.6872265171216753;72.91;;;;
39;0;678;310;745;368;10.511.309.814.453.100;9.631.541.137.695.310;5.468.471.069.335.930;711;339;506;337;205;-0.14765040769782167;0.20234750755325792;0.5938884930874445;61.27;;;;
39;1;924;259;996;308;10.511.309.814.453.100;9.631.541.137.695.310;5.468.471.069.335.930;960;283;794;284;166;-0.0022808237154998984;0.21481720360123854;0.7536640586733552;75.77;;;;
39;2;845;238;903;287;10.511.309.814.453.100;9.631.541.137.695.310;5.468.471.069.335.930;874;262;718;263;156;-0.06860238945027783;0.21459334665914098;0.810055406962154;81.67;;;;
39;3;1315;267;1381;321;10.511.309.814.453.100;9.631.541.137.695.310;5.468.471.069.335.930;1348;294;1177;295;171;0.2701551132473836;0.21522328116477116;0.7277661936301327;78.04;;;;
39;4;1500;243;1551;293;10.511.309.814.453.100;9.631.541.137.695.310;5.468.471.069.335.930;1525;268;1374;268;151;0.4466452418380007;0.22582982212842118;0.8344935524219811;95.23;;;;
39;5;1020;185;1068;234;10.511.309.814.453.100;9.631.541.137.695.310;5.468.471.069.335.930;1044;209;926;208;118;0.08224289181169037;0.23700719796183484;10.978.786.237.945.600;110.83;;;;
39;6;1250;284;1324;348;10.511.309.814.453.100;9.631.541.137.695.310;5.468.471.069.335.930;1287;316;1108;311;179;0.217173988459811;0.21838118235707488;0.6878636304620342;72.66;;;;
39;7;1233;212;1284;251;10.511.309.814.453.100;9.631.541.137.695.310;5.468.471.069.335.930;1258;231;1131;230;127;0.2786851358582394;0.23821968442706343;10.096.791.208.638.500;105.54;;;;
39;8;1086;199;1134;249;10.511.309.814.453.100;9.631.541.137.695.310;5.468.471.069.335.930;1110;224;983;223;127;0.13879714001630447;0.2324897796528388;10.129.872.829.276.800;102.93;;;;
39;9;866;191;918;234;10.511.309.814.453.100;9.631.541.137.695.310;5.468.471.069.335.930;892;212;764;214;128;-0.0667286744686102;0.22092749914671345;10.107.001.490.044.500;101.72;;;;
39;10;1379;204;1424;252;10.511.309.814.453.100;9.631.541.137.695.310;5.468.471.069.335.930;1401;228;1275;227;126;0.41713168737005835;0.23763515389646234;10.191.214.832.134.700;110.86;;;;
39;11;1264;186;1315;231;10.511.309.814.453.100;9.631.541.137.695.310;5.468.471.069.335.930;1289;208;1171;209;118;0.3314764574680008;0.236126207760471;10.983.872.637.244.700;115.42;;;;
39;12;488;356;599;442;10.511.309.814.453.100;9.631.541.137.695.310;5.468.471.069.335.930;543;399;305;393;238;-0.21191130050066526;0.20049852804232723;0.49641164024856055;53.99;;;;
39;13;1224;243;1284;289;10.511.309.814.453.100;9.631.541.137.695.310;5.468.471.069.335.930;1254;266;1104;262;150;0.2327523744010705;0.22594926302579818;0.840857102927854;87.88;;;;
39;14;1457;299;1521;354;10.511.309.814.453.100;9.631.541.137.695.310;5.468.471.069.335.930;1489;326;1300;324;189;0.3339789771059028;0.21232698454775525;0.6482930938381448;73.27;;;;
39;15;507;281;574;353;10.511.309.814.453.100;9.631.541.137.695.310;5.468.471.069.335.930;540;317;341;316;199;-0.25525128939464925;0.19695572103355447;0.6184300017134406;66.81;;;;
39;16;1136;257;1193;303;10.511.309.814.453.100;9.631.541.137.695.310;5.468.471.069.335.930;1164;280;1001;280;163;0.1479100861892907;0.21685757832222577;0.7686398299077631;78.72;;;;
39;17;1439;226;1490;266;10.511.309.814.453.100;9.631.541.137.695.310;5.468.471.069.335.930;1464;246;1326;245;138;0.4356597904821861;0.23053081578732654;0.9226735918388962;102.68;;;;
39;18;894;317;981;377;10.511.309.814.453.100;9.631.541.137.695.310;5.468.471.069.335.930;937;347;731;345;206;-0.01524036056470393;0.20540239708012303;0.5886746844130598;59.07;;;;
39;19;570;267;632;323;10.511.309.814.453.100;9.631.541.137.695.310;5.468.471.069.335.930;601;295;420;294;181;-0.24018025501955134;0.203906839353242;0.6872265171216753;72.91;;;;
39;20;708;204;765;250;10.511.309.814.453.100;9.631.541.137.695.310;5.468.471.069.335.930;736;227;604;227;132;-0.2065708938756023;0.226046004145404;0.9732524727017255;100.05;;;;
40;0;677;310;745;368;10.511.309.814.453.100;9.631.541.137.695.310;5.468.471.069.335.930;711;339;506;337;205;-0.14765040769782167;0.20234750755325792;0.5938884930874445;61.27;;;;
40;1;924;258;995;308;10.511.309.814.453.100;9.631.541.137.695.310;5.468.471.069.335.930;959;283;794;284;165;-0.0030221561226178232;0.21611912604730665;0.7582317196350119;76.26;;;;
40;2;845;238;904;287;10.511.309.814.453.100;9.631.541.137.695.310;5.468.471.069.335.930;874;262;717;262;157;-0.06816543155569008;0.21322651005621654;0.8048958183827772;81.12;;;;
40;3;1251;283;1324;348;10.511.309.814.453.100;9.631.541.137.695.310;5.468.471.069.335.930;1287;315;1108;311;179;0.217173988459811;0.21780041786679033;0.6881989349968358;72.68;;;;
40;4;1315;268;1381;322;10.511.309.814.453.100;9.631.541.137.695.310;5.468.471.069.335.930;1348;295;1177;295;171;0.2701551132473836;0.21583121592360702;0.7274152023334691;78.02;;;;
40;5;1020;184;1068;233;10.511.309.814.453.100;9.631.541.137.695.310;5.468.471.069.335.930;1044;208;926;208;118;0.08224289181169037;0.236126207760471;10.983.872.637.244.700;110.86;;;;
40;6;1233;212;1284;251;10.511.309.814.453.100;9.631.541.137.695.310;5.468.471.069.335.930;1258;231;1132;230;126;0.2808969226507651;0.2401103168431512;10.176.924.472.199.100;106.41;;;;
40;7;1500;242;1552;293;10.511.309.814.453.100;9.631.541.137.695.310;5.468.471.069.335.930;1526;267;1374;268;152;0.44449651671708595;0.22366017301072805;0.8293983284700567;94.63;;;;
40;8;866;191;916;234;10.511.309.814.453.100;9.631.541.137.695.310;5.468.471.069.335.930;891;212;764;213;127;-0.06819928626331546;0.22266708575416788;10.186.584.178.942.500;102.56;;;;
40;9;1379;203;1423;252;10.511.309.814.453.100;9.631.541.137.695.310;5.468.471.069.335.930;1401;227;1276;226;125;0.4204687408690188;0.23870458037754655;10.277.546.111.730.200;111.81;;;;
40;10;1085;200;1134;248;10.511.309.814.453.100;9.631.541.137.695.310;5.468.471.069.335.930;1109;224;983;223;126;0.1389460139572358;0.23433493663421046;10.210.268.645.382.200;103.76;;;;
40;11;488;357;599;441;10.511.309.814.453.100;9.631.541.137.695.310;5.468.471.069.335.930;543;399;306;392;237;-0.21280544100910687;0.2013445133927168;0.49850620413146585;54.25;;;;
40;12;1264;186;1315;232;10.511.309.814.453.100;9.631.541.137.695.310;5.468.471.069.335.930;1289;209;1171;208;118;0.3314764574680008;0.23700719796183484;10.978.786.237.945.600;115.39;;;;
40;13;1224;243;1285;289;10.511.309.814.453.100;9.631.541.137.695.310;5.468.471.069.335.930;1254;266;1104;263;150;0.2327523744010705;0.22594926302579818;0.840857102927854;87.88;;;;
40;14;506;281;574;352;10.511.309.814.453.100;9.631.541.137.695.310;5.468.471.069.335.930;540;316;341;316;199;-0.25525128939464925;0.19643332483375078;0.6187316073000209;66.83;;;;
40;15;1457;299;1521;354;10.511.309.814.453.100;9.631.541.137.695.310;5.468.471.069.335.930;1489;326;1300;324;189;0.3339789771059028;0.21232698454775525;0.6482930938381448;73.27;;;;
40;16;896;316;978;375;10.511.309.814.453.100;9.631.541.137.695.310;5.468.471.069.335.930;937;345;730;345;207;-0.015166735634439661;0.20340570101924385;0.5864107440219771;58.78;;;;
40;17;1438;225;1491;265;10.511.309.814.453.100;9.631.541.137.695.310;5.468.471.069.335.930;1464;245;1326;245;138;0.4356597904821861;0.22977750532529073;0.9231085158369359;102.7;;;;
40;18;1136;257;1193;304;10.511.309.814.453.100;9.631.541.137.695.310;5.468.471.069.335.930;1164;280;1001;280;163;0.1479100861892907;0.21685757832222577;0.7686398299077631;78.72;;;;
40;19;570;268;633;323;10.511.309.814.453.100;9.631.541.137.695.310;5.468.471.069.335.930;601;295;420;294;181;-0.24018025501955134;0.203906839353242;0.6872265171216753;72.91;;;;
40;20;710;204;763;251;10.511.309.814.453.100;9.631.541.137.695.310;5.468.471.069.335.930;736;227;603;227;133;-0.20501772925999626;0.22434641012927314;0.965934784937051;99.27;;;;
41;0;924;259;995;308;10.511.309.814.453.100;9.631.541.137.695.310;5.468.471.069.335.930;959;283;795;284;164;-0.0030405839038532977;0.2174369255963756;0.7628550837791278;76.76;;;;
41;1;677;310;745;368;10.511.309.814.453.100;9.631.541.137.695.310;5.468.471.069.335.930;711;339;507;337;204;-0.14837418420614434;0.20333940710008763;0.5967997111908145;61.61;;;;
41;2;1501;242;1552;293;10.511.309.814.453.100;9.631.541.137.695.310;5.468.471.069.335.930;1526;267;1374;267;152;0.44449651671708595;0.22366017301072805;0.8293983284700567;94.63;;;;
41;3;845;238;904;288;10.511.309.814.453.100;9.631.541.137.695.310;5.468.471.069.335.930;874;263;717;262;157;-0.06816543155569008;0.21388865555787853;0.8045135284991499;81.09;;;;
41;4;1253;282;1324;346;10.511.309.814.453.100;9.631.541.137.695.310;5.468.471.069.335.930;1288;314;1108;311;180;0.21663434976536186;0.21601287752441412;0.6847090493120173;72.28;;;;
41;5;1315;268;1381;320;10.511.309.814.453.100;9.631.541.137.695.310;5.468.471.069.335.930;1348;294;1177;295;171;0.2701551132473836;0.21522328116477116;0.7277661936301327;78.04;;;;
41;6;1019;185;1068;233;10.511.309.814.453.100;9.631.541.137.695.310;5.468.471.069.335.930;1043;209;926;208;117;0.0819198479514573;0.23903290050851722;11.072.622.017.757.100;111.8;;;;
41;7;1233;212;1284;251;10.511.309.814.453.100;9.631.541.137.695.310;5.468.471.069.335.930;1258;231;1131;230;127;0.2786851358582394;0.23821968442706343;10.096.791.208.638.500;105.54;;;;
41;8;487;356;600;443;10.511.309.814.453.100;9.631.541.137.695.310;5.468.471.069.335.930;543;399;304;393;239;-0.2110246423395746;0.19965962206725474;0.4943346040968929;53.74;;;;
41;9;1085;200;1134;248;10.511.309.814.453.100;9.631.541.137.695.310;5.468.471.069.335.930;1109;224;983;223;126;0.1389460139572358;0.23433493663421046;10.210.268.645.382.200;103.76;;;;
41;10;1379;204;1424;251;10.511.309.814.453.100;9.631.541.137.695.310;5.468.471.069.335.930;1401;227;1275;227;126;0.41713168737005835;0.23681009958089932;1.019.597.828.544.660;110.89;;;;
41;11;865;191;918;234;10.511.309.814.453.100;9.631.541.137.695.310;5.468.471.069.335.930;891;212;764;213;127;-0.06819928626331546;0.22266708575416788;10.186.584.178.942.500;102.56;;;;
41;12;1264;187;1315;232;10.511.309.814.453.100;9.631.541.137.695.310;5.468.471.069.335.930;1289;209;1171;209;118;0.3314764574680008;0.23700719796183484;10.978.786.237.945.600;115.39;;;;
41;13;1456;299;1521;355;10.511.309.814.453.100;9.631.541.137.695.310;5.468.471.069.335.930;1488;327;1300;325;188;0.33511695558274823;0.21400934533663124;0.6514222086365952;73.65;;;;
41;14;1224;243;1284;289;10.511.309.814.453.100;9.631.541.137.695.310;5.468.471.069.335.930;1254;266;1104;264;150;0.2327523744010705;0.22594926302579818;0.840857102927854;87.88;;;;
41;15;1438;224;1491;266;10.511.309.814.453.100;9.631.541.137.695.310;5.468.471.069.335.930;1464;245;1326;245;138;0.4356597904821861;0.22977750532529073;0.9231085158369359;102.7;;;;
41;16;505;280;574;353;10.511.309.814.453.100;9.631.541.137.695.310;5.468.471.069.335.930;539;316;343;316;196;-0.2597706408826233;0.19943995735671632;0.6282019890444089;67.96;;;;
41;17;1137;257;1193;304;10.511.309.814.453.100;9.631.541.137.695.310;5.468.471.069.335.930;1165;280;1001;281;164;0.14774014068483743;0.21553527601538292;0.7639530016766183;78.22;;;;
41;18;896;317;978;376;10.511.309.814.453.100;9.631.541.137.695.310;5.468.471.069.335.930;937;346;731;345;206;-0.01524036056470393;0.20489775220749715;0.5889660412661155;59.08;;;;
41;19;569;267;633;323;10.511.309.814.453.100;9.631.541.137.695.310;5.468.471.069.335.930;601;295;420;294;181;-0.24018025501955134;0.203906839353242;0.6872265171216753;72.91;;;;
41;20;707;205;766;250;10.511.309.814.453.100;9.631.541.137.695.310;5.468.471.069.335.930;736;227;603;227;133;-0.20501772925999626;0.22434641012927314;0.965934784937051;99.27;;;;
42;0;677;309;745;368;10.511.309.814.453.100;9.631.541.137.695.310;5.468.471.069.335.930;711;338;506;337;205;-0.14765040769782167;0.20184040099832654;0.594181271193442;61.29;;;;
42;1;924;258;996;308;10.511.309.814.453.100;9.631.541.137.695.310;5.468.471.069.335.930;960;283;794;284;166;-0.0022808237154998984;0.21481720360123854;0.7536640586733552;75.77;;;;
42;2;1501;242;1551;293;10.511.309.814.453.100;9.631.541.137.695.310;5.468.471.069.335.930;1526;267;1373;268;153;0.441591310725471;0.22219834181457948;0.8239774243624093;93.98;;;;
42;3;1250;282;1324;348;10.511.309.814.453.100;9.631.541.137.695.310;5.468.471.069.335.930;1287;315;1108;311;179;0.217173988459811;0.21780041786679033;0.6881989349968358;72.68;;;;
42;4;1315;268;1381;322;10.511.309.814.453.100;9.631.541.137.695.310;5.468.471.069.335.930;1348;295;1177;295;171;0.2701551132473836;0.21583121592360702;0.7274152023334691;78.02;;;;
42;5;845;238;903;288;10.511.309.814.453.100;9.631.541.137.695.310;5.468.471.069.335.930;874;263;717;263;157;-0.06816543155569008;0.21388865555787853;0.8045135284991499;81.09;;;;
42;6;1233;211;1284;252;10.511.309.814.453.100;9.631.541.137.695.310;5.468.471.069.335.930;1258;231;1132;230;126;0.2808969226507651;0.2401103168431512;10.176.924.472.199.100;106.41;;;;
42;7;1019;184;1068;232;10.511.309.814.453.100;9.631.541.137.695.310;5.468.471.069.335.930;1043;208;926;209;117;0.0819198479514573;0.23814438047637254;1.107.775.189.055.450;111.83;;;;
42;8;486;356;600;443;10.511.309.814.453.100;9.631.541.137.695.310;5.468.471.069.335.930;543;399;306;392;237;-0.21280544100910687;0.2013445133927168;0.49850620413146585;54.25;;;;
42;9;1380;204;1423;251;10.511.309.814.453.100;9.631.541.137.695.310;5.468.471.069.335.930;1401;227;1276;227;125;0.4204687408690188;0.23870458037754655;10.277.546.111.730.200;111.81;;;;
42;10;1085;199;1135;248;10.511.309.814.453.100;9.631.541.137.695.310;5.468.471.069.335.930;1110;223;983;223;127;0.13879714001630447;0.23167122182794953;10.134.598.775.082.300;102.96;;;;
42;11;505;281;574;352;10.511.309.814.453.100;9.631.541.137.695.310;5.468.471.069.335.930;539;316;342;316;197;-0.2584520081877876;0.19842757178637765;0.6250131464604272;67.59;;;;
42;12;1265;186;1315;232;10.511.309.814.453.100;9.631.541.137.695.310;5.468.471.069.335.930;1290;209;1171;208;119;0.3296996723082609;0.23501554083610515;1.088.652.753.006.370;114.42;;;;
42;13;1223;243;1283;289;10.511.309.814.453.100;9.631.541.137.695.310;5.468.471.069.335.930;1253;266;1104;264;149;0.233508839843635;0.22746570103268274;0.8465004391891148;88.48;;;;
42;14;866;191;918;234;10.511.309.814.453.100;9.631.541.137.695.310;5.468.471.069.335.930;892;212;764;213;128;-0.0667286744686102;0.22092749914671345;10.107.001.490.044.500;101.72;;;;
42;15;1457;299;1521;355;10.511.309.814.453.100;9.631.541.137.695.310;5.468.471.069.335.930;1489;327;1300;324;189;0.3339789771059028;0.21287702075813056;0.6479755302840206;73.26;;;;
42;16;1438;225;1490;266;10.511.309.814.453.100;9.631.541.137.695.310;5.468.471.069.335.930;1464;245;1326;245;138;0.4356597904821861;0.22977750532529073;0.9231085158369359;102.7;;;;
42;17;1136;257;1193;303;10.511.309.814.453.100;9.631.541.137.695.310;5.468.471.069.335.930;1164;280;1001;281;163;0.1479100861892907;0.21685757832222577;0.7686398299077631;78.72;;;;
42;18;895;317;979;375;10.511.309.814.453.100;9.631.541.137.695.310;5.468.471.069.335.930;937;346;731;345;206;-0.01524036056470393;0.20489775220749715;0.5889660412661155;59.08;;;;
42;19;569;267;633;322;10.511.309.814.453.100;9.631.541.137.695.310;5.468.471.069.335.930;601;294;420;293;181;-0.24018025501955134;0.20333249215014293;0.6875581166339928;72.92;;;;
42;20;709;205;764;250;10.511.309.814.453.100;9.631.541.137.695.310;5.468.471.069.335.930;736;227;603;227;133;-0.20501772925999626;0.22434641012927314;0.965934784937051;99.27;;;;
43;0;678;310;745;368;10.511.309.814.453.100;9.631.541.137.695.310;5.468.471.069.335.930;711;339;506;337;205;-0.14765040769782167;0.20234750755325792;0.5938884930874445;61.27;;;;
43;1;925;258;995;308;10.511.309.814.453.100;9.631.541.137.695.310;5.468.471.069.335.930;960;283;794;284;166;-0.0022808237154998984;0.21481720360123854;0.7536640586733552;75.77;;;;
43;2;845;239;903;287;10.511.309.814.453.100;9.631.541.137.695.310;5.468.471.069.335.930;874;263;718;262;156;-0.06860238945027783;0.21525973668324952;0.8096706665023495;81.65;;;;
43;3;1251;283;1324;348;10.511.309.814.453.100;9.631.541.137.695.310;5.468.471.069.335.930;1287;315;1109;311;178;0.21839406704666392;0.21902401571997454;0.6920652211485037;73.12;;;;
43;4;1314;267;1381;321;10.511.309.814.453.100;9.631.541.137.695.310;5.468.471.069.335.930;1347;294;1177;296;170;0.27103814906966844;0.2164893004657404;0.7320471712397217;78.5;;;;
43;5;1020;184;1068;233;10.511.309.814.453.100;9.631.541.137.695.310;5.468.471.069.335.930;1044;208;926;208;118;0.08224289181169037;0.236126207760471;10.983.872.637.244.700;110.86;;;;
43;6;1233;212;1284;252;10.511.309.814.453.100;9.631.541.137.695.310;5.468.471.069.335.930;1258;232;1132;230;126;0.2808969226507651;0.24093537115871416;10.172.161.018.887.300;106.38;;;;
43;7;1500;242;1552;294;10.511.309.814.453.100;9.631.541.137.695.310;5.468.471.069.335.930;1526;268;1374;268;152;0.44449651671708595;0.2243440996144184;0.8290034632613101;94.61;;;;
43;8;506;281;574;352;10.511.309.814.453.100;9.631.541.137.695.310;5.468.471.069.335.930;540;316;341;316;199;-0.25525128939464925;0.19643332483375078;0.6187316073000209;66.83;;;;
43;9;1085;199;1135;248;10.511.309.814.453.100;9.631.541.137.695.310;5.468.471.069.335.930;1110;223;983;223;127;0.13879714001630447;0.23167122182794953;10.134.598.775.082.300;102.96;;;;
43;10;488;357;599;442;10.511.309.814.453.100;9.631.541.137.695.310;5.468.471.069.335.930;543;399;306;393;237;-0.21280544100910687;0.2013445133927168;0.49850620413146585;54.25;;;;
43;11;1380;203;1424;251;10.511.309.814.453.100;9.631.541.137.695.310;5.468.471.069.335.930;1402;227;1276;227;126;0.41808437803243104;0.23681009958089932;1.019.597.828.544.660;110.93;;;;
43;12;866;190;917;234;10.511.309.814.453.100;9.631.541.137.695.310;5.468.471.069.335.930;891;212;764;213;127;-0.06819928626331546;0.22266708575416788;10.186.584.178.942.500;102.56;;;;
43;13;1223;243;1284;289;10.511.309.814.453.100;9.631.541.137.695.310;5.468.471.069.335.930;1253;266;1104;264;149;0.233508839843635;0.22746570103268274;0.8465004391891148;88.48;;;;
43;14;1264;186;1314;232;10.511.309.814.453.100;9.631.541.137.695.310;5.468.471.069.335.930;1289;209;1171;208;118;0.3314764574680008;0.23700719796183484;10.978.786.237.945.600;115.39;;;;
43;15;1456;298;1522;355;10.511.309.814.453.100;9.631.541.137.695.310;5.468.471.069.335.930;1489;326;1300;325;189;0.3339789771059028;0.21232698454775525;0.6482930938381448;73.27;;;;
43;16;1438;224;1492;266;10.511.309.814.453.100;9.631.541.137.695.310;5.468.471.069.335.930;1465;245;1326;245;139;0.433389137482019;0.228124429747411;0.9164674473776774;101.97;;;;
43;17;896;317;978;375;10.511.309.814.453.100;9.631.541.137.695.310;5.468.471.069.335.930;937;346;731;346;206;-0.01524036056470393;0.20489775220749715;0.5889660412661155;59.08;;;;
43;18;1136;257;1193;304;10.511.309.814.453.100;9.631.541.137.695.310;5.468.471.069.335.930;1164;280;1001;281;163;0.1479100861892907;0.21685757832222577;0.7686398299077631;78.72;;;;
43;19;570;268;632;323;10.511.309.814.453.100;9.631.541.137.695.310;5.468.471.069.335.930;601;295;420;294;181;-0.24018025501955134;0.203906839353242;0.6872265171216753;72.91;;;;
43;20;710;204;764;250;10.511.309.814.453.100;9.631.541.137.695.310;5.468.471.069.335.930;737;227;603;227;134;-0.2025919325979145;0.22267218318800988;0.9587263163927445;98.48;;;;
44;0;678;310;745;368;10.511.309.814.453.100;9.631.541.137.695.310;5.468.471.069.335.930;711;339;507;338;204;-0.14837418420614434;0.20333940710008763;0.5967997111908145;61.61;;;;
44;1;925;258;995;308;10.511.309.814.453.100;9.631.541.137.695.310;5.468.471.069.335.930;960;283;795;284;165;-0.002294646889533231;0.21611912604730665;0.7582317196350119;76.26;;;;
44;2;845;239;904;288;10.511.309.814.453.100;9.631.541.137.695.310;5.468.471.069.335.930;874;263;717;263;157;-0.06816543155569008;0.21388865555787853;0.8045135284991499;81.09;;;;
44;3;1501;243;1551;293;10.511.309.814.453.100;9.631.541.137.695.310;5.468.471.069.335.930;1526;268;1373;267;153;0.441591310725471;0.222877798309749;0.8235851399720205;93.97;;;;
44;4;1316;268;1381;320;10.511.309.814.453.100;9.631.541.137.695.310;5.468.471.069.335.930;1348;294;1177;295;171;0.2701551132473836;0.21522328116477116;0.7277661936301327;78.04;;;;
44;5;1252;283;1324;347;10.511.309.814.453.100;9.631.541.137.695.310;5.468.471.069.335.930;1288;315;1108;311;180;0.21663434976536186;0.21659041554530817;0.6843756075801869;72.26;;;;
44;6;1020;183;1068;233;10.511.309.814.453.100;9.631.541.137.695.310;5.468.471.069.335.930;1044;208;926;208;118;0.08224289181169037;0.236126207760471;10.983.872.637.244.700;110.86;;;;
44;7;1233;212;1283;251;10.511.309.814.453.100;9.631.541.137.695.310;5.468.471.069.335.930;1258;231;1132;230;126;0.2808969226507651;0.2401103168431512;10.176.924.472.199.100;106.41;;;;
44;8;488;356;598;443;10.511.309.814.453.100;9.631.541.137.695.310;5.468.471.069.335.930;543;399;306;393;237;-0.21280544100910687;0.2013445133927168;0.49850620413146585;54.25;;;;
44;9;1085;199;1135;248;10.511.309.814.453.100;9.631.541.137.695.310;5.468.471.069.335.930;1110;223;983;222;127;0.13879714001630447;0.23167122182794953;10.134.598.775.082.300;102.96;;;;
44;10;1265;187;1316;232;10.511.309.814.453.100;9.631.541.137.695.310;5.468.471.069.335.930;1290;209;1171;209;119;0.3296996723082609;0.23501554083610515;1.088.652.753.006.370;114.42;;;;
44;11;1379;204;1424;251;10.511.309.814.453.100;9.631.541.137.695.310;5.468.471.069.335.930;1401;227;1276;226;125;0.4204687408690188;0.23870458037754655;10.277.546.111.730.200;111.81;;;;
44;12;866;190;917;234;10.511.309.814.453.100;9.631.541.137.695.310;5.468.471.069.335.930;891;212;764;213;127;-0.06819928626331546;0.22266708575416788;10.186.584.178.942.500;102.56;;;;
44;13;507;282;573;352;10.511.309.814.453.100;9.631.541.137.695.310;5.468.471.069.335.930;540;317;341;316;199;-0.25525128939464925;0.19695572103355447;0.6184300017134406;66.81;;;;
44;14;1224;243;1284;289;10.511.309.814.453.100;9.631.541.137.695.310;5.468.471.069.335.930;1254;266;1104;263;150;0.2327523744010705;0.22594926302579818;0.840857102927854;87.88;;;;
44;15;1457;298;1521;354;10.511.309.814.453.100;9.631.541.137.695.310;5.468.471.069.335.930;1489;326;1300;324;189;0.3339789771059028;0.21232698454775525;0.6482930938381448;73.27;;;;
44;16;1438;226;1491;266;10.511.309.814.453.100;9.631.541.137.695.310;5.468.471.069.335.930;1464;246;1326;245;138;0.4356597904821861;0.23053081578732654;0.9226735918388962;102.68;;;;
44;17;1137;257;1194;304;10.511.309.814.453.100;9.631.541.137.695.310;5.468.471.069.335.930;1165;280;1000;281;165;0.14684474589280813;0.21422900161528968;0.7593229834846388;77.72;;;;
44;18;895;317;978;376;10.511.309.814.453.100;9.631.541.137.695.310;5.468.471.069.335.930;936;346;730;346;206;-0.015823074270815373;0.20489775220749715;0.5889660412661155;59.09;;;;
44;19;570;268;632;323;10.511.309.814.453.100;9.631.541.137.695.310;5.468.471.069.335.930;601;295;420;294;181;-0.24018025501955134;0.203906839353242;0.6872265171216753;72.91;;;;
44;20;711;205;763;251;10.511.309.814.453.100;9.631.541.137.695.310;5.468.471.069.335.930;737;228;603;227;134;-0.2025919325979145;0.22344798052950937;0.9582784095887932;98.45;;;;
45;0;677;310;745;368;10.511.309.814.453.100;9.631.541.137.695.310;5.468.471.069.335.930;711;339;507;338;204;-0.14837418420614434;0.20333940710008763;0.5967997111908145;61.61;;;;
45;1;924;258;995;308;10.511.309.814.453.100;9.631.541.137.695.310;5.468.471.069.335.930;959;283;794;284;165;-0.0030221561226178232;0.21611912604730665;0.7582317196350119;76.26;;;;
45;2;846;238;904;287;10.511.309.814.453.100;9.631.541.137.695.310;5.468.471.069.335.930;875;262;718;263;157;-0.06740085178843558;0.21322651005621654;0.8048958183827772;81.11;;;;
45;3;1315;269;1380;321;10.511.309.814.453.100;9.631.541.137.695.310;5.468.471.069.335.930;1347;295;1177;295;170;0.27103814906966844;0.21710081131139294;0.7316941152883718;78.48;;;;
45;4;1252;283;1324;347;10.511.309.814.453.100;9.631.541.137.695.310;5.468.471.069.335.930;1288;315;1108;311;180;0.21663434976536186;0.21659041554530817;0.6843756075801869;72.26;;;;
45;5;1500;242;1551;293;10.511.309.814.453.100;9.631.541.137.695.310;5.468.471.069.335.930;1525;267;1373;267;152;0.4437067862995928;0.22366017301072805;0.8293983284700567;94.59;;;;
45;6;1233;212;1284;251;10.511.309.814.453.100;9.631.541.137.695.310;5.468.471.069.335.930;1258;231;1132;230;126;0.2808969226507651;0.2401103168431512;10.176.924.472.199.100;106.41;;;;
45;7;1020;184;1068;233;10.511.309.814.453.100;9.631.541.137.695.310;5.468.471.069.335.930;1044;208;926;208;118;0.08224289181169037;0.236126207760471;10.983.872.637.244.700;110.86;;;;
45;8;1084;199;1135;248;10.511.309.814.453.100;9.631.541.137.695.310;5.468.471.069.335.930;1109;223;983;223;126;0.1389460139572358;0.23350988231864744;10.215.032.098.694.100;103.79;;;;
45;9;865;190;917;234;10.511.309.814.453.100;9.631.541.137.695.310;5.468.471.069.335.930;891;212;764;213;127;-0.06819928626331546;0.22266708575416788;10.186.584.178.942.500;102.56;;;;
45;10;488;357;599;442;10.511.309.814.453.100;9.631.541.137.695.310;5.468.471.069.335.930;543;399;306;393;237;-0.21280544100910687;0.2013445133927168;0.49850620413146585;54.25;;;;
45;11;1224;243;1284;289;10.511.309.814.453.100;9.631.541.137.695.310;5.468.471.069.335.930;1254;266;1104;263;150;0.2327523744010705;0.22594926302579818;0.840857102927854;87.88;;;;
45;12;1264;186;1315;232;10.511.309.814.453.100;9.631.541.137.695.310;5.468.471.069.335.930;1289;209;1171;208;118;0.3314764574680008;0.23700719796183484;10.978.786.237.945.600;115.39;;;;
45;13;1380;204;1424;251;10.511.309.814.453.100;9.631.541.137.695.310;5.468.471.069.335.930;1402;227;1275;227;127;0.4147923750557977;0.23494545312750648;10.115.694.991.860.400;110.02;;;;
45;14;1457;298;1521;354;10.511.309.814.453.100;9.631.541.137.695.310;5.468.471.069.335.930;1489;326;1300;325;189;0.3339789771059028;0.21232698454775525;0.6482930938381448;73.27;;;;
45;15;1137;258;1192;304;10.511.309.814.453.100;9.631.541.137.695.310;5.468.471.069.335.930;1164;281;1001;281;163;0.1479100861892907;0.21749535036983883;0.7682716120443921;78.7;;;;
45;16;506;281;574;352;10.511.309.814.453.100;9.631.541.137.695.310;5.468.471.069.335.930;540;316;341;316;199;-0.25525128939464925;0.19643332483375078;0.6187316073000209;66.83;;;;
45;17;896;317;978;376;10.511.309.814.453.100;9.631.541.137.695.310;5.468.471.069.335.930;937;346;731;345;206;-0.01524036056470393;0.20489775220749715;0.5889660412661155;59.08;;;;
45;18;1439;226;1491;265;10.511.309.814.453.100;9.631.541.137.695.310;5.468.471.069.335.930;1465;245;1326;246;139;0.433389137482019;0.228124429747411;0.9164674473776774;101.97;;;;
45;19;709;205;764;250;10.511.309.814.453.100;9.631.541.137.695.310;5.468.471.069.335.930;736;227;603;227;133;-0.20501772925999626;0.22434641012927314;0.965934784937051;99.27;;;;
45;20;569;268;633;323;10.511.309.814.453.100;9.631.541.137.695.310;5.468.471.069.335.930;601;295;420;293;181;-0.24018025501955134;0.203906839353242;0.6872265171216753;72.91;;;;
46;0;678;310;746;368;10.511.309.814.453.100;9.631.541.137.695.310;5.468.471.069.335.930;712;339;506;337;206;-0.14635094443977906;0.20136523809911588;0.5910055392375055;60.93;;;;
46;1;925;258;996;308;10.511.309.814.453.100;9.631.541.137.695.310;5.468.471.069.335.930;960;283;795;284;165;-0.002294646889533231;0.21611912604730665;0.7582317196350119;76.26;;;;
46;2;1501;243;1551;293;10.511.309.814.453.100;9.631.541.137.695.310;5.468.471.069.335.930;1526;268;1373;268;153;0.441591310725471;0.222877798309749;0.8235851399720205;93.97;;;;
46;3;846;239;903;288;10.511.309.814.453.100;9.631.541.137.695.310;5.468.471.069.335.930;874;263;718;263;156;-0.06860238945027783;0.21525973668324952;0.8096706665023495;81.65;;;;
46;4;1253;283;1324;348;10.511.309.814.453.100;9.631.541.137.695.310;5.468.471.069.335.930;1288;315;1108;311;180;0.21663434976536186;0.21659041554530817;0.6843756075801869;72.26;;;;
46;5;1315;268;1381;321;10.511.309.814.453.100;9.631.541.137.695.310;5.468.471.069.335.930;1348;294;1177;295;171;0.2701551132473836;0.21522328116477116;0.7277661936301327;78.04;;;;
46;6;1233;212;1284;251;10.511.309.814.453.100;9.631.541.137.695.310;5.468.471.069.335.930;1258;231;1132;230;126;0.2808969226507651;0.2401103168431512;10.176.924.472.199.100;106.41;;;;
46;7;1020;184;1068;233;10.511.309.814.453.100;9.631.541.137.695.310;5.468.471.069.335.930;1044;208;926;208;118;0.08224289181169037;0.236126207760471;10.983.872.637.244.700;110.86;;;;
46;8;896;317;978;375;10.511.309.814.453.100;9.631.541.137.695.310;5.468.471.069.335.930;937;346;731;345;206;-0.01524036056470393;0.20489775220749715;0.5889660412661155;59.08;;;;
46;9;866;191;916;234;10.511.309.814.453.100;9.631.541.137.695.310;5.468.471.069.335.930;891;212;764;214;127;-0.06819928626331546;0.22266708575416788;10.186.584.178.942.500;102.56;;;;
46;10;1085;199;1134;248;10.511.309.814.453.100;9.631.541.137.695.310;5.468.471.069.335.930;1109;223;983;222;126;0.1389460139572358;0.23350988231864744;10.215.032.098.694.100;103.79;;;;
46;11;1264;187;1315;232;10.511.309.814.453.100;9.631.541.137.695.310;5.468.471.069.335.930;1289;209;1170;208;119;0.32869094101868984;0.23501554083610515;1.088.652.753.006.370;114.39;;;;
46;12;1379;204;1424;252;10.511.309.814.453.100;9.631.541.137.695.310;5.468.471.069.335.930;1401;228;1276;227;125;0.4204687408690188;0.23953623512763406;10.272.744.550.791.800;111.78;;;;
46;13;1224;243;1284;289;10.511.309.814.453.100;9.631.541.137.695.310;5.468.471.069.335.930;1254;266;1104;264;150;0.2327523744010705;0.22594926302579818;0.840857102927854;87.88;;;;
46;14;507;281;573;352;10.511.309.814.453.100;9.631.541.137.695.310;5.468.471.069.335.930;540;316;343;317;197;-0.2578426730433259;0.19842757178637765;0.6250131464604272;67.56;;;;
46;15;489;356;599;442;10.511.309.814.453.100;9.631.541.137.695.310;5.468.471.069.335.930;544;399;306;393;238;-0.21140693485587972;0.20049852804232723;0.49641164024856055;53.97;;;;
46;16;1458;298;1520;354;10.511.309.814.453.100;9.631.541.137.695.310;5.468.471.069.335.930;1489;326;1301;324;188;0.33575546102667886;0.21345638340173265;0.6517414613585605;73.69;;;;
46;17;1136;257;1193;304;10.511.309.814.453.100;9.631.541.137.695.310;5.468.471.069.335.930;1164;280;1001;281;163;0.1479100861892907;0.21685757832222577;0.7686398299077631;78.72;;;;
46;18;570;267;633;322;10.511.309.814.453.100;9.631.541.137.695.310;5.468.471.069.335.930;601;294;420;294;181;-0.24018025501955134;0.20333249215014293;0.6875581166339928;72.92;;;;
46;19;1438;225;1490;266;10.511.309.814.453.100;9.631.541.137.695.310;5.468.471.069.335.930;1464;245;1326;245;138;0.4356597904821861;0.22977750532529073;0.9231085158369359;102.7;;;;
46;20;710;205;764;250;10.511.309.814.453.100;9.631.541.137.695.310;5.468.471.069.335.930;737;227;604;227;133;-0.20411518021143268;0.22434641012927314;0.965934784937051;99.25;;;;
47;0;678;310;745;368;10.511.309.814.453.100;9.631.541.137.695.310;5.468.471.069.335.930;711;339;507;337;204;-0.14837418420614434;0.20333940710008763;0.5967997111908145;61.61;;;;
47;1;925;258;996;307;10.511.309.814.453.100;9.631.541.137.695.310;5.468.471.069.335.930;960;282;794;284;166;-0.0022808237154998984;0.21419095755448592;0.7540256219970267;75.79;;;;
47;2;845;238;903;287;10.511.309.814.453.100;9.631.541.137.695.310;5.468.471.069.335.930;874;262;718;262;156;-0.06860238945027783;0.21459334665914098;0.810055406962154;81.67;;;;
47;3;1251;283;1324;347;10.511.309.814.453.100;9.631.541.137.695.310;5.468.471.069.335.930;1287;315;1109;311;178;0.21839406704666392;0.21902401571997454;0.6920652211485037;73.12;;;;
47;4;1501;243;1551;293;10.511.309.814.453.100;9.631.541.137.695.310;5.468.471.069.335.930;1526;268;1373;268;153;0.441591310725471;0.222877798309749;0.8235851399720205;93.97;;;;
47;5;1315;268;1381;321;10.511.309.814.453.100;9.631.541.137.695.310;5.468.471.069.335.930;1348;294;1177;295;171;0.2701551132473836;0.21522328116477116;0.7277661936301327;78.04;;;;
47;6;1234;212;1283;251;10.511.309.814.453.100;9.631.541.137.695.310;5.468.471.069.335.930;1258;231;1131;230;127;0.2786851358582394;0.23821968442706343;10.096.791.208.638.500;105.54;;;;
47;7;1019;184;1068;233;10.511.309.814.453.100;9.631.541.137.695.310;5.468.471.069.335.930;1043;208;926;208;117;0.0819198479514573;0.23814438047637254;1.107.775.189.055.450;111.83;;;;
47;8;1085;199;1135;249;10.511.309.814.453.100;9.631.541.137.695.310;5.468.471.069.335.930;1110;224;984;223;126;0.1398987046196085;0.23433493663421046;10.210.268.645.382.200;103.78;;;;
47;9;866;190;916;234;10.511.309.814.453.100;9.631.541.137.695.310;5.468.471.069.335.930;891;212;764;213;127;-0.06819928626331546;0.22266708575416788;10.186.584.178.942.500;102.56;;;;
47;10;1223;243;1283;289;10.511.309.814.453.100;9.631.541.137.695.310;5.468.471.069.335.930;1253;266;1103;263;150;0.23195211424467743;0.22594926302579818;0.840857102927854;87.86;;;;
47;11;489;357;599;441;10.511.309.814.453.100;9.631.541.137.695.310;5.468.471.069.335.930;544;399;305;394;239;-0.21052238701129444;0.19965962206725474;0.4943346040968929;53.72;;;;
47;12;1379;204;1423;251;10.511.309.814.453.100;9.631.541.137.695.310;5.468.471.069.335.930;1401;227;1275;228;126;0.41713168737005835;0.23681009958089932;1.019.597.828.544.660;110.89;;;;
47;13;1457;298;1521;354;10.511.309.814.453.100;9.631.541.137.695.310;5.468.471.069.335.930;1489;326;1300;325;189;0.3339789771059028;0.21232698454775525;0.6482930938381448;73.27;;;;
47;14;1264;187;1314;232;10.511.309.814.453.100;9.631.541.137.695.310;5.468.471.069.335.930;1289;209;1171;209;118;0.3314764574680008;0.23700719796183484;10.978.786.237.945.600;115.39;;;;
47;15;896;317;978;375;10.511.309.814.453.100;9.631.541.137.695.310;5.468.471.069.335.930;937;346;731;345;206;-0.01524036056470393;0.20489775220749715;0.5889660412661155;59.08;;;;
47;16;505;281;574;353;10.511.309.814.453.100;9.631.541.137.695.310;5.468.471.069.335.930;539;317;342;316;197;-0.2584520081877876;0.1989552715009002;0.6247084788881964;67.58;;;;
47;17;1136;258;1195;304;10.511.309.814.453.100;9.631.541.137.695.310;5.468.471.069.335.930;1165;281;1001;281;164;0.14774014068483743;0.21616915920904714;0.7635870290441215;78.21;;;;
47;18;1439;225;1490;265;10.511.309.814.453.100;9.631.541.137.695.310;5.468.471.069.335.930;1464;245;1326;245;138;0.4356597904821861;0.22977750532529073;0.9231085158369359;102.7;;;;
47;19;570;268;633;323;10.511.309.814.453.100;9.631.541.137.695.310;5.468.471.069.335.930;601;295;420;294;181;-0.24018025501955134;0.203906839353242;0.6872265171216753;72.91;;;;
47;20;709;205;764;250;10.511.309.814.453.100;9.631.541.137.695.310;5.468.471.069.335.930;736;227;603;227;133;-0.20501772925999626;0.22434641012927314;0.965934784937051;99.27;;;;
48;0;677;311;745;368;10.511.309.814.453.100;9.631.541.137.695.310;5.468.471.069.335.930;711;339;506;337;205;-0.14765040769782167;0.20234750755325792;0.5938884930874445;61.27;;;;
48;1;924;259;995;308;10.511.309.814.453.100;9.631.541.137.695.310;5.468.471.069.335.930;959;283;794;284;165;-0.0030221561226178232;0.21611912604730665;0.7582317196350119;76.26;;;;
48;2;845;239;903;287;10.511.309.814.453.100;9.631.541.137.695.310;5.468.471.069.335.930;874;263;718;263;156;-0.06860238945027783;0.21525973668324952;0.8096706665023495;81.65;;;;
48;3;1315;268;1381;321;10.511.309.814.453.100;9.631.541.137.695.310;5.468.471.069.335.930;1348;294;1177;296;171;0.2701551132473836;0.21522328116477116;0.7277661936301327;78.04;;;;
48;4;1251;282;1323;347;10.511.309.814.453.100;9.631.541.137.695.310;5.468.471.069.335.930;1287;314;1108;311;179;0.217173988459811;0.21721965337650578;0.6885342395316374;72.69;;;;
48;5;1500;243;1552;293;10.511.309.814.453.100;9.631.541.137.695.310;5.468.471.069.335.930;1526;268;1374;268;152;0.44449651671708595;0.2243440996144184;0.8290034632613101;94.61;;;;
48;6;1019;183;1068;233;10.511.309.814.453.100;9.631.541.137.695.310;5.468.471.069.335.930;1043;208;926;208;117;0.0819198479514573;0.23814438047637254;1.107.775.189.055.450;111.83;;;;
48;7;1233;212;1284;251;10.511.309.814.453.100;9.631.541.137.695.310;5.468.471.069.335.930;1258;231;1132;230;126;0.2808969226507651;0.2401103168431512;10.176.924.472.199.100;106.41;;;;
48;8;1085;199;1135;248;10.511.309.814.453.100;9.631.541.137.695.310;5.468.471.069.335.930;1110;223;983;223;127;0.13879714001630447;0.23167122182794953;10.134.598.775.082.300;102.96;;;;
48;9;866;191;917;234;10.511.309.814.453.100;9.631.541.137.695.310;5.468.471.069.335.930;891;212;764;213;127;-0.06819928626331546;0.22266708575416788;10.186.584.178.942.500;102.56;;;;
48;10;1380;204;1423;251;10.511.309.814.453.100;9.631.541.137.695.310;5.468.471.069.335.930;1401;227;1276;227;125;0.4204687408690188;0.23870458037754655;10.277.546.111.730.200;111.81;;;;
48;11;1224;243;1284;289;10.511.309.814.453.100;9.631.541.137.695.310;5.468.471.069.335.930;1254;266;1104;265;150;0.2327523744010705;0.22594926302579818;0.840857102927854;87.88;;;;
48;12;486;357;600;441;10.511.309.814.453.100;9.631.541.137.695.310;5.468.471.069.335.930;543;399;305;394;238;-0.21191130050066526;0.20049852804232723;0.49641164024856055;53.99;;;;
48;13;1457;298;1522;355;10.511.309.814.453.100;9.631.541.137.695.310;5.468.471.069.335.930;1489;326;1301;325;188;0.33575546102667886;0.21345638340173265;0.6517414613585605;73.69;;;;
48;14;506;281;574;352;10.511.309.814.453.100;9.631.541.137.695.310;5.468.471.069.335.930;540;316;340;317;200;-0.25397503294767604;0.19545115820958203;0.6156379492635208;66.46;;;;
48;15;1264;187;1314;232;10.511.309.814.453.100;9.631.541.137.695.310;5.468.471.069.335.930;1289;209;1171;209;118;0.3314764574680008;0.23700719796183484;10.978.786.237.945.600;115.39;;;;
48;16;1438;225;1491;266;10.511.309.814.453.100;9.631.541.137.695.310;5.468.471.069.335.930;1464;245;1326;245;138;0.4356597904821861;0.22977750532529073;0.9231085158369359;102.7;;;;
48;17;1136;257;1193;304;10.511.309.814.453.100;9.631.541.137.695.310;5.468.471.069.335.930;1164;280;1001;280;163;0.1479100861892907;0.21685757832222577;0.7686398299077631;78.72;;;;
48;18;895;317;979;376;10.511.309.814.453.100;9.631.541.137.695.310;5.468.471.069.335.930;937;346;732;345;205;-0.01531470378697078;0.2058972534377776;0.5918390463454624;59.41;;;;
48;19;569;269;633;322;10.511.309.814.453.100;9.631.541.137.695.310;5.468.471.069.335.930;601;295;420;293;181;-0.24018025501955134;0.203906839353242;0.6872265171216753;72.91;;;;
48;20;710;205;764;250;10.511.309.814.453.100;9.631.541.137.695.310;5.468.471.069.335.930;737;227;603;227;134;-0.2025919325979145;0.22267218318800988;0.9587263163927445;98.48;;;;
49;0;924;259;996;308;10.511.309.814.453.100;9.631.541.137.695.310;5.468.471.069.335.930;960;283;794;284;166;-0.0022808237154998984;0.21481720360123854;0.7536640586733552;75.77;;;;
49;1;677;311;745;368;10.511.309.814.453.100;9.631.541.137.695.310;5.468.471.069.335.930;711;339;506;338;205;-0.14765040769782167;0.20234750755325792;0.5938884930874445;61.27;;;;
49;2;846;239;903;288;10.511.309.814.453.100;9.631.541.137.695.310;5.468.471.069.335.930;874;263;718;263;156;-0.06860238945027783;0.21525973668324952;0.8096706665023495;81.65;;;;
49;3;1251;283;1324;348;10.511.309.814.453.100;9.631.541.137.695.310;5.468.471.069.335.930;1287;315;1109;311;178;0.21839406704666392;0.21902401571997454;0.6920652211485037;73.12;;;;
49;4;1314;269;1381;322;10.511.309.814.453.100;9.631.541.137.695.310;5.468.471.069.335.930;1347;295;1177;295;170;0.27103814906966844;0.21710081131139294;0.7316941152883718;78.48;;;;
49;5;1019;184;1068;233;10.511.309.814.453.100;9.631.541.137.695.310;5.468.471.069.335.930;1043;208;926;208;117;0.0819198479514573;0.23814438047637254;1.107.775.189.055.450;111.83;;;;
49;6;1500;242;1552;293;10.511.309.814.453.100;9.631.541.137.695.310;5.468.471.069.335.930;1526;267;1374;267;152;0.44449651671708595;0.22366017301072805;0.8293983284700567;94.63;;;;
49;7;1233;212;1283;251;10.511.309.814.453.100;9.631.541.137.695.310;5.468.471.069.335.930;1258;231;1131;230;127;0.2786851358582394;0.23821968442706343;10.096.791.208.638.500;105.54;;;;
49;8;1085;199;1134;249;10.511.309.814.453.100;9.631.541.137.695.310;5.468.471.069.335.930;1109;224;983;223;126;0.1389460139572358;0.23433493663421046;10.210.268.645.382.200;103.76;;;;
49;9;487;356;601;441;10.511.309.814.453.100;9.631.541.137.695.310;5.468.471.069.335.930;544;398;305;393;239;-0.21052238701129444;0.19922465619377802;0.494585731761033;53.72;;;;
49;10;865;191;918;234;10.511.309.814.453.100;9.631.541.137.695.310;5.468.471.069.335.930;891;212;764;213;127;-0.06819928626331546;0.22266708575416788;10.186.584.178.942.500;102.56;;;;
49;11;1265;187;1316;232;10.511.309.814.453.100;9.631.541.137.695.310;5.468.471.069.335.930;1290;209;1171;208;119;0.3296996723082609;0.23501554083610515;1.088.652.753.006.370;114.42;;;;
49;12;1380;204;1424;251;10.511.309.814.453.100;9.631.541.137.695.310;5.468.471.069.335.930;1402;227;1276;227;126;0.41808437803243104;0.23681009958089932;1.019.597.828.544.660;110.93;;;;
49;13;1224;243;1284;289;10.511.309.814.453.100;9.631.541.137.695.310;5.468.471.069.335.930;1254;266;1104;264;150;0.2327523744010705;0.22594926302579818;0.840857102927854;87.88;;;;
49;14;1456;299;1521;355;10.511.309.814.453.100;9.631.541.137.695.310;5.468.471.069.335.930;1488;327;1300;324;188;0.33511695558274823;0.21400934533663124;0.6514222086365952;73.65;;;;
49;15;1135;258;1193;304;10.511.309.814.453.100;9.631.541.137.695.310;5.468.471.069.335.930;1164;281;1001;280;163;0.1479100861892907;0.21749535036983883;0.7682716120443921;78.7;;;;
49;16;1438;226;1491;266;10.511.309.814.453.100;9.631.541.137.695.310;5.468.471.069.335.930;1464;246;1326;245;138;0.4356597904821861;0.23053081578732654;0.9226735918388962;102.68;;;;
49;17;505;280;575;352;10.511.309.814.453.100;9.631.541.137.695.310;5.468.471.069.335.930;540;316;342;316;198;-0.25654043732088483;0.1974254123329111;0.6218565144075967;67.19;;;;
49;18;896;317;979;376;10.511.309.814.453.100;9.631.541.137.695.310;5.468.471.069.335.930;937;346;731;346;206;-0.01524036056470393;0.20489775220749715;0.5889660412661155;59.08;;;;
49;19;569;269;633;322;10.511.309.814.453.100;9.631.541.137.695.310;5.468.471.069.335.930;601;295;420;294;181;-0.24018025501955134;0.203906839353242;0.6872265171216753;72.91;;;;
49;20;709;205;764;251;10.511.309.814.453.100;9.631.541.137.695.310;5.468.471.069.335.930;736;228;603;227;133;-0.20501772925999626;0.22512804053349061;0.9654835104127693;99.24;;;;
50;0;677;310;745;367;10.511.309.814.453.100;9.631.541.137.695.310;5.468.471.069.335.930;711;338;506;338;205;-0.14765040769782167;0.20184040099832654;0.594181271193442;61.29;;;;
50;1;924;258;995;308;10.511.309.814.453.100;9.631.541.137.695.310;5.468.471.069.335.930;959;283;794;284;165;-0.0030221561226178232;0.21611912604730665;0.7582317196350119;76.26;;;;
50;2;1252;283;1324;347;10.511.309.814.453.100;9.631.541.137.695.310;5.468.471.069.335.930;1288;315;1108;310;180;0.21663434976536186;0.21659041554530817;0.6843756075801869;72.26;;;;
50;3;1316;268;1382;321;10.511.309.814.453.100;9.631.541.137.695.310;5.468.471.069.335.930;1349;294;1176;294;173;0.26772579993503787;0.21273515074668134;0.7193527116228479;77.1;;;;
50;4;845;238;904;287;10.511.309.814.453.100;9.631.541.137.695.310;5.468.471.069.335.930;874;262;717;262;157;-0.06816543155569008;0.21322651005621654;0.8048958183827772;81.12;;;;
50;5;1501;243;1551;294;10.511.309.814.453.100;9.631.541.137.695.310;5.468.471.069.335.930;1526;268;1374;267;152;0.44449651671708595;0.2243440996144184;0.8290034632613101;94.61;;;;
50;6;1020;184;1068;232;10.511.309.814.453.100;9.631.541.137.695.310;5.468.471.069.335.930;1044;208;925;209;119;0.08155177507377698;0.23414195391374437;10.891.571.186.511.500;109.9;;;;
50;7;1233;211;1284;251;10.511.309.814.453.100;9.631.541.137.695.310;5.468.471.069.335.930;1258;231;1132;230;126;0.2808969226507651;0.2401103168431512;10.176.924.472.199.100;106.41;;;;
50;8;1086;199;1134;249;10.511.309.814.453.100;9.631.541.137.695.310;5.468.471.069.335.930;1110;224;983;223;127;0.13879714001630447;0.2324897796528388;10.129.872.829.276.800;102.93;;;;
50;9;489;357;599;441;10.511.309.814.453.100;9.631.541.137.695.310;5.468.471.069.335.930;544;399;305;393;239;-0.21052238701129444;0.19965962206725474;0.4943346040968929;53.72;;;;
50;10;1380;204;1424;251;10.511.309.814.453.100;9.631.541.137.695.310;5.468.471.069.335.930;1402;227;1276;227;126;0.41808437803243104;0.23681009958089932;1.019.597.828.544.660;110.93;;;;
50;11;866;191;917;234;10.511.309.814.453.100;9.631.541.137.695.310;5.468.471.069.335.930;891;212;764;213;127;-0.06819928626331546;0.22266708575416788;10.186.584.178.942.500;102.56;;;;
50;12;1264;186;1315;232;10.511.309.814.453.100;9.631.541.137.695.310;5.468.471.069.335.930;1289;209;1171;209;118;0.3314764574680008;0.23700719796183484;10.978.786.237.945.600;115.39;;;;
50;13;1224;243;1285;289;10.511.309.814.453.100;9.631.541.137.695.310;5.468.471.069.335.930;1254;266;1104;263;150;0.2327523744010705;0.22594926302579818;0.840857102927854;87.88;;;;
50;14;505;282;574;352;10.511.309.814.453.100;9.631.541.137.695.310;5.468.471.069.335.930;539;317;341;316;198;-0.257146695015122;0.19795044689736024;0.6215533855604781;67.2;;;;
50;15;1457;298;1521;354;10.511.309.814.453.100;9.631.541.137.695.310;5.468.471.069.335.930;1489;326;1300;324;189;0.3339789771059028;0.21232698454775525;0.6482930938381448;73.27;;;;
50;16;1439;226;1491;267;10.511.309.814.453.100;9.631.541.137.695.310;5.468.471.069.335.930;1465;246;1326;245;139;0.433389137482019;0.22887232070971986;0.9160356523292639;101.95;;;;
50;17;896;316;979;375;10.511.309.814.453.100;9.631.541.137.695.310;5.468.471.069.335.930;937;345;732;346;205;-0.01531470378697078;0.2053901468828462;0.5921318244514598;59.42;;;;
50;18;1136;257;1193;304;10.511.309.814.453.100;9.631.541.137.695.310;5.468.471.069.335.930;1164;280;1001;281;163;0.1479100861892907;0.21685757832222577;0.7686398299077631;78.72;;;;
50;19;570;268;633;323;10.511.309.814.453.100;9.631.541.137.695.310;5.468.471.069.335.930;601;295;420;294;181;-0.24018025501955134;0.203906839353242;0.6872265171216753;72.91;;;;
50;20;710;205;764;250;10.511.309.814.453.100;9.631.541.137.695.310;5.468.471.069.335.930;737;227;603;227;134;-0.2025919325979145;0.22267218318800988;0.9587263163927445;98.48;;;;
51;0;924;259;995;308;10.511.309.814.453.100;9.631.541.137.695.310;5.468.471.069.335.930;959;283;794;284;165;-0.0030221561226178232;0.21611912604730665;0.7582317196350119;76.26;;;;
51;1;677;309;745;368;10.511.309.814.453.100;9.631.541.137.695.310;5.468.471.069.335.930;711;338;507;337;204;-0.14837418420614434;0.2028298147287105;0.5970939244836061;61.62;;;;
51;2;845;238;904;288;10.511.309.814.453.100;9.631.541.137.695.310;5.468.471.069.335.930;874;263;717;262;157;-0.06816543155569008;0.21388865555787853;0.8045135284991499;81.09;;;;
51;3;1316;269;1381;321;10.511.309.814.453.100;9.631.541.137.695.310;5.468.471.069.335.930;1348;295;1177;295;171;0.2701551132473836;0.21583121592360702;0.7274152023334691;78.02;;;;
51;4;1251;283;1324;348;10.511.309.814.453.100;9.631.541.137.695.310;5.468.471.069.335.930;1287;315;1108;311;179;0.217173988459811;0.21780041786679033;0.6881989349968358;72.68;;;;
51;5;1501;243;1551;293;10.511.309.814.453.100;9.631.541.137.695.310;5.468.471.069.335.930;1526;268;1373;267;153;0.441591310725471;0.222877798309749;0.8235851399720205;93.97;;;;
51;6;1020;184;1068;233;10.511.309.814.453.100;9.631.541.137.695.310;5.468.471.069.335.930;1044;208;926;208;118;0.08224289181169037;0.236126207760471;10.983.872.637.244.700;110.86;;;;
51;7;1233;211;1285;251;10.511.309.814.453.100;9.631.541.137.695.310;5.468.471.069.335.930;1259;231;1132;230;127;0.27963032501933355;0.23821968442706343;10.096.791.208.638.500;105.56;;;;
51;8;489;356;599;443;10.511.309.814.453.100;9.631.541.137.695.310;5.468.471.069.335.930;544;399;305;393;239;-0.21052238701129444;0.19965962206725474;0.4943346040968929;53.72;;;;
51;9;1085;198;1135;248;10.511.309.814.453.100;9.631.541.137.695.310;5.468.471.069.335.930;1110;223;984;223;126;0.1398987046196085;0.23350988231864744;10.215.032.098.694.100;103.81;;;;
51;10;1265;187;1316;232;10.511.309.814.453.100;9.631.541.137.695.310;5.468.471.069.335.930;1290;209;1171;208;119;0.3296996723082609;0.23501554083610515;1.088.652.753.006.370;114.42;;;;
51;11;1224;243;1284;289;10.511.309.814.453.100;9.631.541.137.695.310;5.468.471.069.335.930;1254;266;1104;262;150;0.2327523744010705;0.22594926302579818;0.840857102927854;87.88;;;;
51;12;1379;204;1423;251;10.511.309.814.453.100;9.631.541.137.695.310;5.468.471.069.335.930;1401;227;1275;227;126;0.41713168737005835;0.23681009958089932;1.019.597.828.544.660;110.89;;;;
51;13;866;190;918;234;10.511.309.814.453.100;9.631.541.137.695.310;5.468.471.069.335.930;892;212;764;213;128;-0.0667286744686102;0.22092749914671345;10.107.001.490.044.500;101.72;;;;
51;14;1438;225;1491;266;10.511.309.814.453.100;9.631.541.137.695.310;5.468.471.069.335.930;1464;245;1326;245;138;0.4356597904821861;0.22977750532529073;0.9231085158369359;102.7;;;;
51;15;1457;299;1521;354;10.511.309.814.453.100;9.631.541.137.695.310;5.468.471.069.335.930;1489;326;1300;324;189;0.3339789771059028;0.21232698454775525;0.6482930938381448;73.27;;;;
51;16;507;281;573;352;10.511.309.814.453.100;9.631.541.137.695.310;5.468.471.069.335.930;540;316;342;316;198;-0.25654043732088483;0.1974254123329111;0.6218565144075967;67.19;;;;
51;17;1137;257;1193;304;10.511.309.814.453.100;9.631.541.137.695.310;5.468.471.069.335.930;1165;280;1000;280;165;0.14684474589280813;0.21422900161528968;0.7593229834846388;77.72;;;;
51;18;896;316;978;375;10.511.309.814.453.100;9.631.541.137.695.310;5.468.471.069.335.930;937;345;732;346;205;-0.01531470378697078;0.2053901468828462;0.5921318244514598;59.42;;;;
51;19;708;204;764;250;10.511.309.814.453.100;9.631.541.137.695.310;5.468.471.069.335.930;736;227;603;227;133;-0.20501772925999626;0.22434641012927314;0.965934784937051;99.27;;;;
51;20;570;268;632;322;10.511.309.814.453.100;9.631.541.137.695.310;5.468.471.069.335.930;601;295;420;293;181;-0.24018025501955134;0.203906839353242;0.6872265171216753;72.91;;;;
52;0;925;259;995;308;10.511.309.814.453.100;9.631.541.137.695.310;5.468.471.069.335.930;960;283;795;284;165;-0.002294646889533231;0.21611912604730665;0.7582317196350119;76.26;;;;
52;1;678;310;745;368;10.511.309.814.453.100;9.631.541.137.695.310;5.468.471.069.335.930;711;339;506;337;205;-0.14765040769782167;0.20234750755325792;0.5938884930874445;61.27;;;;
52;2;846;238;903;287;10.511.309.814.453.100;9.631.541.137.695.310;5.468.471.069.335.930;874;262;717;263;157;-0.06816543155569008;0.21322651005621654;0.8048958183827772;81.12;;;;
52;3;1501;242;1551;293;10.511.309.814.453.100;9.631.541.137.695.310;5.468.471.069.335.930;1526;267;1374;268;152;0.44449651671708595;0.22366017301072805;0.8293983284700567;94.63;;;;
52;4;1253;282;1324;347;10.511.309.814.453.100;9.631.541.137.695.310;5.468.471.069.335.930;1288;314;1108;310;180;0.21663434976536186;0.21601287752441412;0.6847090493120173;72.28;;;;
52;5;1315;267;1381;322;10.511.309.814.453.100;9.631.541.137.695.310;5.468.471.069.335.930;1348;294;1177;295;171;0.2701551132473836;0.21522328116477116;0.7277661936301327;78.04;;;;
52;6;1019;184;1067;232;10.511.309.814.453.100;9.631.541.137.695.310;5.468.471.069.335.930;1043;208;926;208;117;0.0819198479514573;0.23814438047637254;1.107.775.189.055.450;111.83;;;;
52;7;1233;212;1284;251;10.511.309.814.453.100;9.631.541.137.695.310;5.468.471.069.335.930;1258;231;1132;230;126;0.2808969226507651;0.2401103168431512;10.176.924.472.199.100;106.41;;;;
52;8;488;357;599;441;10.511.309.814.453.100;9.631.541.137.695.310;5.468.471.069.335.930;543;399;305;393;238;-0.21191130050066526;0.20049852804232723;0.49641164024856055;53.99;;;;
52;9;1380;203;1424;252;10.511.309.814.453.100;9.631.541.137.695.310;5.468.471.069.335.930;1402;227;1276;227;126;0.41808437803243104;0.23681009958089932;1.019.597.828.544.660;110.93;;;;
52;10;1085;199;1134;249;10.511.309.814.453.100;9.631.541.137.695.310;5.468.471.069.335.930;1109;224;983;223;126;0.1389460139572358;0.23433493663421046;10.210.268.645.382.200;103.76;;;;
52;11;1458;299;1520;354;10.511.309.814.453.100;9.631.541.137.695.310;5.468.471.069.335.930;1489;326;1300;325;189;0.3339789771059028;0.21232698454775525;0.6482930938381448;73.27;;;;
52;12;506;282;573;352;10.511.309.814.453.100;9.631.541.137.695.310;5.468.471.069.335.930;539;317;341;317;198;-0.257146695015122;0.19795044689736024;0.6215533855604781;67.2;;;;
52;13;1264;186;1315;232;10.511.309.814.453.100;9.631.541.137.695.310;5.468.471.069.335.930;1289;209;1171;209;118;0.3314764574680008;0.23700719796183484;10.978.786.237.945.600;115.39;;;;
52;14;1224;243;1284;288;10.511.309.814.453.100;9.631.541.137.695.310;5.468.471.069.335.930;1254;265;1104;263;150;0.2327523744010705;0.22525621740072532;0.8412572330060505;87.9;;;;
52;15;1438;224;1490;267;10.511.309.814.453.100;9.631.541.137.695.310;5.468.471.069.335.930;1464;245;1326;245;138;0.4356597904821861;0.22977750532529073;0.9231085158369359;102.7;;;;
52;16;865;191;918;234;10.511.309.814.453.100;9.631.541.137.695.310;5.468.471.069.335.930;891;212;763;213;128;-0.0676664793393833;0.22092749914671345;10.107.001.490.044.500;101.73;;;;
52;17;896;316;979;375;10.511.309.814.453.100;9.631.541.137.695.310;5.468.471.069.335.930;937;345;731;346;206;-0.01524036056470393;0.20439310733487126;0.5892573981191712;59.1;;;;
52;18;1136;257;1193;304;10.511.309.814.453.100;9.631.541.137.695.310;5.468.471.069.335.930;1164;280;1001;280;163;0.1479100861892907;0.21685757832222577;0.7686398299077631;78.72;;;;
52;19;570;269;632;323;10.511.309.814.453.100;9.631.541.137.695.310;5.468.471.069.335.930;601;296;420;294;181;-0.24018025501955134;0.20448118655634107;0.6868949176093576;72.89;;;;
52;20;710;205;763;250;10.511.309.814.453.100;9.631.541.137.695.310;5.468.471.069.335.930;736;227;603;227;133;-0.20501772925999626;0.22434641012927314;0.965934784937051;99.27;;;;
53;0;677;311;745;368;10.511.309.814.453.100;9.631.541.137.695.310;5.468.471.069.335.930;711;339;507;338;204;-0.14837418420614434;0.20333940710008763;0.5967997111908145;61.61;;;;
53;1;925;259;995;308;10.511.309.814.453.100;9.631.541.137.695.310;5.468.471.069.335.930;960;283;794;284;166;-0.0022808237154998984;0.21481720360123854;0.7536640586733552;75.77;;;;
53;2;1252;283;1324;348;10.511.309.814.453.100;9.631.541.137.695.310;5.468.471.069.335.930;1288;315;1108;312;180;0.21663434976536186;0.21659041554530817;0.6843756075801869;72.26;;;;
53;3;845;238;904;288;10.511.309.814.453.100;9.631.541.137.695.310;5.468.471.069.335.930;874;263;717;263;157;-0.06816543155569008;0.21388865555787853;0.8045135284991499;81.09;;;;
53;4;1315;268;1381;322;10.511.309.814.453.100;9.631.541.137.695.310;5.468.471.069.335.930;1348;295;1177;295;171;0.2701551132473836;0.21583121592360702;0.7274152023334691;78.02;;;;
53;5;1499;242;1552;293;10.511.309.814.453.100;9.631.541.137.695.310;5.468.471.069.335.930;1525;267;1374;268;151;0.4466452418380007;0.22514136620947459;0.8348910326321102;95.25;;;;
53;6;1019;184;1068;232;10.511.309.814.453.100;9.631.541.137.695.310;5.468.471.069.335.930;1043;208;926;208;117;0.0819198479514573;0.23814438047637254;1.107.775.189.055.450;111.83;;;;
53;7;1233;212;1283;251;10.511.309.814.453.100;9.631.541.137.695.310;5.468.471.069.335.930;1258;231;1132;230;126;0.2808969226507651;0.2401103168431512;10.176.924.472.199.100;106.41;;;;
53;8;1085;200;1135;248;10.511.309.814.453.100;9.631.541.137.695.310;5.468.471.069.335.930;1110;224;984;223;126;0.1398987046196085;0.23433493663421046;10.210.268.645.382.200;103.78;;;;
53;9;1379;204;1424;252;10.511.309.814.453.100;9.631.541.137.695.310;5.468.471.069.335.930;1401;228;1276;227;125;0.4204687408690188;0.23953623512763406;10.272.744.550.791.800;111.78;;;;
53;10;488;357;600;441;10.511.309.814.453.100;9.631.541.137.695.310;5.468.471.069.335.930;544;399;306;392;238;-0.21140693485587972;0.20049852804232723;0.49641164024856055;53.97;;;;
53;11;1264;187;1315;232;10.511.309.814.453.100;9.631.541.137.695.310;5.468.471.069.335.930;1289;209;1171;208;118;0.3314764574680008;0.23700719796183484;10.978.786.237.945.600;115.39;;;;
53;12;865;191;918;234;10.511.309.814.453.100;9.631.541.137.695.310;5.468.471.069.335.930;891;212;764;214;127;-0.06819928626331546;0.22266708575416788;10.186.584.178.942.500;102.56;;;;
53;13;1224;243;1283;289;10.511.309.814.453.100;9.631.541.137.695.310;5.468.471.069.335.930;1253;266;1104;264;149;0.233508839843635;0.22746570103268274;0.8465004391891148;88.48;;;;
53;14;1438;224;1492;266;10.511.309.814.453.100;9.631.541.137.695.310;5.468.471.069.335.930;1465;245;1326;245;139;0.433389137482019;0.228124429747411;0.9164674473776774;101.97;;;;
53;15;1456;298;1522;354;10.511.309.814.453.100;9.631.541.137.695.310;5.468.471.069.335.930;1489;326;1301;325;188;0.33575546102667886;0.21345638340173265;0.6517414613585605;73.69;;;;
53;16;1137;258;1193;304;10.511.309.814.453.100;9.631.541.137.695.310;5.468.471.069.335.930;1165;281;1001;281;164;0.14774014068483743;0.21616915920904714;0.7635870290441215;78.21;;;;
53;17;506;281;573;352;10.511.309.814.453.100;9.631.541.137.695.310;5.468.471.069.335.930;539;316;341;317;198;-0.257146695015122;0.1974254123329111;0.6218565144075967;67.22;;;;
53;18;896;317;978;375;10.511.309.814.453.100;9.631.541.137.695.310;5.468.471.069.335.930;937;346;731;345;206;-0.01524036056470393;0.20489775220749715;0.5889660412661155;59.08;;;;
53;19;570;269;633;322;10.511.309.814.453.100;9.631.541.137.695.310;5.468.471.069.335.930;601;295;420;294;181;-0.24018025501955134;0.203906839353242;0.6872265171216753;72.91;;;;
53;20;709;205;764;250;10.511.309.814.453.100;9.631.541.137.695.310;5.468.471.069.335.930;736;227;603;227;133;-0.20501772925999626;0.22434641012927314;0.965934784937051;99.27;;;;
54;0;677;310;746;368;10.511.309.814.453.100;9.631.541.137.695.310;5.468.471.069.335.930;711;339;507;337;204;-0.14837418420614434;0.20333940710008763;0.5967997111908145;61.61;;;;
54;1;925;258;995;308;10.511.309.814.453.100;9.631.541.137.695.310;5.468.471.069.335.930;960;283;794;284;166;-0.0022808237154998984;0.21481720360123854;0.7536640586733552;75.77;;;;
54;2;1315;268;1380;322;10.511.309.814.453.100;9.631.541.137.695.310;5.468.471.069.335.930;1347;295;1177;295;170;0.27103814906966844;0.21710081131139294;0.7316941152883718;78.48;;;;
54;3;1501;243;1551;293;10.511.309.814.453.100;9.631.541.137.695.310;5.468.471.069.335.930;1526;268;1374;268;152;0.44449651671708595;0.2243440996144184;0.8290034632613101;94.61;;;;
54;4;1252;282;1323;347;10.511.309.814.453.100;9.631.541.137.695.310;5.468.471.069.335.930;1287;314;1108;312;179;0.217173988459811;0.21721965337650578;0.6885342395316374;72.69;;;;
54;5;845;237;904;287;10.511.309.814.453.100;9.631.541.137.695.310;5.468.471.069.335.930;874;262;718;263;156;-0.06860238945027783;0.21459334665914098;0.810055406962154;81.67;;;;
54;6;1233;211;1284;251;10.511.309.814.453.100;9.631.541.137.695.310;5.468.471.069.335.930;1258;231;1132;230;126;0.2808969226507651;0.2401103168431512;10.176.924.472.199.100;106.41;;;;
54;7;1019;184;1068;232;10.511.309.814.453.100;9.631.541.137.695.310;5.468.471.069.335.930;1043;208;926;209;117;0.0819198479514573;0.23814438047637254;1.107.775.189.055.450;111.83;;;;
54;8;1457;299;1522;355;10.511.309.814.453.100;9.631.541.137.695.310;5.468.471.069.335.930;1489;327;1300;325;189;0.3339789771059028;0.21287702075813056;0.6479755302840206;73.26;;;;
54;9;487;357;600;442;10.511.309.814.453.100;9.631.541.137.695.310;5.468.471.069.335.930;543;399;306;393;237;-0.21280544100910687;0.2013445133927168;0.49850620413146585;54.25;;;;
54;10;1085;199;1134;248;10.511.309.814.453.100;9.631.541.137.695.310;5.468.471.069.335.930;1109;223;983;223;126;0.1389460139572358;0.23350988231864744;10.215.032.098.694.100;103.79;;;;
54;11;1380;204;1424;252;10.511.309.814.453.100;9.631.541.137.695.310;5.468.471.069.335.930;1402;228;1275;227;127;0.4147923750557977;0.23576401095239574;10.110.969.046.054.900;110.0;;;;
54;12;1265;186;1315;232;10.511.309.814.453.100;9.631.541.137.695.310;5.468.471.069.335.930;1290;209;1171;208;119;0.3296996723082609;0.23501554083610515;1.088.652.753.006.370;114.42;;;;
54;13;896;317;978;376;10.511.309.814.453.100;9.631.541.137.695.310;5.468.471.069.335.930;937;346;731;345;206;-0.01524036056470393;0.20489775220749715;0.5889660412661155;59.08;;;;
54;14;866;190;917;234;10.511.309.814.453.100;9.631.541.137.695.310;5.468.471.069.335.930;891;212;764;213;127;-0.06819928626331546;0.22266708575416788;10.186.584.178.942.500;102.56;;;;
54;15;1225;243;1284;289;10.511.309.814.453.100;9.631.541.137.695.310;5.468.471.069.335.930;1254;266;1104;263;150;0.2327523744010705;0.22594926302579818;0.840857102927854;87.88;;;;
54;16;506;281;573;352;10.511.309.814.453.100;9.631.541.137.695.310;5.468.471.069.335.930;539;316;342;316;197;-0.2584520081877876;0.19842757178637765;0.6250131464604272;67.59;;;;
54;17;1439;224;1492;266;10.511.309.814.453.100;9.631.541.137.695.310;5.468.471.069.335.930;1465;245;1326;245;139;0.433389137482019;0.228124429747411;0.9164674473776774;101.97;;;;
54;18;1136;258;1193;304;10.511.309.814.453.100;9.631.541.137.695.310;5.468.471.069.335.930;1164;281;1001;281;163;0.1479100861892907;0.21749535036983883;0.7682716120443921;78.7;;;;
54;19;570;268;632;322;10.511.309.814.453.100;9.631.541.137.695.310;5.468.471.069.335.930;601;295;420;294;181;-0.24018025501955134;0.203906839353242;0.6872265171216753;72.91;;;;
54;20;710;205;764;250;10.511.309.814.453.100;9.631.541.137.695.310;5.468.471.069.335.930;737;227;603;227;134;-0.2025919325979145;0.22267218318800988;0.9587263163927445;98.48;;;;
55;0;678;310;746;368;10.511.309.814.453.100;9.631.541.137.695.310;5.468.471.069.335.930;712;339;507;337;205;-0.14706485148582674;0.20234750755325792;0.5938884930874445;61.26;;;;
55;1;924;259;995;308;10.511.309.814.453.100;9.631.541.137.695.310;5.468.471.069.335.930;959;283;794;284;165;-0.0030221561226178232;0.21611912604730665;0.7582317196350119;76.26;;;;
55;2;1315;267;1380;321;10.511.309.814.453.100;9.631.541.137.695.310;5.468.471.069.335.930;1347;294;1176;295;171;0.26945313065405635;0.21522328116477116;0.7277661936301327;78.01;;;;
55;3;845;237;903;288;10.511.309.814.453.100;9.631.541.137.695.310;5.468.471.069.335.930;874;262;718;263;156;-0.06860238945027783;0.21459334665914098;0.810055406962154;81.67;;;;
55;4;1252;282;1324;348;10.511.309.814.453.100;9.631.541.137.695.310;5.468.471.069.335.930;1288;315;1108;311;180;0.21663434976536186;0.21659041554530817;0.6843756075801869;72.26;;;;
55;5;1500;241;1552;293;10.511.309.814.453.100;9.631.541.137.695.310;5.468.471.069.335.930;1526;267;1374;268;152;0.44449651671708595;0.22366017301072805;0.8293983284700567;94.63;;;;
55;6;1019;184;1068;233;10.511.309.814.453.100;9.631.541.137.695.310;5.468.471.069.335.930;1043;208;925;208;118;0.08122561195186868;0.236126207760471;10.983.872.637.244.700;110.85;;;;
55;7;1233;211;1284;251;10.511.309.814.453.100;9.631.541.137.695.310;5.468.471.069.335.930;1258;231;1131;230;127;0.2786851358582394;0.23821968442706343;10.096.791.208.638.500;105.54;;;;
55;8;1085;199;1134;248;10.511.309.814.453.100;9.631.541.137.695.310;5.468.471.069.335.930;1109;223;983;223;126;0.1389460139572358;0.23350988231864744;10.215.032.098.694.100;103.79;;;;
55;9;1379;203;1424;252;10.511.309.814.453.100;9.631.541.137.695.310;5.468.471.069.335.930;1401;227;1276;227;125;0.4204687408690188;0.23870458037754655;10.277.546.111.730.200;111.81;;;;
55;10;487;357;600;442;10.511.309.814.453.100;9.631.541.137.695.310;5.468.471.069.335.930;543;399;306;393;237;-0.21280544100910687;0.2013445133927168;0.49850620413146585;54.25;;;;
55;11;866;190;917;234;10.511.309.814.453.100;9.631.541.137.695.310;5.468.471.069.335.930;891;212;764;213;127;-0.06819928626331546;0.22266708575416788;10.186.584.178.942.500;102.56;;;;
55;12;1224;243;1284;289;10.511.309.814.453.100;9.631.541.137.695.310;5.468.471.069.335.930;1254;266;1104;264;150;0.2327523744010705;0.22594926302579818;0.840857102927854;87.88;;;;
55;13;1265;187;1315;232;10.511.309.814.453.100;9.631.541.137.695.310;5.468.471.069.335.930;1290;209;1171;209;119;0.3296996723082609;0.23501554083610515;1.088.652.753.006.370;114.42;;;;
55;14;1457;299;1521;354;10.511.309.814.453.100;9.631.541.137.695.310;5.468.471.069.335.930;1489;326;1300;325;189;0.3339789771059028;0.21232698454775525;0.6482930938381448;73.27;;;;
55;15;1437;224;1491;266;10.511.309.814.453.100;9.631.541.137.695.310;5.468.471.069.335.930;1464;245;1326;245;138;0.4356597904821861;0.22977750532529073;0.9231085158369359;102.7;;;;
55;16;505;281;573;353;10.511.309.814.453.100;9.631.541.137.695.310;5.468.471.069.335.930;539;317;341;317;198;-0.257146695015122;0.19795044689736024;0.6215533855604781;67.2;;;;
55;17;1136;257;1192;304;10.511.309.814.453.100;9.631.541.137.695.310;5.468.471.069.335.930;1164;280;1001;281;163;0.1479100861892907;0.21685757832222577;0.7686398299077631;78.72;;;;
55;18;896;316;978;376;10.511.309.814.453.100;9.631.541.137.695.310;5.468.471.069.335.930;937;346;732;346;205;-0.01531470378697078;0.2058972534377776;0.5918390463454624;59.41;;;;
55;19;710;204;763;251;10.511.309.814.453.100;9.631.541.137.695.310;5.468.471.069.335.930;736;227;603;227;133;-0.20501772925999626;0.22434641012927314;0.965934784937051;99.27;;;;
55;20;569;268;633;323;10.511.309.814.453.100;9.631.541.137.695.310;5.468.471.069.335.930;601;295;420;293;181;-0.24018025501955134;0.203906839353242;0.6872265171216753;72.91;;;;
56;0;924;258;994;308;10.511.309.814.453.100;9.631.541.137.695.310;5.468.471.069.335.930;959;283;794;284;165;-0.0030221561226178232;0.21611912604730665;0.7582317196350119;76.26;;;;
56;1;677;310;745;368;10.511.309.814.453.100;9.631.541.137.695.310;5.468.471.069.335.930;711;339;506;338;205;-0.14765040769782167;0.20234750755325792;0.5938884930874445;61.27;;;;
56;2;1316;268;1381;321;10.511.309.814.453.100;9.631.541.137.695.310;5.468.471.069.335.930;1348;294;1177;296;171;0.2701551132473836;0.21522328116477116;0.7277661936301327;78.04;;;;
56;3;845;237;903;288;10.511.309.814.453.100;9.631.541.137.695.310;5.468.471.069.335.930;874;262;717;263;157;-0.06816543155569008;0.21322651005621654;0.8048958183827772;81.12;;;;
56;4;1501;243;1551;293;10.511.309.814.453.100;9.631.541.137.695.310;5.468.471.069.335.930;1526;268;1374;268;152;0.44449651671708595;0.2243440996144184;0.8290034632613101;94.61;;;;
56;5;1251;283;1323;347;10.511.309.814.453.100;9.631.541.137.695.310;5.468.471.069.335.930;1287;315;1109;311;178;0.21839406704666392;0.21902401571997454;0.6920652211485037;73.12;;;;
56;6;1020;184;1068;233;10.511.309.814.453.100;9.631.541.137.695.310;5.468.471.069.335.930;1044;208;926;208;118;0.08224289181169037;0.236126207760471;10.983.872.637.244.700;110.86;;;;
56;7;1233;212;1284;251;10.511.309.814.453.100;9.631.541.137.695.310;5.468.471.069.335.930;1258;231;1132;230;126;0.2808969226507651;0.2401103168431512;10.176.924.472.199.100;106.41;;;;
56;8;1085;199;1134;249;10.511.309.814.453.100;9.631.541.137.695.310;5.468.471.069.335.930;1109;224;984;222;125;0.14005758206889368;0.23620961612728414;10.291.950.794.545.200;104.63;;;;
56;9;489;357;599;440;10.511.309.814.453.100;9.631.541.137.695.310;5.468.471.069.335.930;544;398;304;393;240;-0.2096452103987474;0.1983945534596373;0.4925249578786954;53.47;;;;
56;10;1379;204;1423;251;10.511.309.814.453.100;9.631.541.137.695.310;5.468.471.069.335.930;1401;227;1275;227;126;0.41713168737005835;0.23681009958089932;1.019.597.828.544.660;110.89;;;;
56;11;1265;187;1315;232;10.511.309.814.453.100;9.631.541.137.695.310;5.468.471.069.335.930;1290;209;1171;209;119;0.3296996723082609;0.23501554083610515;1.088.652.753.006.370;114.42;;;;
56;12;1224;243;1284;289;10.511.309.814.453.100;9.631.541.137.695.310;5.468.471.069.335.930;1254;266;1103;263;151;0.23121096794808327;0.22445291029052802;0.8352885128422392;87.27;;;;
56;13;867;190;917;234;10.511.309.814.453.100;9.631.541.137.695.310;5.468.471.069.335.930;892;212;764;213;128;-0.0667286744686102;0.22092749914671345;10.107.001.490.044.500;101.72;;;;
56;14;1455;298;1521;354;10.511.309.814.453.100;9.631.541.137.695.310;5.468.471.069.335.930;1488;326;1300;325;188;0.33511695558274823;0.21345638340173265;0.6517414613585605;73.66;;;;
56;15;507;281;573;352;10.511.309.814.453.100;9.631.541.137.695.310;5.468.471.069.335.930;540;316;341;316;199;-0.25525128939464925;0.19643332483375078;0.6187316073000209;66.83;;;;
56;16;1438;225;1491;266;10.511.309.814.453.100;9.631.541.137.695.310;5.468.471.069.335.930;1464;245;1326;245;138;0.4356597904821861;0.22977750532529073;0.9231085158369359;102.7;;;;
56;17;896;317;978;376;10.511.309.814.453.100;9.631.541.137.695.310;5.468.471.069.335.930;937;346;731;345;206;-0.01524036056470393;0.20489775220749715;0.5889660412661155;59.08;;;;
56;18;1137;257;1193;304;10.511.309.814.453.100;9.631.541.137.695.310;5.468.471.069.335.930;1165;280;1001;281;164;0.14774014068483743;0.21553527601538292;0.7639530016766183;78.22;;;;
56;19;710;205;763;250;10.511.309.814.453.100;9.631.541.137.695.310;5.468.471.069.335.930;736;227;603;227;133;-0.20501772925999626;0.22434641012927314;0.965934784937051;99.27;;;;
56;20;570;268;632;323;10.511.309.814.453.100;9.631.541.137.695.310;5.468.471.069.335.930;601;295;420;294;181;-0.24018025501955134;0.203906839353242;0.6872265171216753;72.91;;;;
57;0;678;311;745;368;10.511.309.814.453.100;9.631.541.137.695.310;5.468.471.069.335.930;711;339;506;338;205;-0.14765040769782167;0.20234750755325792;0.5938884930874445;61.27;;;;
57;1;924;258;995;308;10.511.309.814.453.100;9.631.541.137.695.310;5.468.471.069.335.930;959;283;795;284;164;-0.0030405839038532977;0.2174369255963756;0.7628550837791278;76.76;;;;
57;2;1501;243;1550;293;10.511.309.814.453.100;9.631.541.137.695.310;5.468.471.069.335.930;1525;268;1374;268;151;0.4466452418380007;0.22582982212842118;0.8344935524219811;95.23;;;;
57;3;1316;268;1381;321;10.511.309.814.453.100;9.631.541.137.695.310;5.468.471.069.335.930;1348;294;1176;295;172;0.2685844439843174;0.21397198301846435;0.7235349948299575;77.55;;;;
57;4;845;238;904;288;10.511.309.814.453.100;9.631.541.137.695.310;5.468.471.069.335.930;874;263;717;263;157;-0.06816543155569008;0.21388865555787853;0.8045135284991499;81.09;;;;
57;5;1252;282;1323;348;10.511.309.814.453.100;9.631.541.137.695.310;5.468.471.069.335.930;1287;315;1109;312;178;0.21839406704666392;0.21902401571997454;0.6920652211485037;73.12;;;;
57;6;1019;184;1067;233;10.511.309.814.453.100;9.631.541.137.695.310;5.468.471.069.335.930;1043;208;925;208;118;0.08122561195186868;0.236126207760471;10.983.872.637.244.700;110.85;;;;
57;7;1233;212;1284;251;10.511.309.814.453.100;9.631.541.137.695.310;5.468.471.069.335.930;1258;231;1132;230;126;0.2808969226507651;0.2401103168431512;10.176.924.472.199.100;106.41;;;;
57;8;1085;199;1135;249;10.511.309.814.453.100;9.631.541.137.695.310;5.468.471.069.335.930;1110;224;983;223;127;0.13879714001630447;0.2324897796528388;10.129.872.829.276.800;102.93;;;;
57;9;488;357;600;442;10.511.309.814.453.100;9.631.541.137.695.310;5.468.471.069.335.930;544;399;304;393;240;-0.2096452103987474;0.19882770697530783;0.49227487657982255;53.46;;;;
57;10;1379;204;1424;252;10.511.309.814.453.100;9.631.541.137.695.310;5.468.471.069.335.930;1401;228;1276;227;125;0.4204687408690188;0.23953623512763406;10.272.744.550.791.800;111.78;;;;
57;11;1224;243;1284;289;10.511.309.814.453.100;9.631.541.137.695.310;5.468.471.069.335.930;1254;266;1103;263;151;0.23121096794808327;0.22445291029052802;0.8352885128422392;87.27;;;;
57;12;866;191;918;234;10.511.309.814.453.100;9.631.541.137.695.310;5.468.471.069.335.930;892;212;764;213;128;-0.0667286744686102;0.22092749914671345;10.107.001.490.044.500;101.72;;;;
57;13;1265;187;1315;232;10.511.309.814.453.100;9.631.541.137.695.310;5.468.471.069.335.930;1290;209;1171;208;119;0.3296996723082609;0.23501554083610515;1.088.652.753.006.370;114.42;;;;
57;14;1457;298;1521;354;10.511.309.814.453.100;9.631.541.137.695.310;5.468.471.069.335.930;1489;326;1300;325;189;0.3339789771059028;0.21232698454775525;0.6482930938381448;73.27;;;;
57;15;506;281;574;352;10.511.309.814.453.100;9.631.541.137.695.310;5.468.471.069.335.930;540;316;342;317;198;-0.25654043732088483;0.1974254123329111;0.6218565144075967;67.19;;;;
57;16;1439;226;1490;266;10.511.309.814.453.100;9.631.541.137.695.310;5.468.471.069.335.930;1464;246;1326;245;138;0.4356597904821861;0.23053081578732654;0.9226735918388962;102.68;;;;
57;17;1136;258;1194;304;10.511.309.814.453.100;9.631.541.137.695.310;5.468.471.069.335.930;1165;281;1001;280;164;0.14774014068483743;0.21616915920904714;0.7635870290441215;78.21;;;;
57;18;896;317;978;376;10.511.309.814.453.100;9.631.541.137.695.310;5.468.471.069.335.930;937;346;731;345;206;-0.01524036056470393;0.20489775220749715;0.5889660412661155;59.08;;;;
57;19;710;205;763;250;10.511.309.814.453.100;9.631.541.137.695.310;5.468.471.069.335.930;736;227;603;227;133;-0.20501772925999626;0.22434641012927314;0.965934784937051;99.27;;;;
57;20;569;267;633;323;10.511.309.814.453.100;9.631.541.137.695.310;5.468.471.069.335.930;601;295;420;294;181;-0.24018025501955134;0.203906839353242;0.6872265171216753;72.91;;;;
58;0;678;310;745;368;10.511.309.814.453.100;9.631.541.137.695.310;5.468.471.069.335.930;711;339;506;338;205;-0.14765040769782167;0.20234750755325792;0.5938884930874445;61.27;;;;
58;1;924;258;996;308;10.511.309.814.453.100;9.631.541.137.695.310;5.468.471.069.335.930;960;283;794;284;166;-0.0022808237154998984;0.21481720360123854;0.7536640586733552;75.77;;;;
58;2;845;238;904;288;10.511.309.814.453.100;9.631.541.137.695.310;5.468.471.069.335.930;874;263;718;263;156;-0.06860238945027783;0.21525973668324952;0.8096706665023495;81.65;;;;
58;3;1251;284;1324;348;10.511.309.814.453.100;9.631.541.137.695.310;5.468.471.069.335.930;1287;316;1109;311;178;0.21839406704666392;0.21960804293211464;0.6917280328803604;73.1;;;;
58;4;1315;268;1381;321;10.511.309.814.453.100;9.631.541.137.695.310;5.468.471.069.335.930;1348;294;1176;295;172;0.2685844439843174;0.21397198301846435;0.7235349948299575;77.55;;;;
58;5;1501;243;1552;293;10.511.309.814.453.100;9.631.541.137.695.310;5.468.471.069.335.930;1526;268;1373;267;153;0.441591310725471;0.222877798309749;0.8235851399720205;93.97;;;;
58;6;1020;184;1068;233;10.511.309.814.453.100;9.631.541.137.695.310;5.468.471.069.335.930;1044;208;926;208;118;0.08224289181169037;0.236126207760471;10.983.872.637.244.700;110.86;;;;
58;7;1233;212;1284;251;10.511.309.814.453.100;9.631.541.137.695.310;5.468.471.069.335.930;1258;231;1132;230;126;0.2808969226507651;0.2401103168431512;10.176.924.472.199.100;106.41;;;;
58;8;1085;200;1134;249;10.511.309.814.453.100;9.631.541.137.695.310;5.468.471.069.335.930;1109;224;983;223;126;0.1389460139572358;0.23433493663421046;10.210.268.645.382.200;103.76;;;;
58;9;489;356;599;442;10.511.309.814.453.100;9.631.541.137.695.310;5.468.471.069.335.930;544;399;304;393;240;-0.2096452103987474;0.19882770697530783;0.49227487657982255;53.46;;;;
58;10;866;190;917;234;10.511.309.814.453.100;9.631.541.137.695.310;5.468.471.069.335.930;891;212;764;213;127;-0.06819928626331546;0.22266708575416788;10.186.584.178.942.500;102.56;;;;
58;11;507;281;573;352;10.511.309.814.453.100;9.631.541.137.695.310;5.468.471.069.335.930;540;316;341;317;199;-0.25525128939464925;0.19643332483375078;0.6187316073000209;66.83;;;;
58;12;1379;204;1424;251;10.511.309.814.453.100;9.631.541.137.695.310;5.468.471.069.335.930;1401;227;1275;227;126;0.41713168737005835;0.23681009958089932;1.019.597.828.544.660;110.89;;;;
58;13;1223;244;1284;289;10.511.309.814.453.100;9.631.541.137.695.310;5.468.471.069.335.930;1253;266;1103;263;150;0.23195211424467743;0.22594926302579818;0.840857102927854;87.86;;;;
58;14;1265;188;1316;232;10.511.309.814.453.100;9.631.541.137.695.310;5.468.471.069.335.930;1290;210;1171;209;119;0.3296996723082609;0.23588912775846593;10.881.483.873.615.800;114.39;;;;
58;15;1456;299;1522;354;10.511.309.814.453.100;9.631.541.137.695.310;5.468.471.069.335.930;1489;326;1300;324;189;0.3339789771059028;0.21232698454775525;0.6482930938381448;73.27;;;;
58;16;1438;225;1490;265;10.511.309.814.453.100;9.631.541.137.695.310;5.468.471.069.335.930;1464;245;1326;245;138;0.4356597904821861;0.22977750532529073;0.9231085158369359;102.7;;;;
58;17;1136;258;1193;304;10.511.309.814.453.100;9.631.541.137.695.310;5.468.471.069.335.930;1164;281;1001;280;163;0.1479100861892907;0.21749535036983883;0.7682716120443921;78.7;;;;
58;18;895;317;979;376;10.511.309.814.453.100;9.631.541.137.695.310;5.468.471.069.335.930;937;346;731;345;206;-0.01524036056470393;0.20489775220749715;0.5889660412661155;59.08;;;;
58;19;569;267;632;322;10.511.309.814.453.100;9.631.541.137.695.310;5.468.471.069.335.930;600;294;420;294;180;-0.24218147323332082;0.2044621171065326;0.6913778839486261;73.38;;;;
58;20;711;204;763;251;10.511.309.814.453.100;9.631.541.137.695.310;5.468.471.069.335.930;737;227;603;227;134;-0.2025919325979145;0.22267218318800988;0.9587263163927445;98.48;;;;
59;0;679;311;745;368;10.511.309.814.453.100;9.631.541.137.695.310;5.468.471.069.335.930;712;339;506;337;206;-0.14635094443977906;0.20136523809911588;0.5910055392375055;60.93;;;;
59;1;925;259;995;308;10.511.309.814.453.100;9.631.541.137.695.310;5.468.471.069.335.930;960;283;794;284;166;-0.0022808237154998984;0.21481720360123854;0.7536640586733552;75.77;;;;
59;2;845;238;904;287;10.511.309.814.453.100;9.631.541.137.695.310;5.468.471.069.335.930;874;262;718;262;156;-0.06860238945027783;0.21459334665914098;0.810055406962154;81.67;;;;
59;3;1316;268;1381;321;10.511.309.814.453.100;9.631.541.137.695.310;5.468.471.069.335.930;1348;294;1177;295;171;0.2701551132473836;0.21522328116477116;0.7277661936301327;78.04;;;;
59;4;1501;242;1551;293;10.511.309.814.453.100;9.631.541.137.695.310;5.468.471.069.335.930;1526;267;1374;267;152;0.44449651671708595;0.22366017301072805;0.8293983284700567;94.63;;;;
59;5;1251;282;1324;347;10.511.309.814.453.100;9.631.541.137.695.310;5.468.471.069.335.930;1287;314;1109;311;178;0.21839406704666392;0.21843998850783447;0.6924024094166468;73.13;;;;
59;6;1020;185;1068;233;10.511.309.814.453.100;9.631.541.137.695.310;5.468.471.069.335.930;1044;209;926;207;118;0.08224289181169037;0.23700719796183484;10.978.786.237.945.600;110.83;;;;
59;7;1233;212;1284;251;10.511.309.814.453.100;9.631.541.137.695.310;5.468.471.069.335.930;1258;231;1132;230;126;0.2808969226507651;0.2401103168431512;10.176.924.472.199.100;106.41;;;;
59;8;1085;199;1135;248;10.511.309.814.453.100;9.631.541.137.695.310;5.468.471.069.335.930;1110;223;983;223;127;0.13879714001630447;0.23167122182794953;10.134.598.775.082.300;102.96;;;;
59;9;866;191;917;234;10.511.309.814.453.100;9.631.541.137.695.310;5.468.471.069.335.930;891;212;764;213;127;-0.06819928626331546;0.22266708575416788;10.186.584.178.942.500;102.56;;;;
59;10;1380;204;1424;251;10.511.309.814.453.100;9.631.541.137.695.310;5.468.471.069.335.930;1402;227;1276;227;126;0.41808437803243104;0.23681009958089932;1.019.597.828.544.660;110.93;;;;
59;11;488;356;599;441;10.511.309.814.453.100;9.631.541.137.695.310;5.468.471.069.335.930;543;398;305;393;238;-0.21191130050066526;0.20006173458114684;0.4966638230709533;54.0;;;;
59;12;896;317;978;375;10.511.309.814.453.100;9.631.541.137.695.310;5.468.471.069.335.930;937;346;731;345;206;-0.01524036056470393;0.20489775220749715;0.5889660412661155;59.08;;;;
59;13;1264;186;1316;232;10.511.309.814.453.100;9.631.541.137.695.310;5.468.471.069.335.930;1290;209;1171;208;119;0.3296996723082609;0.23501554083610515;1.088.652.753.006.370;114.42;;;;
59;14;1457;298;1521;354;10.511.309.814.453.100;9.631.541.137.695.310;5.468.471.069.335.930;1489;326;1301;325;188;0.33575546102667886;0.21345638340173265;0.6517414613585605;73.69;;;;
59;15;1224;243;1285;289;10.511.309.814.453.100;9.631.541.137.695.310;5.468.471.069.335.930;1254;266;1103;262;151;0.23121096794808327;0.22445291029052802;0.8352885128422392;87.27;;;;
59;16;1136;258;1192;304;10.511.309.814.453.100;9.631.541.137.695.310;5.468.471.069.335.930;1164;281;1001;280;163;0.1479100861892907;0.21749535036983883;0.7682716120443921;78.7;;;;
59;17;1438;225;1491;266;10.511.309.814.453.100;9.631.541.137.695.310;5.468.471.069.335.930;1464;245;1326;245;138;0.4356597904821861;0.22977750532529073;0.9231085158369359;102.7;;;;
59;18;507;282;573;352;10.511.309.814.453.100;9.631.541.137.695.310;5.468.471.069.335.930;540;317;341;317;199;-0.25525128939464925;0.19695572103355447;0.6184300017134406;66.81;;;;
59;19;570;268;632;323;10.511.309.814.453.100;9.631.541.137.695.310;5.468.471.069.335.930;601;295;420;294;181;-0.24018025501955134;0.203906839353242;0.6872265171216753;72.91;;;;
59;20;710;205;764;251;10.511.309.814.453.100;9.631.541.137.695.310;5.468.471.069.335.930;737;228;603;226;134;-0.2025919325979145;0.22344798052950937;0.9582784095887932;98.45;;;;
60;0;678;311;745;367;10.511.309.814.453.100;9.631.541.137.695.310;5.468.471.069.335.930;711;339;507;337;204;-0.14837418420614434;0.20333940710008763;0.5967997111908145;61.61;;;;
60;1;924;258;996;308;10.511.309.814.453.100;9.631.541.137.695.310;5.468.471.069.335.930;960;283;795;284;165;-0.002294646889533231;0.21611912604730665;0.7582317196350119;76.26;;;;
60;2;845;238;903;288;10.511.309.814.453.100;9.631.541.137.695.310;5.468.471.069.335.930;874;263;717;263;157;-0.06816543155569008;0.21388865555787853;0.8045135284991499;81.09;;;;
60;3;1315;267;1381;321;10.511.309.814.453.100;9.631.541.137.695.310;5.468.471.069.335.930;1348;294;1177;295;171;0.2701551132473836;0.21522328116477116;0.7277661936301327;78.04;;;;
60;4;1501;241;1551;293;10.511.309.814.453.100;9.631.541.137.695.310;5.468.471.069.335.930;1526;267;1374;268;152;0.44449651671708595;0.22366017301072805;0.8293983284700567;94.63;;;;
60;5;1252;282;1324;347;10.511.309.814.453.100;9.631.541.137.695.310;5.468.471.069.335.930;1288;314;1108;311;180;0.21663434976536186;0.21601287752441412;0.6847090493120173;72.28;;;;
60;6;1233;212;1284;251;10.511.309.814.453.100;9.631.541.137.695.310;5.468.471.069.335.930;1258;231;1132;230;126;0.2808969226507651;0.2401103168431512;10.176.924.472.199.100;106.41;;;;
60;7;1019;184;1068;233;10.511.309.814.453.100;9.631.541.137.695.310;5.468.471.069.335.930;1043;208;926;208;117;0.0819198479514573;0.23814438047637254;1.107.775.189.055.450;111.83;;;;
60;8;1085;199;1134;248;10.511.309.814.453.100;9.631.541.137.695.310;5.468.471.069.335.930;1109;223;984;223;125;0.14005758206889368;0.2353779613771967;10.296.752.355.483.600;104.65;;;;
60;9;1265;186;1315;232;10.511.309.814.453.100;9.631.541.137.695.310;5.468.471.069.335.930;1290;209;1171;208;119;0.3296996723082609;0.23501554083610515;1.088.652.753.006.370;114.42;;;;
60;10;1224;243;1285;289;10.511.309.814.453.100;9.631.541.137.695.310;5.468.471.069.335.930;1254;266;1103;263;151;0.23121096794808327;0.22445291029052802;0.8352885128422392;87.27;;;;
60;11;1379;203;1424;252;10.511.309.814.453.100;9.631.541.137.695.310;5.468.471.069.335.930;1401;227;1276;227;125;0.4204687408690188;0.23870458037754655;10.277.546.111.730.200;111.81;;;;
60;12;488;357;599;442;10.511.309.814.453.100;9.631.541.137.695.310;5.468.471.069.335.930;543;399;304;393;239;-0.2110246423395746;0.19965962206725474;0.4943346040968929;53.74;;;;
60;13;867;191;918;234;10.511.309.814.453.100;9.631.541.137.695.310;5.468.471.069.335.930;892;212;765;213;127;-0.0672540971022213;0.22266708575416788;10.186.584.178.942.500;102.56;;;;
60;14;896;317;979;375;10.511.309.814.453.100;9.631.541.137.695.310;5.468.471.069.335.930;937;346;731;345;206;-0.01524036056470393;0.20489775220749715;0.5889660412661155;59.08;;;;
60;15;1458;299;1520;354;10.511.309.814.453.100;9.631.541.137.695.310;5.468.471.069.335.930;1489;326;1300;325;189;0.3339789771059028;0.21232698454775525;0.6482930938381448;73.27;;;;
60;16;506;282;573;352;10.511.309.814.453.100;9.631.541.137.695.310;5.468.471.069.335.930;539;317;343;317;196;-0.2597706408826233;0.1999703494167211;0.6278957670457891;67.95;;;;
60;17;1136;256;1194;304;10.511.309.814.453.100;9.631.541.137.695.310;5.468.471.069.335.930;1165;280;1001;280;164;0.14774014068483743;0.21553527601538292;0.7639530016766183;78.22;;;;
60;18;1439;225;1491;266;10.511.309.814.453.100;9.631.541.137.695.310;5.468.471.069.335.930;1465;245;1326;245;139;0.433389137482019;0.228124429747411;0.9164674473776774;101.97;;;;
60;19;709;205;764;250;10.511.309.814.453.100;9.631.541.137.695.310;5.468.471.069.335.930;736;227;603;227;133;-0.20501772925999626;0.22434641012927314;0.965934784937051;99.27;;;;
60;20;570;268;632;322;10.511.309.814.453.100;9.631.541.137.695.310;5.468.471.069.335.930;601;295;420;293;181;-0.24018025501955134;0.203906839353242;0.6872265171216753;72.91;;;;
61;0;925;258;995;308;10.511.309.814.453.100;9.631.541.137.695.310;5.468.471.069.335.930;960;283;795;284;165;-0.002294646889533231;0.21611912604730665;0.7582317196350119;76.26;;;;
61;1;678;309;744;368;10.511.309.814.453.100;9.631.541.137.695.310;5.468.471.069.335.930;711;338;506;337;205;-0.14765040769782167;0.20184040099832654;0.594181271193442;61.29;;;;
61;2;846;238;903;287;10.511.309.814.453.100;9.631.541.137.695.310;5.468.471.069.335.930;874;262;718;263;156;-0.06860238945027783;0.21459334665914098;0.810055406962154;81.67;;;;
61;3;1501;242;1551;293;10.511.309.814.453.100;9.631.541.137.695.310;5.468.471.069.335.930;1526;267;1374;268;152;0.44449651671708595;0.22366017301072805;0.8293983284700567;94.63;;;;
61;4;1314;268;1381;321;10.511.309.814.453.100;9.631.541.137.695.310;5.468.471.069.335.930;1347;294;1177;295;170;0.27103814906966844;0.2164893004657404;0.7320471712397217;78.5;;;;
61;5;1250;284;1324;347;10.511.309.814.453.100;9.631.541.137.695.310;5.468.471.069.335.930;1287;315;1108;311;179;0.217173988459811;0.21780041786679033;0.6881989349968358;72.68;;;;
61;6;1233;212;1284;251;10.511.309.814.453.100;9.631.541.137.695.310;5.468.471.069.335.930;1258;231;1132;230;126;0.2808969226507651;0.2401103168431512;10.176.924.472.199.100;106.41;;;;
61;7;1020;185;1068;233;10.511.309.814.453.100;9.631.541.137.695.310;5.468.471.069.335.930;1044;209;926;208;118;0.08224289181169037;0.23700719796183484;10.978.786.237.945.600;110.83;;;;
61;8;866;191;917;234;10.511.309.814.453.100;9.631.541.137.695.310;5.468.471.069.335.930;891;212;764;213;127;-0.06819928626331546;0.22266708575416788;10.186.584.178.942.500;102.56;;;;
61;9;489;357;599;440;10.511.309.814.453.100;9.631.541.137.695.310;5.468.471.069.335.930;544;398;307;392;237;-0.21229894723923787;0.2009058769211517;0.49875945101640035;54.24;;;;
61;10;1085;199;1135;249;10.511.309.814.453.100;9.631.541.137.695.310;5.468.471.069.335.930;1110;224;983;223;127;0.13879714001630447;0.2324897796528388;10.129.872.829.276.800;102.93;;;;
61;11;1379;204;1424;251;10.511.309.814.453.100;9.631.541.137.695.310;5.468.471.069.335.930;1401;227;1276;227;125;0.4204687408690188;0.23870458037754655;10.277.546.111.730.200;111.81;;;;
61;12;1224;243;1284;288;10.511.309.814.453.100;9.631.541.137.695.310;5.468.471.069.335.930;1254;265;1103;263;151;0.23121096794808327;0.22376445437158143;0.8356859930523681;87.29;;;;
61;13;896;316;978;375;10.511.309.814.453.100;9.631.541.137.695.310;5.468.471.069.335.930;937;345;731;345;206;-0.01524036056470393;0.20439310733487126;0.5892573981191712;59.1;;;;
61;14;1264;186;1314;232;10.511.309.814.453.100;9.631.541.137.695.310;5.468.471.069.335.930;1289;209;1171;209;118;0.3314764574680008;0.23700719796183484;10.978.786.237.945.600;115.39;;;;
61;15;1457;299;1521;354;10.511.309.814.453.100;9.631.541.137.695.310;5.468.471.069.335.930;1489;326;1300;325;189;0.3339789771059028;0.21232698454775525;0.6482930938381448;73.27;;;;
61;16;507;282;573;352;10.511.309.814.453.100;9.631.541.137.695.310;5.468.471.069.335.930;540;317;343;316;197;-0.2578426730433259;0.1989552715009002;0.6247084788881964;67.55;;;;
61;17;1439;226;1492;266;10.511.309.814.453.100;9.631.541.137.695.310;5.468.471.069.335.930;1465;246;1326;246;139;0.433389137482019;0.22887232070971986;0.9160356523292639;101.95;;;;
61;18;1136;257;1194;304;10.511.309.814.453.100;9.631.541.137.695.310;5.468.471.069.335.930;1165;280;1001;281;164;0.14774014068483743;0.21553527601538292;0.7639530016766183;78.22;;;;
61;19;570;268;632;322;10.511.309.814.453.100;9.631.541.137.695.310;5.468.471.069.335.930;601;295;420;294;181;-0.24018025501955134;0.203906839353242;0.6872265171216753;72.91;;;;
61;20;710;205;764;251;10.511.309.814.453.100;9.631.541.137.695.310;5.468.471.069.335.930;737;228;603;227;134;-0.2025919325979145;0.22344798052950937;0.9582784095887932;98.45;;;;
62;0;678;310;745;367;10.511.309.814.453.100;9.631.541.137.695.310;5.468.471.069.335.930;711;338;506;338;205;-0.14765040769782167;0.20184040099832654;0.594181271193442;61.29;;;;
62;1;925;258;995;308;10.511.309.814.453.100;9.631.541.137.695.310;5.468.471.069.335.930;960;283;795;284;165;-0.002294646889533231;0.21611912604730665;0.7582317196350119;76.26;;;;
62;2;1315;267;1380;321;10.511.309.814.453.100;9.631.541.137.695.310;5.468.471.069.335.930;1347;294;1177;295;170;0.27103814906966844;0.2164893004657404;0.7320471712397217;78.5;;;;
62;3;1501;243;1551;293;10.511.309.814.453.100;9.631.541.137.695.310;5.468.471.069.335.930;1526;268;1373;267;153;0.441591310725471;0.222877798309749;0.8235851399720205;93.97;;;;
62;4;845;238;904;287;10.511.309.814.453.100;9.631.541.137.695.310;5.468.471.069.335.930;874;262;717;263;157;-0.06816543155569008;0.21322651005621654;0.8048958183827772;81.12;;;;
62;5;1251;282;1323;346;10.511.309.814.453.100;9.631.541.137.695.310;5.468.471.069.335.930;1287;314;1108;311;179;0.217173988459811;0.21721965337650578;0.6885342395316374;72.69;;;;
62;6;1233;212;1284;251;10.511.309.814.453.100;9.631.541.137.695.310;5.468.471.069.335.930;1258;231;1131;230;127;0.2786851358582394;0.23821968442706343;10.096.791.208.638.500;105.54;;;;
62;7;1020;185;1068;233;10.511.309.814.453.100;9.631.541.137.695.310;5.468.471.069.335.930;1044;209;926;208;118;0.08224289181169037;0.23700719796183484;10.978.786.237.945.600;110.83;;;;
62;8;1085;200;1134;248;10.511.309.814.453.100;9.631.541.137.695.310;5.468.471.069.335.930;1109;224;983;222;126;0.1389460139572358;0.23433493663421046;10.210.268.645.382.200;103.76;;;;
62;9;896;317;978;375;10.511.309.814.453.100;9.631.541.137.695.310;5.468.471.069.335.930;937;346;731;345;206;-0.01524036056470393;0.20489775220749715;0.5889660412661155;59.08;;;;
62;10;1379;203;1424;251;10.511.309.814.453.100;9.631.541.137.695.310;5.468.471.069.335.930;1401;227;1275;227;126;0.41713168737005835;0.23681009958089932;1.019.597.828.544.660;110.89;;;;
62;11;1264;186;1315;231;10.511.309.814.453.100;9.631.541.137.695.310;5.468.471.069.335.930;1289;208;1171;209;118;0.3314764574680008;0.236126207760471;10.983.872.637.244.700;115.42;;;;
62;12;866;191;917;234;10.511.309.814.453.100;9.631.541.137.695.310;5.468.471.069.335.930;891;212;764;214;127;-0.06819928626331546;0.22266708575416788;10.186.584.178.942.500;102.56;;;;
62;13;1224;243;1283;289;10.511.309.814.453.100;9.631.541.137.695.310;5.468.471.069.335.930;1253;266;1104;263;149;0.233508839843635;0.22746570103268274;0.8465004391891148;88.48;;;;
62;14;488;356;599;442;10.511.309.814.453.100;9.631.541.137.695.310;5.468.471.069.335.930;543;399;306;393;237;-0.21280544100910687;0.2013445133927168;0.49850620413146585;54.25;;;;
62;15;1458;298;1520;354;10.511.309.814.453.100;9.631.541.137.695.310;5.468.471.069.335.930;1489;326;1300;325;189;0.3339789771059028;0.21232698454775525;0.6482930938381448;73.27;;;;
62;16;507;280;573;352;10.511.309.814.453.100;9.631.541.137.695.310;5.468.471.069.335.930;540;316;340;316;200;-0.25397503294767604;0.19545115820958203;0.6156379492635208;66.46;;;;
62;17;1136;258;1193;304;10.511.309.814.453.100;9.631.541.137.695.310;5.468.471.069.335.930;1164;281;1001;281;163;0.1479100861892907;0.21749535036983883;0.7682716120443921;78.7;;;;
62;18;1438;226;1492;266;10.511.309.814.453.100;9.631.541.137.695.310;5.468.471.069.335.930;1465;246;1326;246;139;0.433389137482019;0.22887232070971986;0.9160356523292639;101.95;;;;
62;19;570;267;632;322;10.511.309.814.453.100;9.631.541.137.695.310;5.468.471.069.335.930;601;294;420;294;181;-0.24018025501955134;0.20333249215014293;0.6875581166339928;72.92;;;;
62;20;710;204;764;251;10.511.309.814.453.100;9.631.541.137.695.310;5.468.471.069.335.930;737;227;603;228;134;-0.2025919325979145;0.22267218318800988;0.9587263163927445;98.48;;;;
63;0;924;258;995;308;10.511.309.814.453.100;9.631.541.137.695.310;5.468.471.069.335.930;959;283;795;284;164;-0.0030405839038532977;0.2174369255963756;0.7628550837791278;76.76;;;;
63;1;677;310;745;368;10.511.309.814.453.100;9.631.541.137.695.310;5.468.471.069.335.930;711;339;506;337;205;-0.14765040769782167;0.20234750755325792;0.5938884930874445;61.27;;;;
63;2;1500;243;1551;293;10.511.309.814.453.100;9.631.541.137.695.310;5.468.471.069.335.930;1525;268;1373;267;152;0.4437067862995928;0.2243440996144184;0.8290034632613101;94.58;;;;
63;3;845;238;903;288;10.511.309.814.453.100;9.631.541.137.695.310;5.468.471.069.335.930;874;263;717;262;157;-0.06816543155569008;0.21388865555787853;0.8045135284991499;81.09;;;;
63;4;1020;184;1068;233;10.511.309.814.453.100;9.631.541.137.695.310;5.468.471.069.335.930;1044;208;926;208;118;0.08224289181169037;0.236126207760471;10.983.872.637.244.700;110.86;;;;
63;5;1315;268;1381;321;10.511.309.814.453.100;9.631.541.137.695.310;5.468.471.069.335.930;1348;294;1176;295;172;0.2685844439843174;0.21397198301846435;0.7235349948299575;77.55;;;;
63;6;1233;211;1284;251;10.511.309.814.453.100;9.631.541.137.695.310;5.468.471.069.335.930;1258;231;1132;230;126;0.2808969226507651;0.2401103168431512;10.176.924.472.199.100;106.41;;;;
63;7;1252;284;1323;346;10.511.309.814.453.100;9.631.541.137.695.310;5.468.471.069.335.930;1287;315;1109;311;178;0.21839406704666392;0.21902401571997454;0.6920652211485037;73.12;;;;
63;8;488;356;600;442;10.511.309.814.453.100;9.631.541.137.695.310;5.468.471.069.335.930;544;399;305;393;239;-0.21052238701129444;0.19965962206725474;0.4943346040968929;53.72;;;;
63;9;1085;199;1134;249;10.511.309.814.453.100;9.631.541.137.695.310;5.468.471.069.335.930;1109;224;983;222;126;0.1389460139572358;0.23433493663421046;10.210.268.645.382.200;103.76;;;;
63;10;866;190;918;235;10.511.309.814.453.100;9.631.541.137.695.310;5.468.471.069.335.930;892;212;765;213;127;-0.0672540971022213;0.22266708575416788;10.186.584.178.942.500;102.56;;;;
63;11;1379;204;1424;252;10.511.309.814.453.100;9.631.541.137.695.310;5.468.471.069.335.930;1401;228;1276;227;125;0.4204687408690188;0.23953623512763406;10.272.744.550.791.800;111.78;;;;
63;12;1224;243;1283;289;10.511.309.814.453.100;9.631.541.137.695.310;5.468.471.069.335.930;1253;266;1103;263;150;0.23195211424467743;0.22594926302579818;0.840857102927854;87.86;;;;
63;13;1265;187;1315;232;10.511.309.814.453.100;9.631.541.137.695.310;5.468.471.069.335.930;1290;209;1171;209;119;0.3296996723082609;0.23501554083610515;1.088.652.753.006.370;114.42;;;;
63;14;1457;297;1521;354;10.511.309.814.453.100;9.631.541.137.695.310;5.468.471.069.335.930;1489;325;1301;325;188;0.33575546102667886;0.21290342146683405;0.6520607140805258;73.71;;;;
63;15;896;317;978;375;10.511.309.814.453.100;9.631.541.137.695.310;5.468.471.069.335.930;937;346;731;345;206;-0.01524036056470393;0.20489775220749715;0.5889660412661155;59.08;;;;
63;16;1439;225;1491;266;10.511.309.814.453.100;9.631.541.137.695.310;5.468.471.069.335.930;1465;245;1325;245;140;0.4302935007857189;0.22649496953492945;0.9099212513249796;101.21;;;;
63;17;505;280;574;352;10.511.309.814.453.100;9.631.541.137.695.310;5.468.471.069.335.930;539;316;342;317;197;-0.2584520081877876;0.19842757178637765;0.6250131464604272;67.59;;;;
63;18;1136;257;1193;304;10.511.309.814.453.100;9.631.541.137.695.310;5.468.471.069.335.930;1164;280;1001;280;163;0.1479100861892907;0.21685757832222577;0.7686398299077631;78.72;;;;
63;19;570;267;633;323;10.511.309.814.453.100;9.631.541.137.695.310;5.468.471.069.335.930;601;295;420;294;181;-0.24018025501955134;0.203906839353242;0.6872265171216753;72.91;;;;
63;20;710;205;764;251;10.511.309.814.453.100;9.631.541.137.695.310;5.468.471.069.335.930;737;228;603;227;134;-0.2025919325979145;0.22344798052950937;0.9582784095887932;98.45;;;;
64;0;677;310;744;368;10.511.309.814.453.100;9.631.541.137.695.310;5.468.471.069.335.930;710;339;506;337;204;-0.14896261079172746;0.20333940710008763;0.5967997111908145;61.62;;;;
64;1;924;259;995;308;10.511.309.814.453.100;9.631.541.137.695.310;5.468.471.069.335.930;959;283;794;284;165;-0.0030221561226178232;0.21611912604730665;0.7582317196350119;76.26;;;;
64;2;845;238;904;287;10.511.309.814.453.100;9.631.541.137.695.310;5.468.471.069.335.930;874;262;718;263;156;-0.06860238945027783;0.21459334665914098;0.810055406962154;81.67;;;;
64;3;1251;282;1324;347;10.511.309.814.453.100;9.631.541.137.695.310;5.468.471.069.335.930;1287;314;1108;311;179;0.217173988459811;0.21721965337650578;0.6885342395316374;72.69;;;;
64;4;1315;267;1381;321;10.511.309.814.453.100;9.631.541.137.695.310;5.468.471.069.335.930;1348;294;1177;295;171;0.2701551132473836;0.21522328116477116;0.7277661936301327;78.04;;;;
64;5;1500;242;1551;293;10.511.309.814.453.100;9.631.541.137.695.310;5.468.471.069.335.930;1525;267;1374;268;151;0.4466452418380007;0.22514136620947459;0.8348910326321102;95.25;;;;
64;6;1019;185;1069;232;10.511.309.814.453.100;9.631.541.137.695.310;5.468.471.069.335.930;1044;208;926;208;118;0.08224289181169037;0.236126207760471;10.983.872.637.244.700;110.86;;;;
64;7;1233;212;1284;251;10.511.309.814.453.100;9.631.541.137.695.310;5.468.471.069.335.930;1258;231;1132;230;126;0.2808969226507651;0.2401103168431512;10.176.924.472.199.100;106.41;;;;
64;8;1085;199;1135;248;10.511.309.814.453.100;9.631.541.137.695.310;5.468.471.069.335.930;1110;223;983;223;127;0.13879714001630447;0.23167122182794953;10.134.598.775.082.300;102.96;;;;
64;9;1264;187;1315;231;10.511.309.814.453.100;9.631.541.137.695.310;5.468.471.069.335.930;1289;209;1171;208;118;0.3314764574680008;0.23700719796183484;10.978.786.237.945.600;115.39;;;;
64;10;866;191;918;234;10.511.309.814.453.100;9.631.541.137.695.310;5.468.471.069.335.930;892;212;765;214;127;-0.0672540971022213;0.22266708575416788;10.186.584.178.942.500;102.56;;;;
64;11;487;357;599;440;10.511.309.814.453.100;9.631.541.137.695.310;5.468.471.069.335.930;543;398;306;393;237;-0.21280544100910687;0.2009058769211517;0.49875945101640035;54.26;;;;
64;12;1224;243;1285;289;10.511.309.814.453.100;9.631.541.137.695.310;5.468.471.069.335.930;1254;266;1104;263;150;0.2327523744010705;0.22594926302579818;0.840857102927854;87.88;;;;
64;13;1380;204;1424;252;10.511.309.814.453.100;9.631.541.137.695.310;5.468.471.069.335.930;1402;228;1276;227;126;0.41808437803243104;0.23763515389646234;10.191.214.832.134.700;110.9;;;;
64;14;896;317;978;375;10.511.309.814.453.100;9.631.541.137.695.310;5.468.471.069.335.930;937;346;731;345;206;-0.01524036056470393;0.20489775220749715;0.5889660412661155;59.08;;;;
64;15;505;281;574;352;10.511.309.814.453.100;9.631.541.137.695.310;5.468.471.069.335.930;539;316;341;316;198;-0.257146695015122;0.1974254123329111;0.6218565144075967;67.22;;;;
64;16;1456;297;1521;355;10.511.309.814.453.100;9.631.541.137.695.310;5.468.471.069.335.930;1488;326;1300;325;188;0.33511695558274823;0.21345638340173265;0.6517414613585605;73.66;;;;
64;17;1137;258;1192;304;10.511.309.814.453.100;9.631.541.137.695.310;5.468.471.069.335.930;1164;281;1001;280;163;0.1479100861892907;0.21749535036983883;0.7682716120443921;78.7;;;;
64;18;1439;227;1491;266;10.511.309.814.453.100;9.631.541.137.695.310;5.468.471.069.335.930;1465;246;1326;245;139;0.433389137482019;0.22887232070971986;0.9160356523292639;101.95;;;;
64;19;570;269;632;323;10.511.309.814.453.100;9.631.541.137.695.310;5.468.471.069.335.930;601;296;420;293;181;-0.24018025501955134;0.20448118655634107;0.6868949176093576;72.89;;;;
64;20;709;205;764;250;10.511.309.814.453.100;9.631.541.137.695.310;5.468.471.069.335.930;736;227;603;226;133;-0.20501772925999626;0.22434641012927314;0.965934784937051;99.27;;;;
65;0;678;310;745;367;10.511.309.814.453.100;9.631.541.137.695.310;5.468.471.069.335.930;711;338;507;338;204;-0.14837418420614434;0.2028298147287105;0.5970939244836061;61.62;;;;
65;1;924;258;995;308;10.511.309.814.453.100;9.631.541.137.695.310;5.468.471.069.335.930;959;283;795;284;164;-0.0030405839038532977;0.2174369255963756;0.7628550837791278;76.76;;;;
65;2;1253;283;1324;347;10.511.309.814.453.100;9.631.541.137.695.310;5.468.471.069.335.930;1288;315;1108;311;180;0.21663434976536186;0.21659041554530817;0.6843756075801869;72.26;;;;
65;3;845;238;904;287;10.511.309.814.453.100;9.631.541.137.695.310;5.468.471.069.335.930;874;262;718;263;156;-0.06860238945027783;0.21459334665914098;0.810055406962154;81.67;;;;
65;4;1316;268;1381;322;10.511.309.814.453.100;9.631.541.137.695.310;5.468.471.069.335.930;1348;295;1177;294;171;0.2701551132473836;0.21583121592360702;0.7274152023334691;78.02;;;;
65;5;1500;243;1551;293;10.511.309.814.453.100;9.631.541.137.695.310;5.468.471.069.335.930;1525;268;1374;267;151;0.4466452418380007;0.22582982212842118;0.8344935524219811;95.23;;;;
65;6;1018;185;1068;232;10.511.309.814.453.100;9.631.541.137.695.310;5.468.471.069.335.930;1043;208;926;209;117;0.0819198479514573;0.23814438047637254;1.107.775.189.055.450;111.83;;;;
65;7;1233;212;1284;251;10.511.309.814.453.100;9.631.541.137.695.310;5.468.471.069.335.930;1258;231;1132;230;126;0.2808969226507651;0.2401103168431512;10.176.924.472.199.100;106.41;;;;
65;8;1085;199;1135;249;10.511.309.814.453.100;9.631.541.137.695.310;5.468.471.069.335.930;1110;224;983;223;127;0.13879714001630447;0.2324897796528388;10.129.872.829.276.800;102.93;;;;
65;9;488;357;600;441;10.511.309.814.453.100;9.631.541.137.695.310;5.468.471.069.335.930;544;399;305;393;239;-0.21052238701129444;0.19965962206725474;0.4943346040968929;53.72;;;;
65;10;866;192;917;235;10.511.309.814.453.100;9.631.541.137.695.310;5.468.471.069.335.930;891;213;764;213;127;-0.06819928626331546;0.2234856435790571;10.181.858.233.137.000;102.53;;;;
65;11;1380;204;1424;252;10.511.309.814.453.100;9.631.541.137.695.310;5.468.471.069.335.930;1402;228;1276;227;126;0.41808437803243104;0.23763515389646234;10.191.214.832.134.700;110.9;;;;
65;12;1223;243;1283;289;10.511.309.814.453.100;9.631.541.137.695.310;5.468.471.069.335.930;1253;266;1104;263;149;0.233508839843635;0.22746570103268274;0.8465004391891148;88.48;;;;
65;13;1264;187;1315;232;10.511.309.814.453.100;9.631.541.137.695.310;5.468.471.069.335.930;1289;209;1171;208;118;0.3314764574680008;0.23700719796183484;10.978.786.237.945.600;115.39;;;;
65;14;1456;298;1522;354;10.511.309.814.453.100;9.631.541.137.695.310;5.468.471.069.335.930;1489;326;1300;324;189;0.3339789771059028;0.21232698454775525;0.6482930938381448;73.27;;;;
65;15;505;281;574;352;10.511.309.814.453.100;9.631.541.137.695.310;5.468.471.069.335.930;539;316;343;316;196;-0.2597706408826233;0.19943995735671632;0.6282019890444089;67.96;;;;
65;16;895;317;978;375;10.511.309.814.453.100;9.631.541.137.695.310;5.468.471.069.335.930;936;346;731;345;205;-0.015900259998965695;0.2058972534377776;0.5918390463454624;59.41;;;;
65;17;1438;225;1491;266;10.511.309.814.453.100;9.631.541.137.695.310;5.468.471.069.335.930;1464;245;1326;245;138;0.4356597904821861;0.22977750532529073;0.9231085158369359;102.7;;;;
65;18;1136;257;1193;303;10.511.309.814.453.100;9.631.541.137.695.310;5.468.471.069.335.930;1164;280;1001;280;163;0.1479100861892907;0.21685757832222577;0.7686398299077631;78.72;;;;
65;19;709;205;765;250;10.511.309.814.453.100;9.631.541.137.695.310;5.468.471.069.335.930;737;227;603;227;134;-0.2025919325979145;0.22267218318800988;0.9587263163927445;98.48;;;;
65;20;569;267;633;322;10.511.309.814.453.100;9.631.541.137.695.310;5.468.471.069.335.930;601;294;420;294;181;-0.24018025501955134;0.20333249215014293;0.6875581166339928;72.92;;;;
66;0;678;310;745;368;10.511.309.814.453.100;9.631.541.137.695.310;5.468.471.069.335.930;711;339;507;337;204;-0.14837418420614434;0.20333940710008763;0.5967997111908145;61.61;;;;
66;1;924;258;995;308;10.511.309.814.453.100;9.631.541.137.695.310;5.468.471.069.335.930;959;283;795;284;164;-0.0030405839038532977;0.2174369255963756;0.7628550837791278;76.76;;;;
66;2;1501;243;1551;293;10.511.309.814.453.100;9.631.541.137.695.310;5.468.471.069.335.930;1526;268;1374;267;152;0.44449651671708595;0.2243440996144184;0.8290034632613101;94.61;;;;
66;3;1251;283;1324;347;10.511.309.814.453.100;9.631.541.137.695.310;5.468.471.069.335.930;1287;315;1108;311;179;0.217173988459811;0.21780041786679033;0.6881989349968358;72.68;;;;
66;4;1316;268;1381;320;10.511.309.814.453.100;9.631.541.137.695.310;5.468.471.069.335.930;1348;294;1177;295;171;0.2701551132473836;0.21522328116477116;0.7277661936301327;78.04;;;;
66;5;845;238;904;288;10.511.309.814.453.100;9.631.541.137.695.310;5.468.471.069.335.930;874;263;718;262;156;-0.06860238945027783;0.21525973668324952;0.8096706665023495;81.65;;;;
66;6;1019;184;1068;233;10.511.309.814.453.100;9.631.541.137.695.310;5.468.471.069.335.930;1043;208;926;208;117;0.0819198479514573;0.23814438047637254;1.107.775.189.055.450;111.83;;;;
66;7;1233;212;1284;251;10.511.309.814.453.100;9.631.541.137.695.310;5.468.471.069.335.930;1258;231;1131;230;127;0.2786851358582394;0.23821968442706343;10.096.791.208.638.500;105.54;;;;
66;8;1085;199;1135;248;10.511.309.814.453.100;9.631.541.137.695.310;5.468.471.069.335.930;1110;223;984;223;126;0.1398987046196085;0.23350988231864744;10.215.032.098.694.100;103.81;;;;
66;9;896;317;978;375;10.511.309.814.453.100;9.631.541.137.695.310;5.468.471.069.335.930;937;346;732;345;205;-0.01531470378697078;0.2058972534377776;0.5918390463454624;59.41;;;;
66;10;1380;204;1423;251;10.511.309.814.453.100;9.631.541.137.695.310;5.468.471.069.335.930;1401;227;1276;227;125;0.4204687408690188;0.23870458037754655;10.277.546.111.730.200;111.81;;;;
66;11;1264;187;1315;231;10.511.309.814.453.100;9.631.541.137.695.310;5.468.471.069.335.930;1289;209;1171;208;118;0.3314764574680008;0.23700719796183484;10.978.786.237.945.600;115.39;;;;
66;12;1224;243;1284;289;10.511.309.814.453.100;9.631.541.137.695.310;5.468.471.069.335.930;1254;266;1104;263;150;0.2327523744010705;0.22594926302579818;0.840857102927854;87.88;;;;
66;13;866;191;918;234;10.511.309.814.453.100;9.631.541.137.695.310;5.468.471.069.335.930;892;212;765;213;127;-0.0672540971022213;0.22266708575416788;10.186.584.178.942.500;102.56;;;;
66;14;489;357;598;440;10.511.309.814.453.100;9.631.541.137.695.310;5.468.471.069.335.930;543;398;307;392;236;-0.21370715897948447;0.20175717300980064;0.5008728385207072;54.52;;;;
66;15;1456;298;1521;354;10.511.309.814.453.100;9.631.541.137.695.310;5.468.471.069.335.930;1488;326;1300;325;188;0.33511695558274823;0.21345638340173265;0.6517414613585605;73.66;;;;
66;16;1438;224;1491;266;10.511.309.814.453.100;9.631.541.137.695.310;5.468.471.069.335.930;1464;245;1326;245;138;0.4356597904821861;0.22977750532529073;0.9231085158369359;102.7;;;;
66;17;507;281;574;352;10.511.309.814.453.100;9.631.541.137.695.310;5.468.471.069.335.930;540;316;341;317;199;-0.25525128939464925;0.19643332483375078;0.6187316073000209;66.83;;;;
66;18;1137;257;1193;303;10.511.309.814.453.100;9.631.541.137.695.310;5.468.471.069.335.930;1165;280;1001;281;164;0.14774014068483743;0.21553527601538292;0.7639530016766183;78.22;;;;
66;19;570;268;633;323;10.511.309.814.453.100;9.631.541.137.695.310;5.468.471.069.335.930;601;295;420;293;181;-0.24018025501955134;0.203906839353242;0.6872265171216753;72.91;;;;
66;20;710;204;765;250;10.511.309.814.453.100;9.631.541.137.695.310;5.468.471.069.335.930;737;227;603;227;134;-0.2025919325979145;0.22267218318800988;0.9587263163927445;98.48;;;;
67;0;678;310;746;368;10.511.309.814.453.100;9.631.541.137.695.310;5.468.471.069.335.930;712;339;507;337;205;-0.14706485148582674;0.20234750755325792;0.5938884930874445;61.26;;;;
67;1;925;258;995;308;10.511.309.814.453.100;9.631.541.137.695.310;5.468.471.069.335.930;960;283;794;284;166;-0.0022808237154998984;0.21481720360123854;0.7536640586733552;75.77;;;;
67;2;846;238;903;288;10.511.309.814.453.100;9.631.541.137.695.310;5.468.471.069.335.930;874;263;717;263;157;-0.06816543155569008;0.21388865555787853;0.8045135284991499;81.09;;;;
67;3;1501;243;1552;293;10.511.309.814.453.100;9.631.541.137.695.310;5.468.471.069.335.930;1526;268;1374;268;152;0.44449651671708595;0.2243440996144184;0.8290034632613101;94.61;;;;
67;4;1251;283;1324;347;10.511.309.814.453.100;9.631.541.137.695.310;5.468.471.069.335.930;1287;315;1108;311;179;0.217173988459811;0.21780041786679033;0.6881989349968358;72.68;;;;
67;5;1314;267;1381;321;10.511.309.814.453.100;9.631.541.137.695.310;5.468.471.069.335.930;1347;294;1177;295;170;0.27103814906966844;0.2164893004657404;0.7320471712397217;78.5;;;;
67;6;1020;184;1067;232;10.511.309.814.453.100;9.631.541.137.695.310;5.468.471.069.335.930;1043;208;926;208;117;0.0819198479514573;0.23814438047637254;1.107.775.189.055.450;111.83;;;;
67;7;1233;212;1284;251;10.511.309.814.453.100;9.631.541.137.695.310;5.468.471.069.335.930;1258;231;1132;230;126;0.2808969226507651;0.2401103168431512;10.176.924.472.199.100;106.41;;;;
67;8;896;317;979;375;10.511.309.814.453.100;9.631.541.137.695.310;5.468.471.069.335.930;937;346;731;345;206;-0.01524036056470393;0.20489775220749715;0.5889660412661155;59.08;;;;
67;9;1379;204;1424;252;10.511.309.814.453.100;9.631.541.137.695.310;5.468.471.069.335.930;1401;228;1276;226;125;0.4204687408690188;0.23953623512763406;10.272.744.550.791.800;111.78;;;;
67;10;1085;199;1134;248;10.511.309.814.453.100;9.631.541.137.695.310;5.468.471.069.335.930;1109;223;983;223;126;0.1389460139572358;0.23350988231864744;10.215.032.098.694.100;103.79;;;;
67;11;1265;187;1316;232;10.511.309.814.453.100;9.631.541.137.695.310;5.468.471.069.335.930;1290;209;1171;208;119;0.3296996723082609;0.23501554083610515;1.088.652.753.006.370;114.42;;;;
67;12;866;190;917;234;10.511.309.814.453.100;9.631.541.137.695.310;5.468.471.069.335.930;891;212;764;213;127;-0.06819928626331546;0.22266708575416788;10.186.584.178.942.500;102.56;;;;
67;13;489;356;598;441;10.511.309.814.453.100;9.631.541.137.695.310;5.468.471.069.335.930;543;398;306;393;237;-0.21280544100910687;0.2009058769211517;0.49875945101640035;54.26;;;;
67;14;1223;243;1285;289;10.511.309.814.453.100;9.631.541.137.695.310;5.468.471.069.335.930;1254;266;1104;263;150;0.2327523744010705;0.22594926302579818;0.840857102927854;87.88;;;;
67;15;1458;300;1521;354;10.511.309.814.453.100;9.631.541.137.695.310;5.468.471.069.335.930;1489;327;1300;325;189;0.3339789771059028;0.21287702075813056;0.6479755302840206;73.26;;;;
67;16;1438;226;1491;266;10.511.309.814.453.100;9.631.541.137.695.310;5.468.471.069.335.930;1464;246;1326;245;138;0.4356597904821861;0.23053081578732654;0.9226735918388962;102.68;;;;
67;17;507;281;573;352;10.511.309.814.453.100;9.631.541.137.695.310;5.468.471.069.335.930;540;316;342;316;198;-0.25654043732088483;0.1974254123329111;0.6218565144075967;67.19;;;;
67;18;1136;257;1194;303;10.511.309.814.453.100;9.631.541.137.695.310;5.468.471.069.335.930;1165;280;1001;281;164;0.14774014068483743;0.21553527601538292;0.7639530016766183;78.22;;;;
67;19;709;205;765;251;10.511.309.814.453.100;9.631.541.137.695.310;5.468.471.069.335.930;737;228;603;227;134;-0.2025919325979145;0.22344798052950937;0.9582784095887932;98.45;;;;
67;20;570;268;632;322;10.511.309.814.453.100;9.631.541.137.695.310;5.468.471.069.335.930;601;295;420;294;181;-0.24018025501955134;0.203906839353242;0.6872265171216753;72.91;;;;
68;0;678;310;746;368;10.511.309.814.453.100;9.631.541.137.695.310;5.468.471.069.335.930;712;339;717;263;5;-6.029.658.910.918.890;8.296.247.809.683.570;24.349.428.216.585.200;2642.04;;;;
68;1;924;258;996;308;10.511.309.814.453.100;9.631.541.137.695.310;5.468.471.069.335.930;960;283;1001;280;41;-0.009234554555438612;0.8697477023855024;30.514.203.351.165.100;316.67;;;;
68;2;1251;283;1324;348;10.511.309.814.453.100;9.631.541.137.695.310;5.468.471.069.335.930;1287;315;1300;325;13;29.903.187.641.773.900;2.998.944.215.242.720;947.596.995.111.028;1037.74;;;;
68;3;845;238;904;288;10.511.309.814.453.100;9.631.541.137.695.310;5.468.471.069.335.930;874;263;795;284;79;-0.13546800954738408;0.4250698597795814;15.988.433.414.476.700;164.78;;;;
68;4;1315;268;1381;321;10.511.309.814.453.100;9.631.541.137.695.310;5.468.471.069.335.930;1348;294;1177;295;171;0.2701551132473836;0.21522328116477116;0.7277661936301327;78.04;;;;
68;5;1500;244;1552;293;10.511.309.814.453.100;9.631.541.137.695.310;5.468.471.069.335.930;1526;268;1374;267;152;0.44449651671708595;0.2243440996144184;0.8290034632613101;94.61;;;;
68;6;1233;212;1285;251;10.511.309.814.453.100;9.631.541.137.695.310;5.468.471.069.335.930;1259;231;1132;230;127;0.27963032501933355;0.23821968442706343;10.096.791.208.638.500;105.56;;;;
68;7;1020;185;1068;233;10.511.309.814.453.100;9.631.541.137.695.310;5.468.471.069.335.930;1044;209;926;208;118;0.08224289181169037;0.23700719796183484;10.978.786.237.945.600;110.83;;;;
68;8;1085;199;1135;249;10.511.309.814.453.100;9.631.541.137.695.310;5.468.471.069.335.930;1110;224;984;222;126;0.1398987046196085;0.23433493663421046;10.210.268.645.382.200;103.78;;;;
68;9;487;356;600;443;10.511.309.814.453.100;9.631.541.137.695.310;5.468.471.069.335.930;543;399;506;338;37;-13.631.051.221.394.100;12.896.932.344.344.200;3.193.134.334.571.820;369.83;;;;
68;10;866;190;917;234;10.511.309.814.453.100;9.631.541.137.695.310;5.468.471.069.335.930;891;212;764;213;127;-0.06819928626331546;0.22266708575416788;10.186.584.178.942.500;102.56;;;;
68;11;1379;204;1424;251;10.511.309.814.453.100;9.631.541.137.695.310;5.468.471.069.335.930;1401;227;1275;227;126;0.41713168737005835;0.23681009958089932;1.019.597.828.544.660;110.89;;;;
68;12;1264;187;1315;232;10.511.309.814.453.100;9.631.541.137.695.310;5.468.471.069.335.930;1289;209;1170;208;119;0.32869094101868984;0.23501554083610515;1.088.652.753.006.370;114.39;;;;
68;13;1438;225;1491;266;10.511.309.814.453.100;9.631.541.137.695.310;5.468.471.069.335.930;1464;245;1326;245;138;0.4356597904821861;0.22977750532529073;0.9231085158369359;102.7;;;;
68;14;1223;244;1284;289;10.511.309.814.453.100;9.631.541.137.695.310;5.468.471.069.335.930;1253;266;1104;264;149;0.233508839843635;0.22746570103268274;0.8465004391891148;88.48;;;;
68;15;506;281;573;352;10.511.309.814.453.100;9.631.541.137.695.310;5.468.471.069.335.930;539;316;341;317;198;-0.257146695015122;0.1974254123329111;0.6218565144075967;67.22;;;;
68;17;895;318;979;375;10.511.309.814.453.100;9.631.541.137.695.310;5.468.471.069.335.930;937;346;732;345;205;-0.01531470378697078;0.2058972534377776;0.5918390463454624;59.41;;;;
68;18;1136;256;1194;303;10.511.309.814.453.100;9.631.541.137.695.310;5.468.471.069.335.930;1165;279;1108;311;57;0.4250768960054972;0.6183127793466993;21.990.931.892.402.600;231.5;;;;
68;19;570;267;632;322;10.511.309.814.453.100;9.631.541.137.695.310;5.468.471.069.335.930;601;294;420;294;181;-0.24018025501955134;0.20333249215014293;0.6875581166339928;72.92;;;;
68;20;708;205;765;250;10.511.309.814.453.100;9.631.541.137.695.310;5.468.471.069.335.930;736;227;603;227;133;-0.20501772925999626;0.22434641012927314;0.965934784937051;99.27;;;;
69;0;677;310;745;367;10.511.309.814.453.100;9.631.541.137.695.310;5.468.471.069.335.930;711;338;506;338;205;-0.14765040769782167;0.20184040099832654;0.594181271193442;61.29;;;;
69;1;924;258;996;308;10.511.309.814.453.100;9.631.541.137.695.310;5.468.471.069.335.930;960;283;794;284;166;-0.0022808237154998984;0.21481720360123854;0.7536640586733552;75.77;;;;
69;2;845;238;903;288;10.511.309.814.453.100;9.631.541.137.695.310;5.468.471.069.335.930;874;263;717;262;157;-0.06816543155569008;0.21388865555787853;0.8045135284991499;81.09;;;;
69;3;1252;283;1324;347;10.511.309.814.453.100;9.631.541.137.695.310;5.468.471.069.335.930;1288;315;1108;310;180;0.21663434976536186;0.21659041554530817;0.6843756075801869;72.26;;;;
69;4;1316;268;1381;321;10.511.309.814.453.100;9.631.541.137.695.310;5.468.471.069.335.930;1348;294;1177;294;171;0.2701551132473836;0.21522328116477116;0.7277661936301327;78.04;;;;
69;5;1020;184;1068;233;10.511.309.814.453.100;9.631.541.137.695.310;5.468.471.069.335.930;1044;208;926;208;118;0.08224289181169037;0.236126207760471;10.983.872.637.244.700;110.86;;;;
69;6;1500;243;1551;293;10.511.309.814.453.100;9.631.541.137.695.310;5.468.471.069.335.930;1525;268;1373;268;152;0.4437067862995928;0.2243440996144184;0.8290034632613101;94.58;;;;
69;7;1233;211;1284;251;10.511.309.814.453.100;9.631.541.137.695.310;5.468.471.069.335.930;1258;231;1132;230;126;0.2808969226507651;0.2401103168431512;10.176.924.472.199.100;106.41;;;;
69;8;1085;199;1134;249;10.511.309.814.453.100;9.631.541.137.695.310;5.468.471.069.335.930;1109;224;983;223;126;0.1389460139572358;0.23433493663421046;10.210.268.645.382.200;103.76;;;;
69;9;866;191;918;234;10.511.309.814.453.100;9.631.541.137.695.310;5.468.471.069.335.930;892;212;764;213;128;-0.0667286744686102;0.22092749914671345;10.107.001.490.044.500;101.72;;;;
69;10;488;356;600;443;10.511.309.814.453.100;9.631.541.137.695.310;5.468.471.069.335.930;544;399;304;393;240;-0.2096452103987474;0.19882770697530783;0.49227487657982255;53.46;;;;
69;11;1265;187;1315;232;10.511.309.814.453.100;9.631.541.137.695.310;5.468.471.069.335.930;1290;209;1170;209;120;0.3269521750390254;0.23305707799580427;10.795.806.467.313.100;113.43;;;;
69;12;1224;243;1285;289;10.511.309.814.453.100;9.631.541.137.695.310;5.468.471.069.335.930;1254;266;1104;263;150;0.2327523744010705;0.22594926302579818;0.840857102927854;87.88;;;;
69;13;1379;204;1424;251;10.511.309.814.453.100;9.631.541.137.695.310;5.468.471.069.335.930;1401;227;1275;227;126;0.41713168737005835;0.23681009958089932;1.019.597.828.544.660;110.89;;;;
69;14;1457;299;1521;354;10.511.309.814.453.100;9.631.541.137.695.310;5.468.471.069.335.930;1489;326;1300;324;189;0.3339789771059028;0.21232698454775525;0.6482930938381448;73.27;;;;
69;15;896;317;978;376;10.511.309.814.453.100;9.631.541.137.695.310;5.468.471.069.335.930;937;346;731;345;206;-0.01524036056470393;0.20489775220749715;0.5889660412661155;59.08;;;;
69;16;1137;257;1193;303;10.511.309.814.453.100;9.631.541.137.695.310;5.468.471.069.335.930;1165;280;1001;281;164;0.14774014068483743;0.21553527601538292;0.7639530016766183;78.22;;;;
69;17;1438;227;1490;265;10.511.309.814.453.100;9.631.541.137.695.310;5.468.471.069.335.930;1464;246;1327;245;137;0.438839788952859;0.23221352247190552;0.9294084355749466;103.46;;;;
69;18;505;280;574;353;10.511.309.814.453.100;9.631.541.137.695.310;5.468.471.069.335.930;539;316;342;317;197;-0.2584520081877876;0.19842757178637765;0.6250131464604272;67.59;;;;
69;19;710;205;763;251;10.511.309.814.453.100;9.631.541.137.695.310;5.468.471.069.335.930;736;228;603;227;133;-0.20501772925999626;0.22512804053349061;0.9654835104127693;99.24;;;;
69;20;569;267;633;323;10.511.309.814.453.100;9.631.541.137.695.310;5.468.471.069.335.930;601;295;420;294;181;-0.24018025501955134;0.203906839353242;0.6872265171216753;72.91;;;;
70;0;925;258;996;308;10.511.309.814.453.100;9.631.541.137.695.310;5.468.471.069.335.930;960;283;794;283;166;-0.0022808237154998984;0.21481720360123854;0.7536640586733552;75.77;;;;
70;1;677;310;745;368;10.511.309.814.453.100;9.631.541.137.695.310;5.468.471.069.335.930;711;339;506;337;205;-0.14765040769782167;0.20234750755325792;0.5938884930874445;61.27;;;;
70;2;845;238;903;288;10.511.309.814.453.100;9.631.541.137.695.310;5.468.471.069.335.930;874;263;718;263;156;-0.06860238945027783;0.21525973668324952;0.8096706665023495;81.65;;;;
70;3;1315;268;1381;321;10.511.309.814.453.100;9.631.541.137.695.310;5.468.471.069.335.930;1348;294;1177;295;171;0.2701551132473836;0.21522328116477116;0.7277661936301327;78.04;;;;
70;4;1500;243;1551;293;10.511.309.814.453.100;9.631.541.137.695.310;5.468.471.069.335.930;1525;268;1373;268;152;0.4437067862995928;0.2243440996144184;0.8290034632613101;94.58;;;;
70;5;1252;283;1323;347;10.511.309.814.453.100;9.631.541.137.695.310;5.468.471.069.335.930;1287;315;1109;312;178;0.21839406704666392;0.21902401571997454;0.6920652211485037;73.12;;;;
70;6;1020;183;1067;233;10.511.309.814.453.100;9.631.541.137.695.310;5.468.471.069.335.930;1043;208;926;208;117;0.0819198479514573;0.23814438047637254;1.107.775.189.055.450;111.83;;;;
70;7;1234;212;1284;251;10.511.309.814.453.100;9.631.541.137.695.310;5.468.471.069.335.930;1259;231;1132;230;127;0.27963032501933355;0.23821968442706343;10.096.791.208.638.500;105.56;;;;
70;8;1085;199;1134;248;10.511.309.814.453.100;9.631.541.137.695.310;5.468.471.069.335.930;1109;223;983;223;126;0.1389460139572358;0.23350988231864744;10.215.032.098.694.100;103.79;;;;
70;9;488;356;600;444;10.511.309.814.453.100;9.631.541.137.695.310;5.468.471.069.335.930;544;400;304;396;240;-0.2096452103987474;0.1992608604909784;0.4920247952809497;53.46;;;;
70;10;1379;204;1423;252;10.511.309.814.453.100;9.631.541.137.695.310;5.468.471.069.335.930;1401;228;1276;227;125;0.4204687408690188;0.23953623512763406;10.272.744.550.791.800;111.78;;;;
70;11;865;191;918;235;10.511.309.814.453.100;9.631.541.137.695.310;5.468.471.069.335.930;891;213;765;213;126;-0.06874055044000844;0.22525933916301788;10.262.666.631.812.700;103.38;;;;
70;12;1265;187;1314;232;10.511.309.814.453.100;9.631.541.137.695.310;5.468.471.069.335.930;1289;209;1171;209;118;0.3314764574680008;0.23700719796183484;10.978.786.237.945.600;115.39;;;;
70;13;506;280;573;352;10.511.309.814.453.100;9.631.541.137.695.310;5.468.471.069.335.930;539;316;341;317;198;-0.257146695015122;0.1974254123329111;0.6218565144075967;67.22;;;;
70;14;1457;298;1522;354;10.511.309.814.453.100;9.631.541.137.695.310;5.468.471.069.335.930;1489;326;1300;324;189;0.3339789771059028;0.21232698454775525;0.6482930938381448;73.27;;;;
70;15;1438;225;1491;266;10.511.309.814.453.100;9.631.541.137.695.310;5.468.471.069.335.930;1464;245;1326;245;138;0.4356597904821861;0.22977750532529073;0.9231085158369359;102.7;;;;
70;16;1225;243;1283;289;10.511.309.814.453.100;9.631.541.137.695.310;5.468.471.069.335.930;1254;266;1104;263;150;0.2327523744010705;0.22594926302579818;0.840857102927854;87.88;;;;
70;17;1137;258;1193;304;10.511.309.814.453.100;9.631.541.137.695.310;5.468.471.069.335.930;1165;281;1001;281;164;0.14774014068483743;0.21616915920904714;0.7635870290441215;78.21;;;;
70;18;896;317;979;375;10.511.309.814.453.100;9.631.541.137.695.310;5.468.471.069.335.930;937;346;731;346;206;-0.01524036056470393;0.20489775220749715;0.5889660412661155;59.08;;;;
70;19;570;267;632;323;10.511.309.814.453.100;9.631.541.137.695.310;5.468.471.069.335.930;601;295;421;293;180;-0.24151458976965995;0.2050396551274267;0.6910444422167956;73.34;;;;
70;20;711;205;763;250;10.511.309.814.453.100;9.631.541.137.695.310;5.468.471.069.335.930;737;227;603;227;134;-0.2025919325979145;0.22267218318800988;0.9587263163927445;98.48;;;;
71;0;677;310;745;368;10.511.309.814.453.100;9.631.541.137.695.310;5.468.471.069.335.930;711;339;506;337;205;-0.14765040769782167;0.20234750755325792;0.5938884930874445;61.27;;;;
71;1;924;259;995;308;10.511.309.814.453.100;9.631.541.137.695.310;5.468.471.069.335.930;959;283;795;284;164;-0.0030405839038532977;0.2174369255963756;0.7628550837791278;76.76;;;;
71;2;1501;243;1551;293;10.511.309.814.453.100;9.631.541.137.695.310;5.468.471.069.335.930;1526;268;1374;267;152;0.44449651671708595;0.2243440996144184;0.8290034632613101;94.61;;;;
71;3;845;239;904;288;10.511.309.814.453.100;9.631.541.137.695.310;5.468.471.069.335.930;874;263;717;263;157;-0.06816543155569008;0.21388865555787853;0.8045135284991499;81.09;;;;
71;4;1252;283;1324;347;10.511.309.814.453.100;9.631.541.137.695.310;5.468.471.069.335.930;1288;315;1109;311;179;0.21784459752941412;0.21780041786679033;0.6881989349968358;72.7;;;;
71;5;1315;268;1381;322;10.511.309.814.453.100;9.631.541.137.695.310;5.468.471.069.335.930;1348;295;1177;295;171;0.2701551132473836;0.21583121592360702;0.7274152023334691;78.02;;;;
71;6;1019;185;1068;232;10.511.309.814.453.100;9.631.541.137.695.310;5.468.471.069.335.930;1043;208;926;208;117;0.0819198479514573;0.23814438047637254;1.107.775.189.055.450;111.83;;;;
71;7;1233;212;1284;251;10.511.309.814.453.100;9.631.541.137.695.310;5.468.471.069.335.930;1258;231;1131;230;127;0.2786851358582394;0.23821968442706343;10.096.791.208.638.500;105.54;;;;
71;8;1085;199;1135;249;10.511.309.814.453.100;9.631.541.137.695.310;5.468.471.069.335.930;1110;224;984;223;126;0.1398987046196085;0.23433493663421046;10.210.268.645.382.200;103.78;;;;
71;9;866;192;918;234;10.511.309.814.453.100;9.631.541.137.695.310;5.468.471.069.335.930;892;213;764;213;128;-0.0667286744686102;0.22173966198859574;10.102.312.465.690.600;101.7;;;;
71;10;1380;204;1423;251;10.511.309.814.453.100;9.631.541.137.695.310;5.468.471.069.335.930;1401;227;1276;227;125;0.4204687408690188;0.23870458037754655;10.277.546.111.730.200;111.81;;;;
71;11;488;356;599;443;10.511.309.814.453.100;9.631.541.137.695.310;5.468.471.069.335.930;543;399;304;392;239;-0.2110246423395746;0.19965962206725474;0.4943346040968929;53.74;;;;
71;12;1264;187;1315;231;10.511.309.814.453.100;9.631.541.137.695.310;5.468.471.069.335.930;1289;209;1170;208;119;0.32869094101868984;0.23501554083610515;1.088.652.753.006.370;114.39;;;;
71;13;1222;243;1284;289;10.511.309.814.453.100;9.631.541.137.695.310;5.468.471.069.335.930;1253;266;1104;263;149;0.233508839843635;0.22746570103268274;0.8465004391891148;88.48;;;;
71;14;507;281;573;352;10.511.309.814.453.100;9.631.541.137.695.310;5.468.471.069.335.930;540;316;343;316;197;-0.2578426730433259;0.19842757178637765;0.6250131464604272;67.56;;;;
71;15;1457;299;1521;354;10.511.309.814.453.100;9.631.541.137.695.310;5.468.471.069.335.930;1489;326;1300;324;189;0.3339789771059028;0.21232698454775525;0.6482930938381448;73.27;;;;
71;16;1439;225;1490;266;10.511.309.814.453.100;9.631.541.137.695.310;5.468.471.069.335.930;1464;245;1326;245;138;0.4356597904821861;0.22977750532529073;0.9231085158369359;102.7;;;;
71;17;896;317;978;375;10.511.309.814.453.100;9.631.541.137.695.310;5.468.471.069.335.930;937;346;731;345;206;-0.01524036056470393;0.20489775220749715;0.5889660412661155;59.08;;;;
71;18;1136;257;1194;304;10.511.309.814.453.100;9.631.541.137.695.310;5.468.471.069.335.930;1165;280;1001;280;164;0.14774014068483743;0.21553527601538292;0.7639530016766183;78.22;;;;
71;19;570;267;633;323;10.511.309.814.453.100;9.631.541.137.695.310;5.468.471.069.335.930;601;295;420;294;181;-0.24018025501955134;0.203906839353242;0.6872265171216753;72.91;;;;
71;20;709;205;764;251;10.511.309.814.453.100;9.631.541.137.695.310;5.468.471.069.335.930;736;228;603;227;133;-0.20501772925999626;0.22512804053349061;0.9654835104127693;99.24;;;;
72;0;678;310;744;367;10.511.309.814.453.100;9.631.541.137.695.310;5.468.471.069.335.930;711;338;507;338;204;-0.14837418420614434;0.2028298147287105;0.5970939244836061;61.62;;;;
72;1;924;258;995;308;10.511.309.814.453.100;9.631.541.137.695.310;5.468.471.069.335.930;959;283;794;284;165;-0.0030221561226178232;0.21611912604730665;0.7582317196350119;76.26;;;;
72;2;1250;281;1324;349;10.511.309.814.453.100;9.631.541.137.695.310;5.468.471.069.335.930;1287;315;1108;311;179;0.217173988459811;0.21780041786679033;0.6881989349968358;72.68;;;;
72;3;845;238;904;287;10.511.309.814.453.100;9.631.541.137.695.310;5.468.471.069.335.930;874;262;718;263;156;-0.06860238945027783;0.21459334665914098;0.810055406962154;81.67;;;;
72;4;1315;267;1381;321;10.511.309.814.453.100;9.631.541.137.695.310;5.468.471.069.335.930;1348;294;1177;295;171;0.2701551132473836;0.21522328116477116;0.7277661936301327;78.04;;;;
72;5;1234;212;1284;251;10.511.309.814.453.100;9.631.541.137.695.310;5.468.471.069.335.930;1259;231;1132;230;127;0.27963032501933355;0.23821968442706343;10.096.791.208.638.500;105.56;;;;
72;6;1501;242;1552;294;10.511.309.814.453.100;9.631.541.137.695.310;5.468.471.069.335.930;1526;268;1375;268;151;0.4474402022582587;0.22582982212842118;0.8344935524219811;95.27;;;;
72;7;1020;184;1068;233;10.511.309.814.453.100;9.631.541.137.695.310;5.468.471.069.335.930;1044;208;926;208;118;0.08224289181169037;0.236126207760471;10.983.872.637.244.700;110.86;;;;
72;8;1085;199;1135;249;10.511.309.814.453.100;9.631.541.137.695.310;5.468.471.069.335.930;1110;224;983;223;127;0.13879714001630447;0.2324897796528388;10.129.872.829.276.800;102.93;;;;
72;9;1379;204;1424;252;10.511.309.814.453.100;9.631.541.137.695.310;5.468.471.069.335.930;1401;228;1275;227;126;0.41713168737005835;0.23763515389646234;10.191.214.832.134.700;110.86;;;;
72;10;866;190;917;234;10.511.309.814.453.100;9.631.541.137.695.310;5.468.471.069.335.930;891;212;764;213;127;-0.06819928626331546;0.22266708575416788;10.186.584.178.942.500;102.56;;;;
72;11;487;357;600;442;10.511.309.814.453.100;9.631.541.137.695.310;5.468.471.069.335.930;543;399;306;393;237;-0.21280544100910687;0.2013445133927168;0.49850620413146585;54.25;;;;
72;12;1224;243;1283;289;10.511.309.814.453.100;9.631.541.137.695.310;5.468.471.069.335.930;1253;266;1104;263;149;0.233508839843635;0.22746570103268274;0.8465004391891148;88.48;;;;
72;13;1264;186;1314;232;10.511.309.814.453.100;9.631.541.137.695.310;5.468.471.069.335.930;1289;209;1171;208;118;0.3314764574680008;0.23700719796183484;10.978.786.237.945.600;115.39;;;;
72;14;1456;299;1521;354;10.511.309.814.453.100;9.631.541.137.695.310;5.468.471.069.335.930;1488;326;1300;324;188;0.33511695558274823;0.21345638340173265;0.6517414613585605;73.66;;;;
72;15;505;280;574;353;10.511.309.814.453.100;9.631.541.137.695.310;5.468.471.069.335.930;539;316;342;316;197;-0.2584520081877876;0.19842757178637765;0.6250131464604272;67.59;;;;
72;16;896;317;978;375;10.511.309.814.453.100;9.631.541.137.695.310;5.468.471.069.335.930;937;346;731;345;206;-0.01524036056470393;0.20489775220749715;0.5889660412661155;59.08;;;;
72;17;1136;257;1193;304;10.511.309.814.453.100;9.631.541.137.695.310;5.468.471.069.335.930;1164;280;1001;280;163;0.1479100861892907;0.21685757832222577;0.7686398299077631;78.72;;;;
72;18;1438;226;1491;266;10.511.309.814.453.100;9.631.541.137.695.310;5.468.471.069.335.930;1464;246;1326;245;138;0.4356597904821861;0.23053081578732654;0.9226735918388962;102.68;;;;
72;19;711;204;763;251;10.511.309.814.453.100;9.631.541.137.695.310;5.468.471.069.335.930;737;227;603;227;134;-0.2025919325979145;0.22267218318800988;0.9587263163927445;98.48;;;;
72;20;570;267;633;322;10.511.309.814.453.100;9.631.541.137.695.310;5.468.471.069.335.930;601;294;420;294;181;-0.24018025501955134;0.20333249215014293;0.6875581166339928;72.92;;;;
73;0;925;258;995;307;10.511.309.814.453.100;9.631.541.137.695.310;5.468.471.069.335.930;960;282;794;284;166;-0.0022808237154998984;0.21419095755448592;0.7540256219970267;75.79;;;;
73;1;677;310;745;367;10.511.309.814.453.100;9.631.541.137.695.310;5.468.471.069.335.930;711;338;506;338;205;-0.14765040769782167;0.20184040099832654;0.594181271193442;61.29;;;;
73;2;845;238;903;288;10.511.309.814.453.100;9.631.541.137.695.310;5.468.471.069.335.930;874;263;718;262;156;-0.06860238945027783;0.21525973668324952;0.8096706665023495;81.65;;;;
73;3;1316;268;1381;321;10.511.309.814.453.100;9.631.541.137.695.310;5.468.471.069.335.930;1348;294;1177;295;171;0.2701551132473836;0.21522328116477116;0.7277661936301327;78.04;;;;
73;4;1251;283;1324;347;10.511.309.814.453.100;9.631.541.137.695.310;5.468.471.069.335.930;1287;315;1109;311;178;0.21839406704666392;0.21902401571997454;0.6920652211485037;73.12;;;;
73;5;1233;212;1284;251;10.511.309.814.453.100;9.631.541.137.695.310;5.468.471.069.335.930;1258;231;1132;230;126;0.2808969226507651;0.2401103168431512;10.176.924.472.199.100;106.41;;;;
73;6;1500;243;1551;293;10.511.309.814.453.100;9.631.541.137.695.310;5.468.471.069.335.930;1525;268;1374;268;151;0.4466452418380007;0.22582982212842118;0.8344935524219811;95.23;;;;
73;7;1020;184;1068;232;10.511.309.814.453.100;9.631.541.137.695.310;5.468.471.069.335.930;1044;208;926;208;118;0.08224289181169037;0.236126207760471;10.983.872.637.244.700;110.86;;;;
73;8;486;356;599;442;10.511.309.814.453.100;9.631.541.137.695.310;5.468.471.069.335.930;542;399;305;394;237;-0.2133119347789759;0.2013445133927168;0.49850620413146585;54.27;;;;
73;9;1086;200;1134;248;10.511.309.814.453.100;9.631.541.137.695.310;5.468.471.069.335.930;1110;224;983;223;127;0.13879714001630447;0.2324897796528388;10.129.872.829.276.800;102.93;;;;
73;10;1379;204;1423;252;10.511.309.814.453.100;9.631.541.137.695.310;5.468.471.069.335.930;1401;228;1276;227;125;0.4204687408690188;0.23953623512763406;10.272.744.550.791.800;111.78;;;;
73;11;896;317;979;375;10.511.309.814.453.100;9.631.541.137.695.310;5.468.471.069.335.930;937;346;731;345;206;-0.01524036056470393;0.20489775220749715;0.5889660412661155;59.08;;;;
73;12;1224;243;1284;289;10.511.309.814.453.100;9.631.541.137.695.310;5.468.471.069.335.930;1254;266;1103;263;151;0.23121096794808327;0.22445291029052802;0.8352885128422392;87.27;;;;
73;13;1264;187;1316;231;10.511.309.814.453.100;9.631.541.137.695.310;5.468.471.069.335.930;1290;209;1171;209;119;0.3296996723082609;0.23501554083610515;1.088.652.753.006.370;114.42;;;;
73;14;866;190;917;235;10.511.309.814.453.100;9.631.541.137.695.310;5.468.471.069.335.930;891;212;764;213;127;-0.06819928626331546;0.22266708575416788;10.186.584.178.942.500;102.56;;;;
73;15;1438;225;1491;267;10.511.309.814.453.100;9.631.541.137.695.310;5.468.471.069.335.930;1464;246;1326;245;138;0.4356597904821861;0.23053081578732654;0.9226735918388962;102.68;;;;
73;16;1135;257;1193;304;10.511.309.814.453.100;9.631.541.137.695.310;5.468.471.069.335.930;1164;280;1001;281;163;0.1479100861892907;0.21685757832222577;0.7686398299077631;78.72;;;;
73;17;1456;299;1521;354;10.511.309.814.453.100;9.631.541.137.695.310;5.468.471.069.335.930;1488;326;1300;324;188;0.33511695558274823;0.21345638340173265;0.6517414613585605;73.66;;;;
73;18;505;282;574;353;10.511.309.814.453.100;9.631.541.137.695.310;5.468.471.069.335.930;539;317;342;316;197;-0.2584520081877876;0.1989552715009002;0.6247084788881964;67.58;;;;
73;19;569;267;633;322;10.511.309.814.453.100;9.631.541.137.695.310;5.468.471.069.335.930;601;294;420;294;181;-0.24018025501955134;0.20333249215014293;0.6875581166339928;72.92;;;;
73;20;710;205;764;251;10.511.309.814.453.100;9.631.541.137.695.310;5.468.471.069.335.930;737;228;603;227;134;-0.2025919325979145;0.22344798052950937;0.9582784095887932;98.45;;;;
74;0;676;310;745;368;10.511.309.814.453.100;9.631.541.137.695.310;5.468.471.069.335.930;710;339;506;337;204;-0.14896261079172746;0.20333940710008763;0.5967997111908145;61.62;;;;
74;1;924;258;995;308;10.511.309.814.453.100;9.631.541.137.695.310;5.468.471.069.335.930;959;283;794;284;165;-0.0030221561226178232;0.21611912604730665;0.7582317196350119;76.26;;;;
74;2;845;238;904;288;10.511.309.814.453.100;9.631.541.137.695.310;5.468.471.069.335.930;874;263;718;263;156;-0.06860238945027783;0.21525973668324952;0.8096706665023495;81.65;;;;
74;3;1252;283;1324;347;10.511.309.814.453.100;9.631.541.137.695.310;5.468.471.069.335.930;1288;315;1108;311;180;0.21663434976536186;0.21659041554530817;0.6843756075801869;72.26;;;;
74;4;1315;268;1381;321;10.511.309.814.453.100;9.631.541.137.695.310;5.468.471.069.335.930;1348;294;1177;295;171;0.2701551132473836;0.21522328116477116;0.7277661936301327;78.04;;;;
74;5;1234;212;1284;251;10.511.309.814.453.100;9.631.541.137.695.310;5.468.471.069.335.930;1259;231;1131;230;128;0.27744571310512;0.23635859314247698;10.017.910.027.321.000;104.71;;;;
74;6;1500;242;1552;293;10.511.309.814.453.100;9.631.541.137.695.310;5.468.471.069.335.930;1526;267;1374;268;152;0.44449651671708595;0.22366017301072805;0.8293983284700567;94.63;;;;
74;7;1019;184;1068;233;10.511.309.814.453.100;9.631.541.137.695.310;5.468.471.069.335.930;1043;208;926;208;117;0.0819198479514573;0.23814438047637254;1.107.775.189.055.450;111.83;;;;
74;8;1085;199;1135;249;10.511.309.814.453.100;9.631.541.137.695.310;5.468.471.069.335.930;1110;224;983;223;127;0.13879714001630447;0.2324897796528388;10.129.872.829.276.800;102.93;;;;
74;9;487;357;599;442;10.511.309.814.453.100;9.631.541.137.695.310;5.468.471.069.335.930;543;399;305;393;238;-0.21191130050066526;0.20049852804232723;0.49641164024856055;53.99;;;;
74;10;865;191;918;234;10.511.309.814.453.100;9.631.541.137.695.310;5.468.471.069.335.930;891;212;764;213;127;-0.06819928626331546;0.22266708575416788;10.186.584.178.942.500;102.56;;;;
74;11;1224;243;1284;289;10.511.309.814.453.100;9.631.541.137.695.310;5.468.471.069.335.930;1254;266;1104;263;150;0.2327523744010705;0.22594926302579818;0.840857102927854;87.88;;;;
74;12;1379;204;1423;251;10.511.309.814.453.100;9.631.541.137.695.310;5.468.471.069.335.930;1401;227;1276;227;125;0.4204687408690188;0.23870458037754655;10.277.546.111.730.200;111.81;;;;
74;13;1136;257;1193;304;10.511.309.814.453.100;9.631.541.137.695.310;5.468.471.069.335.930;1164;280;1001;280;163;0.1479100861892907;0.21685757832222577;0.7686398299077631;78.72;;;;
74;14;1264;186;1315;232;10.511.309.814.453.100;9.631.541.137.695.310;5.468.471.069.335.930;1289;209;1170;209;119;0.32869094101868984;0.23501554083610515;1.088.652.753.006.370;114.39;;;;
74;15;506;281;574;352;10.511.309.814.453.100;9.631.541.137.695.310;5.468.471.069.335.930;540;316;341;316;199;-0.25525128939464925;0.19643332483375078;0.6187316073000209;66.83;;;;
74;16;1456;298;1521;355;10.511.309.814.453.100;9.631.541.137.695.310;5.468.471.069.335.930;1488;326;1300;325;188;0.33511695558274823;0.21345638340173265;0.6517414613585605;73.66;;;;
74;17;1438;225;1491;266;10.511.309.814.453.100;9.631.541.137.695.310;5.468.471.069.335.930;1464;245;1326;245;138;0.4356597904821861;0.22977750532529073;0.9231085158369359;102.7;;;;
74;18;896;317;979;376;10.511.309.814.453.100;9.631.541.137.695.310;5.468.471.069.335.930;937;346;731;345;206;-0.01524036056470393;0.20489775220749715;0.5889660412661155;59.08;;;;
74;19;711;205;763;250;10.511.309.814.453.100;9.631.541.137.695.310;5.468.471.069.335.930;737;227;603;227;134;-0.2025919325979145;0.22267218318800988;0.9587263163927445;98.48;;;;
74;20;569;268;633;323;10.511.309.814.453.100;9.631.541.137.695.310;5.468.471.069.335.930;601;295;420;294;181;-0.24018025501955134;0.203906839353242;0.6872265171216753;72.91;;;;
75;0;677;310;745;368;10.511.309.814.453.100;9.631.541.137.695.310;5.468.471.069.335.930;711;339;507;337;204;-0.14837418420614434;0.20333940710008763;0.5967997111908145;61.61;;;;
75;1;924;258;995;308;10.511.309.814.453.100;9.631.541.137.695.310;5.468.471.069.335.930;959;283;794;284;165;-0.0030221561226178232;0.21611912604730665;0.7582317196350119;76.26;;;;
75;2;1501;243;1551;293;10.511.309.814.453.100;9.631.541.137.695.310;5.468.471.069.335.930;1526;268;1374;268;152;0.44449651671708595;0.2243440996144184;0.8290034632613101;94.61;;;;
75;3;845;238;904;287;10.511.309.814.453.100;9.631.541.137.695.310;5.468.471.069.335.930;874;262;717;263;157;-0.06816543155569008;0.21322651005621654;0.8048958183827772;81.12;;;;
75;4;1314;267;1380;321;10.511.309.814.453.100;9.631.541.137.695.310;5.468.471.069.335.930;1347;294;1176;295;171;0.26945313065405635;0.21522328116477116;0.7277661936301327;78.01;;;;
75;5;1253;283;1323;347;10.511.309.814.453.100;9.631.541.137.695.310;5.468.471.069.335.930;1288;315;1108;311;180;0.21663434976536186;0.21659041554530817;0.6843756075801869;72.26;;;;
75;6;1020;184;1068;233;10.511.309.814.453.100;9.631.541.137.695.310;5.468.471.069.335.930;1044;208;925;208;119;0.08155177507377698;0.23414195391374437;10.891.571.186.511.500;109.9;;;;
75;7;1234;211;1284;251;10.511.309.814.453.100;9.631.541.137.695.310;5.468.471.069.335.930;1259;231;1132;230;127;0.27963032501933355;0.23821968442706343;10.096.791.208.638.500;105.56;;;;
75;8;1085;200;1135;248;10.511.309.814.453.100;9.631.541.137.695.310;5.468.471.069.335.930;1110;224;983;223;127;0.13879714001630447;0.2324897796528388;10.129.872.829.276.800;102.93;;;;
75;9;507;281;573;352;10.511.309.814.453.100;9.631.541.137.695.310;5.468.471.069.335.930;540;316;342;316;198;-0.25654043732088483;0.1974254123329111;0.6218565144075967;67.19;;;;
75;10;489;357;599;442;10.511.309.814.453.100;9.631.541.137.695.310;5.468.471.069.335.930;544;399;305;392;239;-0.21052238701129444;0.19965962206725474;0.4943346040968929;53.72;;;;
75;11;1380;204;1423;251;10.511.309.814.453.100;9.631.541.137.695.310;5.468.471.069.335.930;1401;227;1275;227;126;0.41713168737005835;0.23681009958089932;1.019.597.828.544.660;110.89;;;;
75;12;1265;187;1315;232;10.511.309.814.453.100;9.631.541.137.695.310;5.468.471.069.335.930;1290;209;1171;209;119;0.3296996723082609;0.23501554083610515;1.088.652.753.006.370;114.42;;;;
75;13;1458;299;1521;354;10.511.309.814.453.100;9.631.541.137.695.310;5.468.471.069.335.930;1489;326;1300;325;189;0.3339789771059028;0.21232698454775525;0.6482930938381448;73.27;;;;
75;14;865;191;918;234;10.511.309.814.453.100;9.631.541.137.695.310;5.468.471.069.335.930;891;212;764;213;127;-0.06819928626331546;0.22266708575416788;10.186.584.178.942.500;102.56;;;;
75;15;1224;243;1283;289;10.511.309.814.453.100;9.631.541.137.695.310;5.468.471.069.335.930;1253;266;1104;263;149;0.233508839843635;0.22746570103268274;0.8465004391891148;88.48;;;;
75;16;1438;224;1491;266;10.511.309.814.453.100;9.631.541.137.695.310;5.468.471.069.335.930;1464;245;1326;245;138;0.4356597904821861;0.22977750532529073;0.9231085158369359;102.7;;;;
75;17;1135;258;1194;304;10.511.309.814.453.100;9.631.541.137.695.310;5.468.471.069.335.930;1164;281;1001;280;163;0.1479100861892907;0.21749535036983883;0.7682716120443921;78.7;;;;
75;18;895;317;979;376;10.511.309.814.453.100;9.631.541.137.695.310;5.468.471.069.335.930;937;346;731;345;206;-0.01524036056470393;0.20489775220749715;0.5889660412661155;59.08;;;;
75;19;570;268;632;322;10.511.309.814.453.100;9.631.541.137.695.310;5.468.471.069.335.930;601;295;420;294;181;-0.24018025501955134;0.203906839353242;0.6872265171216753;72.91;;;;
75;20;709;205;764;251;10.511.309.814.453.100;9.631.541.137.695.310;5.468.471.069.335.930;736;228;603;227;133;-0.20501772925999626;0.22512804053349061;0.9654835104127693;99.24;;;;
76;0;678;310;745;367;10.511.309.814.453.100;9.631.541.137.695.310;5.468.471.069.335.930;711;338;506;337;205;-0.14765040769782167;0.20184040099832654;0.594181271193442;61.29;;;;
76;1;925;258;996;308;10.511.309.814.453.100;9.631.541.137.695.310;5.468.471.069.335.930;960;283;795;284;165;-0.002294646889533231;0.21611912604730665;0.7582317196350119;76.26;;;;
76;2;1314;267;1381;321;10.511.309.814.453.100;9.631.541.137.695.310;5.468.471.069.335.930;1347;294;1177;295;170;0.27103814906966844;0.2164893004657404;0.7320471712397217;78.5;;;;
76;3;845;237;903;288;10.511.309.814.453.100;9.631.541.137.695.310;5.468.471.069.335.930;874;262;718;262;156;-0.06860238945027783;0.21459334665914098;0.810055406962154;81.67;;;;
76;4;1253;282;1324;347;10.511.309.814.453.100;9.631.541.137.695.310;5.468.471.069.335.930;1288;314;1108;311;180;0.21663434976536186;0.21601287752441412;0.6847090493120173;72.28;;;;
76;5;1501;242;1552;293;10.511.309.814.453.100;9.631.541.137.695.310;5.468.471.069.335.930;1526;267;1374;267;152;0.44449651671708595;0.22366017301072805;0.8293983284700567;94.63;;;;
76;6;1020;185;1068;233;10.511.309.814.453.100;9.631.541.137.695.310;5.468.471.069.335.930;1044;209;926;208;118;0.08224289181169037;0.23700719796183484;10.978.786.237.945.600;110.83;;;;
76;7;1234;212;1284;251;10.511.309.814.453.100;9.631.541.137.695.310;5.468.471.069.335.930;1259;231;1132;230;127;0.27963032501933355;0.23821968442706343;10.096.791.208.638.500;105.56;;;;
76;8;1085;199;1134;248;10.511.309.814.453.100;9.631.541.137.695.310;5.468.471.069.335.930;1109;223;983;222;126;0.1389460139572358;0.23350988231864744;10.215.032.098.694.100;103.79;;;;
76;9;488;357;598;441;10.511.309.814.453.100;9.631.541.137.695.310;5.468.471.069.335.930;543;399;306;393;237;-0.21280544100910687;0.2013445133927168;0.49850620413146585;54.25;;;;
76;10;1380;203;1424;252;10.511.309.814.453.100;9.631.541.137.695.310;5.468.471.069.335.930;1402;227;1275;227;127;0.4147923750557977;0.23494545312750648;10.115.694.991.860.400;110.02;;;;
76;11;1264;186;1315;232;10.511.309.814.453.100;9.631.541.137.695.310;5.468.471.069.335.930;1289;209;1171;208;118;0.3314764574680008;0.23700719796183484;10.978.786.237.945.600;115.39;;;;
76;12;1224;243;1284;289;10.511.309.814.453.100;9.631.541.137.695.310;5.468.471.069.335.930;1254;266;1103;263;151;0.23121096794808327;0.22445291029052802;0.8352885128422392;87.27;;;;
76;13;866;190;917;234;10.511.309.814.453.100;9.631.541.137.695.310;5.468.471.069.335.930;891;212;764;213;127;-0.06819928626331546;0.22266708575416788;10.186.584.178.942.500;102.56;;;;
76;14;1456;298;1522;354;10.511.309.814.453.100;9.631.541.137.695.310;5.468.471.069.335.930;1489;326;1300;325;189;0.3339789771059028;0.21232698454775525;0.6482930938381448;73.27;;;;
76;15;1438;225;1491;266;10.511.309.814.453.100;9.631.541.137.695.310;5.468.471.069.335.930;1464;245;1326;245;138;0.4356597904821861;0.22977750532529073;0.9231085158369359;102.7;;;;
76;16;1136;256;1193;304;10.511.309.814.453.100;9.631.541.137.695.310;5.468.471.069.335.930;1164;280;1001;280;163;0.1479100861892907;0.21685757832222577;0.7686398299077631;78.72;;;;
76;17;507;281;574;352;10.511.309.814.453.100;9.631.541.137.695.310;5.468.471.069.335.930;540;316;341;317;199;-0.25525128939464925;0.19643332483375078;0.6187316073000209;66.83;;;;
76;18;896;316;979;376;10.511.309.814.453.100;9.631.541.137.695.310;5.468.471.069.335.930;937;346;732;346;205;-0.01531470378697078;0.2058972534377776;0.5918390463454624;59.41;;;;
76;19;710;205;763;250;10.511.309.814.453.100;9.631.541.137.695.310;5.468.471.069.335.930;736;227;603;227;133;-0.20501772925999626;0.22434641012927314;0.965934784937051;99.27;;;;
76;20;570;268;633;322;10.511.309.814.453.100;9.631.541.137.695.310;5.468.471.069.335.930;601;295;420;294;181;-0.24018025501955134;0.203906839353242;0.6872265171216753;72.91;;;;
77;0;924;258;995;308;10.511.309.814.453.100;9.631.541.137.695.310;5.468.471.069.335.930;959;283;795;284;164;-0.0030405839038532977;0.2174369255963756;0.7628550837791278;76.76;;;;
77;1;677;310;746;368;10.511.309.814.453.100;9.631.541.137.695.310;5.468.471.069.335.930;711;339;506;338;205;-0.14765040769782167;0.20234750755325792;0.5938884930874445;61.27;;;;
77;2;1252;283;1324;347;10.511.309.814.453.100;9.631.541.137.695.310;5.468.471.069.335.930;1288;315;1108;311;180;0.21663434976536186;0.21659041554530817;0.6843756075801869;72.26;;;;
77;3;845;238;904;288;10.511.309.814.453.100;9.631.541.137.695.310;5.468.471.069.335.930;874;263;717;263;157;-0.06816543155569008;0.21388865555787853;0.8045135284991499;81.09;;;;
77;4;1501;243;1552;293;10.511.309.814.453.100;9.631.541.137.695.310;5.468.471.069.335.930;1526;268;1374;267;152;0.44449651671708595;0.2243440996144184;0.8290034632613101;94.61;;;;
77;5;1315;269;1381;321;10.511.309.814.453.100;9.631.541.137.695.310;5.468.471.069.335.930;1348;295;1176;295;172;0.2685844439843174;0.21457638327288836;0.7231860441803675;77.54;;;;
77;6;1020;184;1068;233;10.511.309.814.453.100;9.631.541.137.695.310;5.468.471.069.335.930;1044;208;926;208;118;0.08224289181169037;0.236126207760471;10.983.872.637.244.700;110.86;;;;
77;7;1233;211;1284;251;10.511.309.814.453.100;9.631.541.137.695.310;5.468.471.069.335.930;1258;231;1132;230;126;0.2808969226507651;0.2401103168431512;10.176.924.472.199.100;106.41;;;;
77;8;1085;200;1134;248;10.511.309.814.453.100;9.631.541.137.695.310;5.468.471.069.335.930;1109;224;984;223;125;0.14005758206889368;0.23620961612728414;10.291.950.794.545.200;104.63;;;;
77;9;488;356;600;442;10.511.309.814.453.100;9.631.541.137.695.310;5.468.471.069.335.930;544;399;305;393;239;-0.21052238701129444;0.19965962206725474;0.4943346040968929;53.72;;;;
77;10;866;191;917;234;10.511.309.814.453.100;9.631.541.137.695.310;5.468.471.069.335.930;891;212;764;214;127;-0.06819928626331546;0.22266708575416788;10.186.584.178.942.500;102.56;;;;
77;11;1380;204;1424;251;10.511.309.814.453.100;9.631.541.137.695.310;5.468.471.069.335.930;1402;227;1276;227;126;0.41808437803243104;0.23681009958089932;1.019.597.828.544.660;110.93;;;;
77;12;1264;186;1315;232;10.511.309.814.453.100;9.631.541.137.695.310;5.468.471.069.335.930;1289;209;1171;209;118;0.3314764574680008;0.23700719796183484;10.978.786.237.945.600;115.39;;;;
77;13;1224;243;1283;289;10.511.309.814.453.100;9.631.541.137.695.310;5.468.471.069.335.930;1253;266;1103;263;150;0.23195211424467743;0.22594926302579818;0.840857102927854;87.86;;;;
77;14;896;317;979;375;10.511.309.814.453.100;9.631.541.137.695.310;5.468.471.069.335.930;937;346;732;346;205;-0.01531470378697078;0.2058972534377776;0.5918390463454624;59.41;;;;
77;15;1458;299;1521;354;10.511.309.814.453.100;9.631.541.137.695.310;5.468.471.069.335.930;1489;326;1300;325;189;0.3339789771059028;0.21232698454775525;0.6482930938381448;73.27;;;;
77;16;1438;226;1491;266;10.511.309.814.453.100;9.631.541.137.695.310;5.468.471.069.335.930;1464;246;1326;244;138;0.4356597904821861;0.23053081578732654;0.9226735918388962;102.68;;;;
77;17;506;281;573;352;10.511.309.814.453.100;9.631.541.137.695.310;5.468.471.069.335.930;539;316;342;316;197;-0.2584520081877876;0.19842757178637765;0.6250131464604272;67.59;;;;
77;18;1136;257;1193;304;10.511.309.814.453.100;9.631.541.137.695.310;5.468.471.069.335.930;1164;280;1001;281;163;0.1479100861892907;0.21685757832222577;0.7686398299077631;78.72;;;;
77;19;570;266;633;322;10.511.309.814.453.100;9.631.541.137.695.310;5.468.471.069.335.930;601;294;420;294;181;-0.24018025501955134;0.20333249215014293;0.6875581166339928;72.92;;;;
77;20;709;205;765;250;10.511.309.814.453.100;9.631.541.137.695.310;5.468.471.069.335.930;737;227;603;227;134;-0.2025919325979145;0.22267218318800988;0.9587263163927445;98.48;;;;
78;0;678;310;744;368;10.511.309.814.453.100;9.631.541.137.695.310;5.468.471.069.335.930;711;339;506;338;205;-0.14765040769782167;0.20234750755325792;0.5938884930874445;61.27;;;;
78;1;925;258;996;308;10.511.309.814.453.100;9.631.541.137.695.310;5.468.471.069.335.930;960;283;794;284;166;-0.0022808237154998984;0.21481720360123854;0.7536640586733552;75.77;;;;
78;2;845;238;903;288;10.511.309.814.453.100;9.631.541.137.695.310;5.468.471.069.335.930;874;263;718;262;156;-0.06860238945027783;0.21525973668324952;0.8096706665023495;81.65;;;;
78;3;1252;283;1324;347;10.511.309.814.453.100;9.631.541.137.695.310;5.468.471.069.335.930;1288;315;1109;311;179;0.21784459752941412;0.21780041786679033;0.6881989349968358;72.7;;;;
78;4;1316;268;1381;321;10.511.309.814.453.100;9.631.541.137.695.310;5.468.471.069.335.930;1348;294;1177;295;171;0.2701551132473836;0.21522328116477116;0.7277661936301327;78.04;;;;
78;5;1500;242;1552;293;10.511.309.814.453.100;9.631.541.137.695.310;5.468.471.069.335.930;1526;267;1373;267;153;0.441591310725471;0.22219834181457948;0.8239774243624093;93.98;;;;
78;6;1019;185;1068;232;10.511.309.814.453.100;9.631.541.137.695.310;5.468.471.069.335.930;1043;208;926;208;117;0.0819198479514573;0.23814438047637254;1.107.775.189.055.450;111.83;;;;
78;7;1234;212;1284;251;10.511.309.814.453.100;9.631.541.137.695.310;5.468.471.069.335.930;1259;231;1132;230;127;0.27963032501933355;0.23821968442706343;10.096.791.208.638.500;105.56;;;;
78;8;1085;199;1135;249;10.511.309.814.453.100;9.631.541.137.695.310;5.468.471.069.335.930;1110;224;983;223;127;0.13879714001630447;0.2324897796528388;10.129.872.829.276.800;102.93;;;;
78;9;1379;204;1423;251;10.511.309.814.453.100;9.631.541.137.695.310;5.468.471.069.335.930;1401;227;1276;227;125;0.4204687408690188;0.23870458037754655;10.277.546.111.730.200;111.81;;;;
78;10;488;357;599;441;10.511.309.814.453.100;9.631.541.137.695.310;5.468.471.069.335.930;543;399;305;392;238;-0.21191130050066526;0.20049852804232723;0.49641164024856055;53.99;;;;
78;11;866;190;918;234;10.511.309.814.453.100;9.631.541.137.695.310;5.468.471.069.335.930;892;212;764;213;128;-0.0667286744686102;0.22092749914671345;10.107.001.490.044.500;101.72;;;;
78;12;1223;243;1283;289;10.511.309.814.453.100;9.631.541.137.695.310;5.468.471.069.335.930;1253;266;1104;263;149;0.233508839843635;0.22746570103268274;0.8465004391891148;88.48;;;;
78;13;1456;299;1521;355;10.511.309.814.453.100;9.631.541.137.695.310;5.468.471.069.335.930;1488;327;1300;325;188;0.33511695558274823;0.21400934533663124;0.6514222086365952;73.65;;;;
78;14;506;281;574;352;10.511.309.814.453.100;9.631.541.137.695.310;5.468.471.069.335.930;540;316;343;316;197;-0.2578426730433259;0.19842757178637765;0.6250131464604272;67.56;;;;
78;15;1264;187;1315;232;10.511.309.814.453.100;9.631.541.137.695.310;5.468.471.069.335.930;1289;209;1171;208;118;0.3314764574680008;0.23700719796183484;10.978.786.237.945.600;115.39;;;;
78;16;1438;224;1491;267;10.511.309.814.453.100;9.631.541.137.695.310;5.468.471.069.335.930;1464;245;1326;245;138;0.4356597904821861;0.22977750532529073;0.9231085158369359;102.7;;;;
78;17;896;317;978;375;10.511.309.814.453.100;9.631.541.137.695.310;5.468.471.069.335.930;937;346;731;346;206;-0.01524036056470393;0.20489775220749715;0.5889660412661155;59.08;;;;
78;18;1136;257;1193;304;10.511.309.814.453.100;9.631.541.137.695.310;5.468.471.069.335.930;1164;280;1001;280;163;0.1479100861892907;0.21685757832222577;0.7686398299077631;78.72;;;;
78;19;711;205;763;250;10.511.309.814.453.100;9.631.541.137.695.310;5.468.471.069.335.930;737;227;603;227;134;-0.2025919325979145;0.22267218318800988;0.9587263163927445;98.48;;;;
78;20;569;267;633;322;10.511.309.814.453.100;9.631.541.137.695.310;5.468.471.069.335.930;601;294;420;294;181;-0.24018025501955134;0.20333249215014293;0.6875581166339928;72.92;;;;
79;0;677;310;745;368;10.511.309.814.453.100;9.631.541.137.695.310;5.468.471.069.335.930;711;339;506;337;205;-0.14765040769782167;0.20234750755325792;0.5938884930874445;61.27;;;;
79;1;924;259;995;308;10.511.309.814.453.100;9.631.541.137.695.310;5.468.471.069.335.930;959;283;795;283;164;-0.0030405839038532977;0.2174369255963756;0.7628550837791278;76.76;;;;
79;2;1501;243;1551;293;10.511.309.814.453.100;9.631.541.137.695.310;5.468.471.069.335.930;1526;268;1374;268;152;0.44449651671708595;0.2243440996144184;0.8290034632613101;94.61;;;;
79;3;845;239;904;288;10.511.309.814.453.100;9.631.541.137.695.310;5.468.471.069.335.930;874;263;718;262;156;-0.06860238945027783;0.21525973668324952;0.8096706665023495;81.65;;;;
79;4;1314;268;1380;321;10.511.309.814.453.100;9.631.541.137.695.310;5.468.471.069.335.930;1347;294;1177;295;170;0.27103814906966844;0.2164893004657404;0.7320471712397217;78.5;;;;
79;5;1252;283;1323;347;10.511.309.814.453.100;9.631.541.137.695.310;5.468.471.069.335.930;1287;315;1108;311;179;0.217173988459811;0.21780041786679033;0.6881989349968358;72.68;;;;
79;6;1019;185;1068;233;10.511.309.814.453.100;9.631.541.137.695.310;5.468.471.069.335.930;1043;209;926;208;117;0.0819198479514573;0.23903290050851722;11.072.622.017.757.100;111.8;;;;
79;7;1233;212;1284;251;10.511.309.814.453.100;9.631.541.137.695.310;5.468.471.069.335.930;1258;231;1131;230;127;0.2786851358582394;0.23821968442706343;10.096.791.208.638.500;105.54;;;;
79;8;1085;199;1135;248;10.511.309.814.453.100;9.631.541.137.695.310;5.468.471.069.335.930;1110;223;983;222;127;0.13879714001630447;0.23167122182794953;10.134.598.775.082.300;102.96;;;;
79;9;488;357;599;442;10.511.309.814.453.100;9.631.541.137.695.310;5.468.471.069.335.930;543;399;304;394;239;-0.2110246423395746;0.19965962206725474;0.4943346040968929;53.74;;;;
79;10;866;191;918;234;10.511.309.814.453.100;9.631.541.137.695.310;5.468.471.069.335.930;892;212;764;213;128;-0.0667286744686102;0.22092749914671345;10.107.001.490.044.500;101.72;;;;
79;11;1379;203;1424;251;10.511.309.814.453.100;9.631.541.137.695.310;5.468.471.069.335.930;1401;227;1275;228;126;0.41713168737005835;0.23681009958089932;1.019.597.828.544.660;110.89;;;;
79;12;1224;243;1284;289;10.511.309.814.453.100;9.631.541.137.695.310;5.468.471.069.335.930;1254;266;1104;263;150;0.2327523744010705;0.22594926302579818;0.840857102927854;87.88;;;;
79;13;1264;187;1315;232;10.511.309.814.453.100;9.631.541.137.695.310;5.468.471.069.335.930;1289;209;1171;208;118;0.3314764574680008;0.23700719796183484;10.978.786.237.945.600;115.39;;;;
79;14;1457;298;1521;354;10.511.309.814.453.100;9.631.541.137.695.310;5.468.471.069.335.930;1489;326;1300;325;189;0.3339789771059028;0.21232698454775525;0.6482930938381448;73.27;;;;
79;15;1438;225;1491;267;10.511.309.814.453.100;9.631.541.137.695.310;5.468.471.069.335.930;1464;246;1326;245;138;0.4356597904821861;0.23053081578732654;0.9226735918388962;102.68;;;;
79;16;506;281;573;352;10.511.309.814.453.100;9.631.541.137.695.310;5.468.471.069.335.930;539;316;341;316;198;-0.257146695015122;0.1974254123329111;0.6218565144075967;67.22;;;;
79;17;895;318;979;375;10.511.309.814.453.100;9.631.541.137.695.310;5.468.471.069.335.930;937;346;732;345;205;-0.01531470378697078;0.2058972534377776;0.5918390463454624;59.41;;;;
79;18;1136;258;1193;304;10.511.309.814.453.100;9.631.541.137.695.310;5.468.471.069.335.930;1164;281;1001;281;163;0.1479100861892907;0.21749535036983883;0.7682716120443921;78.7;;;;
79;19;569;268;633;323;10.511.309.814.453.100;9.631.541.137.695.310;5.468.471.069.335.930;601;295;420;294;181;-0.24018025501955134;0.203906839353242;0.6872265171216753;72.91;;;;
79;20;708;205;766;250;10.511.309.814.453.100;9.631.541.137.695.310;5.468.471.069.335.930;737;227;603;227;134;-0.2025919325979145;0.22267218318800988;0.9587263163927445;98.48;;;;
80;0;677;311;746;368;10.511.309.814.453.100;9.631.541.137.695.310;5.468.471.069.335.930;711;339;506;338;205;-0.14765040769782167;0.20234750755325792;0.5938884930874445;61.27;;;;
80;1;925;258;995;308;10.511.309.814.453.100;9.631.541.137.695.310;5.468.471.069.335.930;960;283;794;284;166;-0.0022808237154998984;0.21481720360123854;0.7536640586733552;75.77;;;;
80;2;845;239;903;288;10.511.309.814.453.100;9.631.541.137.695.310;5.468.471.069.335.930;874;263;717;263;157;-0.06816543155569008;0.21388865555787853;0.8045135284991499;81.09;;;;
80;3;1252;282;1324;347;10.511.309.814.453.100;9.631.541.137.695.310;5.468.471.069.335.930;1288;314;1108;311;180;0.21663434976536186;0.21601287752441412;0.6847090493120173;72.28;;;;
80;4;1315;268;1381;321;10.511.309.814.453.100;9.631.541.137.695.310;5.468.471.069.335.930;1348;294;1177;295;171;0.2701551132473836;0.21522328116477116;0.7277661936301327;78.04;;;;
80;5;1233;212;1284;251;10.511.309.814.453.100;9.631.541.137.695.310;5.468.471.069.335.930;1258;231;1132;230;126;0.2808969226507651;0.2401103168431512;10.176.924.472.199.100;106.41;;;;
80;6;1500;243;1552;293;10.511.309.814.453.100;9.631.541.137.695.310;5.468.471.069.335.930;1526;268;1373;267;153;0.441591310725471;0.222877798309749;0.8235851399720205;93.97;;;;
80;7;1020;185;1067;232;10.511.309.814.453.100;9.631.541.137.695.310;5.468.471.069.335.930;1043;208;926;207;117;0.0819198479514573;0.23814438047637254;1.107.775.189.055.450;111.83;;;;
80;8;1085;200;1135;248;10.511.309.814.453.100;9.631.541.137.695.310;5.468.471.069.335.930;1110;224;983;223;127;0.13879714001630447;0.2324897796528388;10.129.872.829.276.800;102.93;;;;
80;9;487;356;599;442;10.511.309.814.453.100;9.631.541.137.695.310;5.468.471.069.335.930;543;399;306;392;237;-0.21280544100910687;0.2013445133927168;0.49850620413146585;54.25;;;;
80;10;866;190;917;234;10.511.309.814.453.100;9.631.541.137.695.310;5.468.471.069.335.930;891;212;764;213;127;-0.06819928626331546;0.22266708575416788;10.186.584.178.942.500;102.56;;;;
80;11;1224;243;1283;289;10.511.309.814.453.100;9.631.541.137.695.310;5.468.471.069.335.930;1253;266;1104;263;149;0.233508839843635;0.22746570103268274;0.8465004391891148;88.48;;;;
80;12;1379;204;1424;252;10.511.309.814.453.100;9.631.541.137.695.310;5.468.471.069.335.930;1401;228;1275;226;126;0.41713168737005835;0.23763515389646234;10.191.214.832.134.700;110.86;;;;
80;13;1264;188;1315;232;10.511.309.814.453.100;9.631.541.137.695.310;5.468.471.069.335.930;1289;210;1172;209;117;0.3343095895831119;0.239921420540662;11.067.492.144.959.700;116.37;;;;
80;14;1437;224;1491;266;10.511.309.814.453.100;9.631.541.137.695.310;5.468.471.069.335.930;1464;245;1326;245;138;0.4356597904821861;0.22977750532529073;0.9231085158369359;102.7;;;;
80;15;1136;257;1192;303;10.511.309.814.453.100;9.631.541.137.695.310;5.468.471.069.335.930;1164;280;1001;280;163;0.1479100861892907;0.21685757832222577;0.7686398299077631;78.72;;;;
80;16;1457;298;1521;354;10.511.309.814.453.100;9.631.541.137.695.310;5.468.471.069.335.930;1489;326;1300;324;189;0.3339789771059028;0.21232698454775525;0.6482930938381448;73.27;;;;
80;17;896;317;979;375;10.511.309.814.453.100;9.631.541.137.695.310;5.468.471.069.335.930;937;346;731;345;206;-0.01524036056470393;0.20489775220749715;0.5889660412661155;59.08;;;;
80;18;506;281;574;352;10.511.309.814.453.100;9.631.541.137.695.310;5.468.471.069.335.930;540;316;341;316;199;-0.25525128939464925;0.19643332483375078;0.6187316073000209;66.83;;;;
80;19;709;205;765;250;10.511.309.814.453.100;9.631.541.137.695.310;5.468.471.069.335.930;737;227;603;227;134;-0.2025919325979145;0.22267218318800988;0.9587263163927445;98.48;;;;
80;20;570;268;633;322;10.511.309.814.453.100;9.631.541.137.695.310;5.468.471.069.335.930;601;295;420;293;181;-0.24018025501955134;0.203906839353242;0.6872265171216753;72.91;;;;
81;0;678;310;745;368;10.511.309.814.453.100;9.631.541.137.695.310;5.468.471.069.335.930;711;339;506;338;205;-0.14765040769782167;0.20234750755325792;0.5938884930874445;61.27;;;;
81;1;924;258;995;308;10.511.309.814.453.100;9.631.541.137.695.310;5.468.471.069.335.930;959;283;794;284;165;-0.0030221561226178232;0.21611912604730665;0.7582317196350119;76.26;;;;
81;2;1252;282;1324;347;10.511.309.814.453.100;9.631.541.137.695.310;5.468.471.069.335.930;1288;314;1109;311;179;0.21784459752941412;0.21721965337650578;0.6885342395316374;72.71;;;;
81;3;1315;268;1381;321;10.511.309.814.453.100;9.631.541.137.695.310;5.468.471.069.335.930;1348;294;1177;295;171;0.2701551132473836;0.21522328116477116;0.7277661936301327;78.04;;;;
81;4;845;238;904;287;10.511.309.814.453.100;9.631.541.137.695.310;5.468.471.069.335.930;874;262;718;263;156;-0.06860238945027783;0.21459334665914098;0.810055406962154;81.67;;;;
81;5;1019;184;1068;233;10.511.309.814.453.100;9.631.541.137.695.310;5.468.471.069.335.930;1043;208;926;208;117;0.0819198479514573;0.23814438047637254;1.107.775.189.055.450;111.83;;;;
81;6;1233;212;1284;251;10.511.309.814.453.100;9.631.541.137.695.310;5.468.471.069.335.930;1258;231;1132;230;126;0.2808969226507651;0.2401103168431512;10.176.924.472.199.100;106.41;;;;
81;7;1501;242;1551;293;10.511.309.814.453.100;9.631.541.137.695.310;5.468.471.069.335.930;1526;267;1374;268;152;0.44449651671708595;0.22366017301072805;0.8293983284700567;94.63;;;;
81;8;1085;199;1135;248;10.511.309.814.453.100;9.631.541.137.695.310;5.468.471.069.335.930;1110;223;983;223;127;0.13879714001630447;0.23167122182794953;10.134.598.775.082.300;102.96;;;;
81;9;1379;204;1424;251;10.511.309.814.453.100;9.631.541.137.695.310;5.468.471.069.335.930;1401;227;1276;227;125;0.4204687408690188;0.23870458037754655;10.277.546.111.730.200;111.81;;;;
81;10;866;191;918;234;10.511.309.814.453.100;9.631.541.137.695.310;5.468.471.069.335.930;892;212;765;213;127;-0.0672540971022213;0.22266708575416788;10.186.584.178.942.500;102.56;;;;
81;11;1265;187;1315;231;10.511.309.814.453.100;9.631.541.137.695.310;5.468.471.069.335.930;1290;209;1172;208;118;0.3324937373278225;0.23700719796183484;10.978.786.237.945.600;115.41;;;;
81;12;1136;258;1193;304;10.511.309.814.453.100;9.631.541.137.695.310;5.468.471.069.335.930;1164;281;1001;280;163;0.1479100861892907;0.21749535036983883;0.7682716120443921;78.7;;;;
81;13;1223;244;1282;289;10.511.309.814.453.100;9.631.541.137.695.310;5.468.471.069.335.930;1252;266;1104;264;148;0.2342755277921801;0.22900263144506575;0.8522200367512034;89.08;;;;
81;14;488;357;599;442;10.511.309.814.453.100;9.631.541.137.695.310;5.468.471.069.335.930;543;399;304;395;239;-0.2110246423395746;0.19965962206725474;0.4943346040968929;53.74;;;;
81;15;1457;298;1521;354;10.511.309.814.453.100;9.631.541.137.695.310;5.468.471.069.335.930;1489;326;1300;324;189;0.3339789771059028;0.21232698454775525;0.6482930938381448;73.27;;;;
81;16;1438;225;1491;266;10.511.309.814.453.100;9.631.541.137.695.310;5.468.471.069.335.930;1464;245;1326;246;138;0.4356597904821861;0.22977750532529073;0.9231085158369359;102.7;;;;
81;17;505;281;574;352;10.511.309.814.453.100;9.631.541.137.695.310;5.468.471.069.335.930;539;316;342;316;197;-0.2584520081877876;0.19842757178637765;0.6250131464604272;67.59;;;;
81;18;896;317;979;375;10.511.309.814.453.100;9.631.541.137.695.310;5.468.471.069.335.930;937;346;731;346;206;-0.01524036056470393;0.20489775220749715;0.5889660412661155;59.08;;;;
81;19;570;268;633;322;10.511.309.814.453.100;9.631.541.137.695.310;5.468.471.069.335.930;601;295;420;294;181;-0.24018025501955134;0.203906839353242;0.6872265171216753;72.91;;;;
81;20;709;205;765;250;10.511.309.814.453.100;9.631.541.137.695.310;5.468.471.069.335.930;737;227;604;227;133;-0.20411518021143268;0.22434641012927314;0.965934784937051;99.25;;;;
82;0;678;310;745;368;10.511.309.814.453.100;9.631.541.137.695.310;5.468.471.069.335.930;711;339;506;337;205;-0.14765040769782167;0.20234750755325792;0.5938884930874445;61.27;;;;
82;1;924;258;995;308;10.511.309.814.453.100;9.631.541.137.695.310;5.468.471.069.335.930;959;283;795;284;164;-0.0030405839038532977;0.2174369255963756;0.7628550837791278;76.76;;;;
82;2;1251;283;1323;348;10.511.309.814.453.100;9.631.541.137.695.310;5.468.471.069.335.930;1287;315;1108;311;179;0.217173988459811;0.21780041786679033;0.6881989349968358;72.68;;;;
82;3;845;238;904;288;10.511.309.814.453.100;9.631.541.137.695.310;5.468.471.069.335.930;874;263;717;262;157;-0.06816543155569008;0.21388865555787853;0.8045135284991499;81.09;;;;
82;4;1316;268;1381;321;10.511.309.814.453.100;9.631.541.137.695.310;5.468.471.069.335.930;1348;294;1177;295;171;0.2701551132473836;0.21522328116477116;0.7277661936301327;78.04;;;;
82;5;1020;185;1068;233;10.511.309.814.453.100;9.631.541.137.695.310;5.468.471.069.335.930;1044;209;926;208;118;0.08224289181169037;0.23700719796183484;10.978.786.237.945.600;110.83;;;;
82;6;1501;242;1551;293;10.511.309.814.453.100;9.631.541.137.695.310;5.468.471.069.335.930;1526;267;1374;267;152;0.44449651671708595;0.22366017301072805;0.8293983284700567;94.63;;;;
82;7;1233;211;1284;251;10.511.309.814.453.100;9.631.541.137.695.310;5.468.471.069.335.930;1258;231;1132;230;126;0.2808969226507651;0.2401103168431512;10.176.924.472.199.100;106.41;;;;
82;8;1086;199;1134;249;10.511.309.814.453.100;9.631.541.137.695.310;5.468.471.069.335.930;1110;224;983;222;127;0.13879714001630447;0.2324897796528388;10.129.872.829.276.800;102.93;;;;
82;9;1379;203;1424;252;10.511.309.814.453.100;9.631.541.137.695.310;5.468.471.069.335.930;1401;227;1275;227;126;0.41713168737005835;0.23681009958089932;1.019.597.828.544.660;110.89;;;;
82;10;488;357;599;442;10.511.309.814.453.100;9.631.541.137.695.310;5.468.471.069.335.930;543;399;306;393;237;-0.21280544100910687;0.2013445133927168;0.49850620413146585;54.25;;;;
82;11;1265;186;1315;232;10.511.309.814.453.100;9.631.541.137.695.310;5.468.471.069.335.930;1290;209;1171;209;119;0.3296996723082609;0.23501554083610515;1.088.652.753.006.370;114.42;;;;
82;12;1224;243;1284;289;10.511.309.814.453.100;9.631.541.137.695.310;5.468.471.069.335.930;1254;266;1104;263;150;0.2327523744010705;0.22594926302579818;0.840857102927854;87.88;;;;
82;13;865;190;918;234;10.511.309.814.453.100;9.631.541.137.695.310;5.468.471.069.335.930;891;212;764;213;127;-0.06819928626331546;0.22266708575416788;10.186.584.178.942.500;102.56;;;;
82;14;1456;299;1521;355;10.511.309.814.453.100;9.631.541.137.695.310;5.468.471.069.335.930;1488;327;1301;325;187;0.33690902486393937;0.21515378033843138;0.6549057498592507;74.07;;;;
82;15;506;281;574;353;10.511.309.814.453.100;9.631.541.137.695.310;5.468.471.069.335.930;540;317;341;316;199;-0.25525128939464925;0.19695572103355447;0.6184300017134406;66.81;;;;
82;16;1438;225;1491;266;10.511.309.814.453.100;9.631.541.137.695.310;5.468.471.069.335.930;1464;245;1326;245;138;0.4356597904821861;0.22977750532529073;0.9231085158369359;102.7;;;;
82;17;896;317;979;376;10.511.309.814.453.100;9.631.541.137.695.310;5.468.471.069.335.930;937;346;731;345;206;-0.01524036056470393;0.20489775220749715;0.5889660412661155;59.08;;;;
82;18;1136;257;1193;304;10.511.309.814.453.100;9.631.541.137.695.310;5.468.471.069.335.930;1164;280;1001;281;163;0.1479100861892907;0.21685757832222577;0.7686398299077631;78.72;;;;
82;19;569;267;634;322;10.511.309.814.453.100;9.631.541.137.695.310;5.468.471.069.335.930;601;294;421;294;180;-0.24151458976965995;0.2044621171065326;0.6913778839486261;73.36;;;;
82;20;709;204;765;251;10.511.309.814.453.100;9.631.541.137.695.310;5.468.471.069.335.930;737;227;603;227;134;-0.2025919325979145;0.22267218318800988;0.9587263163927445;98.48;;;;
83;0;677;309;745;368;10.511.309.814.453.100;9.631.541.137.695.310;5.468.471.069.335.930;711;338;507;337;204;-0.14837418420614434;0.2028298147287105;0.5970939244836061;61.62;;;;
83;1;925;258;996;308;10.511.309.814.453.100;9.631.541.137.695.310;5.468.471.069.335.930;960;283;794;284;166;-0.0022808237154998984;0.21481720360123854;0.7536640586733552;75.77;;;;
83;2;1501;242;1551;293;10.511.309.814.453.100;9.631.541.137.695.310;5.468.471.069.335.930;1526;267;1373;267;153;0.441591310725471;0.22219834181457948;0.8239774243624093;93.98;;;;
83;3;845;238;903;287;10.511.309.814.453.100;9.631.541.137.695.310;5.468.471.069.335.930;874;262;717;262;157;-0.06816543155569008;0.21322651005621654;0.8048958183827772;81.12;;;;
83;4;1316;268;1381;321;10.511.309.814.453.100;9.631.541.137.695.310;5.468.471.069.335.930;1348;294;1177;295;171;0.2701551132473836;0.21522328116477116;0.7277661936301327;78.04;;;;
83;5;1252;283;1324;348;10.511.309.814.453.100;9.631.541.137.695.310;5.468.471.069.335.930;1288;315;1108;311;180;0.21663434976536186;0.21659041554530817;0.6843756075801869;72.26;;;;
83;6;1020;184;1068;233;10.511.309.814.453.100;9.631.541.137.695.310;5.468.471.069.335.930;1044;208;926;209;118;0.08224289181169037;0.236126207760471;10.983.872.637.244.700;110.86;;;;
83;7;1233;212;1284;251;10.511.309.814.453.100;9.631.541.137.695.310;5.468.471.069.335.930;1258;231;1132;230;126;0.2808969226507651;0.2401103168431512;10.176.924.472.199.100;106.41;;;;
83;8;488;356;601;442;10.511.309.814.453.100;9.631.541.137.695.310;5.468.471.069.335.930;544;399;306;392;238;-0.21140693485587972;0.20049852804232723;0.49641164024856055;53.97;;;;
83;9;1085;199;1134;249;10.511.309.814.453.100;9.631.541.137.695.310;5.468.471.069.335.930;1109;224;984;223;125;0.14005758206889368;0.23620961612728414;10.291.950.794.545.200;104.63;;;;
83;10;1379;204;1423;251;10.511.309.814.453.100;9.631.541.137.695.310;5.468.471.069.335.930;1401;227;1275;227;126;0.41713168737005835;0.23681009958089932;1.019.597.828.544.660;110.89;;;;
83;11;1265;187;1315;232;10.511.309.814.453.100;9.631.541.137.695.310;5.468.471.069.335.930;1290;209;1171;208;119;0.3296996723082609;0.23501554083610515;1.088.652.753.006.370;114.42;;;;
83;12;866;190;917;235;10.511.309.814.453.100;9.631.541.137.695.310;5.468.471.069.335.930;891;212;764;213;127;-0.06819928626331546;0.22266708575416788;10.186.584.178.942.500;102.56;;;;
83;13;1438;224;1491;266;10.511.309.814.453.100;9.631.541.137.695.310;5.468.471.069.335.930;1464;245;1326;245;138;0.4356597904821861;0.22977750532529073;0.9231085158369359;102.7;;;;
83;14;1223;243;1283;289;10.511.309.814.453.100;9.631.541.137.695.310;5.468.471.069.335.930;1253;266;1104;264;149;0.233508839843635;0.22746570103268274;0.8465004391891148;88.48;;;;
83;15;1458;298;1521;354;10.511.309.814.453.100;9.631.541.137.695.310;5.468.471.069.335.930;1489;326;1300;324;189;0.3339789771059028;0.21232698454775525;0.6482930938381448;73.27;;;;
83;16;507;281;573;353;10.511.309.814.453.100;9.631.541.137.695.310;5.468.471.069.335.930;540;317;343;316;197;-0.2578426730433259;0.1989552715009002;0.6247084788881964;67.55;;;;
83;17;1136;257;1194;304;10.511.309.814.453.100;9.631.541.137.695.310;5.468.471.069.335.930;1165;280;1001;280;164;0.14774014068483743;0.21553527601538292;0.7639530016766183;78.22;;;;
83;18;896;317;979;376;10.511.309.814.453.100;9.631.541.137.695.310;5.468.471.069.335.930;937;346;731;345;206;-0.01524036056470393;0.20489775220749715;0.5889660412661155;59.08;;;;
83;19;570;267;632;322;10.511.309.814.453.100;9.631.541.137.695.310;5.468.471.069.335.930;601;294;420;294;181;-0.24018025501955134;0.20333249215014293;0.6875581166339928;72.92;;;;
83;20;710;204;764;250;10.511.309.814.453.100;9.631.541.137.695.310;5.468.471.069.335.930;737;227;603;227;134;-0.2025919325979145;0.22267218318800988;0.9587263163927445;98.48;;;;
84;0;924;259;996;308;10.511.309.814.453.100;9.631.541.137.695.310;5.468.471.069.335.930;960;283;794;284;166;-0.0022808237154998984;0.21481720360123854;0.7536640586733552;75.77;;;;
84;1;676;310;747;368;10.511.309.814.453.100;9.631.541.137.695.310;5.468.471.069.335.930;711;339;506;338;205;-0.14765040769782167;0.20234750755325792;0.5938884930874445;61.27;;;;
84;2;1501;243;1551;293;10.511.309.814.453.100;9.631.541.137.695.310;5.468.471.069.335.930;1526;268;1374;267;152;0.44449651671708595;0.2243440996144184;0.8290034632613101;94.61;;;;
84;3;845;238;904;288;10.511.309.814.453.100;9.631.541.137.695.310;5.468.471.069.335.930;874;263;717;263;157;-0.06816543155569008;0.21388865555787853;0.8045135284991499;81.09;;;;
84;4;1251;282;1324;348;10.511.309.814.453.100;9.631.541.137.695.310;5.468.471.069.335.930;1287;315;1108;311;179;0.217173988459811;0.21780041786679033;0.6881989349968358;72.68;;;;
84;5;1315;268;1381;321;10.511.309.814.453.100;9.631.541.137.695.310;5.468.471.069.335.930;1348;294;1176;296;172;0.2685844439843174;0.21397198301846435;0.7235349948299575;77.55;;;;
84;6;1019;185;1068;233;10.511.309.814.453.100;9.631.541.137.695.310;5.468.471.069.335.930;1043;209;926;209;117;0.0819198479514573;0.23903290050851722;11.072.622.017.757.100;111.8;;;;
84;7;1233;212;1284;251;10.511.309.814.453.100;9.631.541.137.695.310;5.468.471.069.335.930;1258;231;1132;230;126;0.2808969226507651;0.2401103168431512;10.176.924.472.199.100;106.41;;;;
84;8;1085;199;1135;248;10.511.309.814.453.100;9.631.541.137.695.310;5.468.471.069.335.930;1110;223;983;223;127;0.13879714001630447;0.23167122182794953;10.134.598.775.082.300;102.96;;;;
84;9;1379;204;1424;252;10.511.309.814.453.100;9.631.541.137.695.310;5.468.471.069.335.930;1401;228;1275;227;126;0.41713168737005835;0.23763515389646234;10.191.214.832.134.700;110.86;;;;
84;10;865;191;917;234;10.511.309.814.453.100;9.631.541.137.695.310;5.468.471.069.335.930;891;212;765;214;126;-0.06874055044000844;0.22443428484745487;102.674.300.851.246;103.41;;;;
84;11;488;357;601;443;10.511.309.814.453.100;9.631.541.137.695.310;5.468.471.069.335.930;544;400;305;393;239;-0.21052238701129444;0.20009458794073143;0.4940834764327528;53.71;;;;
84;12;1264;187;1315;232;10.511.309.814.453.100;9.631.541.137.695.310;5.468.471.069.335.930;1289;209;1171;208;118;0.3314764574680008;0.23700719796183484;10.978.786.237.945.600;115.39;;;;
84;13;1224;243;1284;289;10.511.309.814.453.100;9.631.541.137.695.310;5.468.471.069.335.930;1254;266;1104;263;150;0.2327523744010705;0.22594926302579818;0.840857102927854;87.88;;;;
84;14;1456;298;1521;354;10.511.309.814.453.100;9.631.541.137.695.310;5.468.471.069.335.930;1488;326;1300;324;188;0.33511695558274823;0.21345638340173265;0.6517414613585605;73.66;;;;
84;15;1438;225;1492;266;10.511.309.814.453.100;9.631.541.137.695.310;5.468.471.069.335.930;1465;245;1326;245;139;0.433389137482019;0.228124429747411;0.9164674473776774;101.97;;;;
84;16;895;317;979;376;10.511.309.814.453.100;9.631.541.137.695.310;5.468.471.069.335.930;937;346;731;346;206;-0.01524036056470393;0.20489775220749715;0.5889660412661155;59.08;;;;
84;17;1136;258;1194;303;10.511.309.814.453.100;9.631.541.137.695.310;5.468.471.069.335.930;1165;280;1001;280;164;0.14774014068483743;0.21553527601538292;0.7639530016766183;78.22;;;;
84;18;505;280;574;352;10.511.309.814.453.100;9.631.541.137.695.310;5.468.471.069.335.930;539;316;342;316;197;-0.2584520081877876;0.19842757178637765;0.6250131464604272;67.59;;;;
84;19;569;268;633;323;10.511.309.814.453.100;9.631.541.137.695.310;5.468.471.069.335.930;601;295;420;294;181;-0.24018025501955134;0.203906839353242;0.6872265171216753;72.91;;;;
84;20;707;205;765;250;10.511.309.814.453.100;9.631.541.137.695.310;5.468.471.069.335.930;736;227;603;227;133;-0.20501772925999626;0.22434641012927314;0.965934784937051;99.27;;;;
85;0;678;310;745;368;10.511.309.814.453.100;9.631.541.137.695.310;5.468.471.069.335.930;711;339;506;338;205;-0.14765040769782167;0.20234750755325792;0.5938884930874445;61.27;;;;
85;1;924;259;995;308;10.511.309.814.453.100;9.631.541.137.695.310;5.468.471.069.335.930;959;283;795;284;164;-0.0030405839038532977;0.2174369255963756;0.7628550837791278;76.76;;;;
85;2;845;238;903;287;10.511.309.814.453.100;9.631.541.137.695.310;5.468.471.069.335.930;874;262;717;263;157;-0.06816543155569008;0.21322651005621654;0.8048958183827772;81.12;;;;
85;3;1315;268;1381;321;10.511.309.814.453.100;9.631.541.137.695.310;5.468.471.069.335.930;1348;294;1177;295;171;0.2701551132473836;0.21522328116477116;0.7277661936301327;78.04;;;;
85;4;1251;282;1324;347;10.511.309.814.453.100;9.631.541.137.695.310;5.468.471.069.335.930;1287;314;1108;311;179;0.217173988459811;0.21721965337650578;0.6885342395316374;72.69;;;;
85;5;1234;211;1284;251;10.511.309.814.453.100;9.631.541.137.695.310;5.468.471.069.335.930;1259;231;1132;230;127;0.27963032501933355;0.23821968442706343;10.096.791.208.638.500;105.56;;;;
85;6;1020;184;1068;232;10.511.309.814.453.100;9.631.541.137.695.310;5.468.471.069.335.930;1044;208;926;208;118;0.08224289181169037;0.236126207760471;10.983.872.637.244.700;110.86;;;;
85;7;1500;242;1552;293;10.511.309.814.453.100;9.631.541.137.695.310;5.468.471.069.335.930;1526;267;1374;267;152;0.44449651671708595;0.22366017301072805;0.8293983284700567;94.63;;;;
85;8;1085;199;1134;248;10.511.309.814.453.100;9.631.541.137.695.310;5.468.471.069.335.930;1109;223;984;223;125;0.14005758206889368;0.2353779613771967;10.296.752.355.483.600;104.65;;;;
85;9;490;357;599;440;10.511.309.814.453.100;9.631.541.137.695.310;5.468.471.069.335.930;544;398;305;393;239;-0.21052238701129444;0.19922465619377802;0.494585731761033;53.72;;;;
85;10;506;281;574;352;10.511.309.814.453.100;9.631.541.137.695.310;5.468.471.069.335.930;540;316;341;317;199;-0.25525128939464925;0.19643332483375078;0.6187316073000209;66.83;;;;
85;11;1224;243;1284;289;10.511.309.814.453.100;9.631.541.137.695.310;5.468.471.069.335.930;1254;266;1104;263;150;0.2327523744010705;0.22594926302579818;0.840857102927854;87.88;;;;
85;12;1379;203;1424;251;10.511.309.814.453.100;9.631.541.137.695.310;5.468.471.069.335.930;1401;227;1275;227;126;0.41713168737005835;0.23681009958089932;1.019.597.828.544.660;110.89;;;;
85;13;1264;186;1315;232;10.511.309.814.453.100;9.631.541.137.695.310;5.468.471.069.335.930;1289;209;1171;209;118;0.3314764574680008;0.23700719796183484;10.978.786.237.945.600;115.39;;;;
85;14;867;191;917;234;10.511.309.814.453.100;9.631.541.137.695.310;5.468.471.069.335.930;892;212;764;213;128;-0.0667286744686102;0.22092749914671345;10.107.001.490.044.500;101.72;;;;
85;15;1455;299;1522;355;10.511.309.814.453.100;9.631.541.137.695.310;5.468.471.069.335.930;1488;327;1300;325;188;0.33511695558274823;0.21400934533663124;0.6514222086365952;73.65;;;;
85;16;896;316;978;375;10.511.309.814.453.100;9.631.541.137.695.310;5.468.471.069.335.930;937;345;731;345;206;-0.01524036056470393;0.20439310733487126;0.5892573981191712;59.1;;;;
85;17;1137;258;1193;303;10.511.309.814.453.100;9.631.541.137.695.310;5.468.471.069.335.930;1165;280;1001;281;164;0.14774014068483743;0.21553527601538292;0.7639530016766183;78.22;;;;
85;18;1438;226;1490;265;10.511.309.814.453.100;9.631.541.137.695.310;5.468.471.069.335.930;1464;245;1326;246;138;0.4356597904821861;0.22977750532529073;0.9231085158369359;102.7;;;;
85;19;570;268;633;322;10.511.309.814.453.100;9.631.541.137.695.310;5.468.471.069.335.930;601;295;420;294;181;-0.24018025501955134;0.203906839353242;0.6872265171216753;72.91;;;;
85;20;711;205;763;250;10.511.309.814.453.100;9.631.541.137.695.310;5.468.471.069.335.930;737;227;603;227;134;-0.2025919325979145;0.22267218318800988;0.9587263163927445;98.48;;;;
86;0;678;310;745;367;10.511.309.814.453.100;9.631.541.137.695.310;5.468.471.069.335.930;711;338;506;337;205;-0.14765040769782167;0.20184040099832654;0.594181271193442;61.29;;;;
86;1;925;258;995;308;10.511.309.814.453.100;9.631.541.137.695.310;5.468.471.069.335.930;960;283;794;284;166;-0.0022808237154998984;0.21481720360123854;0.7536640586733552;75.77;;;;
86;2;845;238;903;287;10.511.309.814.453.100;9.631.541.137.695.310;5.468.471.069.335.930;874;262;718;263;156;-0.06860238945027783;0.21459334665914098;0.810055406962154;81.67;;;;
86;3;1251;282;1324;348;10.511.309.814.453.100;9.631.541.137.695.310;5.468.471.069.335.930;1287;315;1109;312;178;0.21839406704666392;0.21902401571997454;0.6920652211485037;73.12;;;;
86;4;1315;268;1381;321;10.511.309.814.453.100;9.631.541.137.695.310;5.468.471.069.335.930;1348;294;1177;295;171;0.2701551132473836;0.21522328116477116;0.7277661936301327;78.04;;;;
86;5;1500;242;1552;293;10.511.309.814.453.100;9.631.541.137.695.310;5.468.471.069.335.930;1526;267;1374;267;152;0.44449651671708595;0.22366017301072805;0.8293983284700567;94.63;;;;
86;6;1020;185;1068;233;10.511.309.814.453.100;9.631.541.137.695.310;5.468.471.069.335.930;1044;209;926;209;118;0.08224289181169037;0.23700719796183484;10.978.786.237.945.600;110.83;;;;
86;7;1234;212;1283;251;10.511.309.814.453.100;9.631.541.137.695.310;5.468.471.069.335.930;1258;231;1132;230;126;0.2808969226507651;0.2401103168431512;10.176.924.472.199.100;106.41;;;;
86;8;487;356;601;443;10.511.309.814.453.100;9.631.541.137.695.310;5.468.471.069.335.930;544;399;305;394;239;-0.21052238701129444;0.19965962206725474;0.4943346040968929;53.72;;;;
86;9;1085;199;1135;248;10.511.309.814.453.100;9.631.541.137.695.310;5.468.471.069.335.930;1110;223;983;222;127;0.13879714001630447;0.23167122182794953;10.134.598.775.082.300;102.96;;;;
86;10;867;191;918;234;10.511.309.814.453.100;9.631.541.137.695.310;5.468.471.069.335.930;892;212;764;213;128;-0.0667286744686102;0.22092749914671345;10.107.001.490.044.500;101.72;;;;
86;11;1264;187;1315;232;10.511.309.814.453.100;9.631.541.137.695.310;5.468.471.069.335.930;1289;209;1171;208;118;0.3314764574680008;0.23700719796183484;10.978.786.237.945.600;115.39;;;;
86;12;1379;204;1423;251;10.511.309.814.453.100;9.631.541.137.695.310;5.468.471.069.335.930;1401;227;1275;227;126;0.41713168737005835;0.23681009958089932;1.019.597.828.544.660;110.89;;;;
86;13;1224;243;1284;289;10.511.309.814.453.100;9.631.541.137.695.310;5.468.471.069.335.930;1254;266;1104;264;150;0.2327523744010705;0.22594926302579818;0.840857102927854;87.88;;;;
86;14;1438;225;1491;266;10.511.309.814.453.100;9.631.541.137.695.310;5.468.471.069.335.930;1464;245;1326;245;138;0.4356597904821861;0.22977750532529073;0.9231085158369359;102.7;;;;
86;15;1456;298;1522;354;10.511.309.814.453.100;9.631.541.137.695.310;5.468.471.069.335.930;1489;326;1300;325;189;0.3339789771059028;0.21232698454775525;0.6482930938381448;73.27;;;;
86;16;506;281;573;353;10.511.309.814.453.100;9.631.541.137.695.310;5.468.471.069.335.930;539;317;343;316;196;-0.2597706408826233;0.1999703494167211;0.6278957670457891;67.95;;;;
86;17;1136;258;1193;304;10.511.309.814.453.100;9.631.541.137.695.310;5.468.471.069.335.930;1164;281;1001;281;163;0.1479100861892907;0.21749535036983883;0.7682716120443921;78.7;;;;
86;18;896;317;978;375;10.511.309.814.453.100;9.631.541.137.695.310;5.468.471.069.335.930;937;346;731;345;206;-0.01524036056470393;0.20489775220749715;0.5889660412661155;59.08;;;;
86;19;709;204;763;250;10.511.309.814.453.100;9.631.541.137.695.310;5.468.471.069.335.930;736;227;603;227;133;-0.20501772925999626;0.22434641012927314;0.965934784937051;99.27;;;;
86;20;569;268;633;323;10.511.309.814.453.100;9.631.541.137.695.310;5.468.471.069.335.930;601;295;420;294;181;-0.24018025501955134;0.203906839353242;0.6872265171216753;72.91;;;;
87;0;677;310;746;368;10.511.309.814.453.100;9.631.541.137.695.310;5.468.471.069.335.930;711;339;506;337;205;-0.14765040769782167;0.20234750755325792;0.5938884930874445;61.27;;;;
87;1;924;258;995;308;10.511.309.814.453.100;9.631.541.137.695.310;5.468.471.069.335.930;959;283;794;284;165;-0.0030221561226178232;0.21611912604730665;0.7582317196350119;76.26;;;;
87;2;846;238;903;288;10.511.309.814.453.100;9.631.541.137.695.310;5.468.471.069.335.930;874;263;717;262;157;-0.06816543155569008;0.21388865555787853;0.8045135284991499;81.09;;;;
87;3;1315;268;1381;321;10.511.309.814.453.100;9.631.541.137.695.310;5.468.471.069.335.930;1348;294;1177;295;171;0.2701551132473836;0.21522328116477116;0.7277661936301327;78.04;;;;
87;4;1251;282;1324;348;10.511.309.814.453.100;9.631.541.137.695.310;5.468.471.069.335.930;1287;315;1108;310;179;0.217173988459811;0.21780041786679033;0.6881989349968358;72.68;;;;
87;5;1501;242;1551;293;10.511.309.814.453.100;9.631.541.137.695.310;5.468.471.069.335.930;1526;267;1374;268;152;0.44449651671708595;0.22366017301072805;0.8293983284700567;94.63;;;;
87;6;1020;184;1068;232;10.511.309.814.453.100;9.631.541.137.695.310;5.468.471.069.335.930;1044;208;926;208;118;0.08224289181169037;0.236126207760471;10.983.872.637.244.700;110.86;;;;
87;7;1233;212;1284;251;10.511.309.814.453.100;9.631.541.137.695.310;5.468.471.069.335.930;1258;231;1132;230;126;0.2808969226507651;0.2401103168431512;10.176.924.472.199.100;106.41;;;;
87;8;487;356;599;442;10.511.309.814.453.100;9.631.541.137.695.310;5.468.471.069.335.930;543;399;304;393;239;-0.2110246423395746;0.19965962206725474;0.4943346040968929;53.74;;;;
87;9;1086;199;1135;249;10.511.309.814.453.100;9.631.541.137.695.310;5.468.471.069.335.930;1110;224;984;223;126;0.1398987046196085;0.23433493663421046;10.210.268.645.382.200;103.78;;;;
87;10;1380;204;1424;252;10.511.309.814.453.100;9.631.541.137.695.310;5.468.471.069.335.930;1402;228;1276;227;126;0.41808437803243104;0.23763515389646234;10.191.214.832.134.700;110.9;;;;
87;11;867;190;917;234;10.511.309.814.453.100;9.631.541.137.695.310;5.468.471.069.335.930;892;212;763;213;129;-0.0662113979223419;0.21921488287425828;10.028.652.641.284.400;100.9;;;;
87;12;1265;186;1315;232;10.511.309.814.453.100;9.631.541.137.695.310;5.468.471.069.335.930;1290;209;1170;208;120;0.3269521750390254;0.23305707799580427;10.795.806.467.313.100;113.43;;;;
87;13;1224;243;1284;289;10.511.309.814.453.100;9.631.541.137.695.310;5.468.471.069.335.930;1254;266;1104;263;150;0.2327523744010705;0.22594926302579818;0.840857102927854;87.88;;;;
87;14;507;281;573;353;10.511.309.814.453.100;9.631.541.137.695.310;5.468.471.069.335.930;540;317;342;316;198;-0.25654043732088483;0.19795044689736024;0.6215533855604781;67.18;;;;
87;15;1456;297;1521;354;10.511.309.814.453.100;9.631.541.137.695.310;5.468.471.069.335.930;1488;325;1300;325;188;0.33511695558274823;0.21290342146683405;0.6520607140805258;73.68;;;;
87;16;1438;224;1491;266;10.511.309.814.453.100;9.631.541.137.695.310;5.468.471.069.335.930;1464;245;1326;245;138;0.4356597904821861;0.22977750532529073;0.9231085158369359;102.7;;;;
87;17;896;317;979;375;10.511.309.814.453.100;9.631.541.137.695.310;5.468.471.069.335.930;937;346;730;345;207;-0.015166735634439661;0.20390790799393435;0.5861207946899507;58.77;;;;
87;18;1136;257;1193;304;10.511.309.814.453.100;9.631.541.137.695.310;5.468.471.069.335.930;1164;280;1001;281;163;0.1479100861892907;0.21685757832222577;0.7686398299077631;78.72;;;;
87;19;709;205;764;250;10.511.309.814.453.100;9.631.541.137.695.310;5.468.471.069.335.930;736;227;603;227;133;-0.20501772925999626;0.22434641012927314;0.965934784937051;99.27;;;;
87;20;570;267;632;323;10.511.309.814.453.100;9.631.541.137.695.310;5.468.471.069.335.930;601;295;420;293;181;-0.24018025501955134;0.203906839353242;0.6872265171216753;72.91;;;;
88;0;678;310;745;368;10.511.309.814.453.100;9.631.541.137.695.310;5.468.471.069.335.930;711;339;506;337;205;-0.14765040769782167;0.20234750755325792;0.5938884930874445;61.27;;;;
88;1;924;258;996;308;10.511.309.814.453.100;9.631.541.137.695.310;5.468.471.069.335.930;960;283;794;284;166;-0.0022808237154998984;0.21481720360123854;0.7536640586733552;75.77;;;;
88;2;1251;283;1323;348;10.511.309.814.453.100;9.631.541.137.695.310;5.468.471.069.335.930;1287;315;1108;311;179;0.217173988459811;0.21780041786679033;0.6881989349968358;72.68;;;;
88;3;845;238;903;287;10.511.309.814.453.100;9.631.541.137.695.310;5.468.471.069.335.930;874;262;718;263;156;-0.06860238945027783;0.21459334665914098;0.810055406962154;81.67;;;;
88;4;1315;268;1380;321;10.511.309.814.453.100;9.631.541.137.695.310;5.468.471.069.335.930;1347;294;1177;295;170;0.27103814906966844;0.2164893004657404;0.7320471712397217;78.5;;;;
88;5;1019;184;1068;233;10.511.309.814.453.100;9.631.541.137.695.310;5.468.471.069.335.930;1043;208;926;208;117;0.0819198479514573;0.23814438047637254;1.107.775.189.055.450;111.83;;;;
88;6;1500;242;1552;293;10.511.309.814.453.100;9.631.541.137.695.310;5.468.471.069.335.930;1526;267;1374;268;152;0.44449651671708595;0.22366017301072805;0.8293983284700567;94.63;;;;
88;7;1233;212;1284;251;10.511.309.814.453.100;9.631.541.137.695.310;5.468.471.069.335.930;1258;231;1132;230;126;0.2808969226507651;0.2401103168431512;10.176.924.472.199.100;106.41;;;;
88;8;487;356;600;443;10.511.309.814.453.100;9.631.541.137.695.310;5.468.471.069.335.930;543;399;305;392;238;-0.21191130050066526;0.20049852804232723;0.49641164024856055;53.99;;;;
88;9;1085;199;1135;249;10.511.309.814.453.100;9.631.541.137.695.310;5.468.471.069.335.930;1110;224;983;223;127;0.13879714001630447;0.2324897796528388;10.129.872.829.276.800;102.93;;;;
88;10;1224;243;1285;289;10.511.309.814.453.100;9.631.541.137.695.310;5.468.471.069.335.930;1254;266;1103;263;151;0.23121096794808327;0.22445291029052802;0.8352885128422392;87.27;;;;
88;11;1264;187;1316;232;10.511.309.814.453.100;9.631.541.137.695.310;5.468.471.069.335.930;1290;209;1171;209;119;0.3296996723082609;0.23501554083610515;1.088.652.753.006.370;114.42;;;;
88;12;866;191;917;234;10.511.309.814.453.100;9.631.541.137.695.310;5.468.471.069.335.930;891;212;764;213;127;-0.06819928626331546;0.22266708575416788;10.186.584.178.942.500;102.56;;;;
88;13;1379;204;1424;252;10.511.309.814.453.100;9.631.541.137.695.310;5.468.471.069.335.930;1401;228;1275;227;126;0.41713168737005835;0.23763515389646234;10.191.214.832.134.700;110.86;;;;
88;14;1457;300;1521;355;10.511.309.814.453.100;9.631.541.137.695.310;5.468.471.069.335.930;1489;327;1300;324;189;0.3339789771059028;0.21287702075813056;0.6479755302840206;73.26;;;;
88;15;895;317;980;376;10.511.309.814.453.100;9.631.541.137.695.310;5.468.471.069.335.930;937;346;731;345;206;-0.01524036056470393;0.20489775220749715;0.5889660412661155;59.08;;;;
88;16;1136;258;1193;304;10.511.309.814.453.100;9.631.541.137.695.310;5.468.471.069.335.930;1164;281;1001;281;163;0.1479100861892907;0.21749535036983883;0.7682716120443921;78.7;;;;
88;17;506;281;574;353;10.511.309.814.453.100;9.631.541.137.695.310;5.468.471.069.335.930;540;317;343;316;197;-0.2578426730433259;0.1989552715009002;0.6247084788881964;67.55;;;;
88;18;1439;226;1491;266;10.511.309.814.453.100;9.631.541.137.695.310;5.468.471.069.335.930;1465;246;1325;245;140;0.4302935007857189;0.22723751841893616;0.9094925405269119;101.19;;;;
88;19;709;205;765;251;10.511.309.814.453.100;9.631.541.137.695.310;5.468.471.069.335.930;737;228;603;227;134;-0.2025919325979145;0.22344798052950937;0.9582784095887932;98.45;;;;
88;20;569;267;633;323;10.511.309.814.453.100;9.631.541.137.695.310;5.468.471.069.335.930;601;295;420;293;181;-0.24018025501955134;0.203906839353242;0.6872265171216753;72.91;;;;
89;0;677;310;744;367;10.511.309.814.453.100;9.631.541.137.695.310;5.468.471.069.335.930;710;338;507;338;203;-0.14969641675621873;0.20382897637762037;0.6000352738652986;61.97;;;;
89;1;924;259;995;308;10.511.309.814.453.100;9.631.541.137.695.310;5.468.471.069.335.930;959;283;795;283;164;-0.0030405839038532977;0.2174369255963756;0.7628550837791278;76.76;;;;
89;2;845;239;903;288;10.511.309.814.453.100;9.631.541.137.695.310;5.468.471.069.335.930;874;263;717;263;157;-0.06816543155569008;0.21388865555787853;0.8045135284991499;81.09;;;;
89;3;1315;268;1381;321;10.511.309.814.453.100;9.631.541.137.695.310;5.468.471.069.335.930;1348;294;1176;295;172;0.2685844439843174;0.21397198301846435;0.7235349948299575;77.55;;;;
89;4;1251;282;1324;348;10.511.309.814.453.100;9.631.541.137.695.310;5.468.471.069.335.930;1287;315;1108;311;179;0.217173988459811;0.21780041786679033;0.6881989349968358;72.68;;;;
89;5;1501;242;1551;293;10.511.309.814.453.100;9.631.541.137.695.310;5.468.471.069.335.930;1526;267;1374;268;152;0.44449651671708595;0.22366017301072805;0.8293983284700567;94.63;;;;
89;6;1020;185;1068;233;10.511.309.814.453.100;9.631.541.137.695.310;5.468.471.069.335.930;1044;209;927;209;117;0.08294582251093557;0.23903290050851722;11.072.622.017.757.100;111.81;;;;
89;7;1234;212;1284;251;10.511.309.814.453.100;9.631.541.137.695.310;5.468.471.069.335.930;1259;231;1131;230;128;0.27744571310512;0.23635859314247698;10.017.910.027.321.000;104.71;;;;
89;8;1085;199;1135;248;10.511.309.814.453.100;9.631.541.137.695.310;5.468.471.069.335.930;1110;223;983;223;127;0.13879714001630447;0.23167122182794953;10.134.598.775.082.300;102.96;;;;
89;9;866;190;917;234;10.511.309.814.453.100;9.631.541.137.695.310;5.468.471.069.335.930;891;212;764;213;127;-0.06819928626331546;0.22266708575416788;10.186.584.178.942.500;102.56;;;;
89;10;1379;203;1424;252;10.511.309.814.453.100;9.631.541.137.695.310;5.468.471.069.335.930;1401;227;1276;227;125;0.4204687408690188;0.23870458037754655;10.277.546.111.730.200;111.81;;;;
89;11;486;356;600;442;10.511.309.814.453.100;9.631.541.137.695.310;5.468.471.069.335.930;543;399;304;393;239;-0.2110246423395746;0.19965962206725474;0.4943346040968929;53.74;;;;
89;12;1224;243;1284;289;10.511.309.814.453.100;9.631.541.137.695.310;5.468.471.069.335.930;1254;266;1104;263;150;0.2327523744010705;0.22594926302579818;0.840857102927854;87.88;;;;
89;13;1457;299;1521;354;10.511.309.814.453.100;9.631.541.137.695.310;5.468.471.069.335.930;1489;326;1300;324;189;0.3339789771059028;0.21232698454775525;0.6482930938381448;73.27;;;;
89;14;1264;186;1315;232;10.511.309.814.453.100;9.631.541.137.695.310;5.468.471.069.335.930;1289;209;1171;208;118;0.3314764574680008;0.23700719796183484;10.978.786.237.945.600;115.39;;;;
89;15;1438;225;1491;266;10.511.309.814.453.100;9.631.541.137.695.310;5.468.471.069.335.930;1464;245;1326;245;138;0.4356597904821861;0.22977750532529073;0.9231085158369359;102.7;;;;
89;16;506;281;573;353;10.511.309.814.453.100;9.631.541.137.695.310;5.468.471.069.335.930;539;317;343;316;196;-0.2597706408826233;0.1999703494167211;0.6278957670457891;67.95;;;;
89;17;1136;258;1194;304;10.511.309.814.453.100;9.631.541.137.695.310;5.468.471.069.335.930;1165;281;1000;280;165;0.14684474589280813;0.21485904309262865;0.7589592288680964;77.7;;;;
89;18;896;316;978;376;10.511.309.814.453.100;9.631.541.137.695.310;5.468.471.069.335.930;937;346;731;345;206;-0.01524036056470393;0.20489775220749715;0.5889660412661155;59.08;;;;
89;19;709;205;765;250;10.511.309.814.453.100;9.631.541.137.695.310;5.468.471.069.335.930;737;227;603;227;134;-0.2025919325979145;0.22267218318800988;0.9587263163927445;98.48;;;;
89;20;569;267;633;323;10.511.309.814.453.100;9.631.541.137.695.310;5.468.471.069.335.930;601;295;420;293;181;-0.24018025501955134;0.203906839353242;0.6872265171216753;72.91;;;;
90;0;678;310;745;368;10.511.309.814.453.100;9.631.541.137.695.310;5.468.471.069.335.930;711;339;506;337;205;-0.14765040769782167;0.20234750755325792;0.5938884930874445;61.27;;;;
90;1;925;258;995;308;10.511.309.814.453.100;9.631.541.137.695.310;5.468.471.069.335.930;960;283;794;284;166;-0.0022808237154998984;0.21481720360123854;0.7536640586733552;75.77;;;;
90;2;845;238;903;287;10.511.309.814.453.100;9.631.541.137.695.310;5.468.471.069.335.930;874;262;718;263;156;-0.06860238945027783;0.21459334665914098;0.810055406962154;81.67;;;;
90;3;1253;282;1323;347;10.511.309.814.453.100;9.631.541.137.695.310;5.468.471.069.335.930;1288;314;1108;311;180;0.21663434976536186;0.21601287752441412;0.6847090493120173;72.28;;;;
90;4;1315;268;1381;321;10.511.309.814.453.100;9.631.541.137.695.310;5.468.471.069.335.930;1348;294;1177;295;171;0.2701551132473836;0.21522328116477116;0.7277661936301327;78.04;;;;
90;5;1020;184;1068;233;10.511.309.814.453.100;9.631.541.137.695.310;5.468.471.069.335.930;1044;208;926;208;118;0.08224289181169037;0.236126207760471;10.983.872.637.244.700;110.86;;;;
90;6;1233;212;1284;251;10.511.309.814.453.100;9.631.541.137.695.310;5.468.471.069.335.930;1258;231;1132;230;126;0.2808969226507651;0.2401103168431512;10.176.924.472.199.100;106.41;;;;
90;7;1501;243;1552;293;10.511.309.814.453.100;9.631.541.137.695.310;5.468.471.069.335.930;1526;268;1374;268;152;0.44449651671708595;0.2243440996144184;0.8290034632613101;94.61;;;;
90;8;1085;198;1135;248;10.511.309.814.453.100;9.631.541.137.695.310;5.468.471.069.335.930;1110;223;983;223;127;0.13879714001630447;0.23167122182794953;10.134.598.775.082.300;102.96;;;;
90;9;866;191;916;234;10.511.309.814.453.100;9.631.541.137.695.310;5.468.471.069.335.930;891;212;763;214;128;-0.0676664793393833;0.22092749914671345;10.107.001.490.044.500;101.73;;;;
90;10;1264;187;1315;232;10.511.309.814.453.100;9.631.541.137.695.310;5.468.471.069.335.930;1289;209;1170;208;119;0.32869094101868984;0.23501554083610515;1.088.652.753.006.370;114.39;;;;
90;11;1380;203;1424;252;10.511.309.814.453.100;9.631.541.137.695.310;5.468.471.069.335.930;1402;227;1275;227;127;0.4147923750557977;0.23494545312750648;10.115.694.991.860.400;110.02;;;;
90;12;488;357;600;443;10.511.309.814.453.100;9.631.541.137.695.310;5.468.471.069.335.930;544;400;305;393;239;-0.21052238701129444;0.20009458794073143;0.4940834764327528;53.71;;;;
90;13;1223;243;1283;289;10.511.309.814.453.100;9.631.541.137.695.310;5.468.471.069.335.930;1253;266;1103;263;150;0.23195211424467743;0.22594926302579818;0.840857102927854;87.86;;;;
90;14;1456;298;1522;354;10.511.309.814.453.100;9.631.541.137.695.310;5.468.471.069.335.930;1489;326;1300;324;189;0.3339789771059028;0.21232698454775525;0.6482930938381448;73.27;;;;
90;15;507;281;573;352;10.511.309.814.453.100;9.631.541.137.695.310;5.468.471.069.335.930;540;316;342;316;198;-0.25654043732088483;0.1974254123329111;0.6218565144075967;67.19;;;;
90;16;895;317;979;376;10.511.309.814.453.100;9.631.541.137.695.310;5.468.471.069.335.930;937;346;731;345;206;-0.01524036056470393;0.20489775220749715;0.5889660412661155;59.08;;;;
90;17;1136;256;1194;304;10.511.309.814.453.100;9.631.541.137.695.310;5.468.471.069.335.930;1165;280;1001;280;164;0.14774014068483743;0.21553527601538292;0.7639530016766183;78.22;;;;
90;18;1439;226;1491;266;10.511.309.814.453.100;9.631.541.137.695.310;5.468.471.069.335.930;1465;246;1326;245;139;0.433389137482019;0.22887232070971986;0.9160356523292639;101.95;;;;
90;19;570;267;633;322;10.511.309.814.453.100;9.631.541.137.695.310;5.468.471.069.335.930;601;294;420;294;181;-0.24018025501955134;0.20333249215014293;0.6875581166339928;72.92;;;;
90;20;710;205;764;251;10.511.309.814.453.100;9.631.541.137.695.310;5.468.471.069.335.930;737;228;604;227;133;-0.20411518021143268;0.22512804053349061;0.9654835104127693;99.22;;;;
91;0;678;310;745;368;10.511.309.814.453.100;9.631.541.137.695.310;5.468.471.069.335.930;711;339;506;338;205;-0.14765040769782167;0.20234750755325792;0.5938884930874445;61.27;;;;
91;1;924;258;996;308;10.511.309.814.453.100;9.631.541.137.695.310;5.468.471.069.335.930;960;283;794;284;166;-0.0022808237154998984;0.21481720360123854;0.7536640586733552;75.77;;;;
91;2;1315;269;1381;322;10.511.309.814.453.100;9.631.541.137.695.310;5.468.471.069.335.930;1348;295;1177;295;171;0.2701551132473836;0.21583121592360702;0.7274152023334691;78.02;;;;
91;3;845;238;903;288;10.511.309.814.453.100;9.631.541.137.695.310;5.468.471.069.335.930;874;263;718;262;156;-0.06860238945027783;0.21525973668324952;0.8096706665023495;81.65;;;;
91;4;1251;284;1324;347;10.511.309.814.453.100;9.631.541.137.695.310;5.468.471.069.335.930;1287;315;1108;311;179;0.217173988459811;0.21780041786679033;0.6881989349968358;72.68;;;;
91;5;1501;242;1552;293;10.511.309.814.453.100;9.631.541.137.695.310;5.468.471.069.335.930;1526;267;1374;268;152;0.44449651671708595;0.22366017301072805;0.8293983284700567;94.63;;;;
91;6;1020;184;1068;232;10.511.309.814.453.100;9.631.541.137.695.310;5.468.471.069.335.930;1044;208;926;208;118;0.08224289181169037;0.236126207760471;10.983.872.637.244.700;110.86;;;;
91;7;1233;212;1283;251;10.511.309.814.453.100;9.631.541.137.695.310;5.468.471.069.335.930;1258;231;1132;230;126;0.2808969226507651;0.2401103168431512;10.176.924.472.199.100;106.41;;;;
91;8;1085;199;1135;249;10.511.309.814.453.100;9.631.541.137.695.310;5.468.471.069.335.930;1110;224;983;223;127;0.13879714001630447;0.2324897796528388;10.129.872.829.276.800;102.93;;;;
91;9;1224;243;1284;289;10.511.309.814.453.100;9.631.541.137.695.310;5.468.471.069.335.930;1254;266;1103;263;151;0.23121096794808327;0.22445291029052802;0.8352885128422392;87.27;;;;
91;10;1265;188;1316;232;10.511.309.814.453.100;9.631.541.137.695.310;5.468.471.069.335.930;1290;210;1171;208;119;0.3296996723082609;0.23588912775846593;10.881.483.873.615.800;114.39;;;;
91;11;488;356;600;442;10.511.309.814.453.100;9.631.541.137.695.310;5.468.471.069.335.930;544;399;306;393;238;-0.21140693485587972;0.20049852804232723;0.49641164024856055;53.97;;;;
91;12;1379;204;1424;252;10.511.309.814.453.100;9.631.541.137.695.310;5.468.471.069.335.930;1401;228;1275;227;126;0.41713168737005835;0.23763515389646234;10.191.214.832.134.700;110.86;;;;
91;13;865;191;917;234;10.511.309.814.453.100;9.631.541.137.695.310;5.468.471.069.335.930;891;212;764;213;127;-0.06819928626331546;0.22266708575416788;10.186.584.178.942.500;102.56;;;;
91;14;1455;298;1522;354;10.511.309.814.453.100;9.631.541.137.695.310;5.468.471.069.335.930;1488;326;1300;324;188;0.33511695558274823;0.21345638340173265;0.6517414613585605;73.66;;;;
91;15;1438;225;1492;266;10.511.309.814.453.100;9.631.541.137.695.310;5.468.471.069.335.930;1465;245;1326;245;139;0.433389137482019;0.228124429747411;0.9164674473776774;101.97;;;;
91;16;506;281;573;352;10.511.309.814.453.100;9.631.541.137.695.310;5.468.471.069.335.930;539;316;342;316;197;-0.2584520081877876;0.19842757178637765;0.6250131464604272;67.59;;;;
91;17;1136;258;1193;304;10.511.309.814.453.100;9.631.541.137.695.310;5.468.471.069.335.930;1164;281;1001;280;163;0.1479100861892907;0.21749535036983883;0.7682716120443921;78.7;;;;
91;18;896;317;979;376;10.511.309.814.453.100;9.631.541.137.695.310;5.468.471.069.335.930;937;346;731;346;206;-0.01524036056470393;0.20489775220749715;0.5889660412661155;59.08;;;;
91;19;570;267;633;323;10.511.309.814.453.100;9.631.541.137.695.310;5.468.471.069.335.930;601;295;420;294;181;-0.24018025501955134;0.203906839353242;0.6872265171216753;72.91;;;;
91;20;709;204;765;251;10.511.309.814.453.100;9.631.541.137.695.310;5.468.471.069.335.930;737;227;603;227;134;-0.2025919325979145;0.22267218318800988;0.9587263163927445;98.48;;;;
92;0;925;258;996;308;10.511.309.814.453.100;9.631.541.137.695.310;5.468.471.069.335.930;960;283;795;284;165;-0.002294646889533231;0.21611912604730665;0.7582317196350119;76.26;;;;
92;1;677;310;745;367;10.511.309.814.453.100;9.631.541.137.695.310;5.468.471.069.335.930;711;338;506;338;205;-0.14765040769782167;0.20184040099832654;0.594181271193442;61.29;;;;
92;2;1315;268;1381;321;10.511.309.814.453.100;9.631.541.137.695.310;5.468.471.069.335.930;1348;294;1177;296;171;0.2701551132473836;0.21522328116477116;0.7277661936301327;78.04;;;;
92;3;1501;243;1553;293;10.511.309.814.453.100;9.631.541.137.695.310;5.468.471.069.335.930;1527;268;1374;267;153;0.4423758795062484;0.222877798309749;0.8235851399720205;94.0;;;;
92;4;845;237;904;287;10.511.309.814.453.100;9.631.541.137.695.310;5.468.471.069.335.930;874;262;717;263;157;-0.06816543155569008;0.21322651005621654;0.8048958183827772;81.12;;;;
92;5;1252;282;1324;347;10.511.309.814.453.100;9.631.541.137.695.310;5.468.471.069.335.930;1288;314;1108;311;180;0.21663434976536186;0.21601287752441412;0.6847090493120173;72.28;;;;
92;6;1019;184;1068;233;10.511.309.814.453.100;9.631.541.137.695.310;5.468.471.069.335.930;1043;208;926;209;117;0.0819198479514573;0.23814438047637254;1.107.775.189.055.450;111.83;;;;
92;7;1232;212;1283;251;10.511.309.814.453.100;9.631.541.137.695.310;5.468.471.069.335.930;1257;231;1132;230;125;0.2821837858442996;0.2420311993778964;1.025.833.986.797.670;107.26;;;;
92;8;1085;200;1134;249;10.511.309.814.453.100;9.631.541.137.695.310;5.468.471.069.335.930;1109;224;984;223;125;0.14005758206889368;0.23620961612728414;10.291.950.794.545.200;104.63;;;;
92;9;487;356;600;442;10.511.309.814.453.100;9.631.541.137.695.310;5.468.471.069.335.930;543;399;306;393;237;-0.21280544100910687;0.2013445133927168;0.49850620413146585;54.25;;;;
92;10;1265;187;1316;233;10.511.309.814.453.100;9.631.541.137.695.310;5.468.471.069.335.930;1290;210;1171;209;119;0.3296996723082609;0.23588912775846593;10.881.483.873.615.800;114.39;;;;
92;11;866;190;917;234;10.511.309.814.453.100;9.631.541.137.695.310;5.468.471.069.335.930;891;212;764;213;127;-0.06819928626331546;0.22266708575416788;10.186.584.178.942.500;102.56;;;;
92;12;1380;204;1424;252;10.511.309.814.453.100;9.631.541.137.695.310;5.468.471.069.335.930;1402;228;1275;227;127;0.4147923750557977;0.23576401095239574;10.110.969.046.054.900;110.0;;;;
92;13;1224;243;1283;289;10.511.309.814.453.100;9.631.541.137.695.310;5.468.471.069.335.930;1253;266;1104;263;149;0.233508839843635;0.22746570103268274;0.8465004391891148;88.48;;;;
92;14;1457;299;1521;354;10.511.309.814.453.100;9.631.541.137.695.310;5.468.471.069.335.930;1489;326;1300;324;189;0.3339789771059028;0.21232698454775525;0.6482930938381448;73.27;;;;
92;15;506;281;573;353;10.511.309.814.453.100;9.631.541.137.695.310;5.468.471.069.335.930;539;317;341;316;198;-0.257146695015122;0.19795044689736024;0.6215533855604781;67.2;;;;
92;16;1438;226;1491;266;10.511.309.814.453.100;9.631.541.137.695.310;5.468.471.069.335.930;1464;246;1326;245;138;0.4356597904821861;0.23053081578732654;0.9226735918388962;102.68;;;;
92;17;1136;257;1193;304;10.511.309.814.453.100;9.631.541.137.695.310;5.468.471.069.335.930;1164;280;1001;280;163;0.1479100861892907;0.21685757832222577;0.7686398299077631;78.72;;;;
92;18;896;317;979;376;10.511.309.814.453.100;9.631.541.137.695.310;5.468.471.069.335.930;937;346;731;345;206;-0.01524036056470393;0.20489775220749715;0.5889660412661155;59.08;;;;
92;19;710;205;764;250;10.511.309.814.453.100;9.631.541.137.695.310;5.468.471.069.335.930;737;227;603;227;134;-0.2025919325979145;0.22267218318800988;0.9587263163927445;98.48;;;;
92;20;570;268;633;323;10.511.309.814.453.100;9.631.541.137.695.310;5.468.471.069.335.930;601;295;420;294;181;-0.24018025501955134;0.203906839353242;0.6872265171216753;72.91;;;;
93;0;677;310;745;368;10.511.309.814.453.100;9.631.541.137.695.310;5.468.471.069.335.930;711;339;506;337;205;-0.14765040769782167;0.20234750755325792;0.5938884930874445;61.27;;;;
93;1;924;258;996;308;10.511.309.814.453.100;9.631.541.137.695.310;5.468.471.069.335.930;960;283;795;284;165;-0.002294646889533231;0.21611912604730665;0.7582317196350119;76.26;;;;
93;2;845;238;903;287;10.511.309.814.453.100;9.631.541.137.695.310;5.468.471.069.335.930;874;262;718;262;156;-0.06860238945027783;0.21459334665914098;0.810055406962154;81.67;;;;
93;3;1316;268;1381;321;10.511.309.814.453.100;9.631.541.137.695.310;5.468.471.069.335.930;1348;294;1177;295;171;0.2701551132473836;0.21522328116477116;0.7277661936301327;78.04;;;;
93;4;1252;283;1324;347;10.511.309.814.453.100;9.631.541.137.695.310;5.468.471.069.335.930;1288;315;1108;311;180;0.21663434976536186;0.21659041554530817;0.6843756075801869;72.26;;;;
93;5;1233;211;1283;251;10.511.309.814.453.100;9.631.541.137.695.310;5.468.471.069.335.930;1258;231;1132;230;126;0.2808969226507651;0.2401103168431512;10.176.924.472.199.100;106.41;;;;
93;6;1019;183;1068;233;10.511.309.814.453.100;9.631.541.137.695.310;5.468.471.069.335.930;1043;208;926;208;117;0.0819198479514573;0.23814438047637254;1.107.775.189.055.450;111.83;;;;
93;7;1500;242;1552;293;10.511.309.814.453.100;9.631.541.137.695.310;5.468.471.069.335.930;1526;267;1373;267;153;0.441591310725471;0.22219834181457948;0.8239774243624093;93.98;;;;
93;8;488;356;599;441;10.511.309.814.453.100;9.631.541.137.695.310;5.468.471.069.335.930;543;398;305;393;238;-0.21191130050066526;0.20006173458114684;0.4966638230709533;54.0;;;;
93;9;1085;199;1135;248;10.511.309.814.453.100;9.631.541.137.695.310;5.468.471.069.335.930;1110;223;983;222;127;0.13879714001630447;0.23167122182794953;10.134.598.775.082.300;102.96;;;;
93;10;1380;203;1424;251;10.511.309.814.453.100;9.631.541.137.695.310;5.468.471.069.335.930;1402;227;1275;227;127;0.4147923750557977;0.23494545312750648;10.115.694.991.860.400;110.02;;;;
93;11;866;190;917;234;10.511.309.814.453.100;9.631.541.137.695.310;5.468.471.069.335.930;891;212;764;213;127;-0.06819928626331546;0.22266708575416788;10.186.584.178.942.500;102.56;;;;
93;12;1224;243;1283;289;10.511.309.814.453.100;9.631.541.137.695.310;5.468.471.069.335.930;1253;266;1104;263;149;0.233508839843635;0.22746570103268274;0.8465004391891148;88.48;;;;
93;13;1265;187;1315;232;10.511.309.814.453.100;9.631.541.137.695.310;5.468.471.069.335.930;1290;209;1171;208;119;0.3296996723082609;0.23501554083610515;1.088.652.753.006.370;114.42;;;;
93;14;1438;224;1491;266;10.511.309.814.453.100;9.631.541.137.695.310;5.468.471.069.335.930;1464;245;1326;245;138;0.4356597904821861;0.22977750532529073;0.9231085158369359;102.7;;;;
93;15;507;281;573;352;10.511.309.814.453.100;9.631.541.137.695.310;5.468.471.069.335.930;540;316;343;316;197;-0.2578426730433259;0.19842757178637765;0.6250131464604272;67.56;;;;
93;16;1456;298;1521;354;10.511.309.814.453.100;9.631.541.137.695.310;5.468.471.069.335.930;1488;326;1300;324;188;0.33511695558274823;0.21345638340173265;0.6517414613585605;73.66;;;;
93;17;896;317;978;376;10.511.309.814.453.100;9.631.541.137.695.310;5.468.471.069.335.930;937;346;731;345;206;-0.01524036056470393;0.20489775220749715;0.5889660412661155;59.08;;;;
93;18;1136;258;1193;304;10.511.309.814.453.100;9.631.541.137.695.310;5.468.471.069.335.930;1164;281;1000;280;164;0.14700819541984378;0.21616915920904714;0.7635870290441215;78.19;;;;
93;19;570;267;632;322;10.511.309.814.453.100;9.631.541.137.695.310;5.468.471.069.335.930;601;294;420;294;181;-0.24018025501955134;0.20333249215014293;0.6875581166339928;72.92;;;;
93;20;709;204;765;251;10.511.309.814.453.100;9.631.541.137.695.310;5.468.471.069.335.930;737;227;603;227;134;-0.2025919325979145;0.22267218318800988;0.9587263163927445;98.48;;;;
94;0;925;259;994;308;10.511.309.814.453.100;9.631.541.137.695.310;5.468.471.069.335.930;959;283;795;284;164;-0.0030405839038532977;0.2174369255963756;0.7628550837791278;76.76;;;;
94;1;677;310;745;368;10.511.309.814.453.100;9.631.541.137.695.310;5.468.471.069.335.930;711;339;507;338;204;-0.14837418420614434;0.20333940710008763;0.5967997111908145;61.61;;;;
94;2;1501;243;1551;293;10.511.309.814.453.100;9.631.541.137.695.310;5.468.471.069.335.930;1526;268;1374;268;152;0.44449651671708595;0.2243440996144184;0.8290034632613101;94.61;;;;
94;3;845;238;903;287;10.511.309.814.453.100;9.631.541.137.695.310;5.468.471.069.335.930;874;262;717;262;157;-0.06816543155569008;0.21322651005621654;0.8048958183827772;81.12;;;;
94;4;1251;282;1324;347;10.511.309.814.453.100;9.631.541.137.695.310;5.468.471.069.335.930;1287;314;1109;311;178;0.21839406704666392;0.21843998850783447;0.6924024094166468;73.13;;;;
94;5;1315;268;1380;322;10.511.309.814.453.100;9.631.541.137.695.310;5.468.471.069.335.930;1347;295;1177;295;170;0.27103814906966844;0.21710081131139294;0.7316941152883718;78.48;;;;
94;6;1020;185;1069;233;10.511.309.814.453.100;9.631.541.137.695.310;5.468.471.069.335.930;1044;209;925;208;119;0.08155177507377698;0.23501554083610515;1.088.652.753.006.370;109.87;;;;
94;7;1233;212;1284;251;10.511.309.814.453.100;9.631.541.137.695.310;5.468.471.069.335.930;1258;231;1132;230;126;0.2808969226507651;0.2401103168431512;10.176.924.472.199.100;106.41;;;;
94;8;1085;199;1135;248;10.511.309.814.453.100;9.631.541.137.695.310;5.468.471.069.335.930;1110;223;983;223;127;0.13879714001630447;0.23167122182794953;10.134.598.775.082.300;102.96;;;;
94;9;488;356;599;442;10.511.309.814.453.100;9.631.541.137.695.310;5.468.471.069.335.930;543;399;305;393;238;-0.21191130050066526;0.20049852804232723;0.49641164024856055;53.99;;;;
94;10;866;192;918;234;10.511.309.814.453.100;9.631.541.137.695.310;5.468.471.069.335.930;892;213;764;214;128;-0.0667286744686102;0.22173966198859574;10.102.312.465.690.600;101.7;;;;
94;11;1380;204;1424;251;10.511.309.814.453.100;9.631.541.137.695.310;5.468.471.069.335.930;1402;227;1275;227;127;0.4147923750557977;0.23494545312750648;10.115.694.991.860.400;110.02;;;;
94;12;1224;243;1285;289;10.511.309.814.453.100;9.631.541.137.695.310;5.468.471.069.335.930;1254;266;1103;263;151;0.23121096794808327;0.22445291029052802;0.8352885128422392;87.27;;;;
94;13;1458;298;1521;354;10.511.309.814.453.100;9.631.541.137.695.310;5.468.471.069.335.930;1489;326;1300;324;189;0.3339789771059028;0.21232698454775525;0.6482930938381448;73.27;;;;
94;14;1264;187;1315;232;10.511.309.814.453.100;9.631.541.137.695.310;5.468.471.069.335.930;1289;209;1171;209;118;0.3314764574680008;0.23700719796183484;10.978.786.237.945.600;115.39;;;;
94;15;896;316;979;376;10.511.309.814.453.100;9.631.541.137.695.310;5.468.471.069.335.930;937;346;731;345;206;-0.01524036056470393;0.20489775220749715;0.5889660412661155;59.08;;;;
94;16;1136;258;1193;304;10.511.309.814.453.100;9.631.541.137.695.310;5.468.471.069.335.930;1164;281;1001;280;163;0.1479100861892907;0.21749535036983883;0.7682716120443921;78.7;;;;
94;17;507;281;573;352;10.511.309.814.453.100;9.631.541.137.695.310;5.468.471.069.335.930;540;316;341;316;199;-0.25525128939464925;0.19643332483375078;0.6187316073000209;66.83;;;;
94;18;1438;225;1490;265;10.511.309.814.453.100;9.631.541.137.695.310;5.468.471.069.335.930;1464;245;1326;245;138;0.4356597904821861;0.22977750532529073;0.9231085158369359;102.7;;;;
94;19;710;204;764;251;10.511.309.814.453.100;9.631.541.137.695.310;5.468.471.069.335.930;737;227;604;227;133;-0.20411518021143268;0.22434641012927314;0.965934784937051;99.25;;;;
94;20;570;268;632;322;10.511.309.814.453.100;9.631.541.137.695.310;5.468.471.069.335.930;601;295;420;294;181;-0.24018025501955134;0.203906839353242;0.6872265171216753;72.91;;;;
95;0;678;310;745;367;10.511.309.814.453.100;9.631.541.137.695.310;5.468.471.069.335.930;711;338;506;337;205;-0.14765040769782167;0.20184040099832654;0.594181271193442;61.29;;;;
95;1;924;258;996;308;10.511.309.814.453.100;9.631.541.137.695.310;5.468.471.069.335.930;960;283;795;284;165;-0.002294646889533231;0.21611912604730665;0.7582317196350119;76.26;;;;
95;2;1252;283;1325;347;10.511.309.814.453.100;9.631.541.137.695.310;5.468.471.069.335.930;1288;315;1108;311;180;0.21663434976536186;0.21659041554530817;0.6843756075801869;72.26;;;;
95;3;1315;269;1381;322;10.511.309.814.453.100;9.631.541.137.695.310;5.468.471.069.335.930;1348;295;1176;295;172;0.2685844439843174;0.21457638327288836;0.7231860441803675;77.54;;;;
95;4;845;238;904;287;10.511.309.814.453.100;9.631.541.137.695.310;5.468.471.069.335.930;874;262;718;262;156;-0.06860238945027783;0.21459334665914098;0.810055406962154;81.67;;;;
95;5;1233;212;1284;251;10.511.309.814.453.100;9.631.541.137.695.310;5.468.471.069.335.930;1258;231;1132;230;126;0.2808969226507651;0.2401103168431512;10.176.924.472.199.100;106.41;;;;
95;6;1500;242;1552;293;10.511.309.814.453.100;9.631.541.137.695.310;5.468.471.069.335.930;1526;267;1374;268;152;0.44449651671708595;0.22366017301072805;0.8293983284700567;94.63;;;;
95;7;1019;184;1068;232;10.511.309.814.453.100;9.631.541.137.695.310;5.468.471.069.335.930;1043;208;926;207;117;0.0819198479514573;0.23814438047637254;1.107.775.189.055.450;111.83;;;;
95;8;1085;199;1134;249;10.511.309.814.453.100;9.631.541.137.695.310;5.468.471.069.335.930;1109;224;983;223;126;0.1389460139572358;0.23433493663421046;10.210.268.645.382.200;103.76;;;;
95;9;485;356;600;442;10.511.309.814.453.100;9.631.541.137.695.310;5.468.471.069.335.930;542;399;305;393;237;-0.2133119347789759;0.2013445133927168;0.49850620413146585;54.27;;;;
95;10;866;191;917;234;10.511.309.814.453.100;9.631.541.137.695.310;5.468.471.069.335.930;891;212;764;213;127;-0.06819928626331546;0.22266708575416788;10.186.584.178.942.500;102.56;;;;
95;11;1379;204;1424;251;10.511.309.814.453.100;9.631.541.137.695.310;5.468.471.069.335.930;1401;227;1275;227;126;0.41713168737005835;0.23681009958089932;1.019.597.828.544.660;110.89;;;;
95;12;1224;243;1284;289;10.511.309.814.453.100;9.631.541.137.695.310;5.468.471.069.335.930;1254;266;1104;263;150;0.2327523744010705;0.22594926302579818;0.840857102927854;87.88;;;;
95;13;1265;186;1315;232;10.511.309.814.453.100;9.631.541.137.695.310;5.468.471.069.335.930;1290;209;1171;209;119;0.3296996723082609;0.23501554083610515;1.088.652.753.006.370;114.42;;;;
95;14;505;281;573;352;10.511.309.814.453.100;9.631.541.137.695.310;5.468.471.069.335.930;539;316;343;316;196;-0.2597706408826233;0.19943995735671632;0.6282019890444089;67.96;;;;
95;15;1456;299;1520;354;10.511.309.814.453.100;9.631.541.137.695.310;5.468.471.069.335.930;1488;326;1300;324;188;0.33511695558274823;0.21345638340173265;0.6517414613585605;73.66;;;;
95;16;1439;226;1491;266;10.511.309.814.453.100;9.631.541.137.695.310;5.468.471.069.335.930;1465;246;1326;245;139;0.433389137482019;0.22887232070971986;0.9160356523292639;101.95;;;;
95;17;1136;258;1193;304;10.511.309.814.453.100;9.631.541.137.695.310;5.468.471.069.335.930;1164;281;1002;280;162;0.14882311141268137;0.21883791426101068;0.7730140294026908;79.22;;;;
95;18;896;317;979;376;10.511.309.814.453.100;9.631.541.137.695.310;5.468.471.069.335.930;937;346;731;345;206;-0.01524036056470393;0.20489775220749715;0.5889660412661155;59.08;;;;
95;19;569;267;633;322;10.511.309.814.453.100;9.631.541.137.695.310;5.468.471.069.335.930;601;294;420;294;181;-0.24018025501955134;0.20333249215014293;0.6875581166339928;72.92;;;;
95;20;709;204;764;251;10.511.309.814.453.100;9.631.541.137.695.310;5.468.471.069.335.930;736;227;603;227;133;-0.20501772925999626;0.22434641012927314;0.965934784937051;99.27;;;;
96;0;678;310;745;368;10.511.309.814.453.100;9.631.541.137.695.310;5.468.471.069.335.930;711;339;507;337;204;-0.14837418420614434;0.20333940710008763;0.5967997111908145;61.61;;;;
96;1;924;258;996;308;10.511.309.814.453.100;9.631.541.137.695.310;5.468.471.069.335.930;960;283;795;284;165;-0.002294646889533231;0.21611912604730665;0.7582317196350119;76.26;;;;
96;2;1252;283;1324;347;10.511.309.814.453.100;9.631.541.137.695.310;5.468.471.069.335.930;1288;315;1108;311;180;0.21663434976536186;0.21659041554530817;0.6843756075801869;72.26;;;;
96;3;845;238;903;288;10.511.309.814.453.100;9.631.541.137.695.310;5.468.471.069.335.930;874;263;717;262;157;-0.06816543155569008;0.21388865555787853;0.8045135284991499;81.09;;;;
96;4;1314;268;1381;321;10.511.309.814.453.100;9.631.541.137.695.310;5.468.471.069.335.930;1347;294;1177;296;170;0.27103814906966844;0.2164893004657404;0.7320471712397217;78.5;;;;
96;5;1020;184;1068;233;10.511.309.814.453.100;9.631.541.137.695.310;5.468.471.069.335.930;1044;208;926;209;118;0.08224289181169037;0.236126207760471;10.983.872.637.244.700;110.86;;;;
96;6;1500;241;1553;293;10.511.309.814.453.100;9.631.541.137.695.310;5.468.471.069.335.930;1526;267;1374;267;152;0.44449651671708595;0.22366017301072805;0.8293983284700567;94.63;;;;
96;7;1233;213;1284;251;10.511.309.814.453.100;9.631.541.137.695.310;5.468.471.069.335.930;1258;232;1132;230;126;0.2808969226507651;0.24093537115871416;10.172.161.018.887.300;106.38;;;;
96;8;488;356;600;443;10.511.309.814.453.100;9.631.541.137.695.310;5.468.471.069.335.930;544;399;306;393;238;-0.21140693485587972;0.20049852804232723;0.49641164024856055;53.97;;;;
96;9;1085;199;1135;249;10.511.309.814.453.100;9.631.541.137.695.310;5.468.471.069.335.930;1110;224;983;222;127;0.13879714001630447;0.2324897796528388;10.129.872.829.276.800;102.93;;;;
96;10;865;191;917;234;10.511.309.814.453.100;9.631.541.137.695.310;5.468.471.069.335.930;891;212;764;213;127;-0.06819928626331546;0.22266708575416788;10.186.584.178.942.500;102.56;;;;
96;11;1264;187;1315;232;10.511.309.814.453.100;9.631.541.137.695.310;5.468.471.069.335.930;1289;209;1171;209;118;0.3314764574680008;0.23700719796183484;10.978.786.237.945.600;115.39;;;;
96;12;1380;204;1424;251;10.511.309.814.453.100;9.631.541.137.695.310;5.468.471.069.335.930;1402;227;1276;227;126;0.41808437803243104;0.23681009958089932;1.019.597.828.544.660;110.93;;;;
96;13;1223;243;1284;289;10.511.309.814.453.100;9.631.541.137.695.310;5.468.471.069.335.930;1253;266;1104;263;149;0.233508839843635;0.22746570103268274;0.8465004391891148;88.48;;;;
96;14;507;281;574;352;10.511.309.814.453.100;9.631.541.137.695.310;5.468.471.069.335.930;540;316;342;315;198;-0.25654043732088483;0.1974254123329111;0.6218565144075967;67.19;;;;
96;15;1456;298;1521;354;10.511.309.814.453.100;9.631.541.137.695.310;5.468.471.069.335.930;1488;326;1300;325;188;0.33511695558274823;0.21345638340173265;0.6517414613585605;73.66;;;;
96;16;1136;258;1193;304;10.511.309.814.453.100;9.631.541.137.695.310;5.468.471.069.335.930;1164;281;1001;280;163;0.1479100861892907;0.21749535036983883;0.7682716120443921;78.7;;;;
96;17;895;317;979;375;10.511.309.814.453.100;9.631.541.137.695.310;5.468.471.069.335.930;937;346;732;345;205;-0.01531470378697078;0.2058972534377776;0.5918390463454624;59.41;;;;
96;18;1439;227;1492;266;10.511.309.814.453.100;9.631.541.137.695.310;5.468.471.069.335.930;1465;246;1326;245;139;0.433389137482019;0.22887232070971986;0.9160356523292639;101.95;;;;
96;19;570;268;632;322;10.511.309.814.453.100;9.631.541.137.695.310;5.468.471.069.335.930;601;295;420;294;181;-0.24018025501955134;0.203906839353242;0.6872265171216753;72.91;;;;
96;20;709;205;764;251;10.511.309.814.453.100;9.631.541.137.695.310;5.468.471.069.335.930;736;228;603;227;133;-0.20501772925999626;0.22512804053349061;0.9654835104127693;99.24;;;;
97;0;677;309;745;368;10.511.309.814.453.100;9.631.541.137.695.310;5.468.471.069.335.930;711;338;506;337;205;-0.14765040769782167;0.20184040099832654;0.594181271193442;61.29;;;;
97;1;924;258;995;308;10.511.309.814.453.100;9.631.541.137.695.310;5.468.471.069.335.930;959;283;794;283;165;-0.0030221561226178232;0.21611912604730665;0.7582317196350119;76.26;;;;
97;2;845;239;903;288;10.511.309.814.453.100;9.631.541.137.695.310;5.468.471.069.335.930;874;263;718;262;156;-0.06860238945027783;0.21525973668324952;0.8096706665023495;81.65;;;;
97;3;1252;282;1324;348;10.511.309.814.453.100;9.631.541.137.695.310;5.468.471.069.335.930;1288;315;1108;311;180;0.21663434976536186;0.21659041554530817;0.6843756075801869;72.26;;;;
97;4;1315;267;1381;321;10.511.309.814.453.100;9.631.541.137.695.310;5.468.471.069.335.930;1348;294;1177;295;171;0.2701551132473836;0.21522328116477116;0.7277661936301327;78.04;;;;
97;5;1500;242;1551;293;10.511.309.814.453.100;9.631.541.137.695.310;5.468.471.069.335.930;1525;267;1374;267;151;0.4466452418380007;0.22514136620947459;0.8348910326321102;95.25;;;;
97;6;1019;184;1068;233;10.511.309.814.453.100;9.631.541.137.695.310;5.468.471.069.335.930;1043;208;925;208;118;0.08122561195186868;0.236126207760471;10.983.872.637.244.700;110.85;;;;
97;7;1233;212;1283;251;10.511.309.814.453.100;9.631.541.137.695.310;5.468.471.069.335.930;1258;231;1132;231;126;0.2808969226507651;0.2401103168431512;10.176.924.472.199.100;106.41;;;;
97;8;487;356;600;442;10.511.309.814.453.100;9.631.541.137.695.310;5.468.471.069.335.930;543;399;306;393;237;-0.21280544100910687;0.2013445133927168;0.49850620413146585;54.25;;;;
97;9;1085;198;1135;249;10.511.309.814.453.100;9.631.541.137.695.310;5.468.471.069.335.930;1110;223;984;223;126;0.1398987046196085;0.23350988231864744;10.215.032.098.694.100;103.81;;;;
97;10;505;281;574;353;10.511.309.814.453.100;9.631.541.137.695.310;5.468.471.069.335.930;539;317;341;316;198;-0.257146695015122;0.19795044689736024;0.6215533855604781;67.2;;;;
97;11;1380;204;1424;252;10.511.309.814.453.100;9.631.541.137.695.310;5.468.471.069.335.930;1402;228;1275;227;127;0.4147923750557977;0.23576401095239574;10.110.969.046.054.900;110.0;;;;
97;12;866;190;918;234;10.511.309.814.453.100;9.631.541.137.695.310;5.468.471.069.335.930;892;212;764;213;128;-0.0667286744686102;0.22092749914671345;10.107.001.490.044.500;101.72;;;;
97;13;1224;243;1285;289;10.511.309.814.453.100;9.631.541.137.695.310;5.468.471.069.335.930;1254;266;1103;263;151;0.23121096794808327;0.22445291029052802;0.8352885128422392;87.27;;;;
97;14;1264;186;1315;232;10.511.309.814.453.100;9.631.541.137.695.310;5.468.471.069.335.930;1289;209;1171;208;118;0.3314764574680008;0.23700719796183484;10.978.786.237.945.600;115.39;;;;
97;15;1457;299;1521;354;10.511.309.814.453.100;9.631.541.137.695.310;5.468.471.069.335.930;1489;326;1300;324;189;0.3339789771059028;0.21232698454775525;0.6482930938381448;73.27;;;;
97;16;1438;225;1491;266;10.511.309.814.453.100;9.631.541.137.695.310;5.468.471.069.335.930;1464;245;1326;245;138;0.4356597904821861;0.22977750532529073;0.9231085158369359;102.7;;;;
97;17;1137;257;1194;304;10.511.309.814.453.100;9.631.541.137.695.310;5.468.471.069.335.930;1165;280;1001;281;164;0.14774014068483743;0.21553527601538292;0.7639530016766183;78.22;;;;
97;18;896;316;980;376;10.511.309.814.453.100;9.631.541.137.695.310;5.468.471.069.335.930;938;346;731;345;207;-0.014586836970386726;0.20390790799393435;0.5861207946899507;58.76;;;;
97;19;569;266;633;322;10.511.309.814.453.100;9.631.541.137.695.310;5.468.471.069.335.930;601;294;420;293;181;-0.24018025501955134;0.20333249215014293;0.6875581166339928;72.92;;;;
97;20;708;204;765;250;10.511.309.814.453.100;9.631.541.137.695.310;5.468.471.069.335.930;736;227;604;227;132;-0.2065708938756023;0.226046004145404;0.9732524727017255;100.05;;;;
98;0;925;258;995;307;10.511.309.814.453.100;9.631.541.137.695.310;5.468.471.069.335.930;960;282;794;284;166;-0.0022808237154998984;0.21419095755448592;0.7540256219970267;75.79;;;;
98;1;677;310;745;368;10.511.309.814.453.100;9.631.541.137.695.310;5.468.471.069.335.930;711;339;506;338;205;-0.14765040769782167;0.20234750755325792;0.5938884930874445;61.27;;;;
98;2;1251;284;1324;347;10.511.309.814.453.100;9.631.541.137.695.310;5.468.471.069.335.930;1287;315;1109;311;178;0.21839406704666392;0.21902401571997454;0.6920652211485037;73.12;;;;
98;3;1315;268;1381;321;10.511.309.814.453.100;9.631.541.137.695.310;5.468.471.069.335.930;1348;294;1177;295;171;0.2701551132473836;0.21522328116477116;0.7277661936301327;78.04;;;;
98;4;845;238;903;287;10.511.309.814.453.100;9.631.541.137.695.310;5.468.471.069.335.930;874;262;718;263;156;-0.06860238945027783;0.21459334665914098;0.810055406962154;81.67;;;;
98;5;1501;243;1551;293;10.511.309.814.453.100;9.631.541.137.695.310;5.468.471.069.335.930;1526;268;1373;267;153;0.441591310725471;0.222877798309749;0.8235851399720205;93.97;;;;
98;6;1021;185;1067;233;10.511.309.814.453.100;9.631.541.137.695.310;5.468.471.069.335.930;1044;209;926;208;118;0.08224289181169037;0.23700719796183484;10.978.786.237.945.600;110.83;;;;
98;7;1233;211;1283;251;10.511.309.814.453.100;9.631.541.137.695.310;5.468.471.069.335.930;1258;231;1132;230;126;0.2808969226507651;0.2401103168431512;10.176.924.472.199.100;106.41;;;;
98;8;1086;199;1135;248;10.511.309.814.453.100;9.631.541.137.695.310;5.468.471.069.335.930;1110;223;983;223;127;0.13879714001630447;0.23167122182794953;10.134.598.775.082.300;102.96;;;;
98;9;1379;204;1424;252;10.511.309.814.453.100;9.631.541.137.695.310;5.468.471.069.335.930;1401;228;1276;227;125;0.4204687408690188;0.23953623512763406;10.272.744.550.791.800;111.78;;;;
98;10;1224;243;1285;289;10.511.309.814.453.100;9.631.541.137.695.310;5.468.471.069.335.930;1254;266;1104;262;150;0.2327523744010705;0.22594926302579818;0.840857102927854;87.88;;;;
98;11;1264;187;1315;232;10.511.309.814.453.100;9.631.541.137.695.310;5.468.471.069.335.930;1289;209;1171;208;118;0.3314764574680008;0.23700719796183484;10.978.786.237.945.600;115.39;;;;
98;12;866;191;917;234;10.511.309.814.453.100;9.631.541.137.695.310;5.468.471.069.335.930;891;212;764;213;127;-0.06819928626331546;0.22266708575416788;10.186.584.178.942.500;102.56;;;;
98;13;489;357;599;441;10.511.309.814.453.100;9.631.541.137.695.310;5.468.471.069.335.930;544;399;305;395;239;-0.21052238701129444;0.19965962206725474;0.4943346040968929;53.72;;;;
98;14;896;317;978;375;10.511.309.814.453.100;9.631.541.137.695.310;5.468.471.069.335.930;937;346;730;345;207;-0.015166735634439661;0.20390790799393435;0.5861207946899507;58.77;;;;
98;15;1456;298;1521;354;10.511.309.814.453.100;9.631.541.137.695.310;5.468.471.069.335.930;1488;326;1301;325;187;0.33690902486393937;0.21459786138783815;0.6552267098150233;74.09;;;;
98;16;1137;257;1192;303;10.511.309.814.453.100;9.631.541.137.695.310;5.468.471.069.335.930;1164;280;1001;280;163;0.1479100861892907;0.21685757832222577;0.7686398299077631;78.72;;;;
98;17;507;281;573;353;10.511.309.814.453.100;9.631.541.137.695.310;5.468.471.069.335.930;540;317;343;316;197;-0.2578426730433259;0.1989552715009002;0.6247084788881964;67.55;;;;
98;18;1438;225;1491;266;10.511.309.814.453.100;9.631.541.137.695.310;5.468.471.069.335.930;1464;245;1326;245;138;0.4356597904821861;0.22977750532529073;0.9231085158369359;102.7;;;;
98;19;570;269;633;323;10.511.309.814.453.100;9.631.541.137.695.310;5.468.471.069.335.930;601;296;420;294;181;-0.24018025501955134;0.20448118655634107;0.6868949176093576;72.89;;;;
98;20;709;205;764;251;10.511.309.814.453.100;9.631.541.137.695.310;5.468.471.069.335.930;736;228;603;227;133;-0.20501772925999626;0.22512804053349061;0.9654835104127693;99.24;;;;
99;0;677;310;745;368;10.511.309.814.453.100;9.631.541.137.695.310;5.468.471.069.335.930;711;339;506;337;205;-0.14765040769782167;0.20234750755325792;0.5938884930874445;61.27;;;;
99;1;924;258;995;308;10.511.309.814.453.100;9.631.541.137.695.310;5.468.471.069.335.930;959;283;795;284;164;-0.0030405839038532977;0.2174369255963756;0.7628550837791278;76.76;;;;
99;2;1501;243;1551;293;10.511.309.814.453.100;9.631.541.137.695.310;5.468.471.069.335.930;1526;268;1373;267;153;0.441591310725471;0.222877798309749;0.8235851399720205;93.97;;;;
99;3;846;238;904;288;10.511.309.814.453.100;9.631.541.137.695.310;5.468.471.069.335.930;875;263;717;262;158;-0.06697426411888852;0.2125349298897907;0.7994216707238389;80.54;;;;
99;4;1251;283;1323;348;10.511.309.814.453.100;9.631.541.137.695.310;5.468.471.069.335.930;1287;315;1108;310;179;0.217173988459811;0.21780041786679033;0.6881989349968358;72.68;;;;
99;5;1316;268;1381;322;10.511.309.814.453.100;9.631.541.137.695.310;5.468.471.069.335.930;1348;295;1177;295;171;0.2701551132473836;0.21583121592360702;0.7274152023334691;78.02;;;;
99;6;1020;184;1067;233;10.511.309.814.453.100;9.631.541.137.695.310;5.468.471.069.335.930;1043;208;926;208;117;0.0819198479514573;0.23814438047637254;1.107.775.189.055.450;111.83;;;;
99;7;1234;211;1284;251;10.511.309.814.453.100;9.631.541.137.695.310;5.468.471.069.335.930;1259;231;1131;230;128;0.27744571310512;0.23635859314247698;10.017.910.027.321.000;104.71;;;;
99;8;1085;199;1134;249;10.511.309.814.453.100;9.631.541.137.695.310;5.468.471.069.335.930;1109;224;983;223;126;0.1389460139572358;0.23433493663421046;10.210.268.645.382.200;103.76;;;;
99;9;488;356;600;441;10.511.309.814.453.100;9.631.541.137.695.310;5.468.471.069.335.930;544;398;306;393;238;-0.21140693485587972;0.20006173458114684;0.4966638230709533;53.98;;;;
99;10;1264;187;1315;232;10.511.309.814.453.100;9.631.541.137.695.310;5.468.471.069.335.930;1289;209;1171;209;118;0.3314764574680008;0.23700719796183484;10.978.786.237.945.600;115.39;;;;
99;11;1379;204;1424;252;10.511.309.814.453.100;9.631.541.137.695.310;5.468.471.069.335.930;1401;228;1276;227;125;0.4204687408690188;0.23953623512763406;10.272.744.550.791.800;111.78;;;;
99;12;867;190;917;234;10.511.309.814.453.100;9.631.541.137.695.310;5.468.471.069.335.930;892;212;763;213;129;-0.0662113979223419;0.21921488287425828;10.028.652.641.284.400;100.9;;;;
99;13;1223;242;1284;289;10.511.309.814.453.100;9.631.541.137.695.310;5.468.471.069.335.930;1253;265;1104;263;149;0.233508839843635;0.22676800409468992;0.8469032547040777;88.5;;;;
99;14;1458;298;1521;354;10.511.309.814.453.100;9.631.541.137.695.310;5.468.471.069.335.930;1489;326;1300;325;189;0.3339789771059028;0.21232698454775525;0.6482930938381448;73.27;;;;
99;15;1439;226;1491;266;10.511.309.814.453.100;9.631.541.137.695.310;5.468.471.069.335.930;1465;246;1326;246;139;0.433389137482019;0.22887232070971986;0.9160356523292639;101.95;;;;
99;16;506;281;574;352;10.511.309.814.453.100;9.631.541.137.695.310;5.468.471.069.335.930;540;316;341;316;199;-0.25525128939464925;0.19643332483375078;0.6187316073000209;66.83;;;;
99;17;1136;258;1193;304;10.511.309.814.453.100;9.631.541.137.695.310;5.468.471.069.335.930;1164;281;1000;280;164;0.14700819541984378;0.21616915920904714;0.7635870290441215;78.19;;;;
99;18;896;317;979;376;10.511.309.814.453.100;9.631.541.137.695.310;5.468.471.069.335.930;937;346;731;345;206;-0.01524036056470393;0.20489775220749715;0.5889660412661155;59.08;;;;
99;19;569;268;633;323;10.511.309.814.453.100;9.631.541.137.695.310;5.468.471.069.335.930;601;295;420;293;181;-0.24018025501955134;0.203906839353242;0.6872265171216753;72.91;;;;
99;20;710;204;764;251;10.511.309.814.453.100;9.631.541.137.695.310;5.468.471.069.335.930;737;227;603;227;134;-0.2025919325979145;0.22267218318800988;0.9587263163927445;98.48;;;;
100;0;925;259;995;308;10.511.309.814.453.100;9.631.541.137.695.310;5.468.471.069.335.930;960;283;794;284;166;-0.0022808237154998984;0.21481720360123854;0.7536640586733552;75.77;;;;
100;1;678;310;745;368;10.511.309.814.453.100;9.631.541.137.695.310;5.468.471.069.335.930;711;339;506;338;205;-0.14765040769782167;0.20234750755325792;0.5938884930874445;61.27;;;;
100;2;845;239;904;287;10.511.309.814.453.100;9.631.541.137.695.310;5.468.471.069.335.930;874;263;717;262;157;-0.06816543155569008;0.21388865555787853;0.8045135284991499;81.09;;;;
100;3;1251;282;1323;348;10.511.309.814.453.100;9.631.541.137.695.310;5.468.471.069.335.930;1287;315;1109;311;178;0.21839406704666392;0.21902401571997454;0.6920652211485037;73.12;;;;
100;4;1315;268;1380;321;10.511.309.814.453.100;9.631.541.137.695.310;5.468.471.069.335.930;1347;294;1177;295;170;0.27103814906966844;0.2164893004657404;0.7320471712397217;78.5;;;;
100;5;1500;243;1551;293;10.511.309.814.453.100;9.631.541.137.695.310;5.468.471.069.335.930;1525;268;1374;268;151;0.4466452418380007;0.22582982212842118;0.8344935524219811;95.23;;;;
100;6;1233;212;1284;251;10.511.309.814.453.100;9.631.541.137.695.310;5.468.471.069.335.930;1258;231;1132;230;126;0.2808969226507651;0.2401103168431512;10.176.924.472.199.100;106.41;;;;
100;7;1020;184;1068;233;10.511.309.814.453.100;9.631.541.137.695.310;5.468.471.069.335.930;1044;208;925;208;119;0.08155177507377698;0.23414195391374437;10.891.571.186.511.500;109.9;;;;
100;8;487;357;600;441;10.511.309.814.453.100;9.631.541.137.695.310;5.468.471.069.335.930;543;399;306;393;237;-0.21280544100910687;0.2013445133927168;0.49850620413146585;54.25;;;;
100;9;866;191;918;234;10.511.309.814.453.100;9.631.541.137.695.310;5.468.471.069.335.930;892;212;765;213;127;-0.0672540971022213;0.22266708575416788;10.186.584.178.942.500;102.56;;;;
100;10;1085;199;1134;248;10.511.309.814.453.100;9.631.541.137.695.310;5.468.471.069.335.930;1109;223;983;223;126;0.1389460139572358;0.23350988231864744;10.215.032.098.694.100;103.79;;;;
100;11;1379;203;1424;252;10.511.309.814.453.100;9.631.541.137.695.310;5.468.471.069.335.930;1401;227;1275;227;126;0.41713168737005835;0.23681009958089932;1.019.597.828.544.660;110.89;;;;
100;12;895;317;979;375;10.511.309.814.453.100;9.631.541.137.695.310;5.468.471.069.335.930;937;346;731;345;206;-0.01524036056470393;0.20489775220749715;0.5889660412661155;59.08;;;;
100;13;1265;186;1315;232;10.511.309.814.453.100;9.631.541.137.695.310;5.468.471.069.335.930;1290;209;1171;209;119;0.3296996723082609;0.23501554083610515;1.088.652.753.006.370;114.42;;;;
100;14;1224;243;1283;289;10.511.309.814.453.100;9.631.541.137.695.310;5.468.471.069.335.930;1253;266;1104;263;149;0.233508839843635;0.22746570103268274;0.8465004391891148;88.48;;;;
100;15;1457;298;1521;354;10.511.309.814.453.100;9.631.541.137.695.310;5.468.471.069.335.930;1489;326;1300;325;189;0.3339789771059028;0.21232698454775525;0.6482930938381448;73.27;;;;
100;16;1437;224;1490;266;10.511.309.814.453.100;9.631.541.137.695.310;5.468.471.069.335.930;1463;245;1326;245;137;0.4379635917013338;0.2314547133933586;0.9298465342007092;103.44;;;;
100;17;1136;257;1193;303;10.511.309.814.453.100;9.631.541.137.695.310;5.468.471.069.335.930;1164;280;1001;280;163;0.1479100861892907;0.21685757832222577;0.7686398299077631;78.72;;;;
100;18;506;282;573;353;10.511.309.814.453.100;9.631.541.137.695.310;5.468.471.069.335.930;539;317;341;317;198;-0.257146695015122;0.19795044689736024;0.6215533855604781;67.2;;;;
100;19;570;268;633;323;10.511.309.814.453.100;9.631.541.137.695.310;5.468.471.069.335.930;601;295;421;294;180;-0.24151458976965995;0.2050396551274267;0.6910444422167956;73.34;;;;
100;20;707;205;766;251;10.511.309.814.453.100;9.631.541.137.695.310;5.468.471.069.335.930;736;228;603;227;133;-0.20501772925999626;0.22512804053349061;0.9654835104127693;99.24;;;;
101;0;678;310;745;368;10.511.309.814.453.100;9.631.541.137.695.310;5.468.471.069.335.930;711;339;506;337;205;-0.14765040769782167;0.20234750755325792;0.5938884930874445;61.27;;;;
101;1;925;258;995;308;10.511.309.814.453.100;9.631.541.137.695.310;5.468.471.069.335.930;960;283;795;283;165;-0.002294646889533231;0.21611912604730665;0.7582317196350119;76.26;;;;
101;2;845;238;903;288;10.511.309.814.453.100;9.631.541.137.695.310;5.468.471.069.335.930;874;263;717;263;157;-0.06816543155569008;0.21388865555787853;0.8045135284991499;81.09;;;;
101;3;1500;243;1551;293;10.511.309.814.453.100;9.631.541.137.695.310;5.468.471.069.335.930;1525;268;1374;267;151;0.4466452418380007;0.22582982212842118;0.8344935524219811;95.23;;;;
101;4;1315;268;1381;321;10.511.309.814.453.100;9.631.541.137.695.310;5.468.471.069.335.930;1348;294;1177;295;171;0.2701551132473836;0.21522328116477116;0.7277661936301327;78.04;;;;
101;5;1251;283;1324;348;10.511.309.814.453.100;9.631.541.137.695.310;5.468.471.069.335.930;1287;315;1108;312;179;0.217173988459811;0.21780041786679033;0.6881989349968358;72.68;;;;
101;6;1019;184;1068;232;10.511.309.814.453.100;9.631.541.137.695.310;5.468.471.069.335.930;1043;208;926;208;117;0.0819198479514573;0.23814438047637254;1.107.775.189.055.450;111.83;;;;
101;7;896;317;978;375;10.511.309.814.453.100;9.631.541.137.695.310;5.468.471.069.335.930;937;346;732;346;205;-0.01531470378697078;0.2058972534377776;0.5918390463454624;59.41;;;;
101;8;1233;212;1284;251;10.511.309.814.453.100;9.631.541.137.695.310;5.468.471.069.335.930;1258;231;1132;230;126;0.2808969226507651;0.2401103168431512;10.176.924.472.199.100;106.41;;;;
101;9;1086;199;1134;248;10.511.309.814.453.100;9.631.541.137.695.310;5.468.471.069.335.930;1110;223;983;223;127;0.13879714001630447;0.23167122182794953;10.134.598.775.082.300;102.96;;;;
101;10;489;356;599;443;10.511.309.814.453.100;9.631.541.137.695.310;5.468.471.069.335.930;544;399;304;393;240;-0.2096452103987474;0.19882770697530783;0.49227487657982255;53.46;;;;
101;11;866;190;917;234;10.511.309.814.453.100;9.631.541.137.695.310;5.468.471.069.335.930;891;212;764;213;127;-0.06819928626331546;0.22266708575416788;10.186.584.178.942.500;102.56;;;;
101;12;1380;204;1423;251;10.511.309.814.453.100;9.631.541.137.695.310;5.468.471.069.335.930;1401;227;1275;227;126;0.41713168737005835;0.23681009958089932;1.019.597.828.544.660;110.89;;;;
101;13;1264;187;1315;232;10.511.309.814.453.100;9.631.541.137.695.310;5.468.471.069.335.930;1289;209;1171;209;118;0.3314764574680008;0.23700719796183484;10.978.786.237.945.600;115.39;;;;
101;14;507;281;574;352;10.511.309.814.453.100;9.631.541.137.695.310;5.468.471.069.335.930;540;316;341;317;199;-0.25525128939464925;0.19643332483375078;0.6187316073000209;66.83;;;;
101;15;1224;243;1284;289;10.511.309.814.453.100;9.631.541.137.695.310;5.468.471.069.335.930;1254;266;1103;263;151;0.23121096794808327;0.22445291029052802;0.8352885128422392;87.27;;;;
101;16;1457;298;1521;354;10.511.309.814.453.100;9.631.541.137.695.310;5.468.471.069.335.930;1489;326;1300;324;189;0.3339789771059028;0.21232698454775525;0.6482930938381448;73.27;;;;
101;17;1136;257;1192;303;10.511.309.814.453.100;9.631.541.137.695.310;5.468.471.069.335.930;1164;280;1001;281;163;0.1479100861892907;0.21685757832222577;0.7686398299077631;78.72;;;;
101;18;1439;225;1491;266;10.511.309.814.453.100;9.631.541.137.695.310;5.468.471.069.335.930;1465;245;1326;245;139;0.433389137482019;0.228124429747411;0.9164674473776774;101.97;;;;
101;19;570;267;632;323;10.511.309.814.453.100;9.631.541.137.695.310;5.468.471.069.335.930;601;295;420;293;181;-0.24018025501955134;0.203906839353242;0.6872265171216753;72.91;;;;
101;20;710;205;763;250;10.511.309.814.453.100;9.631.541.137.695.310;5.468.471.069.335.930;736;227;603;227;133;-0.20501772925999626;0.22434641012927314;0.965934784937051;99.27;;;;
102;0;677;310;745;367;10.511.309.814.453.100;9.631.541.137.695.310;5.468.471.069.335.930;711;338;506;337;205;-0.14765040769782167;0.20184040099832654;0.594181271193442;61.29;;;;
102;1;924;258;995;308;10.511.309.814.453.100;9.631.541.137.695.310;5.468.471.069.335.930;959;283;794;284;165;-0.0030221561226178232;0.21611912604730665;0.7582317196350119;76.26;;;;
102;2;845;239;903;287;10.511.309.814.453.100;9.631.541.137.695.310;5.468.471.069.335.930;874;263;718;263;156;-0.06860238945027783;0.21525973668324952;0.8096706665023495;81.65;;;;
102;3;1251;283;1325;347;10.511.309.814.453.100;9.631.541.137.695.310;5.468.471.069.335.930;1288;315;1108;311;180;0.21663434976536186;0.21659041554530817;0.6843756075801869;72.26;;;;
102;4;1315;268;1380;320;10.511.309.814.453.100;9.631.541.137.695.310;5.468.471.069.335.930;1347;294;1176;295;171;0.26945313065405635;0.21522328116477116;0.7277661936301327;78.01;;;;
102;5;1501;243;1552;293;10.511.309.814.453.100;9.631.541.137.695.310;5.468.471.069.335.930;1526;268;1374;267;152;0.44449651671708595;0.2243440996144184;0.8290034632613101;94.61;;;;
102;6;1020;185;1068;232;10.511.309.814.453.100;9.631.541.137.695.310;5.468.471.069.335.930;1044;208;926;208;118;0.08224289181169037;0.236126207760471;10.983.872.637.244.700;110.86;;;;
102;7;1233;211;1284;251;10.511.309.814.453.100;9.631.541.137.695.310;5.468.471.069.335.930;1258;231;1132;230;126;0.2808969226507651;0.2401103168431512;10.176.924.472.199.100;106.41;;;;
102;8;1085;200;1134;249;10.511.309.814.453.100;9.631.541.137.695.310;5.468.471.069.335.930;1109;224;983;223;126;0.1389460139572358;0.23433493663421046;10.210.268.645.382.200;103.76;;;;
102;9;488;357;599;440;10.511.309.814.453.100;9.631.541.137.695.310;5.468.471.069.335.930;543;398;306;393;237;-0.21280544100910687;0.2009058769211517;0.49875945101640035;54.26;;;;
102;10;866;191;917;234;10.511.309.814.453.100;9.631.541.137.695.310;5.468.471.069.335.930;891;212;764;213;127;-0.06819928626331546;0.22266708575416788;10.186.584.178.942.500;102.56;;;;
102;11;896;317;978;375;10.511.309.814.453.100;9.631.541.137.695.310;5.468.471.069.335.930;937;346;731;345;206;-0.01524036056470393;0.20489775220749715;0.5889660412661155;59.08;;;;
102;12;1223;243;1283;289;10.511.309.814.453.100;9.631.541.137.695.310;5.468.471.069.335.930;1253;266;1104;264;149;0.233508839843635;0.22746570103268274;0.8465004391891148;88.48;;;;
102;13;1380;204;1424;251;10.511.309.814.453.100;9.631.541.137.695.310;5.468.471.069.335.930;1402;227;1275;226;127;0.4147923750557977;0.23494545312750648;10.115.694.991.860.400;110.02;;;;
102;14;1264;187;1315;232;10.511.309.814.453.100;9.631.541.137.695.310;5.468.471.069.335.930;1289;209;1171;209;118;0.3314764574680008;0.23700719796183484;10.978.786.237.945.600;115.39;;;;
102;15;1457;299;1521;354;10.511.309.814.453.100;9.631.541.137.695.310;5.468.471.069.335.930;1489;326;1300;325;189;0.3339789771059028;0.21232698454775525;0.6482930938381448;73.27;;;;
102;16;505;281;574;352;10.511.309.814.453.100;9.631.541.137.695.310;5.468.471.069.335.930;539;316;341;316;198;-0.257146695015122;0.1974254123329111;0.6218565144075967;67.22;;;;
102;17;1439;227;1491;265;10.511.309.814.453.100;9.631.541.137.695.310;5.468.471.069.335.930;1465;246;1325;245;140;0.4302935007857189;0.22723751841893616;0.9094925405269119;101.19;;;;
102;18;1136;257;1194;304;10.511.309.814.453.100;9.631.541.137.695.310;5.468.471.069.335.930;1165;280;1001;281;164;0.14774014068483743;0.21553527601538292;0.7639530016766183;78.22;;;;
102;19;569;267;634;323;10.511.309.814.453.100;9.631.541.137.695.310;5.468.471.069.335.930;601;295;420;294;181;-0.24018025501955134;0.203906839353242;0.6872265171216753;72.91;;;;
102;20;709;204;765;251;10.511.309.814.453.100;9.631.541.137.695.310;5.468.471.069.335.930;737;227;603;227;134;-0.2025919325979145;0.22267218318800988;0.9587263163927445;98.48;;;;
103;0;677;310;745;368;10.511.309.814.453.100;9.631.541.137.695.310;5.468.471.069.335.930;711;339;506;338;205;-0.14765040769782167;0.20234750755325792;0.5938884930874445;61.27;;;;
103;1;924;258;995;308;10.511.309.814.453.100;9.631.541.137.695.310;5.468.471.069.335.930;959;283;794;284;165;-0.0030221561226178232;0.21611912604730665;0.7582317196350119;76.26;;;;
103;2;845;238;903;288;10.511.309.814.453.100;9.631.541.137.695.310;5.468.471.069.335.930;874;263;717;262;157;-0.06816543155569008;0.21388865555787853;0.8045135284991499;81.09;;;;
103;3;1252;282;1324;348;10.511.309.814.453.100;9.631.541.137.695.310;5.468.471.069.335.930;1288;315;1108;311;180;0.21663434976536186;0.21659041554530817;0.6843756075801869;72.26;;;;
103;4;1501;242;1551;293;10.511.309.814.453.100;9.631.541.137.695.310;5.468.471.069.335.930;1526;267;1374;267;152;0.44449651671708595;0.22366017301072805;0.8293983284700567;94.63;;;;
103;5;1316;268;1380;321;10.511.309.814.453.100;9.631.541.137.695.310;5.468.471.069.335.930;1348;294;1177;295;171;0.2701551132473836;0.21522328116477116;0.7277661936301327;78.04;;;;
103;6;1020;185;1068;233;10.511.309.814.453.100;9.631.541.137.695.310;5.468.471.069.335.930;1044;209;926;208;118;0.08224289181169037;0.23700719796183484;10.978.786.237.945.600;110.83;;;;
103;7;1234;212;1284;251;10.511.309.814.453.100;9.631.541.137.695.310;5.468.471.069.335.930;1259;231;1132;230;127;0.27963032501933355;0.23821968442706343;10.096.791.208.638.500;105.56;;;;
103;8;1085;199;1134;249;10.511.309.814.453.100;9.631.541.137.695.310;5.468.471.069.335.930;1109;224;983;223;126;0.1389460139572358;0.23433493663421046;10.210.268.645.382.200;103.76;;;;
103;9;1380;204;1424;251;10.511.309.814.453.100;9.631.541.137.695.310;5.468.471.069.335.930;1402;227;1275;227;127;0.4147923750557977;0.23494545312750648;10.115.694.991.860.400;110.02;;;;
103;10;488;356;600;442;10.511.309.814.453.100;9.631.541.137.695.310;5.468.471.069.335.930;544;399;306;393;238;-0.21140693485587972;0.20049852804232723;0.49641164024856055;53.97;;;;
103;11;866;191;918;234;10.511.309.814.453.100;9.631.541.137.695.310;5.468.471.069.335.930;892;212;764;213;128;-0.0667286744686102;0.22092749914671345;10.107.001.490.044.500;101.72;;;;
103;12;1264;187;1315;232;10.511.309.814.453.100;9.631.541.137.695.310;5.468.471.069.335.930;1289;209;1171;209;118;0.3314764574680008;0.23700719796183484;10.978.786.237.945.600;115.39;;;;
103;13;1223;243;1284;289;10.511.309.814.453.100;9.631.541.137.695.310;5.468.471.069.335.930;1253;266;1103;263;150;0.23195211424467743;0.22594926302579818;0.840857102927854;87.86;;;;
103;14;507;281;573;352;10.511.309.814.453.100;9.631.541.137.695.310;5.468.471.069.335.930;540;316;341;317;199;-0.25525128939464925;0.19643332483375078;0.6187316073000209;66.83;;;;
103;15;1438;225;1491;266;10.511.309.814.453.100;9.631.541.137.695.310;5.468.471.069.335.930;1464;245;1326;245;138;0.4356597904821861;0.22977750532529073;0.9231085158369359;102.7;;;;
103;16;1457;298;1521;354;10.511.309.814.453.100;9.631.541.137.695.310;5.468.471.069.335.930;1489;326;1300;325;189;0.3339789771059028;0.21232698454775525;0.6482930938381448;73.27;;;;
103;17;1136;258;1194;304;10.511.309.814.453.100;9.631.541.137.695.310;5.468.471.069.335.930;1165;281;1001;280;164;0.14774014068483743;0.21616915920904714;0.7635870290441215;78.21;;;;
103;18;569;266;633;322;10.511.309.814.453.100;9.631.541.137.695.310;5.468.471.069.335.930;601;294;420;294;181;-0.24018025501955134;0.20333249215014293;0.6875581166339928;72.92;;;;
103;19;896;316;978;376;10.511.309.814.453.100;9.631.541.137.695.310;5.468.471.069.335.930;937;346;730;345;207;-0.015166735634439661;0.20390790799393435;0.5861207946899507;58.77;;;;
103;20;710;204;764;251;10.511.309.814.453.100;9.631.541.137.695.310;5.468.471.069.335.930;737;227;603;227;134;-0.2025919325979145;0.22267218318800988;0.9587263163927445;98.48;;;;
104;0;678;310;745;368;10.511.309.814.453.100;9.631.541.137.695.310;5.468.471.069.335.930;711;339;506;337;205;-0.14765040769782167;0.20234750755325792;0.5938884930874445;61.27;;;;
104;1;924;258;996;308;10.511.309.814.453.100;9.631.541.137.695.310;5.468.471.069.335.930;960;283;795;284;165;-0.002294646889533231;0.21611912604730665;0.7582317196350119;76.26;;;;
104;2;1314;268;1380;321;10.511.309.814.453.100;9.631.541.137.695.310;5.468.471.069.335.930;1347;294;1177;295;170;0.27103814906966844;0.2164893004657404;0.7320471712397217;78.5;;;;
104;3;1252;283;1323;347;10.511.309.814.453.100;9.631.541.137.695.310;5.468.471.069.335.930;1287;315;1108;311;179;0.217173988459811;0.21780041786679033;0.6881989349968358;72.68;;;;
104;4;845;238;903;288;10.511.309.814.453.100;9.631.541.137.695.310;5.468.471.069.335.930;874;263;717;263;157;-0.06816543155569008;0.21388865555787853;0.8045135284991499;81.09;;;;
104;5;1500;242;1551;293;10.511.309.814.453.100;9.631.541.137.695.310;5.468.471.069.335.930;1525;267;1374;268;151;0.4466452418380007;0.22514136620947459;0.8348910326321102;95.25;;;;
104;6;1234;212;1284;251;10.511.309.814.453.100;9.631.541.137.695.310;5.468.471.069.335.930;1259;231;1132;230;127;0.27963032501933355;0.23821968442706343;10.096.791.208.638.500;105.56;;;;
104;7;1020;184;1068;233;10.511.309.814.453.100;9.631.541.137.695.310;5.468.471.069.335.930;1044;208;926;208;118;0.08224289181169037;0.236126207760471;10.983.872.637.244.700;110.86;;;;
104;8;1085;199;1135;248;10.511.309.814.453.100;9.631.541.137.695.310;5.468.471.069.335.930;1110;223;983;223;127;0.13879714001630447;0.23167122182794953;10.134.598.775.082.300;102.96;;;;
104;9;1379;203;1424;252;10.511.309.814.453.100;9.631.541.137.695.310;5.468.471.069.335.930;1401;227;1276;227;125;0.4204687408690188;0.23870458037754655;10.277.546.111.730.200;111.81;;;;
104;10;489;357;599;443;10.511.309.814.453.100;9.631.541.137.695.310;5.468.471.069.335.930;544;400;304;394;240;-0.2096452103987474;0.1992608604909784;0.4920247952809497;53.46;;;;
104;11;1224;243;1284;289;10.511.309.814.453.100;9.631.541.137.695.310;5.468.471.069.335.930;1254;266;1104;264;150;0.2327523744010705;0.22594926302579818;0.840857102927854;87.88;;;;
104;12;1265;187;1314;232;10.511.309.814.453.100;9.631.541.137.695.310;5.468.471.069.335.930;1289;209;1170;208;119;0.32869094101868984;0.23501554083610515;1.088.652.753.006.370;114.39;;;;
104;13;865;190;918;234;10.511.309.814.453.100;9.631.541.137.695.310;5.468.471.069.335.930;891;212;765;213;126;-0.06874055044000844;0.22443428484745487;102.674.300.851.246;103.41;;;;
104;14;1456;298;1521;354;10.511.309.814.453.100;9.631.541.137.695.310;5.468.471.069.335.930;1488;326;1301;325;187;0.33690902486393937;0.21459786138783815;0.6552267098150233;74.09;;;;
104;15;507;281;573;352;10.511.309.814.453.100;9.631.541.137.695.310;5.468.471.069.335.930;540;316;341;316;199;-0.25525128939464925;0.19643332483375078;0.6187316073000209;66.83;;;;
104;16;896;317;979;375;10.511.309.814.453.100;9.631.541.137.695.310;5.468.471.069.335.930;937;346;731;345;206;-0.01524036056470393;0.20489775220749715;0.5889660412661155;59.08;;;;
104;17;1136;256;1193;304;10.511.309.814.453.100;9.631.541.137.695.310;5.468.471.069.335.930;1164;280;1000;280;164;0.14700819541984378;0.21553527601538292;0.7639530016766183;78.21;;;;
104;18;1439;225;1491;266;10.511.309.814.453.100;9.631.541.137.695.310;5.468.471.069.335.930;1465;245;1326;245;139;0.433389137482019;0.228124429747411;0.9164674473776774;101.97;;;;
104;19;570;268;632;322;10.511.309.814.453.100;9.631.541.137.695.310;5.468.471.069.335.930;601;295;420;294;181;-0.24018025501955134;0.203906839353242;0.6872265171216753;72.91;;;;
104;20;709;205;765;251;10.511.309.814.453.100;9.631.541.137.695.310;5.468.471.069.335.930;737;228;603;226;134;-0.2025919325979145;0.22344798052950937;0.9582784095887932;98.45;;;;
105;0;678;310;745;367;10.511.309.814.453.100;9.631.541.137.695.310;5.468.471.069.335.930;711;338;506;337;205;-0.14765040769782167;0.20184040099832654;0.594181271193442;61.29;;;;
105;1;924;258;996;308;10.511.309.814.453.100;9.631.541.137.695.310;5.468.471.069.335.930;960;283;794;284;166;-0.0022808237154998984;0.21481720360123854;0.7536640586733552;75.77;;;;
105;2;1252;283;1324;347;10.511.309.814.453.100;9.631.541.137.695.310;5.468.471.069.335.930;1288;315;1108;311;180;0.21663434976536186;0.21659041554530817;0.6843756075801869;72.26;;;;
105;3;845;238;904;287;10.511.309.814.453.100;9.631.541.137.695.310;5.468.471.069.335.930;874;262;717;262;157;-0.06816543155569008;0.21322651005621654;0.8048958183827772;81.12;;;;
105;4;1314;268;1381;322;10.511.309.814.453.100;9.631.541.137.695.310;5.468.471.069.335.930;1347;295;1177;295;170;0.27103814906966844;0.21710081131139294;0.7316941152883718;78.48;;;;
105;5;1019;184;1068;233;10.511.309.814.453.100;9.631.541.137.695.310;5.468.471.069.335.930;1043;208;926;208;117;0.0819198479514573;0.23814438047637254;1.107.775.189.055.450;111.83;;;;
105;6;1233;212;1283;251;10.511.309.814.453.100;9.631.541.137.695.310;5.468.471.069.335.930;1258;231;1131;230;127;0.2786851358582394;0.23821968442706343;10.096.791.208.638.500;105.54;;;;
105;7;1500;243;1551;294;10.511.309.814.453.100;9.631.541.137.695.310;5.468.471.069.335.930;1525;268;1374;267;151;0.4466452418380007;0.22582982212842118;0.8344935524219811;95.23;;;;
105;8;1085;199;1134;248;10.511.309.814.453.100;9.631.541.137.695.310;5.468.471.069.335.930;1109;223;984;223;125;0.14005758206889368;0.2353779613771967;10.296.752.355.483.600;104.65;;;;
105;9;488;356;600;443;10.511.309.814.453.100;9.631.541.137.695.310;5.468.471.069.335.930;544;399;304;395;240;-0.2096452103987474;0.19882770697530783;0.49227487657982255;53.46;;;;
105;10;1379;204;1424;252;10.511.309.814.453.100;9.631.541.137.695.310;5.468.471.069.335.930;1401;228;1276;227;125;0.4204687408690188;0.23953623512763406;10.272.744.550.791.800;111.78;;;;
105;11;1265;187;1315;233;10.511.309.814.453.100;9.631.541.137.695.310;5.468.471.069.335.930;1290;210;1171;209;119;0.3296996723082609;0.23588912775846593;10.881.483.873.615.800;114.39;;;;
105;12;866;190;918;234;10.511.309.814.453.100;9.631.541.137.695.310;5.468.471.069.335.930;892;212;764;213;128;-0.0667286744686102;0.22092749914671345;10.107.001.490.044.500;101.72;;;;
105;13;1225;243;1285;289;10.511.309.814.453.100;9.631.541.137.695.310;5.468.471.069.335.930;1255;266;1103;263;152;0.23047957357644427;0.2229762464070377;0.8297931936788032;86.68;;;;
105;14;1456;298;1521;354;10.511.309.814.453.100;9.631.541.137.695.310;5.468.471.069.335.930;1488;326;1300;325;188;0.33511695558274823;0.21345638340173265;0.6517414613585605;73.66;;;;
105;15;506;281;573;352;10.511.309.814.453.100;9.631.541.137.695.310;5.468.471.069.335.930;539;316;341;316;198;-0.257146695015122;0.1974254123329111;0.6218565144075967;67.22;;;;
105;16;1136;258;1194;304;10.511.309.814.453.100;9.631.541.137.695.310;5.468.471.069.335.930;1165;281;1001;281;164;0.14774014068483743;0.21616915920904714;0.7635870290441215;78.21;;;;
105;17;1438;226;1491;266;10.511.309.814.453.100;9.631.541.137.695.310;5.468.471.069.335.930;1464;246;1326;245;138;0.4356597904821861;0.23053081578732654;0.9226735918388962;102.68;;;;
105;18;895;317;979;375;10.511.309.814.453.100;9.631.541.137.695.310;5.468.471.069.335.930;937;346;731;345;206;-0.01524036056470393;0.20489775220749715;0.5889660412661155;59.08;;;;
105;19;569;267;633;322;10.511.309.814.453.100;9.631.541.137.695.310;5.468.471.069.335.930;601;294;420;294;181;-0.24018025501955134;0.20333249215014293;0.6875581166339928;72.92;;;;
105;20;708;204;765;251;10.511.309.814.453.100;9.631.541.137.695.310;5.468.471.069.335.930;736;227;604;227;132;-0.2065708938756023;0.226046004145404;0.9732524727017255;100.05;;;;
106;0;677;310;746;368;10.511.309.814.453.100;9.631.541.137.695.310;5.468.471.069.335.930;711;339;507;337;204;-0.14837418420614434;0.20333940710008763;0.5967997111908145;61.61;;;;
106;1;924;258;996;308;10.511.309.814.453.100;9.631.541.137.695.310;5.468.471.069.335.930;960;283;794;284;166;-0.0022808237154998984;0.21481720360123854;0.7536640586733552;75.77;;;;
106;2;1252;283;1324;348;10.511.309.814.453.100;9.631.541.137.695.310;5.468.471.069.335.930;1288;315;1108;311;180;0.21663434976536186;0.21659041554530817;0.6843756075801869;72.26;;;;
106;3;845;238;904;288;10.511.309.814.453.100;9.631.541.137.695.310;5.468.471.069.335.930;874;263;718;263;156;-0.06860238945027783;0.21525973668324952;0.8096706665023495;81.65;;;;
106;4;1316;268;1381;322;10.511.309.814.453.100;9.631.541.137.695.310;5.468.471.069.335.930;1348;295;1177;295;171;0.2701551132473836;0.21583121592360702;0.7274152023334691;78.02;;;;
106;5;1500;243;1552;293;10.511.309.814.453.100;9.631.541.137.695.310;5.468.471.069.335.930;1526;268;1373;267;153;0.441591310725471;0.222877798309749;0.8235851399720205;93.97;;;;
106;6;1020;184;1068;233;10.511.309.814.453.100;9.631.541.137.695.310;5.468.471.069.335.930;1044;208;926;208;118;0.08224289181169037;0.236126207760471;10.983.872.637.244.700;110.86;;;;
106;7;1233;211;1283;251;10.511.309.814.453.100;9.631.541.137.695.310;5.468.471.069.335.930;1258;231;1132;230;126;0.2808969226507651;0.2401103168431512;10.176.924.472.199.100;106.41;;;;
106;8;1085;199;1134;249;10.511.309.814.453.100;9.631.541.137.695.310;5.468.471.069.335.930;1109;224;983;223;126;0.1389460139572358;0.23433493663421046;10.210.268.645.382.200;103.76;;;;
106;9;488;356;599;442;10.511.309.814.453.100;9.631.541.137.695.310;5.468.471.069.335.930;543;399;304;395;239;-0.2110246423395746;0.19965962206725474;0.4943346040968929;53.74;;;;
106;10;1265;188;1316;232;10.511.309.814.453.100;9.631.541.137.695.310;5.468.471.069.335.930;1290;210;1171;209;119;0.3296996723082609;0.23588912775846593;10.881.483.873.615.800;114.39;;;;
106;11;1223;243;1283;289;10.511.309.814.453.100;9.631.541.137.695.310;5.468.471.069.335.930;1253;266;1104;263;149;0.233508839843635;0.22746570103268274;0.8465004391891148;88.48;;;;
106;12;865;190;917;234;10.511.309.814.453.100;9.631.541.137.695.310;5.468.471.069.335.930;891;212;765;213;126;-0.06874055044000844;0.22443428484745487;102.674.300.851.246;103.41;;;;
106;13;1379;204;1423;251;10.511.309.814.453.100;9.631.541.137.695.310;5.468.471.069.335.930;1401;227;1275;227;126;0.41713168737005835;0.23681009958089932;1.019.597.828.544.660;110.89;;;;
106;14;1456;299;1521;355;10.511.309.814.453.100;9.631.541.137.695.310;5.468.471.069.335.930;1488;327;1300;324;188;0.33511695558274823;0.21400934533663124;0.6514222086365952;73.65;;;;
106;15;506;281;574;352;10.511.309.814.453.100;9.631.541.137.695.310;5.468.471.069.335.930;540;316;340;317;200;-0.25397503294767604;0.19545115820958203;0.6156379492635208;66.46;;;;
106;16;896;317;979;376;10.511.309.814.453.100;9.631.541.137.695.310;5.468.471.069.335.930;937;346;731;345;206;-0.01524036056470393;0.20489775220749715;0.5889660412661155;59.08;;;;
106;17;1136;257;1194;304;10.511.309.814.453.100;9.631.541.137.695.310;5.468.471.069.335.930;1165;280;1001;281;164;0.14774014068483743;0.21553527601538292;0.7639530016766183;78.22;;;;
106;18;1440;227;1492;266;10.511.309.814.453.100;9.631.541.137.695.310;5.468.471.069.335.930;1466;246;1326;246;140;0.43115092238185426;0.22723751841893616;0.9094925405269119;101.23;;;;
106;19;570;268;633;322;10.511.309.814.453.100;9.631.541.137.695.310;5.468.471.069.335.930;601;295;420;294;181;-0.24018025501955134;0.203906839353242;0.6872265171216753;72.91;;;;
106;20;709;205;765;251;10.511.309.814.453.100;9.631.541.137.695.310;5.468.471.069.335.930;737;228;603;227;134;-0.2025919325979145;0.22344798052950937;0.9582784095887932;98.45;;;;
107;0;678;310;744;368;10.511.309.814.453.100;9.631.541.137.695.310;5.468.471.069.335.930;711;339;506;337;205;-0.14765040769782167;0.20234750755325792;0.5938884930874445;61.27;;;;
107;1;924;258;995;308;10.511.309.814.453.100;9.631.541.137.695.310;5.468.471.069.335.930;959;283;794;284;165;-0.0030221561226178232;0.21611912604730665;0.7582317196350119;76.26;;;;
107;2;846;238;903;287;10.511.309.814.453.100;9.631.541.137.695.310;5.468.471.069.335.930;874;262;718;263;156;-0.06860238945027783;0.21459334665914098;0.810055406962154;81.67;;;;
107;3;1316;269;1381;321;10.511.309.814.453.100;9.631.541.137.695.310;5.468.471.069.335.930;1348;295;1177;295;171;0.2701551132473836;0.21583121592360702;0.7274152023334691;78.02;;;;
107;4;1251;284;1324;347;10.511.309.814.453.100;9.631.541.137.695.310;5.468.471.069.335.930;1287;315;1108;311;179;0.217173988459811;0.21780041786679033;0.6881989349968358;72.68;;;;
107;5;1020;184;1068;233;10.511.309.814.453.100;9.631.541.137.695.310;5.468.471.069.335.930;1044;208;925;208;119;0.08155177507377698;0.23414195391374437;10.891.571.186.511.500;109.9;;;;
107;6;1232;211;1284;251;10.511.309.814.453.100;9.631.541.137.695.310;5.468.471.069.335.930;1258;231;1132;231;126;0.2808969226507651;0.2401103168431512;10.176.924.472.199.100;106.41;;;;
107;7;1501;243;1552;293;10.511.309.814.453.100;9.631.541.137.695.310;5.468.471.069.335.930;1526;268;1374;267;152;0.44449651671708595;0.2243440996144184;0.8290034632613101;94.61;;;;
107;8;488;357;600;443;10.511.309.814.453.100;9.631.541.137.695.310;5.468.471.069.335.930;544;400;306;392;238;-0.21140693485587972;0.20093532150350762;0.49615945742616774;53.97;;;;
107;9;896;317;979;375;10.511.309.814.453.100;9.631.541.137.695.310;5.468.471.069.335.930;937;346;732;345;205;-0.01531470378697078;0.2058972534377776;0.5918390463454624;59.41;;;;
107;10;1085;199;1134;249;10.511.309.814.453.100;9.631.541.137.695.310;5.468.471.069.335.930;1109;224;983;223;126;0.1389460139572358;0.23433493663421046;10.210.268.645.382.200;103.76;;;;
107;11;1379;204;1424;251;10.511.309.814.453.100;9.631.541.137.695.310;5.468.471.069.335.930;1401;227;1275;227;126;0.41713168737005835;0.23681009958089932;1.019.597.828.544.660;110.89;;;;
107;12;1224;243;1285;288;10.511.309.814.453.100;9.631.541.137.695.310;5.468.471.069.335.930;1254;265;1103;263;151;0.23121096794808327;0.22376445437158143;0.8356859930523681;87.29;;;;
107;13;866;190;916;234;10.511.309.814.453.100;9.631.541.137.695.310;5.468.471.069.335.930;891;212;763;213;128;-0.0676664793393833;0.22092749914671345;10.107.001.490.044.500;101.73;;;;
107;14;1264;186;1315;232;10.511.309.814.453.100;9.631.541.137.695.310;5.468.471.069.335.930;1289;209;1171;208;118;0.3314764574680008;0.23700719796183484;10.978.786.237.945.600;115.39;;;;
107;15;506;281;573;352;10.511.309.814.453.100;9.631.541.137.695.310;5.468.471.069.335.930;539;316;343;316;196;-0.2597706408826233;0.19943995735671632;0.6282019890444089;67.96;;;;
107;16;1457;299;1521;354;10.511.309.814.453.100;9.631.541.137.695.310;5.468.471.069.335.930;1489;326;1300;325;189;0.3339789771059028;0.21232698454775525;0.6482930938381448;73.27;;;;
107;17;1136;258;1192;303;10.511.309.814.453.100;9.631.541.137.695.310;5.468.471.069.335.930;1164;280;1000;281;164;0.14700819541984378;0.21553527601538292;0.7639530016766183;78.21;;;;
107;18;1438;225;1491;266;10.511.309.814.453.100;9.631.541.137.695.310;5.468.471.069.335.930;1464;245;1326;245;138;0.4356597904821861;0.22977750532529073;0.9231085158369359;102.7;;;;
107;19;570;268;632;322;10.511.309.814.453.100;9.631.541.137.695.310;5.468.471.069.335.930;601;295;420;294;181;-0.24018025501955134;0.203906839353242;0.6872265171216753;72.91;;;;
107;20;710;205;764;250;10.511.309.814.453.100;9.631.541.137.695.310;5.468.471.069.335.930;737;227;603;227;134;-0.2025919325979145;0.22267218318800988;0.9587263163927445;98.48;;;;
108;0;924;258;995;308;10.511.309.814.453.100;9.631.541.137.695.310;5.468.471.069.335.930;959;283;794;284;165;-0.0030221561226178232;0.21611912604730665;0.7582317196350119;76.26;;;;
108;1;677;310;745;368;10.511.309.814.453.100;9.631.541.137.695.310;5.468.471.069.335.930;711;339;506;338;205;-0.14765040769782167;0.20234750755325792;0.5938884930874445;61.27;;;;
108;2;1502;242;1550;293;10.511.309.814.453.100;9.631.541.137.695.310;5.468.471.069.335.930;1526;267;1374;267;152;0.44449651671708595;0.22366017301072805;0.8293983284700567;94.63;;;;
108;3;845;237;903;288;10.511.309.814.453.100;9.631.541.137.695.310;5.468.471.069.335.930;874;262;717;262;157;-0.06816543155569008;0.21322651005621654;0.8048958183827772;81.12;;;;
108;4;1251;283;1324;348;10.511.309.814.453.100;9.631.541.137.695.310;5.468.471.069.335.930;1287;315;1108;311;179;0.217173988459811;0.21780041786679033;0.6881989349968358;72.68;;;;
108;5;1316;268;1381;321;10.511.309.814.453.100;9.631.541.137.695.310;5.468.471.069.335.930;1348;294;1177;295;171;0.2701551132473836;0.21522328116477116;0.7277661936301327;78.04;;;;
108;6;1233;212;1284;251;10.511.309.814.453.100;9.631.541.137.695.310;5.468.471.069.335.930;1258;231;1131;230;127;0.2786851358582394;0.23821968442706343;10.096.791.208.638.500;105.54;;;;
108;7;1020;184;1068;233;10.511.309.814.453.100;9.631.541.137.695.310;5.468.471.069.335.930;1044;208;926;208;118;0.08224289181169037;0.236126207760471;10.983.872.637.244.700;110.86;;;;
108;8;489;356;598;441;10.511.309.814.453.100;9.631.541.137.695.310;5.468.471.069.335.930;543;398;304;393;239;-0.2110246423395746;0.19922465619377802;0.494585731761033;53.74;;;;
108;9;1085;199;1135;249;10.511.309.814.453.100;9.631.541.137.695.310;5.468.471.069.335.930;1110;224;983;223;127;0.13879714001630447;0.2324897796528388;10.129.872.829.276.800;102.93;;;;
108;10;1380;204;1423;251;10.511.309.814.453.100;9.631.541.137.695.310;5.468.471.069.335.930;1401;227;1276;227;125;0.4204687408690188;0.23870458037754655;10.277.546.111.730.200;111.81;;;;
108;11;1224;243;1284;289;10.511.309.814.453.100;9.631.541.137.695.310;5.468.471.069.335.930;1254;266;1103;262;151;0.23121096794808327;0.22445291029052802;0.8352885128422392;87.27;;;;
108;12;506;282;573;352;10.511.309.814.453.100;9.631.541.137.695.310;5.468.471.069.335.930;539;317;341;317;198;-0.257146695015122;0.19795044689736024;0.6215533855604781;67.2;;;;
108;13;865;190;918;234;10.511.309.814.453.100;9.631.541.137.695.310;5.468.471.069.335.930;891;212;764;213;127;-0.06819928626331546;0.22266708575416788;10.186.584.178.942.500;102.56;;;;
108;14;1264;186;1314;231;10.511.309.814.453.100;9.631.541.137.695.310;5.468.471.069.335.930;1289;208;1170;209;119;0.32869094101868984;0.23414195391374437;10.891.571.186.511.500;114.42;;;;
108;15;1457;298;1521;354;10.511.309.814.453.100;9.631.541.137.695.310;5.468.471.069.335.930;1489;326;1300;325;189;0.3339789771059028;0.21232698454775525;0.6482930938381448;73.27;;;;
108;16;1136;258;1193;304;10.511.309.814.453.100;9.631.541.137.695.310;5.468.471.069.335.930;1164;281;1001;281;163;0.1479100861892907;0.21749535036983883;0.7682716120443921;78.7;;;;
108;17;1439;226;1490;266;10.511.309.814.453.100;9.631.541.137.695.310;5.468.471.069.335.930;1464;246;1326;245;138;0.4356597904821861;0.23053081578732654;0.9226735918388962;102.68;;;;
108;18;896;316;978;375;10.511.309.814.453.100;9.631.541.137.695.310;5.468.471.069.335.930;937;345;732;345;205;-0.01531470378697078;0.2053901468828462;0.5921318244514598;59.42;;;;
108;19;570;267;633;322;10.511.309.814.453.100;9.631.541.137.695.310;5.468.471.069.335.930;601;294;420;293;181;-0.24018025501955134;0.20333249215014293;0.6875581166339928;72.92;;;;
108;20;710;204;763;250;10.511.309.814.453.100;9.631.541.137.695.310;5.468.471.069.335.930;736;227;603;227;133;-0.20501772925999626;0.22434641012927314;0.965934784937051;99.27;;;;
109;0;677;310;746;368;10.511.309.814.453.100;9.631.541.137.695.310;5.468.471.069.335.930;711;339;506;337;205;-0.14765040769782167;0.20234750755325792;0.5938884930874445;61.27;;;;
109;1;925;259;995;308;10.511.309.814.453.100;9.631.541.137.695.310;5.468.471.069.335.930;960;283;794;284;166;-0.0022808237154998984;0.21481720360123854;0.7536640586733552;75.77;;;;
109;2;845;238;903;287;10.511.309.814.453.100;9.631.541.137.695.310;5.468.471.069.335.930;874;262;718;263;156;-0.06860238945027783;0.21459334665914098;0.810055406962154;81.67;;;;
109;3;1251;283;1324;348;10.511.309.814.453.100;9.631.541.137.695.310;5.468.471.069.335.930;1287;315;1109;311;178;0.21839406704666392;0.21902401571997454;0.6920652211485037;73.12;;;;
109;4;1315;269;1381;322;10.511.309.814.453.100;9.631.541.137.695.310;5.468.471.069.335.930;1348;295;1177;295;171;0.2701551132473836;0.21583121592360702;0.7274152023334691;78.02;;;;
109;5;1020;184;1068;232;10.511.309.814.453.100;9.631.541.137.695.310;5.468.471.069.335.930;1044;208;926;208;118;0.08224289181169037;0.236126207760471;10.983.872.637.244.700;110.86;;;;
109;6;1233;212;1283;251;10.511.309.814.453.100;9.631.541.137.695.310;5.468.471.069.335.930;1258;231;1132;230;126;0.2808969226507651;0.2401103168431512;10.176.924.472.199.100;106.41;;;;
109;7;1500;242;1551;293;10.511.309.814.453.100;9.631.541.137.695.310;5.468.471.069.335.930;1525;267;1374;268;151;0.4466452418380007;0.22514136620947459;0.8348910326321102;95.25;;;;
109;8;1085;200;1135;248;10.511.309.814.453.100;9.631.541.137.695.310;5.468.471.069.335.930;1110;224;983;223;127;0.13879714001630447;0.2324897796528388;10.129.872.829.276.800;102.93;;;;
109;9;489;357;601;443;10.511.309.814.453.100;9.631.541.137.695.310;5.468.471.069.335.930;545;400;305;393;240;-0.20914504780100174;0.1992608604909784;0.4920247952809497;53.44;;;;
109;10;1265;187;1316;232;10.511.309.814.453.100;9.631.541.137.695.310;5.468.471.069.335.930;1290;209;1171;209;119;0.3296996723082609;0.23501554083610515;1.088.652.753.006.370;114.42;;;;
109;11;866;191;918;234;10.511.309.814.453.100;9.631.541.137.695.310;5.468.471.069.335.930;892;212;765;213;127;-0.0672540971022213;0.22266708575416788;10.186.584.178.942.500;102.56;;;;
109;12;1379;204;1424;252;10.511.309.814.453.100;9.631.541.137.695.310;5.468.471.069.335.930;1401;228;1276;227;125;0.4204687408690188;0.23953623512763406;10.272.744.550.791.800;111.78;;;;
109;13;896;317;979;376;10.511.309.814.453.100;9.631.541.137.695.310;5.468.471.069.335.930;937;346;732;346;205;-0.01531470378697078;0.2058972534377776;0.5918390463454624;59.41;;;;
109;14;1224;243;1284;289;10.511.309.814.453.100;9.631.541.137.695.310;5.468.471.069.335.930;1254;266;1104;263;150;0.2327523744010705;0.22594926302579818;0.840857102927854;87.88;;;;
109;15;1455;299;1521;354;10.511.309.814.453.100;9.631.541.137.695.310;5.468.471.069.335.930;1488;326;1300;325;188;0.33511695558274823;0.21345638340173265;0.6517414613585605;73.66;;;;
109;16;506;281;574;352;10.511.309.814.453.100;9.631.541.137.695.310;5.468.471.069.335.930;540;316;341;316;199;-0.25525128939464925;0.19643332483375078;0.6187316073000209;66.83;;;;
109;17;1136;257;1193;304;10.511.309.814.453.100;9.631.541.137.695.310;5.468.471.069.335.930;1164;280;1001;281;163;0.1479100861892907;0.21685757832222577;0.7686398299077631;78.72;;;;
109;18;1438;224;1491;266;10.511.309.814.453.100;9.631.541.137.695.310;5.468.471.069.335.930;1464;245;1326;245;138;0.4356597904821861;0.22977750532529073;0.9231085158369359;102.7;;;;
109;19;569;267;634;323;10.511.309.814.453.100;9.631.541.137.695.310;5.468.471.069.335.930;601;295;420;294;181;-0.24018025501955134;0.203906839353242;0.6872265171216753;72.91;;;;
109;20;707;204;766;251;10.511.309.814.453.100;9.631.541.137.695.310;5.468.471.069.335.930;736;227;603;227;133;-0.20501772925999626;0.22434641012927314;0.965934784937051;99.27;;;;
110;0;678;311;745;368;10.511.309.814.453.100;9.631.541.137.695.310;5.468.471.069.335.930;711;339;506;337;205;-0.14765040769782167;0.20234750755325792;0.5938884930874445;61.27;;;;
110;1;924;258;995;308;10.511.309.814.453.100;9.631.541.137.695.310;5.468.471.069.335.930;959;283;794;284;165;-0.0030221561226178232;0.21611912604730665;0.7582317196350119;76.26;;;;
110;2;845;238;903;287;10.511.309.814.453.100;9.631.541.137.695.310;5.468.471.069.335.930;874;262;718;263;156;-0.06860238945027783;0.21459334665914098;0.810055406962154;81.67;;;;
110;3;1501;243;1551;293;10.511.309.814.453.100;9.631.541.137.695.310;5.468.471.069.335.930;1526;268;1374;268;152;0.44449651671708595;0.2243440996144184;0.8290034632613101;94.61;;;;
110;4;1316;268;1381;321;10.511.309.814.453.100;9.631.541.137.695.310;5.468.471.069.335.930;1348;294;1177;295;171;0.2701551132473836;0.21522328116477116;0.7277661936301327;78.04;;;;
110;5;1234;211;1284;251;10.511.309.814.453.100;9.631.541.137.695.310;5.468.471.069.335.930;1259;231;1132;231;127;0.27963032501933355;0.23821968442706343;10.096.791.208.638.500;105.56;;;;
110;6;1021;185;1067;233;10.511.309.814.453.100;9.631.541.137.695.310;5.468.471.069.335.930;1044;209;926;208;118;0.08224289181169037;0.23700719796183484;10.978.786.237.945.600;110.83;;;;
110;7;1252;283;1324;346;10.511.309.814.453.100;9.631.541.137.695.310;5.468.471.069.335.930;1288;314;1109;311;179;0.21784459752941412;0.21721965337650578;0.6885342395316374;72.71;;;;
110;8;1085;199;1134;249;10.511.309.814.453.100;9.631.541.137.695.310;5.468.471.069.335.930;1109;224;983;222;126;0.1389460139572358;0.23433493663421046;10.210.268.645.382.200;103.76;;;;
110;9;488;357;599;442;10.511.309.814.453.100;9.631.541.137.695.310;5.468.471.069.335.930;543;399;304;394;239;-0.2110246423395746;0.19965962206725474;0.4943346040968929;53.74;;;;
110;10;1379;204;1423;252;10.511.309.814.453.100;9.631.541.137.695.310;5.468.471.069.335.930;1401;228;1275;227;126;0.41713168737005835;0.23763515389646234;10.191.214.832.134.700;110.86;;;;
110;11;866;191;917;235;10.511.309.814.453.100;9.631.541.137.695.310;5.468.471.069.335.930;891;213;764;213;127;-0.06819928626331546;0.2234856435790571;10.181.858.233.137.000;102.53;;;;
110;12;1224;243;1283;289;10.511.309.814.453.100;9.631.541.137.695.310;5.468.471.069.335.930;1253;266;1103;263;150;0.23195211424467743;0.22594926302579818;0.840857102927854;87.86;;;;
110;13;1265;186;1314;232;10.511.309.814.453.100;9.631.541.137.695.310;5.468.471.069.335.930;1289;209;1171;208;118;0.3314764574680008;0.23700719796183484;10.978.786.237.945.600;115.39;;;;
110;14;1457;298;1521;354;10.511.309.814.453.100;9.631.541.137.695.310;5.468.471.069.335.930;1489;326;1301;325;188;0.33575546102667886;0.21345638340173265;0.6517414613585605;73.69;;;;
110;15;1137;258;1193;304;10.511.309.814.453.100;9.631.541.137.695.310;5.468.471.069.335.930;1165;281;1001;281;164;0.14774014068483743;0.21616915920904714;0.7635870290441215;78.21;;;;
110;16;896;317;978;375;10.511.309.814.453.100;9.631.541.137.695.310;5.468.471.069.335.930;937;346;731;345;206;-0.01524036056470393;0.20489775220749715;0.5889660412661155;59.08;;;;
110;17;1438;226;1490;266;10.511.309.814.453.100;9.631.541.137.695.310;5.468.471.069.335.930;1464;246;1326;245;138;0.4356597904821861;0.23053081578732654;0.9226735918388962;102.68;;;;
110;18;506;281;573;352;10.511.309.814.453.100;9.631.541.137.695.310;5.468.471.069.335.930;539;316;341;316;198;-0.257146695015122;0.1974254123329111;0.6218565144075967;67.22;;;;
110;19;712;205;762;250;10.511.309.814.453.100;9.631.541.137.695.310;5.468.471.069.335.930;737;227;604;227;133;-0.20411518021143268;0.22434641012927314;0.965934784937051;99.25;;;;
110;20;570;268;633;323;10.511.309.814.453.100;9.631.541.137.695.310;5.468.471.069.335.930;601;295;420;294;181;-0.24018025501955134;0.203906839353242;0.6872265171216753;72.91;;;;
111;0;677;309;745;368;10.511.309.814.453.100;9.631.541.137.695.310;5.468.471.069.335.930;711;338;507;337;204;-0.14837418420614434;0.2028298147287105;0.5970939244836061;61.62;;;;
111;1;925;258;995;308;10.511.309.814.453.100;9.631.541.137.695.310;5.468.471.069.335.930;960;283;794;284;166;-0.0022808237154998984;0.21481720360123854;0.7536640586733552;75.77;;;;
111;2;845;238;903;287;10.511.309.814.453.100;9.631.541.137.695.310;5.468.471.069.335.930;874;262;717;262;157;-0.06816543155569008;0.21322651005621654;0.8048958183827772;81.12;;;;
111;3;1501;243;1551;293;10.511.309.814.453.100;9.631.541.137.695.310;5.468.471.069.335.930;1526;268;1374;268;152;0.44449651671708595;0.2243440996144184;0.8290034632613101;94.61;;;;
111;4;1252;284;1324;347;10.511.309.814.453.100;9.631.541.137.695.310;5.468.471.069.335.930;1288;315;1108;310;180;0.21663434976536186;0.21659041554530817;0.6843756075801869;72.26;;;;
111;5;1315;268;1381;320;10.511.309.814.453.100;9.631.541.137.695.310;5.468.471.069.335.930;1348;294;1176;294;172;0.2685844439843174;0.21397198301846435;0.7235349948299575;77.55;;;;
111;6;1233;212;1284;251;10.511.309.814.453.100;9.631.541.137.695.310;5.468.471.069.335.930;1258;231;1132;230;126;0.2808969226507651;0.2401103168431512;10.176.924.472.199.100;106.41;;;;
111;7;1020;184;1068;233;10.511.309.814.453.100;9.631.541.137.695.310;5.468.471.069.335.930;1044;208;926;208;118;0.08224289181169037;0.236126207760471;10.983.872.637.244.700;110.86;;;;
111;8;486;357;600;441;10.511.309.814.453.100;9.631.541.137.695.310;5.468.471.069.335.930;543;399;306;392;237;-0.21280544100910687;0.2013445133927168;0.49850620413146585;54.25;;;;
111;9;1085;199;1135;249;10.511.309.814.453.100;9.631.541.137.695.310;5.468.471.069.335.930;1110;224;984;223;126;0.1398987046196085;0.23433493663421046;10.210.268.645.382.200;103.78;;;;
111;10;896;317;978;375;10.511.309.814.453.100;9.631.541.137.695.310;5.468.471.069.335.930;937;346;731;345;206;-0.01524036056470393;0.20489775220749715;0.5889660412661155;59.08;;;;
111;11;867;191;917;234;10.511.309.814.453.100;9.631.541.137.695.310;5.468.471.069.335.930;892;212;764;213;128;-0.0667286744686102;0.22092749914671345;10.107.001.490.044.500;101.72;;;;
111;12;1224;243;1284;289;10.511.309.814.453.100;9.631.541.137.695.310;5.468.471.069.335.930;1254;266;1104;263;150;0.2327523744010705;0.22594926302579818;0.840857102927854;87.88;;;;
111;13;1379;204;1424;251;10.511.309.814.453.100;9.631.541.137.695.310;5.468.471.069.335.930;1401;227;1276;227;125;0.4204687408690188;0.23870458037754655;10.277.546.111.730.200;111.81;;;;
111;14;1265;187;1315;232;10.511.309.814.453.100;9.631.541.137.695.310;5.468.471.069.335.930;1290;209;1170;208;120;0.3269521750390254;0.23305707799580427;10.795.806.467.313.100;113.43;;;;
111;15;1136;257;1193;304;10.511.309.814.453.100;9.631.541.137.695.310;5.468.471.069.335.930;1164;280;1001;281;163;0.1479100861892907;0.21685757832222577;0.7686398299077631;78.72;;;;
111;16;507;281;573;352;10.511.309.814.453.100;9.631.541.137.695.310;5.468.471.069.335.930;540;316;341;317;199;-0.25525128939464925;0.19643332483375078;0.6187316073000209;66.83;;;;
111;17;1457;298;1521;354;10.511.309.814.453.100;9.631.541.137.695.310;5.468.471.069.335.930;1489;326;1300;325;189;0.3339789771059028;0.21232698454775525;0.6482930938381448;73.27;;;;
111;18;1439;226;1491;266;10.511.309.814.453.100;9.631.541.137.695.310;5.468.471.069.335.930;1465;246;1326;245;139;0.433389137482019;0.22887232070971986;0.9160356523292639;101.95;;;;
111;19;570;268;632;323;10.511.309.814.453.100;9.631.541.137.695.310;5.468.471.069.335.930;601;295;420;294;181;-0.24018025501955134;0.203906839353242;0.6872265171216753;72.91;;;;
111;20;710;205;763;250;10.511.309.814.453.100;9.631.541.137.695.310;5.468.471.069.335.930;736;227;603;227;133;-0.20501772925999626;0.22434641012927314;0.965934784937051;99.27;;;;
112;0;677;310;745;368;10.511.309.814.453.100;9.631.541.137.695.310;5.468.471.069.335.930;711;339;506;338;205;-0.14765040769782167;0.20234750755325792;0.5938884930874445;61.27;;;;
112;1;924;259;995;308;10.511.309.814.453.100;9.631.541.137.695.310;5.468.471.069.335.930;959;283;795;284;164;-0.0030405839038532977;0.2174369255963756;0.7628550837791278;76.76;;;;
112;2;845;238;904;287;10.511.309.814.453.100;9.631.541.137.695.310;5.468.471.069.335.930;874;262;717;263;157;-0.06816543155569008;0.21322651005621654;0.8048958183827772;81.12;;;;
112;3;1315;268;1382;321;10.511.309.814.453.100;9.631.541.137.695.310;5.468.471.069.335.930;1348;294;1177;295;171;0.2701551132473836;0.21522328116477116;0.7277661936301327;78.04;;;;
112;4;1252;283;1324;348;10.511.309.814.453.100;9.631.541.137.695.310;5.468.471.069.335.930;1288;315;1108;311;180;0.21663434976536186;0.21659041554530817;0.6843756075801869;72.26;;;;
112;5;1500;242;1551;293;10.511.309.814.453.100;9.631.541.137.695.310;5.468.471.069.335.930;1525;267;1373;267;152;0.4437067862995928;0.22366017301072805;0.8293983284700567;94.59;;;;
112;6;1019;185;1068;233;10.511.309.814.453.100;9.631.541.137.695.310;5.468.471.069.335.930;1043;209;926;208;117;0.0819198479514573;0.23903290050851722;11.072.622.017.757.100;111.8;;;;
112;7;1234;212;1283;251;10.511.309.814.453.100;9.631.541.137.695.310;5.468.471.069.335.930;1258;231;1132;230;126;0.2808969226507651;0.2401103168431512;10.176.924.472.199.100;106.41;;;;
112;8;486;357;600;443;10.511.309.814.453.100;9.631.541.137.695.310;5.468.471.069.335.930;543;400;304;393;239;-0.2110246423395746;0.20009458794073143;0.4940834764327528;53.73;;;;
112;9;1085;199;1134;249;10.511.309.814.453.100;9.631.541.137.695.310;5.468.471.069.335.930;1109;224;983;223;126;0.1389460139572358;0.23433493663421046;10.210.268.645.382.200;103.76;;;;
112;10;1379;203;1423;252;10.511.309.814.453.100;9.631.541.137.695.310;5.468.471.069.335.930;1401;227;1275;227;126;0.41713168737005835;0.23681009958089932;1.019.597.828.544.660;110.89;;;;
112;11;1265;187;1315;233;10.511.309.814.453.100;9.631.541.137.695.310;5.468.471.069.335.930;1290;210;1171;209;119;0.3296996723082609;0.23588912775846593;10.881.483.873.615.800;114.39;;;;
112;12;866;191;918;235;10.511.309.814.453.100;9.631.541.137.695.310;5.468.471.069.335.930;892;213;764;213;128;-0.0667286744686102;0.22173966198859574;10.102.312.465.690.600;101.7;;;;
112;13;1223;243;1284;289;10.511.309.814.453.100;9.631.541.137.695.310;5.468.471.069.335.930;1253;266;1104;264;149;0.233508839843635;0.22746570103268274;0.8465004391891148;88.48;;;;
112;14;1438;224;1490;267;10.511.309.814.453.100;9.631.541.137.695.310;5.468.471.069.335.930;1464;245;1325;245;139;0.432525547385192;0.228124429747411;0.9164674473776774;101.93;;;;
112;15;1456;298;1521;354;10.511.309.814.453.100;9.631.541.137.695.310;5.468.471.069.335.930;1488;326;1300;324;188;0.33511695558274823;0.21345638340173265;0.6517414613585605;73.66;;;;
112;16;506;280;574;352;10.511.309.814.453.100;9.631.541.137.695.310;5.468.471.069.335.930;540;316;343;316;197;-0.2578426730433259;0.19842757178637765;0.6250131464604272;67.56;;;;
112;17;1136;258;1194;304;10.511.309.814.453.100;9.631.541.137.695.310;5.468.471.069.335.930;1165;281;1001;281;164;0.14774014068483743;0.21616915920904714;0.7635870290441215;78.21;;;;
112;18;896;317;979;376;10.511.309.814.453.100;9.631.541.137.695.310;5.468.471.069.335.930;937;346;732;346;205;-0.01531470378697078;0.2058972534377776;0.5918390463454624;59.41;;;;
112;19;569;268;633;322;10.511.309.814.453.100;9.631.541.137.695.310;5.468.471.069.335.930;601;295;420;294;181;-0.24018025501955134;0.203906839353242;0.6872265171216753;72.91;;;;
112;20;709;204;764;251;10.511.309.814.453.100;9.631.541.137.695.310;5.468.471.069.335.930;736;227;603;227;133;-0.20501772925999626;0.22434641012927314;0.965934784937051;99.27;;;;
113;0;677;311;746;368;10.511.309.814.453.100;9.631.541.137.695.310;5.468.471.069.335.930;711;339;506;337;205;-0.14765040769782167;0.20234750755325792;0.5938884930874445;61.27;;;;
113;1;925;259;996;308;10.511.309.814.453.100;9.631.541.137.695.310;5.468.471.069.335.930;960;283;795;284;165;-0.002294646889533231;0.21611912604730665;0.7582317196350119;76.26;;;;
113;2;845;237;904;287;10.511.309.814.453.100;9.631.541.137.695.310;5.468.471.069.335.930;874;262;718;263;156;-0.06860238945027783;0.21459334665914098;0.810055406962154;81.67;;;;
113;3;1252;284;1324;347;10.511.309.814.453.100;9.631.541.137.695.310;5.468.471.069.335.930;1288;315;1109;311;179;0.21784459752941412;0.21780041786679033;0.6881989349968358;72.7;;;;
113;4;1315;268;1381;321;10.511.309.814.453.100;9.631.541.137.695.310;5.468.471.069.335.930;1348;294;1177;296;171;0.2701551132473836;0.21522328116477116;0.7277661936301327;78.04;;;;
113;5;1500;243;1552;293;10.511.309.814.453.100;9.631.541.137.695.310;5.468.471.069.335.930;1526;268;1374;267;152;0.44449651671708595;0.2243440996144184;0.8290034632613101;94.61;;;;
113;6;1019;185;1068;233;10.511.309.814.453.100;9.631.541.137.695.310;5.468.471.069.335.930;1043;209;926;208;117;0.0819198479514573;0.23903290050851722;11.072.622.017.757.100;111.8;;;;
113;7;1233;212;1284;251;10.511.309.814.453.100;9.631.541.137.695.310;5.468.471.069.335.930;1258;231;1132;230;126;0.2808969226507651;0.2401103168431512;10.176.924.472.199.100;106.41;;;;
113;8;1085;200;1134;248;10.511.309.814.453.100;9.631.541.137.695.310;5.468.471.069.335.930;1109;224;983;223;126;0.1389460139572358;0.23433493663421046;10.210.268.645.382.200;103.76;;;;
113;9;488;357;600;443;10.511.309.814.453.100;9.631.541.137.695.310;5.468.471.069.335.930;544;400;306;393;238;-0.21140693485587972;0.20093532150350762;0.49615945742616774;53.97;;;;
113;10;865;191;918;234;10.511.309.814.453.100;9.631.541.137.695.310;5.468.471.069.335.930;891;212;764;213;127;-0.06819928626331546;0.22266708575416788;10.186.584.178.942.500;102.56;;;;
113;11;1223;244;1284;289;10.511.309.814.453.100;9.631.541.137.695.310;5.468.471.069.335.930;1253;266;1104;263;149;0.233508839843635;0.22746570103268274;0.8465004391891148;88.48;;;;
113;12;1380;205;1424;251;10.511.309.814.453.100;9.631.541.137.695.310;5.468.471.069.335.930;1402;228;1275;227;127;0.4147923750557977;0.23576401095239574;10.110.969.046.054.900;110.0;;;;
113;13;1264;187;1315;232;10.511.309.814.453.100;9.631.541.137.695.310;5.468.471.069.335.930;1289;209;1171;209;118;0.3314764574680008;0.23700719796183484;10.978.786.237.945.600;115.39;;;;
113;14;506;281;573;352;10.511.309.814.453.100;9.631.541.137.695.310;5.468.471.069.335.930;539;316;341;316;198;-0.257146695015122;0.1974254123329111;0.6218565144075967;67.22;;;;
113;15;1456;299;1521;354;10.511.309.814.453.100;9.631.541.137.695.310;5.468.471.069.335.930;1488;326;1300;324;188;0.33511695558274823;0.21345638340173265;0.6517414613585605;73.66;;;;
113;16;896;317;979;375;10.511.309.814.453.100;9.631.541.137.695.310;5.468.471.069.335.930;937;346;731;345;206;-0.01524036056470393;0.20489775220749715;0.5889660412661155;59.08;;;;
113;17;1137;258;1194;304;10.511.309.814.453.100;9.631.541.137.695.310;5.468.471.069.335.930;1165;281;1001;280;164;0.14774014068483743;0.21616915920904714;0.7635870290441215;78.21;;;;
113;18;1439;227;1491;266;10.511.309.814.453.100;9.631.541.137.695.310;5.468.471.069.335.930;1465;246;1326;245;139;0.433389137482019;0.22887232070971986;0.9160356523292639;101.95;;;;
113;19;570;267;633;322;10.511.309.814.453.100;9.631.541.137.695.310;5.468.471.069.335.930;601;294;420;293;181;-0.24018025501955134;0.20333249215014293;0.6875581166339928;72.92;;;;
113;20;709;204;765;251;10.511.309.814.453.100;9.631.541.137.695.310;5.468.471.069.335.930;737;227;603;227;134;-0.2025919325979145;0.22267218318800988;0.9587263163927445;98.48;;;;
114;0;924;258;995;308;10.511.309.814.453.100;9.631.541.137.695.310;5.468.471.069.335.930;959;283;795;284;164;-0.0030405839038532977;0.2174369255963756;0.7628550837791278;76.76;;;;
114;1;677;310;745;368;10.511.309.814.453.100;9.631.541.137.695.310;5.468.471.069.335.930;711;339;506;337;205;-0.14765040769782167;0.20234750755325792;0.5938884930874445;61.27;;;;
114;2;845;238;904;287;10.511.309.814.453.100;9.631.541.137.695.310;5.468.471.069.335.930;874;262;717;263;157;-0.06816543155569008;0.21322651005621654;0.8048958183827772;81.12;;;;
114;3;1252;283;1325;348;10.511.309.814.453.100;9.631.541.137.695.310;5.468.471.069.335.930;1288;315;1108;311;180;0.21663434976536186;0.21659041554530817;0.6843756075801869;72.26;;;;
114;4;1315;268;1381;321;10.511.309.814.453.100;9.631.541.137.695.310;5.468.471.069.335.930;1348;294;1177;295;171;0.2701551132473836;0.21522328116477116;0.7277661936301327;78.04;;;;
114;5;1500;243;1551;294;10.511.309.814.453.100;9.631.541.137.695.310;5.468.471.069.335.930;1525;268;1374;268;151;0.4466452418380007;0.22582982212842118;0.8344935524219811;95.23;;;;
114;6;1019;185;1068;232;10.511.309.814.453.100;9.631.541.137.695.310;5.468.471.069.335.930;1043;208;925;208;118;0.08122561195186868;0.236126207760471;10.983.872.637.244.700;110.85;;;;
114;7;1233;212;1284;251;10.511.309.814.453.100;9.631.541.137.695.310;5.468.471.069.335.930;1258;231;1132;230;126;0.2808969226507651;0.2401103168431512;10.176.924.472.199.100;106.41;;;;
114;8;1085;199;1134;248;10.511.309.814.453.100;9.631.541.137.695.310;5.468.471.069.335.930;1109;223;983;223;126;0.1389460139572358;0.23350988231864744;10.215.032.098.694.100;103.79;;;;
114;9;1380;204;1423;251;10.511.309.814.453.100;9.631.541.137.695.310;5.468.471.069.335.930;1401;227;1275;227;126;0.41713168737005835;0.23681009958089932;1.019.597.828.544.660;110.89;;;;
114;10;1224;243;1283;289;10.511.309.814.453.100;9.631.541.137.695.310;5.468.471.069.335.930;1253;266;1104;263;149;0.233508839843635;0.22746570103268274;0.8465004391891148;88.48;;;;
114;11;487;357;599;442;10.511.309.814.453.100;9.631.541.137.695.310;5.468.471.069.335.930;543;399;304;393;239;-0.2110246423395746;0.19965962206725474;0.4943346040968929;53.74;;;;
114;12;1265;187;1315;232;10.511.309.814.453.100;9.631.541.137.695.310;5.468.471.069.335.930;1290;209;1171;209;119;0.3296996723082609;0.23501554083610515;1.088.652.753.006.370;114.42;;;;
114;13;865;191;918;234;10.511.309.814.453.100;9.631.541.137.695.310;5.468.471.069.335.930;891;212;764;213;127;-0.06819928626331546;0.22266708575416788;10.186.584.178.942.500;102.56;;;;
114;14;1456;299;1522;354;10.511.309.814.453.100;9.631.541.137.695.310;5.468.471.069.335.930;1489;326;1300;325;189;0.3339789771059028;0.21232698454775525;0.6482930938381448;73.27;;;;
114;15;506;281;573;352;10.511.309.814.453.100;9.631.541.137.695.310;5.468.471.069.335.930;539;316;342;316;197;-0.2584520081877876;0.19842757178637765;0.6250131464604272;67.59;;;;
114;16;1137;258;1193;304;10.511.309.814.453.100;9.631.541.137.695.310;5.468.471.069.335.930;1165;281;1001;281;164;0.14774014068483743;0.21616915920904714;0.7635870290441215;78.21;;;;
114;17;1438;226;1492;266;10.511.309.814.453.100;9.631.541.137.695.310;5.468.471.069.335.930;1465;246;1326;245;139;0.433389137482019;0.22887232070971986;0.9160356523292639;101.95;;;;
114;18;895;316;979;376;10.511.309.814.453.100;9.631.541.137.695.310;5.468.471.069.335.930;937;346;732;345;205;-0.01531470378697078;0.2058972534377776;0.5918390463454624;59.41;;;;
114;19;708;205;765;250;10.511.309.814.453.100;9.631.541.137.695.310;5.468.471.069.335.930;736;227;603;227;133;-0.20501772925999626;0.22434641012927314;0.965934784937051;99.27;;;;
114;20;570;269;632;322;10.511.309.814.453.100;9.631.541.137.695.310;5.468.471.069.335.930;601;295;420;294;181;-0.24018025501955134;0.203906839353242;0.6872265171216753;72.91;;;;
115;0;924;258;995;308;10.511.309.814.453.100;9.631.541.137.695.310;5.468.471.069.335.930;959;283;794;284;165;-0.0030221561226178232;0.21611912604730665;0.7582317196350119;76.26;;;;
115;1;677;310;746;368;10.511.309.814.453.100;9.631.541.137.695.310;5.468.471.069.335.930;711;339;507;338;204;-0.14837418420614434;0.20333940710008763;0.5967997111908145;61.61;;;;
115;2;845;238;904;287;10.511.309.814.453.100;9.631.541.137.695.310;5.468.471.069.335.930;874;262;717;263;157;-0.06816543155569008;0.21322651005621654;0.8048958183827772;81.12;;;;
115;3;1501;243;1551;293;10.511.309.814.453.100;9.631.541.137.695.310;5.468.471.069.335.930;1526;268;1374;268;152;0.44449651671708595;0.2243440996144184;0.8290034632613101;94.61;;;;
115;4;1251;284;1324;347;10.511.309.814.453.100;9.631.541.137.695.310;5.468.471.069.335.930;1287;315;1109;311;178;0.21839406704666392;0.21902401571997454;0.6920652211485037;73.12;;;;
115;5;1316;268;1381;321;10.511.309.814.453.100;9.631.541.137.695.310;5.468.471.069.335.930;1348;294;1177;295;171;0.2701551132473836;0.21522328116477116;0.7277661936301327;78.04;;;;
115;6;1019;185;1068;233;10.511.309.814.453.100;9.631.541.137.695.310;5.468.471.069.335.930;1043;209;926;208;117;0.0819198479514573;0.23903290050851722;11.072.622.017.757.100;111.8;;;;
115;7;1233;212;1284;252;10.511.309.814.453.100;9.631.541.137.695.310;5.468.471.069.335.930;1258;232;1132;230;126;0.2808969226507651;0.24093537115871416;10.172.161.018.887.300;106.38;;;;
115;8;487;356;601;442;10.511.309.814.453.100;9.631.541.137.695.310;5.468.471.069.335.930;544;399;306;393;238;-0.21140693485587972;0.20049852804232723;0.49641164024856055;53.97;;;;
115;9;1084;199;1135;248;10.511.309.814.453.100;9.631.541.137.695.310;5.468.471.069.335.930;1109;223;984;223;125;0.14005758206889368;0.2353779613771967;10.296.752.355.483.600;104.65;;;;
115;10;866;191;917;234;10.511.309.814.453.100;9.631.541.137.695.310;5.468.471.069.335.930;891;212;764;213;127;-0.06819928626331546;0.22266708575416788;10.186.584.178.942.500;102.56;;;;
115;11;1379;204;1424;252;10.511.309.814.453.100;9.631.541.137.695.310;5.468.471.069.335.930;1401;228;1275;228;126;0.41713168737005835;0.23763515389646234;10.191.214.832.134.700;110.86;;;;
115;12;1223;243;1284;290;10.511.309.814.453.100;9.631.541.137.695.310;5.468.471.069.335.930;1253;266;1104;264;149;0.233508839843635;0.22746570103268274;0.8465004391891148;88.48;;;;
115;13;1457;299;1521;354;10.511.309.814.453.100;9.631.541.137.695.310;5.468.471.069.335.930;1489;326;1300;325;189;0.3339789771059028;0.21232698454775525;0.6482930938381448;73.27;;;;
115;14;1264;186;1314;232;10.511.309.814.453.100;9.631.541.137.695.310;5.468.471.069.335.930;1289;209;1171;209;118;0.3314764574680008;0.23700719796183484;10.978.786.237.945.600;115.39;;;;
115;15;505;281;574;353;10.511.309.814.453.100;9.631.541.137.695.310;5.468.471.069.335.930;539;317;341;316;198;-0.257146695015122;0.19795044689736024;0.6215533855604781;67.2;;;;
115;16;1136;257;1193;303;10.511.309.814.453.100;9.631.541.137.695.310;5.468.471.069.335.930;1164;280;1001;281;163;0.1479100861892907;0.21685757832222577;0.7686398299077631;78.72;;;;
115;17;895;317;978;376;10.511.309.814.453.100;9.631.541.137.695.310;5.468.471.069.335.930;936;346;731;346;205;-0.015900259998965695;0.2058972534377776;0.5918390463454624;59.41;;;;
115;18;570;267;633;323;10.511.309.814.453.100;9.631.541.137.695.310;5.468.471.069.335.930;601;295;420;293;181;-0.24018025501955134;0.203906839353242;0.6872265171216753;72.91;;;;
115;19;1439;226;1492;266;10.511.309.814.453.100;9.631.541.137.695.310;5.468.471.069.335.930;1465;246;1326;245;139;0.433389137482019;0.22887232070971986;0.9160356523292639;101.95;;;;
115;20;710;205;763;250;10.511.309.814.453.100;9.631.541.137.695.310;5.468.471.069.335.930;736;227;603;227;133;-0.20501772925999626;0.22434641012927314;0.965934784937051;99.27;;;;
116;0;678;310;745;368;10.511.309.814.453.100;9.631.541.137.695.310;5.468.471.069.335.930;711;339;506;338;205;-0.14765040769782167;0.20234750755325792;0.5938884930874445;61.27;;;;
116;1;924;258;995;308;10.511.309.814.453.100;9.631.541.137.695.310;5.468.471.069.335.930;959;283;795;284;164;-0.0030405839038532977;0.2174369255963756;0.7628550837791278;76.76;;;;
116;2;845;239;903;288;10.511.309.814.453.100;9.631.541.137.695.310;5.468.471.069.335.930;874;263;717;263;157;-0.06816543155569008;0.21388865555787853;0.8045135284991499;81.09;;;;
116;3;1251;283;1324;347;10.511.309.814.453.100;9.631.541.137.695.310;5.468.471.069.335.930;1287;315;1109;311;178;0.21839406704666392;0.21902401571997454;0.6920652211485037;73.12;;;;
116;4;1316;268;1382;321;10.511.309.814.453.100;9.631.541.137.695.310;5.468.471.069.335.930;1349;294;1177;295;172;0.26928234528349737;0.21397198301846435;0.7235349948299575;77.58;;;;
116;5;1500;243;1552;293;10.511.309.814.453.100;9.631.541.137.695.310;5.468.471.069.335.930;1526;268;1374;268;152;0.44449651671708595;0.2243440996144184;0.8290034632613101;94.61;;;;
116;6;1018;184;1068;232;10.511.309.814.453.100;9.631.541.137.695.310;5.468.471.069.335.930;1043;208;926;208;117;0.0819198479514573;0.23814438047637254;1.107.775.189.055.450;111.83;;;;
116;7;1233;211;1283;251;10.511.309.814.453.100;9.631.541.137.695.310;5.468.471.069.335.930;1258;231;1132;230;126;0.2808969226507651;0.2401103168431512;10.176.924.472.199.100;106.41;;;;
116;8;1085;199;1135;248;10.511.309.814.453.100;9.631.541.137.695.310;5.468.471.069.335.930;1110;223;983;223;127;0.13879714001630447;0.23167122182794953;10.134.598.775.082.300;102.96;;;;
116;9;1379;204;1423;251;10.511.309.814.453.100;9.631.541.137.695.310;5.468.471.069.335.930;1401;227;1275;227;126;0.41713168737005835;0.23681009958089932;1.019.597.828.544.660;110.89;;;;
116;10;866;191;917;234;10.511.309.814.453.100;9.631.541.137.695.310;5.468.471.069.335.930;891;212;764;213;127;-0.06819928626331546;0.22266708575416788;10.186.584.178.942.500;102.56;;;;
116;11;1224;243;1284;289;10.511.309.814.453.100;9.631.541.137.695.310;5.468.471.069.335.930;1254;266;1104;264;150;0.2327523744010705;0.22594926302579818;0.840857102927854;87.88;;;;
116;12;487;357;598;441;10.511.309.814.453.100;9.631.541.137.695.310;5.468.471.069.335.930;542;399;305;394;237;-0.2133119347789759;0.2013445133927168;0.49850620413146585;54.27;;;;
116;13;1264;187;1315;231;10.511.309.814.453.100;9.631.541.137.695.310;5.468.471.069.335.930;1289;209;1171;209;118;0.3314764574680008;0.23700719796183484;10.978.786.237.945.600;115.39;;;;
116;14;1457;299;1521;354;10.511.309.814.453.100;9.631.541.137.695.310;5.468.471.069.335.930;1489;326;1300;325;189;0.3339789771059028;0.21232698454775525;0.6482930938381448;73.27;;;;
116;15;895;317;979;375;10.511.309.814.453.100;9.631.541.137.695.310;5.468.471.069.335.930;937;346;731;345;206;-0.01524036056470393;0.20489775220749715;0.5889660412661155;59.08;;;;
116;16;1136;257;1193;304;10.511.309.814.453.100;9.631.541.137.695.310;5.468.471.069.335.930;1164;280;1001;280;163;0.1479100861892907;0.21685757832222577;0.7686398299077631;78.72;;;;
116;17;506;281;573;352;10.511.309.814.453.100;9.631.541.137.695.310;5.468.471.069.335.930;539;316;343;316;196;-0.2597706408826233;0.19943995735671632;0.6282019890444089;67.96;;;;
116;18;1438;225;1491;267;10.511.309.814.453.100;9.631.541.137.695.310;5.468.471.069.335.930;1464;246;1326;245;138;0.4356597904821861;0.23053081578732654;0.9226735918388962;102.68;;;;
116;19;570;268;632;322;10.511.309.814.453.100;9.631.541.137.695.310;5.468.471.069.335.930;601;295;420;294;181;-0.24018025501955134;0.203906839353242;0.6872265171216753;72.91;;;;
116;20;709;205;764;250;10.511.309.814.453.100;9.631.541.137.695.310;5.468.471.069.335.930;736;227;603;227;133;-0.20501772925999626;0.22434641012927314;0.965934784937051;99.27;;;;
117;0;678;310;745;368;10.511.309.814.453.100;9.631.541.137.695.310;5.468.471.069.335.930;711;339;506;338;205;-0.14765040769782167;0.20234750755325792;0.5938884930874445;61.27;;;;
117;1;925;258;995;308;10.511.309.814.453.100;9.631.541.137.695.310;5.468.471.069.335.930;960;283;795;284;165;-0.002294646889533231;0.21611912604730665;0.7582317196350119;76.26;;;;
117;2;1501;242;1551;293;10.511.309.814.453.100;9.631.541.137.695.310;5.468.471.069.335.930;1526;267;1374;268;152;0.44449651671708595;0.22366017301072805;0.8293983284700567;94.63;;;;
117;3;1252;282;1324;349;10.511.309.814.453.100;9.631.541.137.695.310;5.468.471.069.335.930;1288;315;1108;311;180;0.21663434976536186;0.21659041554530817;0.6843756075801869;72.26;;;;
117;4;1315;267;1381;321;10.511.309.814.453.100;9.631.541.137.695.310;5.468.471.069.335.930;1348;294;1177;295;171;0.2701551132473836;0.21522328116477116;0.7277661936301327;78.04;;;;
117;5;845;238;904;288;10.511.309.814.453.100;9.631.541.137.695.310;5.468.471.069.335.930;874;263;718;262;156;-0.06860238945027783;0.21525973668324952;0.8096706665023495;81.65;;;;
117;6;1233;212;1284;251;10.511.309.814.453.100;9.631.541.137.695.310;5.468.471.069.335.930;1258;231;1132;230;126;0.2808969226507651;0.2401103168431512;10.176.924.472.199.100;106.41;;;;
117;7;1020;184;1068;233;10.511.309.814.453.100;9.631.541.137.695.310;5.468.471.069.335.930;1044;208;926;209;118;0.08224289181169037;0.236126207760471;10.983.872.637.244.700;110.86;;;;
117;8;1380;203;1424;252;10.511.309.814.453.100;9.631.541.137.695.310;5.468.471.069.335.930;1402;227;1276;227;126;0.41808437803243104;0.23681009958089932;1.019.597.828.544.660;110.93;;;;
117;9;487;356;600;443;10.511.309.814.453.100;9.631.541.137.695.310;5.468.471.069.335.930;543;399;306;392;237;-0.21280544100910687;0.2013445133927168;0.49850620413146585;54.25;;;;
117;10;1085;199;1135;248;10.511.309.814.453.100;9.631.541.137.695.310;5.468.471.069.335.930;1110;223;983;223;127;0.13879714001630447;0.23167122182794953;10.134.598.775.082.300;102.96;;;;
117;11;1264;186;1315;232;10.511.309.814.453.100;9.631.541.137.695.310;5.468.471.069.335.930;1289;209;1170;208;119;0.32869094101868984;0.23501554083610515;1.088.652.753.006.370;114.39;;;;
117;12;1225;243;1284;289;10.511.309.814.453.100;9.631.541.137.695.310;5.468.471.069.335.930;1254;266;1104;263;150;0.2327523744010705;0.22594926302579818;0.840857102927854;87.88;;;;
117;13;866;190;918;235;10.511.309.814.453.100;9.631.541.137.695.310;5.468.471.069.335.930;892;212;765;213;127;-0.0672540971022213;0.22266708575416788;10.186.584.178.942.500;102.56;;;;
117;14;896;317;978;375;10.511.309.814.453.100;9.631.541.137.695.310;5.468.471.069.335.930;937;346;731;345;206;-0.01524036056470393;0.20489775220749715;0.5889660412661155;59.08;;;;
117;15;1457;297;1520;354;10.511.309.814.453.100;9.631.541.137.695.310;5.468.471.069.335.930;1488;325;1300;325;188;0.33511695558274823;0.21290342146683405;0.6520607140805258;73.68;;;;
117;16;506;281;574;352;10.511.309.814.453.100;9.631.541.137.695.310;5.468.471.069.335.930;540;316;343;316;197;-0.2578426730433259;0.19842757178637765;0.6250131464604272;67.56;;;;
117;17;1438;223;1491;267;10.511.309.814.453.100;9.631.541.137.695.310;5.468.471.069.335.930;1464;245;1326;245;138;0.4356597904821861;0.22977750532529073;0.9231085158369359;102.7;;;;
117;18;1136;257;1192;304;10.511.309.814.453.100;9.631.541.137.695.310;5.468.471.069.335.930;1164;280;1001;280;163;0.1479100861892907;0.21685757832222577;0.7686398299077631;78.72;;;;
117;19;569;267;634;323;10.511.309.814.453.100;9.631.541.137.695.310;5.468.471.069.335.930;601;295;420;294;181;-0.24018025501955134;0.203906839353242;0.6872265171216753;72.91;;;;
117;20;709;205;765;251;10.511.309.814.453.100;9.631.541.137.695.310;5.468.471.069.335.930;737;228;603;227;134;-0.2025919325979145;0.22344798052950937;0.9582784095887932;98.45;;;;
118;0;924;258;996;308;10.511.309.814.453.100;9.631.541.137.695.310;5.468.471.069.335.930;960;283;794;284;166;-0.0022808237154998984;0.21481720360123854;0.7536640586733552;75.77;;;;
118;1;678;310;744;368;10.511.309.814.453.100;9.631.541.137.695.310;5.468.471.069.335.930;711;339;506;338;205;-0.14765040769782167;0.20234750755325792;0.5938884930874445;61.27;;;;
118;2;845;238;903;287;10.511.309.814.453.100;9.631.541.137.695.310;5.468.471.069.335.930;874;262;717;263;157;-0.06816543155569008;0.21322651005621654;0.8048958183827772;81.12;;;;
118;3;1250;282;1324;348;10.511.309.814.453.100;9.631.541.137.695.310;5.468.471.069.335.930;1287;315;1109;311;178;0.21839406704666392;0.21902401571997454;0.6920652211485037;73.12;;;;
118;4;1315;269;1381;322;10.511.309.814.453.100;9.631.541.137.695.310;5.468.471.069.335.930;1348;295;1176;295;172;0.2685844439843174;0.21457638327288836;0.7231860441803675;77.54;;;;
118;5;1020;184;1068;233;10.511.309.814.453.100;9.631.541.137.695.310;5.468.471.069.335.930;1044;208;926;208;118;0.08224289181169037;0.236126207760471;10.983.872.637.244.700;110.86;;;;
118;6;1500;242;1552;293;10.511.309.814.453.100;9.631.541.137.695.310;5.468.471.069.335.930;1526;267;1374;267;152;0.44449651671708595;0.22366017301072805;0.8293983284700567;94.63;;;;
118;7;1233;212;1284;251;10.511.309.814.453.100;9.631.541.137.695.310;5.468.471.069.335.930;1258;231;1132;231;126;0.2808969226507651;0.2401103168431512;10.176.924.472.199.100;106.41;;;;
118;8;1085;200;1134;249;10.511.309.814.453.100;9.631.541.137.695.310;5.468.471.069.335.930;1109;224;983;223;126;0.1389460139572358;0.23433493663421046;10.210.268.645.382.200;103.76;;;;
118;9;488;357;600;442;10.511.309.814.453.100;9.631.541.137.695.310;5.468.471.069.335.930;544;399;305;393;239;-0.21052238701129444;0.19965962206725474;0.4943346040968929;53.72;;;;
118;10;1379;204;1424;252;10.511.309.814.453.100;9.631.541.137.695.310;5.468.471.069.335.930;1401;228;1275;226;126;0.41713168737005835;0.23763515389646234;10.191.214.832.134.700;110.86;;;;
118;11;866;191;917;235;10.511.309.814.453.100;9.631.541.137.695.310;5.468.471.069.335.930;891;213;763;213;128;-0.0676664793393833;0.22173966198859574;10.102.312.465.690.600;101.7;;;;
118;12;1223;243;1284;289;10.511.309.814.453.100;9.631.541.137.695.310;5.468.471.069.335.930;1253;266;1103;263;150;0.23195211424467743;0.22594926302579818;0.840857102927854;87.86;;;;
118;13;896;317;978;375;10.511.309.814.453.100;9.631.541.137.695.310;5.468.471.069.335.930;937;346;732;345;205;-0.01531470378697078;0.2058972534377776;0.5918390463454624;59.41;;;;
118;14;1264;187;1315;232;10.511.309.814.453.100;9.631.541.137.695.310;5.468.471.069.335.930;1289;209;1171;208;118;0.3314764574680008;0.23700719796183484;10.978.786.237.945.600;115.39;;;;
118;15;1457;298;1520;354;10.511.309.814.453.100;9.631.541.137.695.310;5.468.471.069.335.930;1488;326;1300;325;188;0.33511695558274823;0.21345638340173265;0.6517414613585605;73.66;;;;
118;16;1438;225;1491;266;10.511.309.814.453.100;9.631.541.137.695.310;5.468.471.069.335.930;1464;245;1326;245;138;0.4356597904821861;0.22977750532529073;0.9231085158369359;102.7;;;;
118;17;506;281;573;352;10.511.309.814.453.100;9.631.541.137.695.310;5.468.471.069.335.930;539;316;341;316;198;-0.257146695015122;0.1974254123329111;0.6218565144075967;67.22;;;;
118;18;1136;258;1194;303;10.511.309.814.453.100;9.631.541.137.695.310;5.468.471.069.335.930;1165;280;1001;280;164;0.14774014068483743;0.21553527601538292;0.7639530016766183;78.22;;;;
118;19;710;205;763;250;10.511.309.814.453.100;9.631.541.137.695.310;5.468.471.069.335.930;736;227;603;227;133;-0.20501772925999626;0.22434641012927314;0.965934784937051;99.27;;;;
118;20;570;268;633;323;10.511.309.814.453.100;9.631.541.137.695.310;5.468.471.069.335.930;601;295;420;294;181;-0.24018025501955134;0.203906839353242;0.6872265171216753;72.91;;;;
119;0;678;310;745;368;10.511.309.814.453.100;9.631.541.137.695.310;5.468.471.069.335.930;711;339;507;338;204;-0.14837418420614434;0.20333940710008763;0.5967997111908145;61.61;;;;
119;1;924;258;996;308;10.511.309.814.453.100;9.631.541.137.695.310;5.468.471.069.335.930;960;283;794;284;166;-0.0022808237154998984;0.21481720360123854;0.7536640586733552;75.77;;;;
119;2;1251;283;1324;348;10.511.309.814.453.100;9.631.541.137.695.310;5.468.471.069.335.930;1287;315;1108;311;179;0.217173988459811;0.21780041786679033;0.6881989349968358;72.68;;;;
119;3;845;237;904;288;10.511.309.814.453.100;9.631.541.137.695.310;5.468.471.069.335.930;874;262;717;262;157;-0.06816543155569008;0.21322651005621654;0.8048958183827772;81.12;;;;
119;4;1316;268;1382;322;10.511.309.814.453.100;9.631.541.137.695.310;5.468.471.069.335.930;1349;295;1177;295;172;0.26928234528349737;0.21457638327288836;0.7231860441803675;77.56;;;;
119;5;1020;185;1067;233;10.511.309.814.453.100;9.631.541.137.695.310;5.468.471.069.335.930;1043;209;926;208;117;0.0819198479514573;0.23903290050851722;11.072.622.017.757.100;111.8;;;;
119;6;1233;212;1284;251;10.511.309.814.453.100;9.631.541.137.695.310;5.468.471.069.335.930;1258;231;1132;230;126;0.2808969226507651;0.2401103168431512;10.176.924.472.199.100;106.41;;;;
119;7;1500;243;1552;293;10.511.309.814.453.100;9.631.541.137.695.310;5.468.471.069.335.930;1526;268;1373;267;153;0.441591310725471;0.222877798309749;0.8235851399720205;93.97;;;;
119;8;1085;199;1134;249;10.511.309.814.453.100;9.631.541.137.695.310;5.468.471.069.335.930;1109;224;983;223;126;0.1389460139572358;0.23433493663421046;10.210.268.645.382.200;103.76;;;;
119;9;1379;205;1424;251;10.511.309.814.453.100;9.631.541.137.695.310;5.468.471.069.335.930;1401;228;1276;227;125;0.4204687408690188;0.23953623512763406;10.272.744.550.791.800;111.78;;;;
119;10;488;357;599;442;10.511.309.814.453.100;9.631.541.137.695.310;5.468.471.069.335.930;543;399;304;396;239;-0.2110246423395746;0.19965962206725474;0.4943346040968929;53.74;;;;
119;11;866;191;917;234;10.511.309.814.453.100;9.631.541.137.695.310;5.468.471.069.335.930;891;212;764;213;127;-0.06819928626331546;0.22266708575416788;10.186.584.178.942.500;102.56;;;;
119;12;1224;243;1284;289;10.511.309.814.453.100;9.631.541.137.695.310;5.468.471.069.335.930;1254;266;1104;263;150;0.2327523744010705;0.22594926302579818;0.840857102927854;87.88;;;;
119;13;1265;186;1315;232;10.511.309.814.453.100;9.631.541.137.695.310;5.468.471.069.335.930;1290;209;1171;209;119;0.3296996723082609;0.23501554083610515;1.088.652.753.006.370;114.42;;;;
119;14;507;281;573;352;10.511.309.814.453.100;9.631.541.137.695.310;5.468.471.069.335.930;540;316;340;316;200;-0.25397503294767604;0.19545115820958203;0.6156379492635208;66.46;;;;
119;15;1457;299;1521;354;10.511.309.814.453.100;9.631.541.137.695.310;5.468.471.069.335.930;1489;326;1301;325;188;0.33575546102667886;0.21345638340173265;0.6517414613585605;73.69;;;;
119;16;1136;258;1192;303;10.511.309.814.453.100;9.631.541.137.695.310;5.468.471.069.335.930;1164;280;1001;281;163;0.1479100861892907;0.21685757832222577;0.7686398299077631;78.72;;;;
119;17;1438;226;1492;266;10.511.309.814.453.100;9.631.541.137.695.310;5.468.471.069.335.930;1465;246;1326;245;139;0.433389137482019;0.22887232070971986;0.9160356523292639;101.95;;;;
119;18;896;316;979;376;10.511.309.814.453.100;9.631.541.137.695.310;5.468.471.069.335.930;937;346;731;345;206;-0.01524036056470393;0.20489775220749715;0.5889660412661155;59.08;;;;
119;19;570;267;632;322;10.511.309.814.453.100;9.631.541.137.695.310;5.468.471.069.335.930;601;294;420;293;181;-0.24018025501955134;0.20333249215014293;0.6875581166339928;72.92;;;;
119;20;709;204;764;250;10.511.309.814.453.100;9.631.541.137.695.310;5.468.471.069.335.930;736;227;603;227;133;-0.20501772925999626;0.22434641012927314;0.965934784937051;99.27;;;;
120;0;678;309;744;368;10.511.309.814.453.100;9.631.541.137.695.310;5.468.471.069.335.930;711;338;506;337;205;-0.14765040769782167;0.20184040099832654;0.594181271193442;61.29;;;;
120;1;924;258;995;307;10.511.309.814.453.100;9.631.541.137.695.310;5.468.471.069.335.930;959;282;794;284;165;-0.0030221561226178232;0.21548908456996768;0.7585954742515542;76.28;;;;
120;2;1315;268;1381;321;10.511.309.814.453.100;9.631.541.137.695.310;5.468.471.069.335.930;1348;294;1177;295;171;0.2701551132473836;0.21522328116477116;0.7277661936301327;78.04;;;;
120;3;1252;283;1324;347;10.511.309.814.453.100;9.631.541.137.695.310;5.468.471.069.335.930;1288;315;1108;311;180;0.21663434976536186;0.21659041554530817;0.6843756075801869;72.26;;;;
120;4;845;238;904;288;10.511.309.814.453.100;9.631.541.137.695.310;5.468.471.069.335.930;874;263;717;263;157;-0.06816543155569008;0.21388865555787853;0.8045135284991499;81.09;;;;
120;5;1501;242;1551;293;10.511.309.814.453.100;9.631.541.137.695.310;5.468.471.069.335.930;1526;267;1374;268;152;0.44449651671708595;0.22366017301072805;0.8293983284700567;94.63;;;;
120;6;1234;212;1283;251;10.511.309.814.453.100;9.631.541.137.695.310;5.468.471.069.335.930;1258;231;1131;230;127;0.2786851358582394;0.23821968442706343;10.096.791.208.638.500;105.54;;;;
120;7;1020;184;1068;233;10.511.309.814.453.100;9.631.541.137.695.310;5.468.471.069.335.930;1044;208;926;209;118;0.08224289181169037;0.236126207760471;10.983.872.637.244.700;110.86;;;;
120;8;1085;199;1134;248;10.511.309.814.453.100;9.631.541.137.695.310;5.468.471.069.335.930;1109;223;983;223;126;0.1389460139572358;0.23350988231864744;10.215.032.098.694.100;103.79;;;;
120;9;1379;204;1424;252;10.511.309.814.453.100;9.631.541.137.695.310;5.468.471.069.335.930;1401;228;1276;227;125;0.4204687408690188;0.23953623512763406;10.272.744.550.791.800;111.78;;;;
120;10;487;356;599;442;10.511.309.814.453.100;9.631.541.137.695.310;5.468.471.069.335.930;543;399;305;393;238;-0.21191130050066526;0.20049852804232723;0.49641164024856055;53.99;;;;
120;11;1224;243;1282;289;10.511.309.814.453.100;9.631.541.137.695.310;5.468.471.069.335.930;1253;266;1104;263;149;0.233508839843635;0.22746570103268274;0.8465004391891148;88.48;;;;
120;12;866;190;918;234;10.511.309.814.453.100;9.631.541.137.695.310;5.468.471.069.335.930;892;212;764;213;128;-0.0667286744686102;0.22092749914671345;10.107.001.490.044.500;101.72;;;;
120;13;1265;187;1314;232;10.511.309.814.453.100;9.631.541.137.695.310;5.468.471.069.335.930;1289;209;1171;208;118;0.3314764574680008;0.23700719796183484;10.978.786.237.945.600;115.39;;;;
120;14;1457;299;1520;354;10.511.309.814.453.100;9.631.541.137.695.310;5.468.471.069.335.930;1488;326;1300;325;188;0.33511695558274823;0.21345638340173265;0.6517414613585605;73.66;;;;
120;15;1439;225;1491;266;10.511.309.814.453.100;9.631.541.137.695.310;5.468.471.069.335.930;1465;245;1326;245;139;0.433389137482019;0.228124429747411;0.9164674473776774;101.97;;;;
120;16;1136;256;1194;304;10.511.309.814.453.100;9.631.541.137.695.310;5.468.471.069.335.930;1165;280;1001;281;164;0.14774014068483743;0.21553527601538292;0.7639530016766183;78.22;;;;
120;17;896;316;978;375;10.511.309.814.453.100;9.631.541.137.695.310;5.468.471.069.335.930;937;345;731;346;206;-0.01524036056470393;0.20439310733487126;0.5892573981191712;59.1;;;;
120;18;506;281;575;352;10.511.309.814.453.100;9.631.541.137.695.310;5.468.471.069.335.930;540;316;341;316;199;-0.25525128939464925;0.19643332483375078;0.6187316073000209;66.83;;;;
120;19;709;205;764;251;10.511.309.814.453.100;9.631.541.137.695.310;5.468.471.069.335.930;736;228;603;227;133;-0.20501772925999626;0.22512804053349061;0.9654835104127693;99.24;;;;
120;20;570;268;632;322;10.511.309.814.453.100;9.631.541.137.695.310;5.468.471.069.335.930;601;295;420;293;181;-0.24018025501955134;0.203906839353242;0.6872265171216753;72.91;;;;
121;0;924;258;996;308;10.511.309.814.453.100;9.631.541.137.695.310;5.468.471.069.335.930;960;283;794;284;166;-0.0022808237154998984;0.21481720360123854;0.7536640586733552;75.77;;;;
121;1;678;309;746;369;10.511.309.814.453.100;9.631.541.137.695.310;5.468.471.069.335.930;712;339;506;338;206;-0.14635094443977906;0.20136523809911588;0.5910055392375055;60.93;;;;
121;2;1316;269;1381;322;10.511.309.814.453.100;9.631.541.137.695.310;5.468.471.069.335.930;1348;295;1177;296;171;0.2701551132473836;0.21583121592360702;0.7274152023334691;78.02;;;;
121;3;845;238;903;287;10.511.309.814.453.100;9.631.541.137.695.310;5.468.471.069.335.930;874;262;718;263;156;-0.06860238945027783;0.21459334665914098;0.810055406962154;81.67;;;;
121;4;1252;282;1324;347;10.511.309.814.453.100;9.631.541.137.695.310;5.468.471.069.335.930;1288;314;1108;311;180;0.21663434976536186;0.21601287752441412;0.6847090493120173;72.28;;;;
121;5;1020;185;1068;233;10.511.309.814.453.100;9.631.541.137.695.310;5.468.471.069.335.930;1044;209;926;208;118;0.08224289181169037;0.23700719796183484;10.978.786.237.945.600;110.83;;;;
121;6;1500;243;1552;294;10.511.309.814.453.100;9.631.541.137.695.310;5.468.471.069.335.930;1526;268;1374;268;152;0.44449651671708595;0.2243440996144184;0.8290034632613101;94.61;;;;
121;7;1234;212;1283;251;10.511.309.814.453.100;9.631.541.137.695.310;5.468.471.069.335.930;1258;231;1132;230;126;0.2808969226507651;0.2401103168431512;10.176.924.472.199.100;106.41;;;;
121;8;1086;199;1134;249;10.511.309.814.453.100;9.631.541.137.695.310;5.468.471.069.335.930;1110;224;984;223;126;0.1398987046196085;0.23433493663421046;10.210.268.645.382.200;103.78;;;;
121;9;487;356;600;442;10.511.309.814.453.100;9.631.541.137.695.310;5.468.471.069.335.930;543;399;306;394;237;-0.21280544100910687;0.2013445133927168;0.49850620413146585;54.25;;;;
121;10;1379;204;1424;251;10.511.309.814.453.100;9.631.541.137.695.310;5.468.471.069.335.930;1401;227;1275;227;126;0.41713168737005835;0.23681009958089932;1.019.597.828.544.660;110.89;;;;
121;11;866;191;917;234;10.511.309.814.453.100;9.631.541.137.695.310;5.468.471.069.335.930;891;212;764;213;127;-0.06819928626331546;0.22266708575416788;10.186.584.178.942.500;102.56;;;;
121;12;1264;186;1314;232;10.511.309.814.453.100;9.631.541.137.695.310;5.468.471.069.335.930;1289;209;1171;208;118;0.3314764574680008;0.23700719796183484;10.978.786.237.945.600;115.39;;;;
121;13;1224;243;1284;289;10.511.309.814.453.100;9.631.541.137.695.310;5.468.471.069.335.930;1254;266;1104;263;150;0.2327523744010705;0.22594926302579818;0.840857102927854;87.88;;;;
121;14;896;317;979;375;10.511.309.814.453.100;9.631.541.137.695.310;5.468.471.069.335.930;937;346;731;345;206;-0.01524036056470393;0.20489775220749715;0.5889660412661155;59.08;;;;
121;15;505;281;574;353;10.511.309.814.453.100;9.631.541.137.695.310;5.468.471.069.335.930;539;317;343;316;196;-0.2597706408826233;0.1999703494167211;0.6278957670457891;67.95;;;;
121;16;1456;299;1521;354;10.511.309.814.453.100;9.631.541.137.695.310;5.468.471.069.335.930;1488;326;1300;325;188;0.33511695558274823;0.21345638340173265;0.6517414613585605;73.66;;;;
121;17;1438;226;1491;266;10.511.309.814.453.100;9.631.541.137.695.310;5.468.471.069.335.930;1464;246;1326;245;138;0.4356597904821861;0.23053081578732654;0.9226735918388962;102.68;;;;
121;18;1136;258;1194;304;10.511.309.814.453.100;9.631.541.137.695.310;5.468.471.069.335.930;1165;281;1001;280;164;0.14774014068483743;0.21616915920904714;0.7635870290441215;78.21;;;;
121;19;570;267;633;322;10.511.309.814.453.100;9.631.541.137.695.310;5.468.471.069.335.930;601;294;420;293;181;-0.24018025501955134;0.20333249215014293;0.6875581166339928;72.92;;;;
121;20;709;204;764;251;10.511.309.814.453.100;9.631.541.137.695.310;5.468.471.069.335.930;736;227;603;227;133;-0.20501772925999626;0.22434641012927314;0.965934784937051;99.27;;;;
122;0;677;310;745;368;10.511.309.814.453.100;9.631.541.137.695.310;5.468.471.069.335.930;711;339;506;338;205;-0.14765040769782167;0.20234750755325792;0.5938884930874445;61.27;;;;
122;1;925;258;995;308;10.511.309.814.453.100;9.631.541.137.695.310;5.468.471.069.335.930;960;283;794;284;166;-0.0022808237154998984;0.21481720360123854;0.7536640586733552;75.77;;;;
122;2;845;239;904;287;10.511.309.814.453.100;9.631.541.137.695.310;5.468.471.069.335.930;874;263;717;263;157;-0.06816543155569008;0.21388865555787853;0.8045135284991499;81.09;;;;
122;3;1315;268;1381;321;10.511.309.814.453.100;9.631.541.137.695.310;5.468.471.069.335.930;1348;294;1177;295;171;0.2701551132473836;0.21522328116477116;0.7277661936301327;78.04;;;;
122;4;1252;283;1323;346;10.511.309.814.453.100;9.631.541.137.695.310;5.468.471.069.335.930;1287;314;1108;311;179;0.217173988459811;0.21721965337650578;0.6885342395316374;72.69;;;;
122;5;1500;243;1551;293;10.511.309.814.453.100;9.631.541.137.695.310;5.468.471.069.335.930;1525;268;1373;267;152;0.4437067862995928;0.2243440996144184;0.8290034632613101;94.58;;;;
122;6;1020;185;1067;232;10.511.309.814.453.100;9.631.541.137.695.310;5.468.471.069.335.930;1043;208;926;208;117;0.0819198479514573;0.23814438047637254;1.107.775.189.055.450;111.83;;;;
122;7;1233;212;1283;251;10.511.309.814.453.100;9.631.541.137.695.310;5.468.471.069.335.930;1258;231;1132;230;126;0.2808969226507651;0.2401103168431512;10.176.924.472.199.100;106.41;;;;
122;8;1085;200;1134;249;10.511.309.814.453.100;9.631.541.137.695.310;5.468.471.069.335.930;1109;224;983;222;126;0.1389460139572358;0.23433493663421046;10.210.268.645.382.200;103.76;;;;
122;9;488;357;599;442;10.511.309.814.453.100;9.631.541.137.695.310;5.468.471.069.335.930;543;399;306;394;237;-0.21280544100910687;0.2013445133927168;0.49850620413146585;54.25;;;;
122;10;866;191;917;234;10.511.309.814.453.100;9.631.541.137.695.310;5.468.471.069.335.930;891;212;765;214;126;-0.06874055044000844;0.22443428484745487;102.674.300.851.246;103.41;;;;
122;11;1264;187;1315;232;10.511.309.814.453.100;9.631.541.137.695.310;5.468.471.069.335.930;1289;209;1171;209;118;0.3314764574680008;0.23700719796183484;10.978.786.237.945.600;115.39;;;;
122;12;896;317;979;375;10.511.309.814.453.100;9.631.541.137.695.310;5.468.471.069.335.930;937;346;731;346;206;-0.01524036056470393;0.20489775220749715;0.5889660412661155;59.08;;;;
122;13;1379;203;1423;251;10.511.309.814.453.100;9.631.541.137.695.310;5.468.471.069.335.930;1401;227;1276;227;125;0.4204687408690188;0.23870458037754655;10.277.546.111.730.200;111.81;;;;
122;14;1224;243;1284;289;10.511.309.814.453.100;9.631.541.137.695.310;5.468.471.069.335.930;1254;266;1104;263;150;0.2327523744010705;0.22594926302579818;0.840857102927854;87.88;;;;
122;15;1457;299;1521;354;10.511.309.814.453.100;9.631.541.137.695.310;5.468.471.069.335.930;1489;326;1301;324;188;0.33575546102667886;0.21345638340173265;0.6517414613585605;73.69;;;;
122;16;506;281;574;352;10.511.309.814.453.100;9.631.541.137.695.310;5.468.471.069.335.930;540;316;340;316;200;-0.25397503294767604;0.19545115820958203;0.6156379492635208;66.46;;;;
122;17;1136;258;1193;304;10.511.309.814.453.100;9.631.541.137.695.310;5.468.471.069.335.930;1164;281;1001;280;163;0.1479100861892907;0.21749535036983883;0.7682716120443921;78.7;;;;
122;18;1438;224;1489;265;10.511.309.814.453.100;9.631.541.137.695.310;5.468.471.069.335.930;1463;244;1326;245;137;0.4379635917013338;0.23069590431481166;0.9302846328264718;103.46;;;;
122;19;709;205;764;250;10.511.309.814.453.100;9.631.541.137.695.310;5.468.471.069.335.930;736;227;603;227;133;-0.20501772925999626;0.22434641012927314;0.965934784937051;99.27;;;;
122;20;569;267;633;323;10.511.309.814.453.100;9.631.541.137.695.310;5.468.471.069.335.930;601;295;420;294;181;-0.24018025501955134;0.203906839353242;0.6872265171216753;72.91;;;;
123;0;677;310;745;368;10.511.309.814.453.100;9.631.541.137.695.310;5.468.471.069.335.930;711;339;506;337;205;-0.14765040769782167;0.20234750755325792;0.5938884930874445;61.27;;;;
123;1;924;258;996;308;10.511.309.814.453.100;9.631.541.137.695.310;5.468.471.069.335.930;960;283;794;284;166;-0.0022808237154998984;0.21481720360123854;0.7536640586733552;75.77;;;;
123;2;1251;282;1324;348;10.511.309.814.453.100;9.631.541.137.695.310;5.468.471.069.335.930;1287;315;1109;311;178;0.21839406704666392;0.21902401571997454;0.6920652211485037;73.12;;;;
123;3;845;238;904;288;10.511.309.814.453.100;9.631.541.137.695.310;5.468.471.069.335.930;874;263;717;263;157;-0.06816543155569008;0.21388865555787853;0.8045135284991499;81.09;;;;
123;4;1500;242;1551;293;10.511.309.814.453.100;9.631.541.137.695.310;5.468.471.069.335.930;1525;267;1374;267;151;0.4466452418380007;0.22514136620947459;0.8348910326321102;95.25;;;;
123;5;1315;267;1381;322;10.511.309.814.453.100;9.631.541.137.695.310;5.468.471.069.335.930;1348;294;1177;295;171;0.2701551132473836;0.21522328116477116;0.7277661936301327;78.04;;;;
123;6;1233;212;1284;251;10.511.309.814.453.100;9.631.541.137.695.310;5.468.471.069.335.930;1258;231;1131;230;127;0.2786851358582394;0.23821968442706343;10.096.791.208.638.500;105.54;;;;
123;7;1020;184;1068;233;10.511.309.814.453.100;9.631.541.137.695.310;5.468.471.069.335.930;1044;208;926;208;118;0.08224289181169037;0.236126207760471;10.983.872.637.244.700;110.86;;;;
123;8;1085;199;1135;249;10.511.309.814.453.100;9.631.541.137.695.310;5.468.471.069.335.930;1110;224;984;223;126;0.1398987046196085;0.23433493663421046;10.210.268.645.382.200;103.78;;;;
123;9;488;356;601;441;10.511.309.814.453.100;9.631.541.137.695.310;5.468.471.069.335.930;544;398;304;392;240;-0.2096452103987474;0.1983945534596373;0.4925249578786954;53.47;;;;
123;10;1379;204;1424;252;10.511.309.814.453.100;9.631.541.137.695.310;5.468.471.069.335.930;1401;228;1276;228;125;0.4204687408690188;0.23953623512763406;10.272.744.550.791.800;111.78;;;;
123;11;866;190;917;234;10.511.309.814.453.100;9.631.541.137.695.310;5.468.471.069.335.930;891;212;765;214;126;-0.06874055044000844;0.22443428484745487;102.674.300.851.246;103.41;;;;
123;12;1265;187;1315;232;10.511.309.814.453.100;9.631.541.137.695.310;5.468.471.069.335.930;1290;209;1171;208;119;0.3296996723082609;0.23501554083610515;1.088.652.753.006.370;114.42;;;;
123;13;1224;243;1284;289;10.511.309.814.453.100;9.631.541.137.695.310;5.468.471.069.335.930;1254;266;1103;263;151;0.23121096794808327;0.22445291029052802;0.8352885128422392;87.27;;;;
123;14;1457;298;1521;354;10.511.309.814.453.100;9.631.541.137.695.310;5.468.471.069.335.930;1489;326;1300;325;189;0.3339789771059028;0.21232698454775525;0.6482930938381448;73.27;;;;
123;15;505;281;574;353;10.511.309.814.453.100;9.631.541.137.695.310;5.468.471.069.335.930;539;317;343;316;196;-0.2597706408826233;0.1999703494167211;0.6278957670457891;67.95;;;;
123;16;1438;225;1492;266;10.511.309.814.453.100;9.631.541.137.695.310;5.468.471.069.335.930;1465;245;1326;245;139;0.433389137482019;0.228124429747411;0.9164674473776774;101.97;;;;
123;17;1136;258;1193;305;10.511.309.814.453.100;9.631.541.137.695.310;5.468.471.069.335.930;1164;281;1001;281;163;0.1479100861892907;0.21749535036983883;0.7682716120443921;78.7;;;;
123;18;895;317;979;376;10.511.309.814.453.100;9.631.541.137.695.310;5.468.471.069.335.930;937;346;731;345;206;-0.01524036056470393;0.20489775220749715;0.5889660412661155;59.08;;;;
123;19;570;267;633;322;10.511.309.814.453.100;9.631.541.137.695.310;5.468.471.069.335.930;601;294;420;294;181;-0.24018025501955134;0.20333249215014293;0.6875581166339928;72.92;;;;
123;20;708;204;765;251;10.511.309.814.453.100;9.631.541.137.695.310;5.468.471.069.335.930;736;227;603;227;133;-0.20501772925999626;0.22434641012927314;0.965934784937051;99.27;;;;
124;0;677;310;746;368;10.511.309.814.453.100;9.631.541.137.695.310;5.468.471.069.335.930;711;339;506;338;205;-0.14765040769782167;0.20234750755325792;0.5938884930874445;61.27;;;;
124;1;925;259;995;308;10.511.309.814.453.100;9.631.541.137.695.310;5.468.471.069.335.930;960;283;794;284;166;-0.0022808237154998984;0.21481720360123854;0.7536640586733552;75.77;;;;
124;2;1251;283;1324;346;10.511.309.814.453.100;9.631.541.137.695.310;5.468.471.069.335.930;1287;314;1109;312;178;0.21839406704666392;0.21843998850783447;0.6924024094166468;73.13;;;;
124;3;845;238;904;288;10.511.309.814.453.100;9.631.541.137.695.310;5.468.471.069.335.930;874;263;717;263;157;-0.06816543155569008;0.21388865555787853;0.8045135284991499;81.09;;;;
124;4;1314;268;1381;321;10.511.309.814.453.100;9.631.541.137.695.310;5.468.471.069.335.930;1347;294;1177;295;170;0.27103814906966844;0.2164893004657404;0.7320471712397217;78.5;;;;
124;5;1500;243;1552;293;10.511.309.814.453.100;9.631.541.137.695.310;5.468.471.069.335.930;1526;268;1374;268;152;0.44449651671708595;0.2243440996144184;0.8290034632613101;94.61;;;;
124;6;1233;212;1284;251;10.511.309.814.453.100;9.631.541.137.695.310;5.468.471.069.335.930;1258;231;1132;230;126;0.2808969226507651;0.2401103168431512;10.176.924.472.199.100;106.41;;;;
124;7;1020;185;1068;233;10.511.309.814.453.100;9.631.541.137.695.310;5.468.471.069.335.930;1044;209;926;208;118;0.08224289181169037;0.23700719796183484;10.978.786.237.945.600;110.83;;;;
124;8;1085;200;1134;249;10.511.309.814.453.100;9.631.541.137.695.310;5.468.471.069.335.930;1109;224;983;222;126;0.1389460139572358;0.23433493663421046;10.210.268.645.382.200;103.76;;;;
124;9;489;357;599;442;10.511.309.814.453.100;9.631.541.137.695.310;5.468.471.069.335.930;544;399;304;393;240;-0.2096452103987474;0.19882770697530783;0.49227487657982255;53.46;;;;
124;10;1380;204;1424;252;10.511.309.814.453.100;9.631.541.137.695.310;5.468.471.069.335.930;1402;228;1276;228;126;0.41808437803243104;0.23763515389646234;10.191.214.832.134.700;110.9;;;;
124;11;1265;187;1315;232;10.511.309.814.453.100;9.631.541.137.695.310;5.468.471.069.335.930;1290;209;1171;208;119;0.3296996723082609;0.23501554083610515;1.088.652.753.006.370;114.42;;;;
124;12;1224;243;1284;288;10.511.309.814.453.100;9.631.541.137.695.310;5.468.471.069.335.930;1254;265;1104;264;150;0.2327523744010705;0.22525621740072532;0.8412572330060505;87.9;;;;
124;13;1136;258;1192;303;10.511.309.814.453.100;9.631.541.137.695.310;5.468.471.069.335.930;1164;280;1001;280;163;0.1479100861892907;0.21685757832222577;0.7686398299077631;78.72;;;;
124;14;866;190;917;234;10.511.309.814.453.100;9.631.541.137.695.310;5.468.471.069.335.930;891;212;764;214;127;-0.06819928626331546;0.22266708575416788;10.186.584.178.942.500;102.56;;;;
124;15;895;317;979;375;10.511.309.814.453.100;9.631.541.137.695.310;5.468.471.069.335.930;937;346;731;345;206;-0.01524036056470393;0.20489775220749715;0.5889660412661155;59.08;;;;
124;16;1455;299;1521;354;10.511.309.814.453.100;9.631.541.137.695.310;5.468.471.069.335.930;1488;326;1300;325;188;0.33511695558274823;0.21345638340173265;0.6517414613585605;73.66;;;;
124;17;1438;224;1491;266;10.511.309.814.453.100;9.631.541.137.695.310;5.468.471.069.335.930;1464;245;1327;245;137;0.438839788952859;0.2314547133933586;0.9298465342007092;103.48;;;;
124;18;506;281;573;352;10.511.309.814.453.100;9.631.541.137.695.310;5.468.471.069.335.930;539;316;341;316;198;-0.257146695015122;0.1974254123329111;0.6218565144075967;67.22;;;;
124;19;570;267;633;323;10.511.309.814.453.100;9.631.541.137.695.310;5.468.471.069.335.930;601;295;420;293;181;-0.24018025501955134;0.203906839353242;0.6872265171216753;72.91;;;;
124;20;709;205;765;250;10.511.309.814.453.100;9.631.541.137.695.310;5.468.471.069.335.930;737;227;603;227;134;-0.2025919325979145;0.22267218318800988;0.9587263163927445;98.48;;;;
125;0;678;310;745;368;10.511.309.814.453.100;9.631.541.137.695.310;5.468.471.069.335.930;711;339;506;338;205;-0.14765040769782167;0.20234750755325792;0.5938884930874445;61.27;;;;
125;1;924;258;995;308;10.511.309.814.453.100;9.631.541.137.695.310;5.468.471.069.335.930;959;283;795;284;164;-0.0030405839038532977;0.2174369255963756;0.7628550837791278;76.76;;;;
125;2;1501;243;1551;293;10.511.309.814.453.100;9.631.541.137.695.310;5.468.471.069.335.930;1526;268;1374;268;152;0.44449651671708595;0.2243440996144184;0.8290034632613101;94.61;;;;
125;3;846;238;903;287;10.511.309.814.453.100;9.631.541.137.695.310;5.468.471.069.335.930;874;262;717;263;157;-0.06816543155569008;0.21322651005621654;0.8048958183827772;81.12;;;;
125;4;1251;284;1325;347;10.511.309.814.453.100;9.631.541.137.695.310;5.468.471.069.335.930;1288;315;1108;311;180;0.21663434976536186;0.21659041554530817;0.6843756075801869;72.26;;;;
125;5;1314;267;1381;321;10.511.309.814.453.100;9.631.541.137.695.310;5.468.471.069.335.930;1347;294;1177;295;170;0.27103814906966844;0.2164893004657404;0.7320471712397217;78.5;;;;
125;6;1019;185;1068;232;10.511.309.814.453.100;9.631.541.137.695.310;5.468.471.069.335.930;1043;208;926;208;117;0.0819198479514573;0.23814438047637254;1.107.775.189.055.450;111.83;;;;
125;7;1234;212;1284;251;10.511.309.814.453.100;9.631.541.137.695.310;5.468.471.069.335.930;1259;231;1132;230;127;0.27963032501933355;0.23821968442706343;10.096.791.208.638.500;105.56;;;;
125;8;489;357;599;441;10.511.309.814.453.100;9.631.541.137.695.310;5.468.471.069.335.930;544;399;304;394;240;-0.2096452103987474;0.19882770697530783;0.49227487657982255;53.46;;;;
125;9;1085;200;1135;248;10.511.309.814.453.100;9.631.541.137.695.310;5.468.471.069.335.930;1110;224;983;223;127;0.13879714001630447;0.2324897796528388;10.129.872.829.276.800;102.93;;;;
125;10;1379;204;1423;252;10.511.309.814.453.100;9.631.541.137.695.310;5.468.471.069.335.930;1401;228;1276;227;125;0.4204687408690188;0.23953623512763406;10.272.744.550.791.800;111.78;;;;
125;11;1264;187;1315;232;10.511.309.814.453.100;9.631.541.137.695.310;5.468.471.069.335.930;1289;209;1171;208;118;0.3314764574680008;0.23700719796183484;10.978.786.237.945.600;115.39;;;;
125;12;1224;243;1282;289;10.511.309.814.453.100;9.631.541.137.695.310;5.468.471.069.335.930;1253;266;1104;264;149;0.233508839843635;0.22746570103268274;0.8465004391891148;88.48;;;;
125;13;505;282;574;352;10.511.309.814.453.100;9.631.541.137.695.310;5.468.471.069.335.930;539;317;341;316;198;-0.257146695015122;0.19795044689736024;0.6215533855604781;67.2;;;;
125;14;867;191;918;234;10.511.309.814.453.100;9.631.541.137.695.310;5.468.471.069.335.930;892;212;764;213;128;-0.0667286744686102;0.22092749914671345;10.107.001.490.044.500;101.72;;;;
125;15;1136;257;1193;303;10.511.309.814.453.100;9.631.541.137.695.310;5.468.471.069.335.930;1164;280;1001;281;163;0.1479100861892907;0.21685757832222577;0.7686398299077631;78.72;;;;
125;16;1456;298;1521;354;10.511.309.814.453.100;9.631.541.137.695.310;5.468.471.069.335.930;1488;326;1301;325;187;0.33690902486393937;0.21459786138783815;0.6552267098150233;74.09;;;;
125;17;1438;224;1491;266;10.511.309.814.453.100;9.631.541.137.695.310;5.468.471.069.335.930;1464;245;1326;245;138;0.4356597904821861;0.22977750532529073;0.9231085158369359;102.7;;;;
125;18;896;317;978;375;10.511.309.814.453.100;9.631.541.137.695.310;5.468.471.069.335.930;937;346;731;346;206;-0.01524036056470393;0.20489775220749715;0.5889660412661155;59.08;;;;
125;19;570;267;632;322;10.511.309.814.453.100;9.631.541.137.695.310;5.468.471.069.335.930;601;294;420;294;181;-0.24018025501955134;0.20333249215014293;0.6875581166339928;72.92;;;;
125;20;710;204;763;250;10.511.309.814.453.100;9.631.541.137.695.310;5.468.471.069.335.930;736;227;603;227;133;-0.20501772925999626;0.22434641012927314;0.965934784937051;99.27;;;;
126;0;677;310;745;368;10.511.309.814.453.100;9.631.541.137.695.310;5.468.471.069.335.930;711;339;506;338;205;-0.14765040769782167;0.20234750755325792;0.5938884930874445;61.27;;;;
126;1;925;258;996;308;10.511.309.814.453.100;9.631.541.137.695.310;5.468.471.069.335.930;960;283;794;284;166;-0.0022808237154998984;0.21481720360123854;0.7536640586733552;75.77;;;;
126;2;1252;282;1324;348;10.511.309.814.453.100;9.631.541.137.695.310;5.468.471.069.335.930;1288;315;1108;311;180;0.21663434976536186;0.21659041554530817;0.6843756075801869;72.26;;;;
126;3;1501;242;1551;293;10.511.309.814.453.100;9.631.541.137.695.310;5.468.471.069.335.930;1526;267;1373;267;153;0.441591310725471;0.22219834181457948;0.8239774243624093;93.98;;;;
126;4;845;238;904;288;10.511.309.814.453.100;9.631.541.137.695.310;5.468.471.069.335.930;874;263;717;263;157;-0.06816543155569008;0.21388865555787853;0.8045135284991499;81.09;;;;
126;5;1316;268;1381;322;10.511.309.814.453.100;9.631.541.137.695.310;5.468.471.069.335.930;1348;295;1177;295;171;0.2701551132473836;0.21583121592360702;0.7274152023334691;78.02;;;;
126;6;1233;212;1284;251;10.511.309.814.453.100;9.631.541.137.695.310;5.468.471.069.335.930;1258;231;1132;230;126;0.2808969226507651;0.2401103168431512;10.176.924.472.199.100;106.41;;;;
126;7;1020;184;1068;232;10.511.309.814.453.100;9.631.541.137.695.310;5.468.471.069.335.930;1044;208;926;209;118;0.08224289181169037;0.236126207760471;10.983.872.637.244.700;110.86;;;;
126;8;1086;199;1134;248;10.511.309.814.453.100;9.631.541.137.695.310;5.468.471.069.335.930;1110;223;983;223;127;0.13879714001630447;0.23167122182794953;10.134.598.775.082.300;102.96;;;;
126;9;1380;204;1424;252;10.511.309.814.453.100;9.631.541.137.695.310;5.468.471.069.335.930;1402;228;1276;227;126;0.41808437803243104;0.23763515389646234;10.191.214.832.134.700;110.9;;;;
126;10;488;356;600;443;10.511.309.814.453.100;9.631.541.137.695.310;5.468.471.069.335.930;544;399;304;393;240;-0.2096452103987474;0.19882770697530783;0.49227487657982255;53.46;;;;
126;11;1265;186;1315;232;10.511.309.814.453.100;9.631.541.137.695.310;5.468.471.069.335.930;1290;209;1171;208;119;0.3296996723082609;0.23501554083610515;1.088.652.753.006.370;114.42;;;;
126;12;1224;243;1284;289;10.511.309.814.453.100;9.631.541.137.695.310;5.468.471.069.335.930;1254;266;1104;263;150;0.2327523744010705;0.22594926302579818;0.840857102927854;87.88;;;;
126;13;865;190;918;234;10.511.309.814.453.100;9.631.541.137.695.310;5.468.471.069.335.930;891;212;765;213;126;-0.06874055044000844;0.22443428484745487;102.674.300.851.246;103.41;;;;
126;14;1457;298;1521;354;10.511.309.814.453.100;9.631.541.137.695.310;5.468.471.069.335.930;1489;326;1301;325;188;0.33575546102667886;0.21345638340173265;0.6517414613585605;73.69;;;;
126;15;1137;257;1192;304;10.511.309.814.453.100;9.631.541.137.695.310;5.468.471.069.335.930;1164;280;1001;281;163;0.1479100861892907;0.21685757832222577;0.7686398299077631;78.72;;;;
126;16;1438;224;1491;266;10.511.309.814.453.100;9.631.541.137.695.310;5.468.471.069.335.930;1464;245;1326;245;138;0.4356597904821861;0.22977750532529073;0.9231085158369359;102.7;;;;
126;17;506;280;574;353;10.511.309.814.453.100;9.631.541.137.695.310;5.468.471.069.335.930;540;316;342;316;198;-0.25654043732088483;0.1974254123329111;0.6218565144075967;67.19;;;;
126;18;896;317;979;375;10.511.309.814.453.100;9.631.541.137.695.310;5.468.471.069.335.930;937;346;731;345;206;-0.01524036056470393;0.20489775220749715;0.5889660412661155;59.08;;;;
126;19;569;267;633;323;10.511.309.814.453.100;9.631.541.137.695.310;5.468.471.069.335.930;601;295;420;293;181;-0.24018025501955134;0.203906839353242;0.6872265171216753;72.91;;;;
126;20;711;205;763;250;10.511.309.814.453.100;9.631.541.137.695.310;5.468.471.069.335.930;737;227;603;227;134;-0.2025919325979145;0.22267218318800988;0.9587263163927445;98.48;;;;
127;0;678;310;745;368;10.511.309.814.453.100;9.631.541.137.695.310;5.468.471.069.335.930;711;339;506;338;205;-0.14765040769782167;0.20234750755325792;0.5938884930874445;61.27;;;;
127;1;924;258;995;308;10.511.309.814.453.100;9.631.541.137.695.310;5.468.471.069.335.930;959;283;794;284;165;-0.0030221561226178232;0.21611912604730665;0.7582317196350119;76.26;;;;
127;2;1315;268;1381;321;10.511.309.814.453.100;9.631.541.137.695.310;5.468.471.069.335.930;1348;294;1177;296;171;0.2701551132473836;0.21522328116477116;0.7277661936301327;78.04;;;;
127;3;845;237;904;287;10.511.309.814.453.100;9.631.541.137.695.310;5.468.471.069.335.930;874;262;717;263;157;-0.06816543155569008;0.21322651005621654;0.8048958183827772;81.12;;;;
127;4;1251;283;1324;347;10.511.309.814.453.100;9.631.541.137.695.310;5.468.471.069.335.930;1287;315;1108;311;179;0.217173988459811;0.21780041786679033;0.6881989349968358;72.68;;;;
127;5;1500;242;1552;293;10.511.309.814.453.100;9.631.541.137.695.310;5.468.471.069.335.930;1526;267;1374;268;152;0.44449651671708595;0.22366017301072805;0.8293983284700567;94.63;;;;
127;6;1020;185;1068;233;10.511.309.814.453.100;9.631.541.137.695.310;5.468.471.069.335.930;1044;209;926;208;118;0.08224289181169037;0.23700719796183484;10.978.786.237.945.600;110.83;;;;
127;7;1233;212;1284;252;10.511.309.814.453.100;9.631.541.137.695.310;5.468.471.069.335.930;1258;232;1132;231;126;0.2808969226507651;0.24093537115871416;10.172.161.018.887.300;106.38;;;;
127;8;1085;199;1134;248;10.511.309.814.453.100;9.631.541.137.695.310;5.468.471.069.335.930;1109;223;983;223;126;0.1389460139572358;0.23350988231864744;10.215.032.098.694.100;103.79;;;;
127;9;488;356;600;442;10.511.309.814.453.100;9.631.541.137.695.310;5.468.471.069.335.930;544;399;305;393;239;-0.21052238701129444;0.19965962206725474;0.4943346040968929;53.72;;;;
127;10;1379;203;1423;251;10.511.309.814.453.100;9.631.541.137.695.310;5.468.471.069.335.930;1401;227;1275;227;126;0.41713168737005835;0.23681009958089932;1.019.597.828.544.660;110.89;;;;
127;11;1224;243;1284;289;10.511.309.814.453.100;9.631.541.137.695.310;5.468.471.069.335.930;1254;266;1103;264;151;0.23121096794808327;0.22445291029052802;0.8352885128422392;87.27;;;;
127;12;866;191;918;234;10.511.309.814.453.100;9.631.541.137.695.310;5.468.471.069.335.930;892;212;765;213;127;-0.0672540971022213;0.22266708575416788;10.186.584.178.942.500;102.56;;;;
127;13;1265;187;1315;232;10.511.309.814.453.100;9.631.541.137.695.310;5.468.471.069.335.930;1290;209;1171;209;119;0.3296996723082609;0.23501554083610515;1.088.652.753.006.370;114.42;;;;
127;14;506;282;573;352;10.511.309.814.453.100;9.631.541.137.695.310;5.468.471.069.335.930;539;317;340;316;199;-0.2558545005678099;0.19695572103355447;0.6184300017134406;66.84;;;;
127;15;1136;257;1193;303;10.511.309.814.453.100;9.631.541.137.695.310;5.468.471.069.335.930;1164;280;1001;280;163;0.1479100861892907;0.21685757832222577;0.7686398299077631;78.72;;;;
127;16;1456;298;1521;354;10.511.309.814.453.100;9.631.541.137.695.310;5.468.471.069.335.930;1488;326;1300;325;188;0.33511695558274823;0.21345638340173265;0.6517414613585605;73.66;;;;
127;17;1438;225;1490;267;10.511.309.814.453.100;9.631.541.137.695.310;5.468.471.069.335.930;1464;246;1326;245;138;0.4356597904821861;0.23053081578732654;0.9226735918388962;102.68;;;;
127;18;896;317;979;375;10.511.309.814.453.100;9.631.541.137.695.310;5.468.471.069.335.930;937;346;731;346;206;-0.01524036056470393;0.20489775220749715;0.5889660412661155;59.08;;;;
127;19;570;267;633;323;10.511.309.814.453.100;9.631.541.137.695.310;5.468.471.069.335.930;601;295;420;294;181;-0.24018025501955134;0.203906839353242;0.6872265171216753;72.91;;;;
127;20;709;204;763;250;10.511.309.814.453.100;9.631.541.137.695.310;5.468.471.069.335.930;736;227;603;227;133;-0.20501772925999626;0.22434641012927314;0.965934784937051;99.27;;;;
128;0;678;310;744;368;10.511.309.814.453.100;9.631.541.137.695.310;5.468.471.069.335.930;711;339;506;338;205;-0.14765040769782167;0.20234750755325792;0.5938884930874445;61.27;;;;
128;1;924;258;995;308;10.511.309.814.453.100;9.631.541.137.695.310;5.468.471.069.335.930;959;283;795;284;164;-0.0030405839038532977;0.2174369255963756;0.7628550837791278;76.76;;;;
128;2;845;238;903;287;10.511.309.814.453.100;9.631.541.137.695.310;5.468.471.069.335.930;874;262;717;263;157;-0.06816543155569008;0.21322651005621654;0.8048958183827772;81.12;;;;
128;3;1315;268;1381;321;10.511.309.814.453.100;9.631.541.137.695.310;5.468.471.069.335.930;1348;294;1177;295;171;0.2701551132473836;0.21522328116477116;0.7277661936301327;78.04;;;;
128;4;1251;282;1323;348;10.511.309.814.453.100;9.631.541.137.695.310;5.468.471.069.335.930;1287;315;1109;311;178;0.21839406704666392;0.21902401571997454;0.6920652211485037;73.12;;;;
128;5;1233;212;1284;252;10.511.309.814.453.100;9.631.541.137.695.310;5.468.471.069.335.930;1258;232;1132;230;126;0.2808969226507651;0.24093537115871416;10.172.161.018.887.300;106.38;;;;
128;6;1500;241;1552;293;10.511.309.814.453.100;9.631.541.137.695.310;5.468.471.069.335.930;1526;267;1373;268;153;0.441591310725471;0.22219834181457948;0.8239774243624093;93.98;;;;
128;7;1020;184;1068;233;10.511.309.814.453.100;9.631.541.137.695.310;5.468.471.069.335.930;1044;208;926;208;118;0.08224289181169037;0.236126207760471;10.983.872.637.244.700;110.86;;;;
128;8;1085;199;1134;248;10.511.309.814.453.100;9.631.541.137.695.310;5.468.471.069.335.930;1109;223;983;223;126;0.1389460139572358;0.23350988231864744;10.215.032.098.694.100;103.79;;;;
128;9;488;357;599;442;10.511.309.814.453.100;9.631.541.137.695.310;5.468.471.069.335.930;543;399;304;393;239;-0.2110246423395746;0.19965962206725474;0.4943346040968929;53.74;;;;
128;10;1264;186;1316;232;10.511.309.814.453.100;9.631.541.137.695.310;5.468.471.069.335.930;1290;209;1171;208;119;0.3296996723082609;0.23501554083610515;1.088.652.753.006.370;114.42;;;;
128;11;1379;203;1424;252;10.511.309.814.453.100;9.631.541.137.695.310;5.468.471.069.335.930;1401;227;1275;227;126;0.41713168737005835;0.23681009958089932;1.019.597.828.544.660;110.89;;;;
128;12;866;190;917;234;10.511.309.814.453.100;9.631.541.137.695.310;5.468.471.069.335.930;891;212;764;213;127;-0.06819928626331546;0.22266708575416788;10.186.584.178.942.500;102.56;;;;
128;13;507;281;573;352;10.511.309.814.453.100;9.631.541.137.695.310;5.468.471.069.335.930;540;316;341;316;199;-0.25525128939464925;0.19643332483375078;0.6187316073000209;66.83;;;;
128;14;1224;243;1284;289;10.511.309.814.453.100;9.631.541.137.695.310;5.468.471.069.335.930;1254;266;1103;263;151;0.23121096794808327;0.22445291029052802;0.8352885128422392;87.27;;;;
128;15;1456;298;1522;354;10.511.309.814.453.100;9.631.541.137.695.310;5.468.471.069.335.930;1489;326;1300;325;189;0.3339789771059028;0.21232698454775525;0.6482930938381448;73.27;;;;
128;16;1438;224;1492;266;10.511.309.814.453.100;9.631.541.137.695.310;5.468.471.069.335.930;1465;245;1326;245;139;0.433389137482019;0.228124429747411;0.9164674473776774;101.97;;;;
128;17;895;317;979;375;10.511.309.814.453.100;9.631.541.137.695.310;5.468.471.069.335.930;937;346;732;346;205;-0.01531470378697078;0.2058972534377776;0.5918390463454624;59.41;;;;
128;18;1136;258;1193;304;10.511.309.814.453.100;9.631.541.137.695.310;5.468.471.069.335.930;1164;281;1001;281;163;0.1479100861892907;0.21749535036983883;0.7682716120443921;78.7;;;;
128;19;710;205;764;251;10.511.309.814.453.100;9.631.541.137.695.310;5.468.471.069.335.930;737;228;603;227;134;-0.2025919325979145;0.22344798052950937;0.9582784095887932;98.45;;;;
128;20;570;267;632;322;10.511.309.814.453.100;9.631.541.137.695.310;5.468.471.069.335.930;601;294;420;294;181;-0.24018025501955134;0.20333249215014293;0.6875581166339928;72.92;;;;
129;0;677;310;745;367;10.511.309.814.453.100;9.631.541.137.695.310;5.468.471.069.335.930;711;338;506;338;205;-0.14765040769782167;0.20184040099832654;0.594181271193442;61.29;;;;
129;1;924;259;995;308;10.511.309.814.453.100;9.631.541.137.695.310;5.468.471.069.335.930;959;283;794;284;165;-0.0030221561226178232;0.21611912604730665;0.7582317196350119;76.26;;;;
129;2;845;239;903;288;10.511.309.814.453.100;9.631.541.137.695.310;5.468.471.069.335.930;874;263;718;263;156;-0.06860238945027783;0.21525973668324952;0.8096706665023495;81.65;;;;
129;3;1251;283;1324;348;10.511.309.814.453.100;9.631.541.137.695.310;5.468.471.069.335.930;1287;315;1108;311;179;0.217173988459811;0.21780041786679033;0.6881989349968358;72.68;;;;
129;4;1315;268;1381;322;10.511.309.814.453.100;9.631.541.137.695.310;5.468.471.069.335.930;1348;295;1177;294;171;0.2701551132473836;0.21583121592360702;0.7274152023334691;78.02;;;;
129;5;1020;185;1068;232;10.511.309.814.453.100;9.631.541.137.695.310;5.468.471.069.335.930;1044;208;926;208;118;0.08224289181169037;0.236126207760471;10.983.872.637.244.700;110.86;;;;
129;6;1501;243;1551;293;10.511.309.814.453.100;9.631.541.137.695.310;5.468.471.069.335.930;1526;268;1374;267;152;0.44449651671708595;0.2243440996144184;0.8290034632613101;94.61;;;;
129;7;1234;212;1284;251;10.511.309.814.453.100;9.631.541.137.695.310;5.468.471.069.335.930;1259;231;1132;230;127;0.27963032501933355;0.23821968442706343;10.096.791.208.638.500;105.56;;;;
129;8;1085;199;1135;248;10.511.309.814.453.100;9.631.541.137.695.310;5.468.471.069.335.930;1110;223;983;223;127;0.13879714001630447;0.23167122182794953;10.134.598.775.082.300;102.96;;;;
129;9;488;356;600;441;10.511.309.814.453.100;9.631.541.137.695.310;5.468.471.069.335.930;544;398;305;393;239;-0.21052238701129444;0.19922465619377802;0.494585731761033;53.72;;;;
129;10;866;192;918;235;10.511.309.814.453.100;9.631.541.137.695.310;5.468.471.069.335.930;892;213;764;214;128;-0.0667286744686102;0.22173966198859574;10.102.312.465.690.600;101.7;;;;
129;11;1380;204;1424;252;10.511.309.814.453.100;9.631.541.137.695.310;5.468.471.069.335.930;1402;228;1275;227;127;0.4147923750557977;0.23576401095239574;10.110.969.046.054.900;110.0;;;;
129;12;1224;243;1283;290;10.511.309.814.453.100;9.631.541.137.695.310;5.468.471.069.335.930;1253;266;1104;264;149;0.233508839843635;0.22746570103268274;0.8465004391891148;88.48;;;;
129;13;1264;186;1315;232;10.511.309.814.453.100;9.631.541.137.695.310;5.468.471.069.335.930;1289;209;1171;208;118;0.3314764574680008;0.23700719796183484;10.978.786.237.945.600;115.39;;;;
129;14;1457;299;1521;354;10.511.309.814.453.100;9.631.541.137.695.310;5.468.471.069.335.930;1489;326;1300;325;189;0.3339789771059028;0.21232698454775525;0.6482930938381448;73.27;;;;
129;15;895;317;979;375;10.511.309.814.453.100;9.631.541.137.695.310;5.468.471.069.335.930;937;346;731;345;206;-0.01524036056470393;0.20489775220749715;0.5889660412661155;59.08;;;;
129;16;506;281;574;352;10.511.309.814.453.100;9.631.541.137.695.310;5.468.471.069.335.930;540;316;342;316;198;-0.25654043732088483;0.1974254123329111;0.6218565144075967;67.19;;;;
129;17;1136;258;1193;304;10.511.309.814.453.100;9.631.541.137.695.310;5.468.471.069.335.930;1164;281;1000;281;164;0.14700819541984378;0.21616915920904714;0.7635870290441215;78.19;;;;
129;18;1438;226;1491;266;10.511.309.814.453.100;9.631.541.137.695.310;5.468.471.069.335.930;1464;246;1326;245;138;0.4356597904821861;0.23053081578732654;0.9226735918388962;102.68;;;;
129;19;709;205;765;250;10.511.309.814.453.100;9.631.541.137.695.310;5.468.471.069.335.930;737;227;603;227;134;-0.2025919325979145;0.22267218318800988;0.9587263163927445;98.48;;;;
129;20;570;268;633;323;10.511.309.814.453.100;9.631.541.137.695.310;5.468.471.069.335.930;601;295;420;294;181;-0.24018025501955134;0.203906839353242;0.6872265171216753;72.91;;;;
130;0;678;310;745;367;10.511.309.814.453.100;9.631.541.137.695.310;5.468.471.069.335.930;711;338;506;337;205;-0.14765040769782167;0.20184040099832654;0.594181271193442;61.29;;;;
130;1;924;258;995;308;10.511.309.814.453.100;9.631.541.137.695.310;5.468.471.069.335.930;959;283;795;284;164;-0.0030405839038532977;0.2174369255963756;0.7628550837791278;76.76;;;;
130;2;1501;242;1551;293;10.511.309.814.453.100;9.631.541.137.695.310;5.468.471.069.335.930;1526;267;1374;268;152;0.44449651671708595;0.22366017301072805;0.8293983284700567;94.63;;;;
130;3;846;238;903;287;10.511.309.814.453.100;9.631.541.137.695.310;5.468.471.069.335.930;874;262;717;262;157;-0.06816543155569008;0.21322651005621654;0.8048958183827772;81.12;;;;
130;4;1315;268;1381;322;10.511.309.814.453.100;9.631.541.137.695.310;5.468.471.069.335.930;1348;295;1177;295;171;0.2701551132473836;0.21583121592360702;0.7274152023334691;78.02;;;;
130;5;1251;282;1324;348;10.511.309.814.453.100;9.631.541.137.695.310;5.468.471.069.335.930;1287;315;1108;311;179;0.217173988459811;0.21780041786679033;0.6881989349968358;72.68;;;;
130;6;1020;185;1068;233;10.511.309.814.453.100;9.631.541.137.695.310;5.468.471.069.335.930;1044;209;926;209;118;0.08224289181169037;0.23700719796183484;10.978.786.237.945.600;110.83;;;;
130;7;1233;211;1284;251;10.511.309.814.453.100;9.631.541.137.695.310;5.468.471.069.335.930;1258;231;1132;230;126;0.2808969226507651;0.2401103168431512;10.176.924.472.199.100;106.41;;;;
130;8;1085;199;1134;248;10.511.309.814.453.100;9.631.541.137.695.310;5.468.471.069.335.930;1109;223;984;223;125;0.14005758206889368;0.2353779613771967;10.296.752.355.483.600;104.65;;;;
130;9;487;357;599;443;10.511.309.814.453.100;9.631.541.137.695.310;5.468.471.069.335.930;543;400;305;393;238;-0.21191130050066526;0.20093532150350762;0.49615945742616774;53.99;;;;
130;10;866;191;918;234;10.511.309.814.453.100;9.631.541.137.695.310;5.468.471.069.335.930;892;212;763;213;129;-0.0662113979223419;0.21921488287425828;10.028.652.641.284.400;100.9;;;;
130;11;1379;204;1424;251;10.511.309.814.453.100;9.631.541.137.695.310;5.468.471.069.335.930;1401;227;1275;227;126;0.41713168737005835;0.23681009958089932;1.019.597.828.544.660;110.89;;;;
130;12;1224;243;1284;289;10.511.309.814.453.100;9.631.541.137.695.310;5.468.471.069.335.930;1254;266;1104;263;150;0.2327523744010705;0.22594926302579818;0.840857102927854;87.88;;;;
130;13;1265;187;1315;232;10.511.309.814.453.100;9.631.541.137.695.310;5.468.471.069.335.930;1290;209;1171;208;119;0.3296996723082609;0.23501554083610515;1.088.652.753.006.370;114.42;;;;
130;14;1457;299;1521;354;10.511.309.814.453.100;9.631.541.137.695.310;5.468.471.069.335.930;1489;326;1300;325;189;0.3339789771059028;0.21232698454775525;0.6482930938381448;73.27;;;;
130;15;1439;224;1490;266;10.511.309.814.453.100;9.631.541.137.695.310;5.468.471.069.335.930;1464;245;1326;245;138;0.4356597904821861;0.22977750532529073;0.9231085158369359;102.7;;;;
130;16;895;317;978;376;10.511.309.814.453.100;9.631.541.137.695.310;5.468.471.069.335.930;936;346;731;345;205;-0.015900259998965695;0.2058972534377776;0.5918390463454624;59.41;;;;
130;17;506;281;573;352;10.511.309.814.453.100;9.631.541.137.695.310;5.468.471.069.335.930;539;316;343;316;196;-0.2597706408826233;0.19943995735671632;0.6282019890444089;67.96;;;;
130;18;1136;257;1192;304;10.511.309.814.453.100;9.631.541.137.695.310;5.468.471.069.335.930;1164;280;1001;280;163;0.1479100861892907;0.21685757832222577;0.7686398299077631;78.72;;;;
130;19;570;268;633;323;10.511.309.814.453.100;9.631.541.137.695.310;5.468.471.069.335.930;601;295;420;294;181;-0.24018025501955134;0.203906839353242;0.6872265171216753;72.91;;;;
130;20;710;205;764;251;10.511.309.814.453.100;9.631.541.137.695.310;5.468.471.069.335.930;737;228;603;227;134;-0.2025919325979145;0.22344798052950937;0.9582784095887932;98.45;;;;
131;0;676;311;745;368;10.511.309.814.453.100;9.631.541.137.695.310;5.468.471.069.335.930;710;339;506;337;204;-0.14896261079172746;0.20333940710008763;0.5967997111908145;61.62;;;;
131;1;924;259;995;308;10.511.309.814.453.100;9.631.541.137.695.310;5.468.471.069.335.930;959;283;794;284;165;-0.0030221561226178232;0.21611912604730665;0.7582317196350119;76.26;;;;
131;2;1501;243;1550;293;10.511.309.814.453.100;9.631.541.137.695.310;5.468.471.069.335.930;1525;268;1374;268;151;0.4466452418380007;0.22582982212842118;0.8344935524219811;95.23;;;;
131;3;845;238;904;288;10.511.309.814.453.100;9.631.541.137.695.310;5.468.471.069.335.930;874;263;717;262;157;-0.06816543155569008;0.21388865555787853;0.8045135284991499;81.09;;;;
131;4;1314;268;1381;321;10.511.309.814.453.100;9.631.541.137.695.310;5.468.471.069.335.930;1347;294;1176;295;171;0.26945313065405635;0.21522328116477116;0.7277661936301327;78.01;;;;
131;5;1253;283;1324;347;10.511.309.814.453.100;9.631.541.137.695.310;5.468.471.069.335.930;1288;315;1108;310;180;0.21663434976536186;0.21659041554530817;0.6843756075801869;72.26;;;;
131;6;1020;185;1068;232;10.511.309.814.453.100;9.631.541.137.695.310;5.468.471.069.335.930;1044;208;926;208;118;0.08224289181169037;0.236126207760471;10.983.872.637.244.700;110.86;;;;
131;7;1233;212;1283;251;10.511.309.814.453.100;9.631.541.137.695.310;5.468.471.069.335.930;1258;231;1132;230;126;0.2808969226507651;0.2401103168431512;10.176.924.472.199.100;106.41;;;;
131;8;488;357;599;441;10.511.309.814.453.100;9.631.541.137.695.310;5.468.471.069.335.930;543;399;306;393;237;-0.21280544100910687;0.2013445133927168;0.49850620413146585;54.25;;;;
131;9;1085;198;1134;248;10.511.309.814.453.100;9.631.541.137.695.310;5.468.471.069.335.930;1109;223;983;223;126;0.1389460139572358;0.23350988231864744;10.215.032.098.694.100;103.79;;;;
131;10;1379;203;1424;252;10.511.309.814.453.100;9.631.541.137.695.310;5.468.471.069.335.930;1401;227;1276;227;125;0.4204687408690188;0.23870458037754655;10.277.546.111.730.200;111.81;;;;
131;11;866;190;918;234;10.511.309.814.453.100;9.631.541.137.695.310;5.468.471.069.335.930;892;212;764;213;128;-0.0667286744686102;0.22092749914671345;10.107.001.490.044.500;101.72;;;;
131;12;1264;186;1315;232;10.511.309.814.453.100;9.631.541.137.695.310;5.468.471.069.335.930;1289;209;1171;208;118;0.3314764574680008;0.23700719796183484;10.978.786.237.945.600;115.39;;;;
131;13;1438;223;1490;266;10.511.309.814.453.100;9.631.541.137.695.310;5.468.471.069.335.930;1464;244;1326;245;138;0.4356597904821861;0.229024194863255;0.9235434398349756;102.72;;;;
131;14;1223;243;1283;289;10.511.309.814.453.100;9.631.541.137.695.310;5.468.471.069.335.930;1253;266;1104;263;149;0.233508839843635;0.22746570103268274;0.8465004391891148;88.48;;;;
131;15;506;281;573;352;10.511.309.814.453.100;9.631.541.137.695.310;5.468.471.069.335.930;539;316;341;316;198;-0.257146695015122;0.1974254123329111;0.6218565144075967;67.22;;;;
131;16;1457;298;1521;354;10.511.309.814.453.100;9.631.541.137.695.310;5.468.471.069.335.930;1489;326;1301;325;188;0.33575546102667886;0.21345638340173265;0.6517414613585605;73.69;;;;
131;17;1137;258;1193;304;10.511.309.814.453.100;9.631.541.137.695.310;5.468.471.069.335.930;1165;281;1001;280;164;0.14774014068483743;0.21616915920904714;0.7635870290441215;78.21;;;;
131;18;896;317;978;375;10.511.309.814.453.100;9.631.541.137.695.310;5.468.471.069.335.930;937;346;731;345;206;-0.01524036056470393;0.20489775220749715;0.5889660412661155;59.08;;;;
131;19;708;205;764;251;10.511.309.814.453.100;9.631.541.137.695.310;5.468.471.069.335.930;736;228;603;226;133;-0.20501772925999626;0.22512804053349061;0.9654835104127693;99.24;;;;
131;20;569;268;633;323;10.511.309.814.453.100;9.631.541.137.695.310;5.468.471.069.335.930;601;295;420;293;181;-0.24018025501955134;0.203906839353242;0.6872265171216753;72.91;;;;
132;0;678;310;745;368;10.511.309.814.453.100;9.631.541.137.695.310;5.468.471.069.335.930;711;339;506;338;205;-0.14765040769782167;0.20234750755325792;0.5938884930874445;61.27;;;;
132;1;925;259;996;308;10.511.309.814.453.100;9.631.541.137.695.310;5.468.471.069.335.930;960;283;794;284;166;-0.0022808237154998984;0.21481720360123854;0.7536640586733552;75.77;;;;
132;2;845;238;904;287;10.511.309.814.453.100;9.631.541.137.695.310;5.468.471.069.335.930;874;262;718;262;156;-0.06860238945027783;0.21459334665914098;0.810055406962154;81.67;;;;
132;3;1252;282;1324;347;10.511.309.814.453.100;9.631.541.137.695.310;5.468.471.069.335.930;1288;314;1108;311;180;0.21663434976536186;0.21601287752441412;0.6847090493120173;72.28;;;;
132;4;1500;243;1551;293;10.511.309.814.453.100;9.631.541.137.695.310;5.468.471.069.335.930;1525;268;1373;268;152;0.4437067862995928;0.2243440996144184;0.8290034632613101;94.58;;;;
132;5;1316;268;1381;320;10.511.309.814.453.100;9.631.541.137.695.310;5.468.471.069.335.930;1348;294;1177;295;171;0.2701551132473836;0.21522328116477116;0.7277661936301327;78.04;;;;
132;6;1020;185;1068;233;10.511.309.814.453.100;9.631.541.137.695.310;5.468.471.069.335.930;1044;209;926;208;118;0.08224289181169037;0.23700719796183484;10.978.786.237.945.600;110.83;;;;
132;7;1233;212;1283;251;10.511.309.814.453.100;9.631.541.137.695.310;5.468.471.069.335.930;1258;231;1132;230;126;0.2808969226507651;0.2401103168431512;10.176.924.472.199.100;106.41;;;;
132;8;1086;200;1134;248;10.511.309.814.453.100;9.631.541.137.695.310;5.468.471.069.335.930;1110;224;983;223;127;0.13879714001630447;0.2324897796528388;10.129.872.829.276.800;102.93;;;;
132;9;865;191;917;234;10.511.309.814.453.100;9.631.541.137.695.310;5.468.471.069.335.930;891;212;764;213;127;-0.06819928626331546;0.22266708575416788;10.186.584.178.942.500;102.56;;;;
132;10;1379;204;1423;251;10.511.309.814.453.100;9.631.541.137.695.310;5.468.471.069.335.930;1401;227;1275;227;126;0.41713168737005835;0.23681009958089932;1.019.597.828.544.660;110.89;;;;
132;11;1265;187;1315;232;10.511.309.814.453.100;9.631.541.137.695.310;5.468.471.069.335.930;1290;209;1171;209;119;0.3296996723082609;0.23501554083610515;1.088.652.753.006.370;114.42;;;;
132;12;1224;243;1283;289;10.511.309.814.453.100;9.631.541.137.695.310;5.468.471.069.335.930;1253;266;1104;263;149;0.233508839843635;0.22746570103268274;0.8465004391891148;88.48;;;;
132;13;1457;298;1521;354;10.511.309.814.453.100;9.631.541.137.695.310;5.468.471.069.335.930;1489;326;1300;325;189;0.3339789771059028;0.21232698454775525;0.6482930938381448;73.27;;;;
132;14;1438;224;1490;266;10.511.309.814.453.100;9.631.541.137.695.310;5.468.471.069.335.930;1464;245;1326;245;138;0.4356597904821861;0.22977750532529073;0.9231085158369359;102.7;;;;
132;15;1136;257;1193;303;10.511.309.814.453.100;9.631.541.137.695.310;5.468.471.069.335.930;1164;280;1001;280;163;0.1479100861892907;0.21685757832222577;0.7686398299077631;78.72;;;;
132;16;505;281;574;352;10.511.309.814.453.100;9.631.541.137.695.310;5.468.471.069.335.930;539;316;342;316;197;-0.2584520081877876;0.19842757178637765;0.6250131464604272;67.59;;;;
132;17;896;317;979;375;10.511.309.814.453.100;9.631.541.137.695.310;5.468.471.069.335.930;937;346;730;345;207;-0.015166735634439661;0.20390790799393435;0.5861207946899507;58.77;;;;
132;18;487;357;600;443;10.511.309.814.453.100;9.631.541.137.695.310;5.468.471.069.335.930;543;400;305;394;238;-0.21191130050066526;0.20093532150350762;0.49615945742616774;53.99;;;;
132;19;570;268;632;322;10.511.309.814.453.100;9.631.541.137.695.310;5.468.471.069.335.930;601;295;420;294;181;-0.24018025501955134;0.203906839353242;0.6872265171216753;72.91;;;;
132;20;709;205;765;250;10.511.309.814.453.100;9.631.541.137.695.310;5.468.471.069.335.930;737;227;604;227;133;-0.20411518021143268;0.22434641012927314;0.965934784937051;99.25;;;;
133;0;678;310;745;368;10.511.309.814.453.100;9.631.541.137.695.310;5.468.471.069.335.930;711;339;507;337;204;-0.14837418420614434;0.20333940710008763;0.5967997111908145;61.61;;;;
133;1;924;258;995;308;10.511.309.814.453.100;9.631.541.137.695.310;5.468.471.069.335.930;959;283;795;284;164;-0.0030405839038532977;0.2174369255963756;0.7628550837791278;76.76;;;;
133;2;1501;242;1551;293;10.511.309.814.453.100;9.631.541.137.695.310;5.468.471.069.335.930;1526;267;1374;268;152;0.44449651671708595;0.22366017301072805;0.8293983284700567;94.63;;;;
133;3;1251;282;1324;348;10.511.309.814.453.100;9.631.541.137.695.310;5.468.471.069.335.930;1287;315;1108;312;179;0.217173988459811;0.21780041786679033;0.6881989349968358;72.68;;;;
133;4;845;238;903;288;10.511.309.814.453.100;9.631.541.137.695.310;5.468.471.069.335.930;874;263;718;263;156;-0.06860238945027783;0.21525973668324952;0.8096706665023495;81.65;;;;
133;5;1315;268;1380;322;10.511.309.814.453.100;9.631.541.137.695.310;5.468.471.069.335.930;1347;295;1177;295;170;0.27103814906966844;0.21710081131139294;0.7316941152883718;78.48;;;;
133;6;1020;184;1068;232;10.511.309.814.453.100;9.631.541.137.695.310;5.468.471.069.335.930;1044;208;926;208;118;0.08224289181169037;0.236126207760471;10.983.872.637.244.700;110.86;;;;
133;7;1233;212;1284;251;10.511.309.814.453.100;9.631.541.137.695.310;5.468.471.069.335.930;1258;231;1132;230;126;0.2808969226507651;0.2401103168431512;10.176.924.472.199.100;106.41;;;;
133;8;1086;200;1134;249;10.511.309.814.453.100;9.631.541.137.695.310;5.468.471.069.335.930;1110;224;983;222;127;0.13879714001630447;0.2324897796528388;10.129.872.829.276.800;102.93;;;;
133;9;1379;203;1424;251;10.511.309.814.453.100;9.631.541.137.695.310;5.468.471.069.335.930;1401;227;1276;227;125;0.4204687408690188;0.23870458037754655;10.277.546.111.730.200;111.81;;;;
133;10;1264;187;1315;232;10.511.309.814.453.100;9.631.541.137.695.310;5.468.471.069.335.930;1289;209;1171;208;118;0.3314764574680008;0.23700719796183484;10.978.786.237.945.600;115.39;;;;
133;11;867;191;917;235;10.511.309.814.453.100;9.631.541.137.695.310;5.468.471.069.335.930;892;213;764;213;128;-0.0667286744686102;0.22173966198859574;10.102.312.465.690.600;101.7;;;;
133;12;1224;243;1284;289;10.511.309.814.453.100;9.631.541.137.695.310;5.468.471.069.335.930;1254;266;1104;263;150;0.2327523744010705;0.22594926302579818;0.840857102927854;87.88;;;;
133;13;488;356;599;443;10.511.309.814.453.100;9.631.541.137.695.310;5.468.471.069.335.930;543;399;306;393;237;-0.21280544100910687;0.2013445133927168;0.49850620413146585;54.25;;;;
133;14;896;317;979;375;10.511.309.814.453.100;9.631.541.137.695.310;5.468.471.069.335.930;937;346;732;346;205;-0.01531470378697078;0.2058972534377776;0.5918390463454624;59.41;;;;
133;15;507;280;573;353;10.511.309.814.453.100;9.631.541.137.695.310;5.468.471.069.335.930;540;316;342;316;198;-0.25654043732088483;0.1974254123329111;0.6218565144075967;67.19;;;;
133;16;1457;298;1520;354;10.511.309.814.453.100;9.631.541.137.695.310;5.468.471.069.335.930;1488;326;1300;325;188;0.33511695558274823;0.21345638340173265;0.6517414613585605;73.66;;;;
133;17;1438;225;1491;266;10.511.309.814.453.100;9.631.541.137.695.310;5.468.471.069.335.930;1464;245;1326;245;138;0.4356597904821861;0.22977750532529073;0.9231085158369359;102.7;;;;
133;18;711;204;762;251;10.511.309.814.453.100;9.631.541.137.695.310;5.468.471.069.335.930;736;227;603;227;133;-0.20501772925999626;0.22434641012927314;0.965934784937051;99.27;;;;
133;19;1137;257;1194;304;10.511.309.814.453.100;9.631.541.137.695.310;5.468.471.069.335.930;1165;280;1001;281;164;0.14774014068483743;0.21553527601538292;0.7639530016766183;78.22;;;;
133;20;569;266;633;322;10.511.309.814.453.100;9.631.541.137.695.310;5.468.471.069.335.930;601;294;421;294;180;-0.24151458976965995;0.2044621171065326;0.6913778839486261;73.36;;;;
134;0;677;311;745;368;10.511.309.814.453.100;9.631.541.137.695.310;5.468.471.069.335.930;711;339;506;337;205;-0.14765040769782167;0.20234750755325792;0.5938884930874445;61.27;;;;
134;1;924;258;995;308;10.511.309.814.453.100;9.631.541.137.695.310;5.468.471.069.335.930;959;283;794;284;165;-0.0030221561226178232;0.21611912604730665;0.7582317196350119;76.26;;;;
134;2;846;239;903;287;10.511.309.814.453.100;9.631.541.137.695.310;5.468.471.069.335.930;874;263;717;262;157;-0.06816543155569008;0.21388865555787853;0.8045135284991499;81.09;;;;
134;3;1501;242;1551;293;10.511.309.814.453.100;9.631.541.137.695.310;5.468.471.069.335.930;1526;267;1374;267;152;0.44449651671708595;0.22366017301072805;0.8293983284700567;94.63;;;;
134;4;1315;267;1381;321;10.511.309.814.453.100;9.631.541.137.695.310;5.468.471.069.335.930;1348;294;1177;295;171;0.2701551132473836;0.21522328116477116;0.7277661936301327;78.04;;;;
134;5;1251;283;1324;347;10.511.309.814.453.100;9.631.541.137.695.310;5.468.471.069.335.930;1287;315;1109;311;178;0.21839406704666392;0.21902401571997454;0.6920652211485037;73.12;;;;
134;6;1233;211;1284;251;10.511.309.814.453.100;9.631.541.137.695.310;5.468.471.069.335.930;1258;231;1132;230;126;0.2808969226507651;0.2401103168431512;10.176.924.472.199.100;106.41;;;;
134;7;1019;185;1068;233;10.511.309.814.453.100;9.631.541.137.695.310;5.468.471.069.335.930;1043;209;926;208;117;0.0819198479514573;0.23903290050851722;11.072.622.017.757.100;111.8;;;;
134;8;487;357;599;441;10.511.309.814.453.100;9.631.541.137.695.310;5.468.471.069.335.930;543;399;306;393;237;-0.21280544100910687;0.2013445133927168;0.49850620413146585;54.25;;;;
134;9;1085;200;1134;248;10.511.309.814.453.100;9.631.541.137.695.310;5.468.471.069.335.930;1109;224;983;223;126;0.1389460139572358;0.23433493663421046;10.210.268.645.382.200;103.76;;;;
134;10;1379;204;1424;251;10.511.309.814.453.100;9.631.541.137.695.310;5.468.471.069.335.930;1401;227;1275;227;126;0.41713168737005835;0.23681009958089932;1.019.597.828.544.660;110.89;;;;
134;11;865;192;919;234;10.511.309.814.453.100;9.631.541.137.695.310;5.468.471.069.335.930;892;213;765;213;127;-0.0672540971022213;0.2234856435790571;10.181.858.233.137.000;102.53;;;;
134;12;895;317;979;375;10.511.309.814.453.100;9.631.541.137.695.310;5.468.471.069.335.930;937;346;731;345;206;-0.01524036056470393;0.20489775220749715;0.5889660412661155;59.08;;;;
134;13;1223;243;1284;289;10.511.309.814.453.100;9.631.541.137.695.310;5.468.471.069.335.930;1253;266;1104;264;149;0.233508839843635;0.22746570103268274;0.8465004391891148;88.48;;;;
134;14;1265;187;1315;231;10.511.309.814.453.100;9.631.541.137.695.310;5.468.471.069.335.930;1290;209;1171;208;119;0.3296996723082609;0.23501554083610515;1.088.652.753.006.370;114.42;;;;
134;15;1457;297;1521;354;10.511.309.814.453.100;9.631.541.137.695.310;5.468.471.069.335.930;1489;325;1300;325;189;0.3339789771059028;0.21177694833737995;0.648610657392269;73.29;;;;
134;16;1136;257;1193;304;10.511.309.814.453.100;9.631.541.137.695.310;5.468.471.069.335.930;1164;280;1001;281;163;0.1479100861892907;0.21685757832222577;0.7686398299077631;78.72;;;;
134;17;1439;227;1491;266;10.511.309.814.453.100;9.631.541.137.695.310;5.468.471.069.335.930;1465;246;1326;245;139;0.433389137482019;0.22887232070971986;0.9160356523292639;101.95;;;;
134;18;506;281;574;352;10.511.309.814.453.100;9.631.541.137.695.310;5.468.471.069.335.930;540;316;341;316;199;-0.25525128939464925;0.19643332483375078;0.6187316073000209;66.83;;;;
134;19;709;205;765;250;10.511.309.814.453.100;9.631.541.137.695.310;5.468.471.069.335.930;737;227;603;227;134;-0.2025919325979145;0.22267218318800988;0.9587263163927445;98.48;;;;
134;20;570;268;633;323;10.511.309.814.453.100;9.631.541.137.695.310;5.468.471.069.335.930;601;295;420;294;181;-0.24018025501955134;0.203906839353242;0.6872265171216753;72.91;;;;
135;0;924;258;996;308;10.511.309.814.453.100;9.631.541.137.695.310;5.468.471.069.335.930;960;283;794;284;166;-0.0022808237154998984;0.21481720360123854;0.7536640586733552;75.77;;;;
135;1;677;310;745;368;10.511.309.814.453.100;9.631.541.137.695.310;5.468.471.069.335.930;711;339;506;338;205;-0.14765040769782167;0.20234750755325792;0.5938884930874445;61.27;;;;
135;2;1501;243;1551;293;10.511.309.814.453.100;9.631.541.137.695.310;5.468.471.069.335.930;1526;268;1374;268;152;0.44449651671708595;0.2243440996144184;0.8290034632613101;94.61;;;;
135;3;1252;283;1324;347;10.511.309.814.453.100;9.631.541.137.695.310;5.468.471.069.335.930;1288;315;1108;311;180;0.21663434976536186;0.21659041554530817;0.6843756075801869;72.26;;;;
135;4;1315;268;1381;321;10.511.309.814.453.100;9.631.541.137.695.310;5.468.471.069.335.930;1348;294;1177;295;171;0.2701551132473836;0.21522328116477116;0.7277661936301327;78.04;;;;
135;5;845;238;903;288;10.511.309.814.453.100;9.631.541.137.695.310;5.468.471.069.335.930;874;263;717;263;157;-0.06816543155569008;0.21388865555787853;0.8045135284991499;81.09;;;;
135;6;1233;212;1284;252;10.511.309.814.453.100;9.631.541.137.695.310;5.468.471.069.335.930;1258;232;1132;230;126;0.2808969226507651;0.24093537115871416;10.172.161.018.887.300;106.38;;;;
135;7;1019;184;1068;232;10.511.309.814.453.100;9.631.541.137.695.310;5.468.471.069.335.930;1043;208;926;208;117;0.0819198479514573;0.23814438047637254;1.107.775.189.055.450;111.83;;;;
135;8;1085;199;1135;248;10.511.309.814.453.100;9.631.541.137.695.310;5.468.471.069.335.930;1110;223;983;223;127;0.13879714001630447;0.23167122182794953;10.134.598.775.082.300;102.96;;;;
135;9;1379;204;1424;251;10.511.309.814.453.100;9.631.541.137.695.310;5.468.471.069.335.930;1401;227;1275;227;126;0.41713168737005835;0.23681009958089932;1.019.597.828.544.660;110.89;;;;
135;10;866;191;917;235;10.511.309.814.453.100;9.631.541.137.695.310;5.468.471.069.335.930;891;213;764;214;127;-0.06819928626331546;0.2234856435790571;10.181.858.233.137.000;102.53;;;;
135;11;487;357;600;443;10.511.309.814.453.100;9.631.541.137.695.310;5.468.471.069.335.930;543;400;304;393;239;-0.2110246423395746;0.20009458794073143;0.4940834764327528;53.73;;;;
135;12;1224;243;1284;289;10.511.309.814.453.100;9.631.541.137.695.310;5.468.471.069.335.930;1254;266;1104;262;150;0.2327523744010705;0.22594926302579818;0.840857102927854;87.88;;;;
135;13;1264;186;1314;232;10.511.309.814.453.100;9.631.541.137.695.310;5.468.471.069.335.930;1289;209;1171;208;118;0.3314764574680008;0.23700719796183484;10.978.786.237.945.600;115.39;;;;
135;14;1456;298;1521;354;10.511.309.814.453.100;9.631.541.137.695.310;5.468.471.069.335.930;1488;326;1300;325;188;0.33511695558274823;0.21345638340173265;0.6517414613585605;73.66;;;;
135;15;1438;225;1491;266;10.511.309.814.453.100;9.631.541.137.695.310;5.468.471.069.335.930;1464;245;1326;245;138;0.4356597904821861;0.22977750532529073;0.9231085158369359;102.7;;;;
135;16;505;281;574;352;10.511.309.814.453.100;9.631.541.137.695.310;5.468.471.069.335.930;539;316;341;316;198;-0.257146695015122;0.1974254123329111;0.6218565144075967;67.22;;;;
135;17;1136;257;1193;304;10.511.309.814.453.100;9.631.541.137.695.310;5.468.471.069.335.930;1164;280;1000;280;164;0.14700819541984378;0.21553527601538292;0.7639530016766183;78.21;;;;
135;18;896;317;979;376;10.511.309.814.453.100;9.631.541.137.695.310;5.468.471.069.335.930;937;346;731;346;206;-0.01524036056470393;0.20489775220749715;0.5889660412661155;59.08;;;;
135;19;570;267;633;323;10.511.309.814.453.100;9.631.541.137.695.310;5.468.471.069.335.930;601;295;420;293;181;-0.24018025501955134;0.203906839353242;0.6872265171216753;72.91;;;;
135;20;708;205;765;250;10.511.309.814.453.100;9.631.541.137.695.310;5.468.471.069.335.930;736;227;603;227;133;-0.20501772925999626;0.22434641012927314;0.965934784937051;99.27;;;;
136;0;925;258;996;308;10.511.309.814.453.100;9.631.541.137.695.310;5.468.471.069.335.930;960;283;794;284;166;-0.0022808237154998984;0.21481720360123854;0.7536640586733552;75.77;;;;
136;1;677;310;745;367;10.511.309.814.453.100;9.631.541.137.695.310;5.468.471.069.335.930;711;338;506;338;205;-0.14765040769782167;0.20184040099832654;0.594181271193442;61.29;;;;
136;2;1252;283;1324;347;10.511.309.814.453.100;9.631.541.137.695.310;5.468.471.069.335.930;1288;315;1109;311;179;0.21784459752941412;0.21780041786679033;0.6881989349968358;72.7;;;;
136;3;1501;243;1552;293;10.511.309.814.453.100;9.631.541.137.695.310;5.468.471.069.335.930;1526;268;1374;268;152;0.44449651671708595;0.2243440996144184;0.8290034632613101;94.61;;;;
136;4;846;238;904;288;10.511.309.814.453.100;9.631.541.137.695.310;5.468.471.069.335.930;875;263;718;262;157;-0.06740085178843558;0.21388865555787853;0.8045135284991499;81.09;;;;
136;5;1316;269;1381;321;10.511.309.814.453.100;9.631.541.137.695.310;5.468.471.069.335.930;1348;295;1177;295;171;0.2701551132473836;0.21583121592360702;0.7274152023334691;78.02;;;;
136;6;1233;212;1284;251;10.511.309.814.453.100;9.631.541.137.695.310;5.468.471.069.335.930;1258;231;1132;230;126;0.2808969226507651;0.2401103168431512;10.176.924.472.199.100;106.41;;;;
136;7;1020;184;1068;233;10.511.309.814.453.100;9.631.541.137.695.310;5.468.471.069.335.930;1044;208;926;208;118;0.08224289181169037;0.236126207760471;10.983.872.637.244.700;110.86;;;;
136;8;488;356;601;443;10.511.309.814.453.100;9.631.541.137.695.310;5.468.471.069.335.930;544;399;305;393;239;-0.21052238701129444;0.19965962206725474;0.4943346040968929;53.72;;;;
136;9;1085;199;1135;249;10.511.309.814.453.100;9.631.541.137.695.310;5.468.471.069.335.930;1110;224;983;223;127;0.13879714001630447;0.2324897796528388;10.129.872.829.276.800;102.93;;;;
136;10;896;317;978;375;10.511.309.814.453.100;9.631.541.137.695.310;5.468.471.069.335.930;937;346;731;345;206;-0.01524036056470393;0.20489775220749715;0.5889660412661155;59.08;;;;
136;11;1457;300;1521;354;10.511.309.814.453.100;9.631.541.137.695.310;5.468.471.069.335.930;1489;327;1300;324;189;0.3339789771059028;0.21287702075813056;0.6479755302840206;73.26;;;;
136;12;1224;243;1283;289;10.511.309.814.453.100;9.631.541.137.695.310;5.468.471.069.335.930;1253;266;1104;263;149;0.233508839843635;0.22746570103268274;0.8465004391891148;88.48;;;;
136;13;866;190;917;234;10.511.309.814.453.100;9.631.541.137.695.310;5.468.471.069.335.930;891;212;764;214;127;-0.06819928626331546;0.22266708575416788;10.186.584.178.942.500;102.56;;;;
136;14;1379;204;1424;251;10.511.309.814.453.100;9.631.541.137.695.310;5.468.471.069.335.930;1401;227;1275;226;126;0.41713168737005835;0.23681009958089932;1.019.597.828.544.660;110.89;;;;
136;15;1264;186;1315;232;10.511.309.814.453.100;9.631.541.137.695.310;5.468.471.069.335.930;1289;209;1172;209;117;0.3343095895831119;0.23903290050851722;11.072.622.017.757.100;116.4;;;;
136;16;506;281;573;352;10.511.309.814.453.100;9.631.541.137.695.310;5.468.471.069.335.930;539;316;343;316;196;-0.2597706408826233;0.19943995735671632;0.6282019890444089;67.96;;;;
136;17;1438;225;1491;265;10.511.309.814.453.100;9.631.541.137.695.310;5.468.471.069.335.930;1464;245;1326;245;138;0.4356597904821861;0.22977750532529073;0.9231085158369359;102.7;;;;
136;18;1137;258;1193;304;10.511.309.814.453.100;9.631.541.137.695.310;5.468.471.069.335.930;1165;281;1001;280;164;0.14774014068483743;0.21616915920904714;0.7635870290441215;78.21;;;;
136;19;569;267;632;322;10.511.309.814.453.100;9.631.541.137.695.310;5.468.471.069.335.930;600;294;420;294;180;-0.24218147323332082;0.2044621171065326;0.6913778839486261;73.38;;;;
136;20;709;205;764;251;10.511.309.814.453.100;9.631.541.137.695.310;5.468.471.069.335.930;736;228;603;227;133;-0.20501772925999626;0.22512804053349061;0.9654835104127693;99.24;;;;
137;0;678;310;745;368;10.511.309.814.453.100;9.631.541.137.695.310;5.468.471.069.335.930;711;339;506;337;205;-0.14765040769782167;0.20234750755325792;0.5938884930874445;61.27;;;;
137;1;925;258;996;308;10.511.309.814.453.100;9.631.541.137.695.310;5.468.471.069.335.930;960;283;794;283;166;-0.0022808237154998984;0.21481720360123854;0.7536640586733552;75.77;;;;
137;2;846;238;903;287;10.511.309.814.453.100;9.631.541.137.695.310;5.468.471.069.335.930;874;262;717;262;157;-0.06816543155569008;0.21322651005621654;0.8048958183827772;81.12;;;;
137;3;1252;283;1324;347;10.511.309.814.453.100;9.631.541.137.695.310;5.468.471.069.335.930;1288;315;1108;311;180;0.21663434976536186;0.21659041554530817;0.6843756075801869;72.26;;;;
137;4;1020;184;1067;233;10.511.309.814.453.100;9.631.541.137.695.310;5.468.471.069.335.930;1043;208;926;209;117;0.0819198479514573;0.23814438047637254;1.107.775.189.055.450;111.83;;;;
137;5;1315;268;1381;321;10.511.309.814.453.100;9.631.541.137.695.310;5.468.471.069.335.930;1348;294;1176;295;172;0.2685844439843174;0.21397198301846435;0.7235349948299575;77.55;;;;
137;6;1500;243;1552;293;10.511.309.814.453.100;9.631.541.137.695.310;5.468.471.069.335.930;1526;268;1374;267;152;0.44449651671708595;0.2243440996144184;0.8290034632613101;94.61;;;;
137;7;1233;211;1284;251;10.511.309.814.453.100;9.631.541.137.695.310;5.468.471.069.335.930;1258;231;1132;230;126;0.2808969226507651;0.2401103168431512;10.176.924.472.199.100;106.41;;;;
137;8;1086;199;1134;248;10.511.309.814.453.100;9.631.541.137.695.310;5.468.471.069.335.930;1110;223;983;223;127;0.13879714001630447;0.23167122182794953;10.134.598.775.082.300;102.96;;;;
137;9;1380;204;1424;251;10.511.309.814.453.100;9.631.541.137.695.310;5.468.471.069.335.930;1402;227;1276;226;126;0.41808437803243104;0.23681009958089932;1.019.597.828.544.660;110.93;;;;
137;10;867;190;917;234;10.511.309.814.453.100;9.631.541.137.695.310;5.468.471.069.335.930;892;212;764;213;128;-0.0667286744686102;0.22092749914671345;10.107.001.490.044.500;101.72;;;;
137;11;488;357;599;442;10.511.309.814.453.100;9.631.541.137.695.310;5.468.471.069.335.930;543;399;307;393;236;-0.21370715897948447;0.20219766811048256;0.5006185185557518;54.51;;;;
137;12;1265;187;1315;232;10.511.309.814.453.100;9.631.541.137.695.310;5.468.471.069.335.930;1290;209;1170;209;120;0.3269521750390254;0.23305707799580427;10.795.806.467.313.100;113.43;;;;
137;13;1224;243;1284;289;10.511.309.814.453.100;9.631.541.137.695.310;5.468.471.069.335.930;1254;266;1103;263;151;0.23121096794808327;0.22445291029052802;0.8352885128422392;87.27;;;;
137;14;1457;298;1521;354;10.511.309.814.453.100;9.631.541.137.695.310;5.468.471.069.335.930;1489;326;1300;324;189;0.3339789771059028;0.21232698454775525;0.6482930938381448;73.27;;;;
137;15;1438;224;1491;266;10.511.309.814.453.100;9.631.541.137.695.310;5.468.471.069.335.930;1464;245;1326;245;138;0.4356597904821861;0.22977750532529073;0.9231085158369359;102.7;;;;
137;16;506;281;573;352;10.511.309.814.453.100;9.631.541.137.695.310;5.468.471.069.335.930;539;316;341;317;198;-0.257146695015122;0.1974254123329111;0.6218565144075967;67.22;;;;
137;17;1137;257;1193;304;10.511.309.814.453.100;9.631.541.137.695.310;5.468.471.069.335.930;1165;280;1001;280;164;0.14774014068483743;0.21553527601538292;0.7639530016766183;78.22;;;;
137;18;896;316;979;376;10.511.309.814.453.100;9.631.541.137.695.310;5.468.471.069.335.930;937;346;731;345;206;-0.01524036056470393;0.20489775220749715;0.5889660412661155;59.08;;;;
137;19;570;268;632;322;10.511.309.814.453.100;9.631.541.137.695.310;5.468.471.069.335.930;601;295;420;294;181;-0.24018025501955134;0.203906839353242;0.6872265171216753;72.91;;;;
137;20;711;205;763;251;10.511.309.814.453.100;9.631.541.137.695.310;5.468.471.069.335.930;737;228;603;227;134;-0.2025919325979145;0.22344798052950937;0.9582784095887932;98.45;;;;
138;0;677;309;745;368;10.511.309.814.453.100;9.631.541.137.695.310;5.468.471.069.335.930;711;338;507;338;204;-0.14837418420614434;0.2028298147287105;0.5970939244836061;61.62;;;;
138;1;924;258;996;308;10.511.309.814.453.100;9.631.541.137.695.310;5.468.471.069.335.930;960;283;794;284;166;-0.0022808237154998984;0.21481720360123854;0.7536640586733552;75.77;;;;
138;2;1315;268;1381;320;10.511.309.814.453.100;9.631.541.137.695.310;5.468.471.069.335.930;1348;294;1177;295;171;0.2701551132473836;0.21522328116477116;0.7277661936301327;78.04;;;;
138;3;1253;282;1323;346;10.511.309.814.453.100;9.631.541.137.695.310;5.468.471.069.335.930;1288;314;1109;310;179;0.21784459752941412;0.21721965337650578;0.6885342395316374;72.71;;;;
138;4;1501;243;1552;293;10.511.309.814.453.100;9.631.541.137.695.310;5.468.471.069.335.930;1526;268;1374;268;152;0.44449651671708595;0.2243440996144184;0.8290034632613101;94.61;;;;
138;5;845;238;904;287;10.511.309.814.453.100;9.631.541.137.695.310;5.468.471.069.335.930;874;262;718;262;156;-0.06860238945027783;0.21459334665914098;0.810055406962154;81.67;;;;
138;6;1020;183;1067;233;10.511.309.814.453.100;9.631.541.137.695.310;5.468.471.069.335.930;1043;208;926;208;117;0.0819198479514573;0.23814438047637254;1.107.775.189.055.450;111.83;;;;
138;7;1234;212;1284;251;10.511.309.814.453.100;9.631.541.137.695.310;5.468.471.069.335.930;1259;231;1132;230;127;0.27963032501933355;0.23821968442706343;10.096.791.208.638.500;105.56;;;;
138;8;488;356;600;444;10.511.309.814.453.100;9.631.541.137.695.310;5.468.471.069.335.930;544;400;304;393;240;-0.2096452103987474;0.1992608604909784;0.4920247952809497;53.46;;;;
138;9;1085;200;1134;248;10.511.309.814.453.100;9.631.541.137.695.310;5.468.471.069.335.930;1109;224;983;223;126;0.1389460139572358;0.23433493663421046;10.210.268.645.382.200;103.76;;;;
138;10;865;191;917;234;10.511.309.814.453.100;9.631.541.137.695.310;5.468.471.069.335.930;891;212;764;213;127;-0.06819928626331546;0.22266708575416788;10.186.584.178.942.500;102.56;;;;
138;11;507;280;573;353;10.511.309.814.453.100;9.631.541.137.695.310;5.468.471.069.335.930;540;316;342;316;198;-0.25654043732088483;0.1974254123329111;0.6218565144075967;67.19;;;;
138;12;1379;204;1423;251;10.511.309.814.453.100;9.631.541.137.695.310;5.468.471.069.335.930;1401;227;1275;227;126;0.41713168737005835;0.23681009958089932;1.019.597.828.544.660;110.89;;;;
138;13;1265;187;1315;232;10.511.309.814.453.100;9.631.541.137.695.310;5.468.471.069.335.930;1290;209;1171;208;119;0.3296996723082609;0.23501554083610515;1.088.652.753.006.370;114.42;;;;
138;14;1224;243;1284;289;10.511.309.814.453.100;9.631.541.137.695.310;5.468.471.069.335.930;1254;266;1104;264;150;0.2327523744010705;0.22594926302579818;0.840857102927854;87.88;;;;
138;15;1457;298;1520;354;10.511.309.814.453.100;9.631.541.137.695.310;5.468.471.069.335.930;1488;326;1301;324;187;0.33690902486393937;0.21459786138783815;0.6552267098150233;74.09;;;;
138;16;1136;258;1193;303;10.511.309.814.453.100;9.631.541.137.695.310;5.468.471.069.335.930;1164;280;1001;281;163;0.1479100861892907;0.21685757832222577;0.7686398299077631;78.72;;;;
138;17;1439;226;1490;266;10.511.309.814.453.100;9.631.541.137.695.310;5.468.471.069.335.930;1464;246;1326;246;138;0.4356597904821861;0.23053081578732654;0.9226735918388962;102.68;;;;
138;18;896;317;979;376;10.511.309.814.453.100;9.631.541.137.695.310;5.468.471.069.335.930;937;346;731;345;206;-0.01524036056470393;0.20489775220749715;0.5889660412661155;59.08;;;;
138;19;569;267;633;322;10.511.309.814.453.100;9.631.541.137.695.310;5.468.471.069.335.930;601;294;420;294;181;-0.24018025501955134;0.20333249215014293;0.6875581166339928;72.92;;;;
138;20;709;205;765;251;10.511.309.814.453.100;9.631.541.137.695.310;5.468.471.069.335.930;737;228;603;227;134;-0.2025919325979145;0.22344798052950937;0.9582784095887932;98.45;;;;
139;0;678;310;744;368;10.511.309.814.453.100;9.631.541.137.695.310;5.468.471.069.335.930;711;339;506;338;205;-0.14765040769782167;0.20234750755325792;0.5938884930874445;61.27;;;;
139;1;925;258;995;308;10.511.309.814.453.100;9.631.541.137.695.310;5.468.471.069.335.930;960;283;794;283;166;-0.0022808237154998984;0.21481720360123854;0.7536640586733552;75.77;;;;
139;2;846;238;903;287;10.511.309.814.453.100;9.631.541.137.695.310;5.468.471.069.335.930;874;262;718;262;156;-0.06860238945027783;0.21459334665914098;0.810055406962154;81.67;;;;
139;3;1251;283;1324;348;10.511.309.814.453.100;9.631.541.137.695.310;5.468.471.069.335.930;1287;315;1108;311;179;0.217173988459811;0.21780041786679033;0.6881989349968358;72.68;;;;
139;4;1314;268;1380;322;10.511.309.814.453.100;9.631.541.137.695.310;5.468.471.069.335.930;1347;295;1177;295;170;0.27103814906966844;0.21710081131139294;0.7316941152883718;78.48;;;;
139;5;1501;243;1551;293;10.511.309.814.453.100;9.631.541.137.695.310;5.468.471.069.335.930;1526;268;1374;268;152;0.44449651671708595;0.2243440996144184;0.8290034632613101;94.61;;;;
139;6;1233;211;1284;251;10.511.309.814.453.100;9.631.541.137.695.310;5.468.471.069.335.930;1258;231;1132;230;126;0.2808969226507651;0.2401103168431512;10.176.924.472.199.100;106.41;;;;
139;7;1020;184;1068;233;10.511.309.814.453.100;9.631.541.137.695.310;5.468.471.069.335.930;1044;208;926;208;118;0.08224289181169037;0.236126207760471;10.983.872.637.244.700;110.86;;;;
139;8;488;356;600;443;10.511.309.814.453.100;9.631.541.137.695.310;5.468.471.069.335.930;544;399;305;393;239;-0.21052238701129444;0.19965962206725474;0.4943346040968929;53.72;;;;
139;9;1085;199;1134;249;10.511.309.814.453.100;9.631.541.137.695.310;5.468.471.069.335.930;1109;224;984;223;125;0.14005758206889368;0.23620961612728414;10.291.950.794.545.200;104.63;;;;
139;10;1379;204;1424;252;10.511.309.814.453.100;9.631.541.137.695.310;5.468.471.069.335.930;1401;228;1275;227;126;0.41713168737005835;0.23763515389646234;10.191.214.832.134.700;110.86;;;;
139;11;866;190;916;234;10.511.309.814.453.100;9.631.541.137.695.310;5.468.471.069.335.930;891;212;765;213;126;-0.06874055044000844;0.22443428484745487;102.674.300.851.246;103.41;;;;
139;12;1224;243;1284;289;10.511.309.814.453.100;9.631.541.137.695.310;5.468.471.069.335.930;1254;266;1104;264;150;0.2327523744010705;0.22594926302579818;0.840857102927854;87.88;;;;
139;13;1264;186;1314;232;10.511.309.814.453.100;9.631.541.137.695.310;5.468.471.069.335.930;1289;209;1172;208;117;0.3343095895831119;0.23903290050851722;11.072.622.017.757.100;116.4;;;;
139;14;1437;224;1491;266;10.511.309.814.453.100;9.631.541.137.695.310;5.468.471.069.335.930;1464;245;1326;245;138;0.4356597904821861;0.22977750532529073;0.9231085158369359;102.7;;;;
139;15;1457;297;1521;354;10.511.309.814.453.100;9.631.541.137.695.310;5.468.471.069.335.930;1489;325;1300;325;189;0.3339789771059028;0.21177694833737995;0.648610657392269;73.29;;;;
139;16;1137;257;1193;303;10.511.309.814.453.100;9.631.541.137.695.310;5.468.471.069.335.930;1165;280;1001;280;164;0.14774014068483743;0.21553527601538292;0.7639530016766183;78.22;;;;
139;17;505;281;574;353;10.511.309.814.453.100;9.631.541.137.695.310;5.468.471.069.335.930;539;317;342;316;197;-0.2584520081877876;0.1989552715009002;0.6247084788881964;67.58;;;;
139;18;896;317;979;375;10.511.309.814.453.100;9.631.541.137.695.310;5.468.471.069.335.930;937;346;731;345;206;-0.01524036056470393;0.20489775220749715;0.5889660412661155;59.08;;;;
139;19;570;268;633;323;10.511.309.814.453.100;9.631.541.137.695.310;5.468.471.069.335.930;601;295;420;294;181;-0.24018025501955134;0.203906839353242;0.6872265171216753;72.91;;;;
139;20;710;205;764;251;10.511.309.814.453.100;9.631.541.137.695.310;5.468.471.069.335.930;737;228;603;227;134;-0.2025919325979145;0.22344798052950937;0.9582784095887932;98.45;;;;
140;0;678;310;745;368;10.511.309.814.453.100;9.631.541.137.695.310;5.468.471.069.335.930;711;339;507;338;204;-0.14837418420614434;0.20333940710008763;0.5967997111908145;61.61;;;;
140;1;924;258;995;308;10.511.309.814.453.100;9.631.541.137.695.310;5.468.471.069.335.930;959;283;794;284;165;-0.0030221561226178232;0.21611912604730665;0.7582317196350119;76.26;;;;
140;2;845;238;903;287;10.511.309.814.453.100;9.631.541.137.695.310;5.468.471.069.335.930;874;262;718;262;156;-0.06860238945027783;0.21459334665914098;0.810055406962154;81.67;;;;
140;3;1316;268;1381;321;10.511.309.814.453.100;9.631.541.137.695.310;5.468.471.069.335.930;1348;294;1177;295;171;0.2701551132473836;0.21522328116477116;0.7277661936301327;78.04;;;;
140;4;1250;283;1323;347;10.511.309.814.453.100;9.631.541.137.695.310;5.468.471.069.335.930;1286;315;1108;310;178;0.21771969051037762;0.21902401571997454;0.6920652211485037;73.1;;;;
140;5;1500;242;1551;293;10.511.309.814.453.100;9.631.541.137.695.310;5.468.471.069.335.930;1525;267;1374;267;151;0.4466452418380007;0.22514136620947459;0.8348910326321102;95.25;;;;
140;6;1019;184;1068;233;10.511.309.814.453.100;9.631.541.137.695.310;5.468.471.069.335.930;1043;208;926;209;117;0.0819198479514573;0.23814438047637254;1.107.775.189.055.450;111.83;;;;
140;7;488;357;599;442;10.511.309.814.453.100;9.631.541.137.695.310;5.468.471.069.335.930;543;399;304;395;239;-0.2110246423395746;0.19965962206725474;0.4943346040968929;53.74;;;;
140;8;1233;212;1284;251;10.511.309.814.453.100;9.631.541.137.695.310;5.468.471.069.335.930;1258;231;1131;230;127;0.2786851358582394;0.23821968442706343;10.096.791.208.638.500;105.54;;;;
140;9;1085;199;1135;248;10.511.309.814.453.100;9.631.541.137.695.310;5.468.471.069.335.930;1110;223;983;223;127;0.13879714001630447;0.23167122182794953;10.134.598.775.082.300;102.96;;;;
140;10;506;282;574;352;10.511.309.814.453.100;9.631.541.137.695.310;5.468.471.069.335.930;540;317;341;317;199;-0.25525128939464925;0.19695572103355447;0.6184300017134406;66.81;;;;
140;11;895;317;978;376;10.511.309.814.453.100;9.631.541.137.695.310;5.468.471.069.335.930;936;346;730;345;206;-0.015823074270815373;0.20489775220749715;0.5889660412661155;59.09;;;;
140;12;1264;187;1316;232;10.511.309.814.453.100;9.631.541.137.695.310;5.468.471.069.335.930;1290;209;1170;208;120;0.3269521750390254;0.23305707799580427;10.795.806.467.313.100;113.43;;;;
140;13;866;191;918;235;10.511.309.814.453.100;9.631.541.137.695.310;5.468.471.069.335.930;892;213;764;213;128;-0.0667286744686102;0.22173966198859574;10.102.312.465.690.600;101.7;;;;
140;14;1379;204;1424;252;10.511.309.814.453.100;9.631.541.137.695.310;5.468.471.069.335.930;1401;228;1275;226;126;0.41713168737005835;0.23763515389646234;10.191.214.832.134.700;110.86;;;;
140;15;1223;243;1284;289;10.511.309.814.453.100;9.631.541.137.695.310;5.468.471.069.335.930;1253;266;1104;263;149;0.233508839843635;0.22746570103268274;0.8465004391891148;88.48;;;;
140;16;1456;299;1521;354;10.511.309.814.453.100;9.631.541.137.695.310;5.468.471.069.335.930;1488;326;1300;324;188;0.33511695558274823;0.21345638340173265;0.6517414613585605;73.66;;;;
140;17;1438;225;1491;266;10.511.309.814.453.100;9.631.541.137.695.310;5.468.471.069.335.930;1464;245;1325;245;139;0.432525547385192;0.228124429747411;0.9164674473776774;101.93;;;;
140;18;1136;258;1194;304;10.511.309.814.453.100;9.631.541.137.695.310;5.468.471.069.335.930;1165;281;1001;281;164;0.14774014068483743;0.21616915920904714;0.7635870290441215;78.21;;;;
140;19;709;205;763;250;10.511.309.814.453.100;9.631.541.137.695.310;5.468.471.069.335.930;736;227;603;227;133;-0.20501772925999626;0.22434641012927314;0.965934784937051;99.27;;;;
140;20;570;267;632;323;10.511.309.814.453.100;9.631.541.137.695.310;5.468.471.069.335.930;601;295;420;294;181;-0.24018025501955134;0.203906839353242;0.6872265171216753;72.91;;;;
141;0;677;309;746;368;10.511.309.814.453.100;9.631.541.137.695.310;5.468.471.069.335.930;711;338;506;337;205;-0.14765040769782167;0.20184040099832654;0.594181271193442;61.29;;;;
141;1;925;258;996;307;10.511.309.814.453.100;9.631.541.137.695.310;5.468.471.069.335.930;960;282;794;284;166;-0.0022808237154998984;0.21419095755448592;0.7540256219970267;75.79;;;;
141;2;846;238;904;287;10.511.309.814.453.100;9.631.541.137.695.310;5.468.471.069.335.930;875;262;718;263;157;-0.06740085178843558;0.21322651005621654;0.8048958183827772;81.11;;;;
141;3;1315;269;1381;321;10.511.309.814.453.100;9.631.541.137.695.310;5.468.471.069.335.930;1348;295;1177;295;171;0.2701551132473836;0.21583121592360702;0.7274152023334691;78.02;;;;
141;4;1501;243;1551;293;10.511.309.814.453.100;9.631.541.137.695.310;5.468.471.069.335.930;1526;268;1374;267;152;0.44449651671708595;0.2243440996144184;0.8290034632613101;94.61;;;;
141;5;1252;283;1323;347;10.511.309.814.453.100;9.631.541.137.695.310;5.468.471.069.335.930;1287;315;1108;311;179;0.217173988459811;0.21780041786679033;0.6881989349968358;72.68;;;;
141;6;1020;184;1068;233;10.511.309.814.453.100;9.631.541.137.695.310;5.468.471.069.335.930;1044;208;926;208;118;0.08224289181169037;0.236126207760471;10.983.872.637.244.700;110.86;;;;
141;7;1233;211;1284;251;10.511.309.814.453.100;9.631.541.137.695.310;5.468.471.069.335.930;1258;231;1131;230;127;0.2786851358582394;0.23821968442706343;10.096.791.208.638.500;105.54;;;;
141;8;488;356;600;442;10.511.309.814.453.100;9.631.541.137.695.310;5.468.471.069.335.930;544;399;306;393;238;-0.21140693485587972;0.20049852804232723;0.49641164024856055;53.97;;;;
141;9;866;189;917;234;10.511.309.814.453.100;9.631.541.137.695.310;5.468.471.069.335.930;891;211;764;213;127;-0.06819928626331546;0.22184852792927867;10.191.310.124.747.900;102.59;;;;
141;10;1086;199;1135;248;10.511.309.814.453.100;9.631.541.137.695.310;5.468.471.069.335.930;1110;223;983;223;127;0.13879714001630447;0.23167122182794953;10.134.598.775.082.300;102.96;;;;
141;11;1265;186;1315;232;10.511.309.814.453.100;9.631.541.137.695.310;5.468.471.069.335.930;1290;209;1171;209;119;0.3296996723082609;0.23501554083610515;1.088.652.753.006.370;114.42;;;;
141;12;1380;204;1424;251;10.511.309.814.453.100;9.631.541.137.695.310;5.468.471.069.335.930;1402;227;1275;227;127;0.4147923750557977;0.23494545312750648;10.115.694.991.860.400;110.02;;;;
141;13;1224;243;1284;289;10.511.309.814.453.100;9.631.541.137.695.310;5.468.471.069.335.930;1254;266;1103;263;151;0.23121096794808327;0.22445291029052802;0.8352885128422392;87.27;;;;
141;14;1456;299;1521;354;10.511.309.814.453.100;9.631.541.137.695.310;5.468.471.069.335.930;1488;326;1300;324;188;0.33511695558274823;0.21345638340173265;0.6517414613585605;73.66;;;;
141;15;1439;225;1490;266;10.511.309.814.453.100;9.631.541.137.695.310;5.468.471.069.335.930;1464;245;1326;245;138;0.4356597904821861;0.22977750532529073;0.9231085158369359;102.7;;;;
141;16;1136;257;1193;304;10.511.309.814.453.100;9.631.541.137.695.310;5.468.471.069.335.930;1164;280;1001;281;163;0.1479100861892907;0.21685757832222577;0.7686398299077631;78.72;;;;
141;17;896;317;978;375;10.511.309.814.453.100;9.631.541.137.695.310;5.468.471.069.335.930;937;346;731;345;206;-0.01524036056470393;0.20489775220749715;0.5889660412661155;59.08;;;;
141;18;506;281;573;353;10.511.309.814.453.100;9.631.541.137.695.310;5.468.471.069.335.930;539;317;341;316;198;-0.257146695015122;0.19795044689736024;0.6215533855604781;67.2;;;;
141;19;710;205;764;251;10.511.309.814.453.100;9.631.541.137.695.310;5.468.471.069.335.930;737;228;603;227;134;-0.2025919325979145;0.22344798052950937;0.9582784095887932;98.45;;;;
141;20;570;267;633;322;10.511.309.814.453.100;9.631.541.137.695.310;5.468.471.069.335.930;601;294;421;294;180;-0.24151458976965995;0.2044621171065326;0.6913778839486261;73.36;;;;
142;0;678;310;746;368;10.511.309.814.453.100;9.631.541.137.695.310;5.468.471.069.335.930;712;339;506;338;206;-0.14635094443977906;0.20136523809911588;0.5910055392375055;60.93;;;;
142;1;924;259;996;308;10.511.309.814.453.100;9.631.541.137.695.310;5.468.471.069.335.930;960;283;795;284;165;-0.002294646889533231;0.21611912604730665;0.7582317196350119;76.26;;;;
142;2;845;238;903;287;10.511.309.814.453.100;9.631.541.137.695.310;5.468.471.069.335.930;874;262;718;263;156;-0.06860238945027783;0.21459334665914098;0.810055406962154;81.67;;;;
142;3;1501;243;1551;294;10.511.309.814.453.100;9.631.541.137.695.310;5.468.471.069.335.930;1526;268;1374;268;152;0.44449651671708595;0.2243440996144184;0.8290034632613101;94.61;;;;
142;4;1252;282;1324;348;10.511.309.814.453.100;9.631.541.137.695.310;5.468.471.069.335.930;1288;315;1108;311;180;0.21663434976536186;0.21659041554530817;0.6843756075801869;72.26;;;;
142;5;1315;268;1381;321;10.511.309.814.453.100;9.631.541.137.695.310;5.468.471.069.335.930;1348;294;1177;295;171;0.2701551132473836;0.21522328116477116;0.7277661936301327;78.04;;;;
142;6;1020;185;1068;233;10.511.309.814.453.100;9.631.541.137.695.310;5.468.471.069.335.930;1044;209;926;208;118;0.08224289181169037;0.23700719796183484;10.978.786.237.945.600;110.83;;;;
142;7;1233;211;1284;251;10.511.309.814.453.100;9.631.541.137.695.310;5.468.471.069.335.930;1258;231;1132;230;126;0.2808969226507651;0.2401103168431512;10.176.924.472.199.100;106.41;;;;
142;8;487;357;600;441;10.511.309.814.453.100;9.631.541.137.695.310;5.468.471.069.335.930;543;399;306;393;237;-0.21280544100910687;0.2013445133927168;0.49850620413146585;54.25;;;;
142;9;1085;198;1135;248;10.511.309.814.453.100;9.631.541.137.695.310;5.468.471.069.335.930;1110;223;983;223;127;0.13879714001630447;0.23167122182794953;10.134.598.775.082.300;102.96;;;;
142;10;866;190;918;235;10.511.309.814.453.100;9.631.541.137.695.310;5.468.471.069.335.930;892;212;764;213;128;-0.0667286744686102;0.22092749914671345;10.107.001.490.044.500;101.72;;;;
142;11;1379;204;1424;251;10.511.309.814.453.100;9.631.541.137.695.310;5.468.471.069.335.930;1401;227;1276;226;125;0.4204687408690188;0.23870458037754655;10.277.546.111.730.200;111.81;;;;
142;12;1264;187;1315;232;10.511.309.814.453.100;9.631.541.137.695.310;5.468.471.069.335.930;1289;209;1171;208;118;0.3314764574680008;0.23700719796183484;10.978.786.237.945.600;115.39;;;;
142;13;1224;242;1285;289;10.511.309.814.453.100;9.631.541.137.695.310;5.468.471.069.335.930;1254;265;1104;263;150;0.2327523744010705;0.22525621740072532;0.8412572330060505;87.9;;;;
142;14;1456;298;1521;355;10.511.309.814.453.100;9.631.541.137.695.310;5.468.471.069.335.930;1488;326;1300;325;188;0.33511695558274823;0.21345638340173265;0.6517414613585605;73.66;;;;
142;15;1136;257;1193;303;10.511.309.814.453.100;9.631.541.137.695.310;5.468.471.069.335.930;1164;280;1001;281;163;0.1479100861892907;0.21685757832222577;0.7686398299077631;78.72;;;;
142;16;896;317;979;375;10.511.309.814.453.100;9.631.541.137.695.310;5.468.471.069.335.930;937;346;731;345;206;-0.01524036056470393;0.20489775220749715;0.5889660412661155;59.08;;;;
142;17;1438;225;1491;266;10.511.309.814.453.100;9.631.541.137.695.310;5.468.471.069.335.930;1464;245;1326;245;138;0.4356597904821861;0.22977750532529073;0.9231085158369359;102.7;;;;
142;18;506;281;573;352;10.511.309.814.453.100;9.631.541.137.695.310;5.468.471.069.335.930;539;316;341;316;198;-0.257146695015122;0.1974254123329111;0.6218565144075967;67.22;;;;
142;19;570;268;633;323;10.511.309.814.453.100;9.631.541.137.695.310;5.468.471.069.335.930;601;295;420;294;181;-0.24018025501955134;0.203906839353242;0.6872265171216753;72.91;;;;
142;20;709;205;765;250;10.511.309.814.453.100;9.631.541.137.695.310;5.468.471.069.335.930;737;227;604;227;133;-0.20411518021143268;0.22434641012927314;0.965934784937051;99.25;;;;
143;0;678;310;745;367;10.511.309.814.453.100;9.631.541.137.695.310;5.468.471.069.335.930;711;338;507;338;204;-0.14837418420614434;0.2028298147287105;0.5970939244836061;61.62;;;;
143;1;925;258;996;308;10.511.309.814.453.100;9.631.541.137.695.310;5.468.471.069.335.930;960;283;794;284;166;-0.0022808237154998984;0.21481720360123854;0.7536640586733552;75.77;;;;
143;2;1501;243;1551;293;10.511.309.814.453.100;9.631.541.137.695.310;5.468.471.069.335.930;1526;268;1374;267;152;0.44449651671708595;0.2243440996144184;0.8290034632613101;94.61;;;;
143;3;845;238;903;287;10.511.309.814.453.100;9.631.541.137.695.310;5.468.471.069.335.930;874;262;718;263;156;-0.06860238945027783;0.21459334665914098;0.810055406962154;81.67;;;;
143;4;1252;282;1324;348;10.511.309.814.453.100;9.631.541.137.695.310;5.468.471.069.335.930;1288;315;1109;311;179;0.21784459752941412;0.21780041786679033;0.6881989349968358;72.7;;;;
143;5;1315;268;1381;321;10.511.309.814.453.100;9.631.541.137.695.310;5.468.471.069.335.930;1348;294;1177;295;171;0.2701551132473836;0.21522328116477116;0.7277661936301327;78.04;;;;
143;6;1019;184;1068;233;10.511.309.814.453.100;9.631.541.137.695.310;5.468.471.069.335.930;1043;208;926;208;117;0.0819198479514573;0.23814438047637254;1.107.775.189.055.450;111.83;;;;
143;7;1234;211;1284;251;10.511.309.814.453.100;9.631.541.137.695.310;5.468.471.069.335.930;1259;231;1132;230;127;0.27963032501933355;0.23821968442706343;10.096.791.208.638.500;105.56;;;;
143;8;1085;199;1134;248;10.511.309.814.453.100;9.631.541.137.695.310;5.468.471.069.335.930;1109;223;983;223;126;0.1389460139572358;0.23350988231864744;10.215.032.098.694.100;103.79;;;;
143;9;489;356;599;441;10.511.309.814.453.100;9.631.541.137.695.310;5.468.471.069.335.930;544;398;306;393;238;-0.21140693485587972;0.20006173458114684;0.4966638230709533;53.98;;;;
143;10;1380;204;1423;252;10.511.309.814.453.100;9.631.541.137.695.310;5.468.471.069.335.930;1401;228;1275;226;126;0.41713168737005835;0.23763515389646234;10.191.214.832.134.700;110.86;;;;
143;11;1265;186;1315;232;10.511.309.814.453.100;9.631.541.137.695.310;5.468.471.069.335.930;1290;209;1171;208;119;0.3296996723082609;0.23501554083610515;1.088.652.753.006.370;114.42;;;;
143;12;866;190;917;234;10.511.309.814.453.100;9.631.541.137.695.310;5.468.471.069.335.930;891;212;764;213;127;-0.06819928626331546;0.22266708575416788;10.186.584.178.942.500;102.56;;;;
143;13;1224;243;1285;289;10.511.309.814.453.100;9.631.541.137.695.310;5.468.471.069.335.930;1254;266;1104;263;150;0.2327523744010705;0.22594926302579818;0.840857102927854;87.88;;;;
143;14;1458;299;1520;354;10.511.309.814.453.100;9.631.541.137.695.310;5.468.471.069.335.930;1489;326;1300;325;189;0.3339789771059028;0.21232698454775525;0.6482930938381448;73.27;;;;
143;15;507;281;573;352;10.511.309.814.453.100;9.631.541.137.695.310;5.468.471.069.335.930;540;316;343;315;197;-0.2578426730433259;0.19842757178637765;0.6250131464604272;67.56;;;;
143;16;1438;225;1491;265;10.511.309.814.453.100;9.631.541.137.695.310;5.468.471.069.335.930;1464;245;1326;245;138;0.4356597904821861;0.22977750532529073;0.9231085158369359;102.7;;;;
143;17;1137;257;1193;304;10.511.309.814.453.100;9.631.541.137.695.310;5.468.471.069.335.930;1165;280;1001;280;164;0.14774014068483743;0.21553527601538292;0.7639530016766183;78.22;;;;
143;18;710;205;763;250;10.511.309.814.453.100;9.631.541.137.695.310;5.468.471.069.335.930;736;227;603;227;133;-0.20501772925999626;0.22434641012927314;0.965934784937051;99.27;;;;
143;19;896;317;979;375;10.511.309.814.453.100;9.631.541.137.695.310;5.468.471.069.335.930;937;346;731;345;206;-0.01524036056470393;0.20489775220749715;0.5889660412661155;59.08;;;;
143;20;569;267;633;323;10.511.309.814.453.100;9.631.541.137.695.310;5.468.471.069.335.930;601;295;420;294;181;-0.24018025501955134;0.203906839353242;0.6872265171216753;72.91;;;;
144;0;924;258;995;308;10.511.309.814.453.100;9.631.541.137.695.310;5.468.471.069.335.930;959;283;795;284;164;-0.0030405839038532977;0.2174369255963756;0.7628550837791278;76.76;;;;
144;1;677;310;745;368;10.511.309.814.453.100;9.631.541.137.695.310;5.468.471.069.335.930;711;339;506;338;205;-0.14765040769782167;0.20234750755325792;0.5938884930874445;61.27;;;;
144;2;1251;283;1324;348;10.511.309.814.453.100;9.631.541.137.695.310;5.468.471.069.335.930;1287;315;1109;311;178;0.21839406704666392;0.21902401571997454;0.6920652211485037;73.12;;;;
144;3;1500;243;1552;293;10.511.309.814.453.100;9.631.541.137.695.310;5.468.471.069.335.930;1526;268;1374;268;152;0.44449651671708595;0.2243440996144184;0.8290034632613101;94.61;;;;
144;4;1315;268;1381;322;10.511.309.814.453.100;9.631.541.137.695.310;5.468.471.069.335.930;1348;295;1177;295;171;0.2701551132473836;0.21583121592360702;0.7274152023334691;78.02;;;;
144;5;845;237;904;288;10.511.309.814.453.100;9.631.541.137.695.310;5.468.471.069.335.930;874;262;717;262;157;-0.06816543155569008;0.21322651005621654;0.8048958183827772;81.12;;;;
144;6;1019;184;1068;233;10.511.309.814.453.100;9.631.541.137.695.310;5.468.471.069.335.930;1043;208;926;208;117;0.0819198479514573;0.23814438047637254;1.107.775.189.055.450;111.83;;;;
144;7;1233;212;1283;251;10.511.309.814.453.100;9.631.541.137.695.310;5.468.471.069.335.930;1258;231;1132;230;126;0.2808969226507651;0.2401103168431512;10.176.924.472.199.100;106.41;;;;
144;8;1085;200;1134;248;10.511.309.814.453.100;9.631.541.137.695.310;5.468.471.069.335.930;1109;224;984;223;125;0.14005758206889368;0.23620961612728414;10.291.950.794.545.200;104.63;;;;
144;9;488;357;599;441;10.511.309.814.453.100;9.631.541.137.695.310;5.468.471.069.335.930;543;399;304;392;239;-0.2110246423395746;0.19965962206725474;0.4943346040968929;53.74;;;;
144;10;506;282;574;352;10.511.309.814.453.100;9.631.541.137.695.310;5.468.471.069.335.930;540;317;342;316;198;-0.25654043732088483;0.19795044689736024;0.6215533855604781;67.18;;;;
144;11;865;190;917;234;10.511.309.814.453.100;9.631.541.137.695.310;5.468.471.069.335.930;891;212;765;213;126;-0.06874055044000844;0.22443428484745487;102.674.300.851.246;103.41;;;;
144;12;1264;187;1315;232;10.511.309.814.453.100;9.631.541.137.695.310;5.468.471.069.335.930;1289;209;1171;209;118;0.3314764574680008;0.23700719796183484;10.978.786.237.945.600;115.39;;;;
144;13;1379;204;1424;251;10.511.309.814.453.100;9.631.541.137.695.310;5.468.471.069.335.930;1401;227;1275;227;126;0.41713168737005835;0.23681009958089932;1.019.597.828.544.660;110.89;;;;
144;14;1224;243;1285;289;10.511.309.814.453.100;9.631.541.137.695.310;5.468.471.069.335.930;1254;266;1104;263;150;0.2327523744010705;0.22594926302579818;0.840857102927854;87.88;;;;
144;15;1457;299;1521;354;10.511.309.814.453.100;9.631.541.137.695.310;5.468.471.069.335.930;1489;326;1300;325;189;0.3339789771059028;0.21232698454775525;0.6482930938381448;73.27;;;;
144;16;1136;258;1192;304;10.511.309.814.453.100;9.631.541.137.695.310;5.468.471.069.335.930;1164;281;1001;280;163;0.1479100861892907;0.21749535036983883;0.7682716120443921;78.7;;;;
144;17;1439;227;1491;266;10.511.309.814.453.100;9.631.541.137.695.310;5.468.471.069.335.930;1465;246;1326;245;139;0.433389137482019;0.22887232070971986;0.9160356523292639;101.95;;;;
144;18;896;317;979;376;10.511.309.814.453.100;9.631.541.137.695.310;5.468.471.069.335.930;937;346;732;345;205;-0.01531470378697078;0.2058972534377776;0.5918390463454624;59.41;;;;
144;19;569;268;633;322;10.511.309.814.453.100;9.631.541.137.695.310;5.468.471.069.335.930;601;295;420;294;181;-0.24018025501955134;0.203906839353242;0.6872265171216753;72.91;;;;
144;20;709;205;764;250;10.511.309.814.453.100;9.631.541.137.695.310;5.468.471.069.335.930;736;227;603;227;133;-0.20501772925999626;0.22434641012927314;0.965934784937051;99.27;;;;
145;0;678;310;745;368;10.511.309.814.453.100;9.631.541.137.695.310;5.468.471.069.335.930;711;339;507;337;204;-0.14837418420614434;0.20333940710008763;0.5967997111908145;61.61;;;;
145;1;925;258;996;308;10.511.309.814.453.100;9.631.541.137.695.310;5.468.471.069.335.930;960;283;794;284;166;-0.0022808237154998984;0.21481720360123854;0.7536640586733552;75.77;;;;
145;2;846;238;903;288;10.511.309.814.453.100;9.631.541.137.695.310;5.468.471.069.335.930;874;263;717;263;157;-0.06816543155569008;0.21388865555787853;0.8045135284991499;81.09;;;;
145;3;1251;284;1324;347;10.511.309.814.453.100;9.631.541.137.695.310;5.468.471.069.335.930;1287;315;1108;311;179;0.217173988459811;0.21780041786679033;0.6881989349968358;72.68;;;;
145;4;1315;269;1381;322;10.511.309.814.453.100;9.631.541.137.695.310;5.468.471.069.335.930;1348;295;1177;295;171;0.2701551132473836;0.21583121592360702;0.7274152023334691;78.02;;;;
145;5;1020;184;1068;232;10.511.309.814.453.100;9.631.541.137.695.310;5.468.471.069.335.930;1044;208;926;208;118;0.08224289181169037;0.236126207760471;10.983.872.637.244.700;110.86;;;;
145;6;1232;211;1285;251;10.511.309.814.453.100;9.631.541.137.695.310;5.468.471.069.335.930;1258;231;1132;230;126;0.2808969226507651;0.2401103168431512;10.176.924.472.199.100;106.41;;;;
145;7;1501;243;1552;294;10.511.309.814.453.100;9.631.541.137.695.310;5.468.471.069.335.930;1526;268;1373;268;153;0.441591310725471;0.222877798309749;0.8235851399720205;93.97;;;;
145;8;488;357;599;443;10.511.309.814.453.100;9.631.541.137.695.310;5.468.471.069.335.930;543;400;306;394;237;-0.21280544100910687;0.20178314986428192;0.4982529572465313;54.25;;;;
145;9;1085;199;1134;248;10.511.309.814.453.100;9.631.541.137.695.310;5.468.471.069.335.930;1109;223;983;223;126;0.1389460139572358;0.23350988231864744;10.215.032.098.694.100;103.79;;;;
145;10;1223;243;1285;289;10.511.309.814.453.100;9.631.541.137.695.310;5.468.471.069.335.930;1254;266;1104;264;150;0.2327523744010705;0.22594926302579818;0.840857102927854;87.88;;;;
145;11;866;191;917;234;10.511.309.814.453.100;9.631.541.137.695.310;5.468.471.069.335.930;891;212;764;213;127;-0.06819928626331546;0.22266708575416788;10.186.584.178.942.500;102.56;;;;
145;12;1380;204;1424;251;10.511.309.814.453.100;9.631.541.137.695.310;5.468.471.069.335.930;1402;227;1275;227;127;0.4147923750557977;0.23494545312750648;10.115.694.991.860.400;110.02;;;;
145;13;1264;186;1314;232;10.511.309.814.453.100;9.631.541.137.695.310;5.468.471.069.335.930;1289;209;1171;209;118;0.3314764574680008;0.23700719796183484;10.978.786.237.945.600;115.39;;;;
145;14;1438;225;1490;265;10.511.309.814.453.100;9.631.541.137.695.310;5.468.471.069.335.930;1464;245;1326;245;138;0.4356597904821861;0.22977750532529073;0.9231085158369359;102.7;;;;
145;15;507;282;573;352;10.511.309.814.453.100;9.631.541.137.695.310;5.468.471.069.335.930;540;317;342;316;198;-0.25654043732088483;0.19795044689736024;0.6215533855604781;67.18;;;;
145;16;1456;299;1521;354;10.511.309.814.453.100;9.631.541.137.695.310;5.468.471.069.335.930;1488;326;1300;325;188;0.33511695558274823;0.21345638340173265;0.6517414613585605;73.66;;;;
145;17;1137;258;1193;303;10.511.309.814.453.100;9.631.541.137.695.310;5.468.471.069.335.930;1165;280;1001;280;164;0.14774014068483743;0.21553527601538292;0.7639530016766183;78.22;;;;
145;18;896;317;978;376;10.511.309.814.453.100;9.631.541.137.695.310;5.468.471.069.335.930;937;346;731;346;206;-0.01524036056470393;0.20489775220749715;0.5889660412661155;59.08;;;;
145;19;570;268;632;323;10.511.309.814.453.100;9.631.541.137.695.310;5.468.471.069.335.930;601;295;420;294;181;-0.24018025501955134;0.203906839353242;0.6872265171216753;72.91;;;;
145;20;709;204;764;251;10.511.309.814.453.100;9.631.541.137.695.310;5.468.471.069.335.930;736;227;603;227;133;-0.20501772925999626;0.22434641012927314;0.965934784937051;99.27;;;;
146;0;677;310;745;368;10.511.309.814.453.100;9.631.541.137.695.310;5.468.471.069.335.930;711;339;506;337;205;-0.14765040769782167;0.20234750755325792;0.5938884930874445;61.27;;;;
146;1;924;259;996;308;10.511.309.814.453.100;9.631.541.137.695.310;5.468.471.069.335.930;960;283;795;284;165;-0.002294646889533231;0.21611912604730665;0.7582317196350119;76.26;;;;
146;2;1501;242;1551;293;10.511.309.814.453.100;9.631.541.137.695.310;5.468.471.069.335.930;1526;267;1373;267;153;0.441591310725471;0.22219834181457948;0.8239774243624093;93.98;;;;
146;3;1251;282;1324;348;10.511.309.814.453.100;9.631.541.137.695.310;5.468.471.069.335.930;1287;315;1108;311;179;0.217173988459811;0.21780041786679033;0.6881989349968358;72.68;;;;
146;4;1315;268;1380;321;10.511.309.814.453.100;9.631.541.137.695.310;5.468.471.069.335.930;1347;294;1177;295;170;0.27103814906966844;0.2164893004657404;0.7320471712397217;78.5;;;;
146;5;845;237;904;287;10.511.309.814.453.100;9.631.541.137.695.310;5.468.471.069.335.930;874;262;717;263;157;-0.06816543155569008;0.21322651005621654;0.8048958183827772;81.12;;;;
146;6;1233;211;1284;251;10.511.309.814.453.100;9.631.541.137.695.310;5.468.471.069.335.930;1258;231;1132;230;126;0.2808969226507651;0.2401103168431512;10.176.924.472.199.100;106.41;;;;
146;7;1019;184;1067;233;10.511.309.814.453.100;9.631.541.137.695.310;5.468.471.069.335.930;1043;208;926;208;117;0.0819198479514573;0.23814438047637254;1.107.775.189.055.450;111.83;;;;
146;8;487;356;599;441;10.511.309.814.453.100;9.631.541.137.695.310;5.468.471.069.335.930;543;398;304;395;239;-0.2110246423395746;0.19922465619377802;0.494585731761033;53.74;;;;
146;9;1380;203;1423;252;10.511.309.814.453.100;9.631.541.137.695.310;5.468.471.069.335.930;1401;227;1275;227;126;0.41713168737005835;0.23681009958089932;1.019.597.828.544.660;110.89;;;;
146;10;1086;200;1134;248;10.511.309.814.453.100;9.631.541.137.695.310;5.468.471.069.335.930;1110;224;983;222;127;0.13879714001630447;0.2324897796528388;10.129.872.829.276.800;102.93;;;;
146;11;1457;299;1521;354;10.511.309.814.453.100;9.631.541.137.695.310;5.468.471.069.335.930;1489;326;1300;325;189;0.3339789771059028;0.21232698454775525;0.6482930938381448;73.27;;;;
146;12;1224;243;1284;289;10.511.309.814.453.100;9.631.541.137.695.310;5.468.471.069.335.930;1254;266;1104;263;150;0.2327523744010705;0.22594926302579818;0.840857102927854;87.88;;;;
146;13;1265;187;1315;232;10.511.309.814.453.100;9.631.541.137.695.310;5.468.471.069.335.930;1290;209;1170;208;120;0.3269521750390254;0.23305707799580427;10.795.806.467.313.100;113.43;;;;
146;14;1438;224;1490;266;10.511.309.814.453.100;9.631.541.137.695.310;5.468.471.069.335.930;1464;245;1326;245;138;0.4356597904821861;0.22977750532529073;0.9231085158369359;102.7;;;;
146;15;506;280;574;352;10.511.309.814.453.100;9.631.541.137.695.310;5.468.471.069.335.930;540;316;341;316;199;-0.25525128939464925;0.19643332483375078;0.6187316073000209;66.83;;;;
146;16;866;190;917;234;10.511.309.814.453.100;9.631.541.137.695.310;5.468.471.069.335.930;891;212;764;213;127;-0.06819928626331546;0.22266708575416788;10.186.584.178.942.500;102.56;;;;
146;17;1136;257;1193;304;10.511.309.814.453.100;9.631.541.137.695.310;5.468.471.069.335.930;1164;280;1001;280;163;0.1479100861892907;0.21685757832222577;0.7686398299077631;78.72;;;;
146;18;895;317;980;376;10.511.309.814.453.100;9.631.541.137.695.310;5.468.471.069.335.930;937;346;732;345;205;-0.01531470378697078;0.2058972534377776;0.5918390463454624;59.41;;;;
146;19;570;268;632;322;10.511.309.814.453.100;9.631.541.137.695.310;5.468.471.069.335.930;601;295;420;293;181;-0.24018025501955134;0.203906839353242;0.6872265171216753;72.91;;;;
146;20;708;204;765;251;10.511.309.814.453.100;9.631.541.137.695.310;5.468.471.069.335.930;736;227;603;227;133;-0.20501772925999626;0.22434641012927314;0.965934784937051;99.27;;;;
147;0;924;258;995;308;10.511.309.814.453.100;9.631.541.137.695.310;5.468.471.069.335.930;959;283;794;284;165;-0.0030221561226178232;0.21611912604730665;0.7582317196350119;76.26;;;;
147;1;678;310;745;368;10.511.309.814.453.100;9.631.541.137.695.310;5.468.471.069.335.930;711;339;506;338;205;-0.14765040769782167;0.20234750755325792;0.5938884930874445;61.27;;;;
147;2;845;238;903;288;10.511.309.814.453.100;9.631.541.137.695.310;5.468.471.069.335.930;874;263;717;263;157;-0.06816543155569008;0.21388865555787853;0.8045135284991499;81.09;;;;
147;3;1251;282;1324;348;10.511.309.814.453.100;9.631.541.137.695.310;5.468.471.069.335.930;1287;315;1109;311;178;0.21839406704666392;0.21902401571997454;0.6920652211485037;73.12;;;;
147;4;1500;243;1552;293;10.511.309.814.453.100;9.631.541.137.695.310;5.468.471.069.335.930;1526;268;1373;268;153;0.441591310725471;0.222877798309749;0.8235851399720205;93.97;;;;
147;5;1314;267;1381;322;10.511.309.814.453.100;9.631.541.137.695.310;5.468.471.069.335.930;1347;294;1177;295;170;0.27103814906966844;0.2164893004657404;0.7320471712397217;78.5;;;;
147;6;1019;185;1068;232;10.511.309.814.453.100;9.631.541.137.695.310;5.468.471.069.335.930;1043;208;926;208;117;0.0819198479514573;0.23814438047637254;1.107.775.189.055.450;111.83;;;;
147;7;1233;212;1283;251;10.511.309.814.453.100;9.631.541.137.695.310;5.468.471.069.335.930;1258;231;1132;230;126;0.2808969226507651;0.2401103168431512;10.176.924.472.199.100;106.41;;;;
147;8;1085;199;1134;249;10.511.309.814.453.100;9.631.541.137.695.310;5.468.471.069.335.930;1109;224;984;223;125;0.14005758206889368;0.23620961612728414;10.291.950.794.545.200;104.63;;;;
147;9;488;356;599;442;10.511.309.814.453.100;9.631.541.137.695.310;5.468.471.069.335.930;543;399;306;393;237;-0.21280544100910687;0.2013445133927168;0.49850620413146585;54.25;;;;
147;10;1379;204;1424;252;10.511.309.814.453.100;9.631.541.137.695.310;5.468.471.069.335.930;1401;228;1275;227;126;0.41713168737005835;0.23763515389646234;10.191.214.832.134.700;110.86;;;;
147;11;866;191;918;234;10.511.309.814.453.100;9.631.541.137.695.310;5.468.471.069.335.930;892;212;765;213;127;-0.0672540971022213;0.22266708575416788;10.186.584.178.942.500;102.56;;;;
147;12;1264;186;1315;232;10.511.309.814.453.100;9.631.541.137.695.310;5.468.471.069.335.930;1289;209;1171;209;118;0.3314764574680008;0.23700719796183484;10.978.786.237.945.600;115.39;;;;
147;13;1224;243;1284;289;10.511.309.814.453.100;9.631.541.137.695.310;5.468.471.069.335.930;1254;266;1103;263;151;0.23121096794808327;0.22445291029052802;0.8352885128422392;87.27;;;;
147;14;1458;298;1520;354;10.511.309.814.453.100;9.631.541.137.695.310;5.468.471.069.335.930;1489;326;1301;325;188;0.33575546102667886;0.21345638340173265;0.6517414613585605;73.69;;;;
147;15;1438;223;1490;266;10.511.309.814.453.100;9.631.541.137.695.310;5.468.471.069.335.930;1464;244;1327;245;137;0.438839788952859;0.23069590431481166;0.9302846328264718;103.5;;;;
147;16;505;281;575;352;10.511.309.814.453.100;9.631.541.137.695.310;5.468.471.069.335.930;540;316;341;316;199;-0.25525128939464925;0.19643332483375078;0.6187316073000209;66.83;;;;
147;17;1136;257;1194;304;10.511.309.814.453.100;9.631.541.137.695.310;5.468.471.069.335.930;1165;280;1001;280;164;0.14774014068483743;0.21553527601538292;0.7639530016766183;78.22;;;;
147;18;896;317;978;375;10.511.309.814.453.100;9.631.541.137.695.310;5.468.471.069.335.930;937;346;732;346;205;-0.01531470378697078;0.2058972534377776;0.5918390463454624;59.41;;;;
147;19;570;268;633;323;10.511.309.814.453.100;9.631.541.137.695.310;5.468.471.069.335.930;601;295;420;294;181;-0.24018025501955134;0.203906839353242;0.6872265171216753;72.91;;;;
147;20;709;205;765;251;10.511.309.814.453.100;9.631.541.137.695.310;5.468.471.069.335.930;737;228;603;227;134;-0.2025919325979145;0.22344798052950937;0.9582784095887932;98.45;;;;
148;0;677;310;745;368;10.511.309.814.453.100;9.631.541.137.695.310;5.468.471.069.335.930;711;339;507;337;204;-0.14837418420614434;0.20333940710008763;0.5967997111908145;61.61;;;;
148;1;925;258;995;308;10.511.309.814.453.100;9.631.541.137.695.310;5.468.471.069.335.930;960;283;795;284;165;-0.002294646889533231;0.21611912604730665;0.7582317196350119;76.26;;;;
148;2;1501;242;1551;293;10.511.309.814.453.100;9.631.541.137.695.310;5.468.471.069.335.930;1526;267;1374;268;152;0.44449651671708595;0.22366017301072805;0.8293983284700567;94.63;;;;
148;3;1252;283;1324;347;10.511.309.814.453.100;9.631.541.137.695.310;5.468.471.069.335.930;1288;315;1108;311;180;0.21663434976536186;0.21659041554530817;0.6843756075801869;72.26;;;;
148;4;1316;268;1381;321;10.511.309.814.453.100;9.631.541.137.695.310;5.468.471.069.335.930;1348;294;1177;295;171;0.2701551132473836;0.21522328116477116;0.7277661936301327;78.04;;;;
148;5;845;238;903;288;10.511.309.814.453.100;9.631.541.137.695.310;5.468.471.069.335.930;874;263;717;262;157;-0.06816543155569008;0.21388865555787853;0.8045135284991499;81.09;;;;
148;6;1020;184;1068;233;10.511.309.814.453.100;9.631.541.137.695.310;5.468.471.069.335.930;1044;208;926;208;118;0.08224289181169037;0.236126207760471;10.983.872.637.244.700;110.86;;;;
148;7;1233;211;1283;251;10.511.309.814.453.100;9.631.541.137.695.310;5.468.471.069.335.930;1258;231;1132;230;126;0.2808969226507651;0.2401103168431512;10.176.924.472.199.100;106.41;;;;
148;8;1085;199;1135;248;10.511.309.814.453.100;9.631.541.137.695.310;5.468.471.069.335.930;1110;223;983;223;127;0.13879714001630447;0.23167122182794953;10.134.598.775.082.300;102.96;;;;
148;9;487;357;600;443;10.511.309.814.453.100;9.631.541.137.695.310;5.468.471.069.335.930;543;400;305;393;238;-0.21191130050066526;0.20093532150350762;0.49615945742616774;53.99;;;;
148;10;866;190;917;234;10.511.309.814.453.100;9.631.541.137.695.310;5.468.471.069.335.930;891;212;765;213;126;-0.06874055044000844;0.22443428484745487;102.674.300.851.246;103.41;;;;
148;11;1224;243;1284;289;10.511.309.814.453.100;9.631.541.137.695.310;5.468.471.069.335.930;1254;266;1103;263;151;0.23121096794808327;0.22445291029052802;0.8352885128422392;87.27;;;;
148;12;1379;203;1424;252;10.511.309.814.453.100;9.631.541.137.695.310;5.468.471.069.335.930;1401;227;1276;227;125;0.4204687408690188;0.23870458037754655;10.277.546.111.730.200;111.81;;;;
148;13;1265;187;1315;232;10.511.309.814.453.100;9.631.541.137.695.310;5.468.471.069.335.930;1290;209;1170;208;120;0.3269521750390254;0.23305707799580427;10.795.806.467.313.100;113.43;;;;
148;14;1458;298;1521;354;10.511.309.814.453.100;9.631.541.137.695.310;5.468.471.069.335.930;1489;326;1300;325;189;0.3339789771059028;0.21232698454775525;0.6482930938381448;73.27;;;;
148;15;1438;224;1490;265;10.511.309.814.453.100;9.631.541.137.695.310;5.468.471.069.335.930;1464;244;1326;245;138;0.4356597904821861;0.229024194863255;0.9235434398349756;102.72;;;;
148;16;896;317;978;375;10.511.309.814.453.100;9.631.541.137.695.310;5.468.471.069.335.930;937;346;731;345;206;-0.01524036056470393;0.20489775220749715;0.5889660412661155;59.08;;;;
148;17;1136;257;1193;304;10.511.309.814.453.100;9.631.541.137.695.310;5.468.471.069.335.930;1164;280;1001;281;163;0.1479100861892907;0.21685757832222577;0.7686398299077631;78.72;;;;
148;18;505;281;574;352;10.511.309.814.453.100;9.631.541.137.695.310;5.468.471.069.335.930;539;316;341;316;198;-0.257146695015122;0.1974254123329111;0.6218565144075967;67.22;;;;
148;19;709;205;764;250;10.511.309.814.453.100;9.631.541.137.695.310;5.468.471.069.335.930;736;227;603;227;133;-0.20501772925999626;0.22434641012927314;0.965934784937051;99.27;;;;
148;20;569;268;633;322;10.511.309.814.453.100;9.631.541.137.695.310;5.468.471.069.335.930;601;295;420;294;181;-0.24018025501955134;0.203906839353242;0.6872265171216753;72.91;;;;
149;0;679;310;744;368;10.511.309.814.453.100;9.631.541.137.695.310;5.468.471.069.335.930;711;339;506;338;205;-0.14765040769782167;0.20234750755325792;0.5938884930874445;61.27;;;;
149;1;924;258;995;308;10.511.309.814.453.100;9.631.541.137.695.310;5.468.471.069.335.930;959;283;794;284;165;-0.0030221561226178232;0.21611912604730665;0.7582317196350119;76.26;;;;
149;2;846;238;903;287;10.511.309.814.453.100;9.631.541.137.695.310;5.468.471.069.335.930;874;262;717;263;157;-0.06816543155569008;0.21322651005621654;0.8048958183827772;81.12;;;;
149;3;1252;282;1324;347;10.511.309.814.453.100;9.631.541.137.695.310;5.468.471.069.335.930;1288;314;1108;311;180;0.21663434976536186;0.21601287752441412;0.6847090493120173;72.28;;;;
149;4;1316;269;1381;321;10.511.309.814.453.100;9.631.541.137.695.310;5.468.471.069.335.930;1348;295;1177;295;171;0.2701551132473836;0.21583121592360702;0.7274152023334691;78.02;;;;
149;5;1020;185;1068;233;10.511.309.814.453.100;9.631.541.137.695.310;5.468.471.069.335.930;1044;209;925;208;119;0.08155177507377698;0.23501554083610515;1.088.652.753.006.370;109.87;;;;
149;6;1500;242;1551;293;10.511.309.814.453.100;9.631.541.137.695.310;5.468.471.069.335.930;1525;267;1374;268;151;0.4466452418380007;0.22514136620947459;0.8348910326321102;95.25;;;;
149;7;1233;212;1284;251;10.511.309.814.453.100;9.631.541.137.695.310;5.468.471.069.335.930;1258;231;1132;230;126;0.2808969226507651;0.2401103168431512;10.176.924.472.199.100;106.41;;;;
149;8;488;356;599;442;10.511.309.814.453.100;9.631.541.137.695.310;5.468.471.069.335.930;543;399;304;393;239;-0.2110246423395746;0.19965962206725474;0.4943346040968929;53.74;;;;
149;9;1085;199;1135;248;10.511.309.814.453.100;9.631.541.137.695.310;5.468.471.069.335.930;1110;223;983;223;127;0.13879714001630447;0.23167122182794953;10.134.598.775.082.300;102.96;;;;
149;10;1458;300;1521;354;10.511.309.814.453.100;9.631.541.137.695.310;5.468.471.069.335.930;1489;327;1301;325;188;0.33575546102667886;0.21400934533663124;0.6514222086365952;73.68;;;;
149;11;1265;187;1316;232;10.511.309.814.453.100;9.631.541.137.695.310;5.468.471.069.335.930;1290;209;1171;208;119;0.3296996723082609;0.23501554083610515;1.088.652.753.006.370;114.42;;;;
149;12;507;281;573;352;10.511.309.814.453.100;9.631.541.137.695.310;5.468.471.069.335.930;540;316;341;317;199;-0.25525128939464925;0.19643332483375078;0.6187316073000209;66.83;;;;
149;13;1224;242;1284;289;10.511.309.814.453.100;9.631.541.137.695.310;5.468.471.069.335.930;1254;265;1104;263;150;0.2327523744010705;0.22525621740072532;0.8412572330060505;87.9;;;;
149;14;866;191;918;234;10.511.309.814.453.100;9.631.541.137.695.310;5.468.471.069.335.930;892;212;763;214;129;-0.0662113979223419;0.21921488287425828;10.028.652.641.284.400;100.9;;;;
149;15;1379;204;1424;251;10.511.309.814.453.100;9.631.541.137.695.310;5.468.471.069.335.930;1401;227;1275;227;126;0.41713168737005835;0.23681009958089932;1.019.597.828.544.660;110.89;;;;
149;16;896;317;978;375;10.511.309.814.453.100;9.631.541.137.695.310;5.468.471.069.335.930;937;346;731;345;206;-0.01524036056470393;0.20489775220749715;0.5889660412661155;59.08;;;;
149;17;1136;258;1194;304;10.511.309.814.453.100;9.631.541.137.695.310;5.468.471.069.335.930;1165;281;1001;281;164;0.14774014068483743;0.21616915920904714;0.7635870290441215;78.21;;;;
149;18;1438;226;1492;265;10.511.309.814.453.100;9.631.541.137.695.310;5.468.471.069.335.930;1465;245;1326;245;139;0.433389137482019;0.228124429747411;0.9164674473776774;101.97;;;;
149;19;710;205;763;250;10.511.309.814.453.100;9.631.541.137.695.310;5.468.471.069.335.930;736;227;603;227;133;-0.20501772925999626;0.22434641012927314;0.965934784937051;99.27;;;;
149;20;570;268;632;322;10.511.309.814.453.100;9.631.541.137.695.310;5.468.471.069.335.930;601;295;420;294;181;-0.24018025501955134;0.203906839353242;0.6872265171216753;72.91;;;;
