frame,ID,left_xmin,left_ymin,left_xmax,left_ymax,f,C_x,C_y,x_il,v_il,x_ir,v_ir,disparitas,X,Y,Z,X_val,Y_val,Z_val,distance_cm
0,0,838,259,881,295,1051.1309814453125,963.1541137695312,546.8471069335938,859,277,760,276,99,-0.12996789067983627,0.7619895428419113,1.2540048956871033,-0.1262884657184617,-0.3271937696922577,1.2745124903045562,128.93
0,1,1078,224,1112,267,1051.1309814453125,963.1541137695312,546.8471069335938,1095,245,1007,246,88,0.19471877813339233,0.8136752188205719,1.7042645812034607,0.17984831170666252,-0.4117435448888655,1.4338265515926258,164.62
0,2,964,227,991,268,1051.1309814453125,963.1541137695312,546.8471069335938,977,247,889,247,88,0.017322050407528877,0.7649778068065644,1.4085955619812012,0.01888689388669656,-0.4090153852647983,1.4338265515926258,137.95
0,3,861,212,898,248,1051.1309814453125,963.1541137695312,546.8471069335938,879,230,798,233,81,-0.13926249742507935,0.7762832581996918,1.5301711559295654,-0.1247133041598587,-0.4695557691617843,1.5577374881500132,155.27
0,4,1021,266,1057,302,1051.1309814453125,963.1541137695312,546.8471069335938,1039,284,937,283,102,0.09854510799050331,0.7932002484798432,1.3576492667198181,0.0892594717302419,-0.3093324513266747,1.2370268288250106,150.75
0,5,1129,245,1159,287,1051.1309814453125,963.1541137695312,546.8471069335938,1144,266,1050,266,94,0.24475659430027008,0.7888302743434906,1.4773004055023193,0.23094216574122584,-0.3586448133785325,1.3423057078739475,147.38
0,6,945,257,977,295,1051.1309814453125,963.1541137695312,546.8471069335938,961,276,862,275,99,-0.00018881841970141977,0.7666406869888306,1.2824737429618835,-0.002611896094081065,-0.32840628508073205,1.2745124903045562,130.14
0,7,999,247,1030,281,1051.1309814453125,963.1541137695312,546.8471069335938,1014,264,922,265,92,0.07628908008337021,0.7751553893089295,1.3581551313400269,0.06634228836968187,-0.3690509837445649,1.3714862667407726,140.19
0,8,915,240,949,278,1051.1309814453125,963.1541137695312,546.8471069335938,932,259,839,260,93,-0.044407252222299576,0.7938727527856827,1.535897672176361,-0.040211928963696755,-0.3715364045354275,1.3567391025822695,145.77
0,9,1180,261,1211,298,1051.1309814453125,963.1541137695312,546.8471069335938,1195,279,1149,247,46,0.30626752972602844,0.7983723223209381,1.4666701555252075,0.6050120386104798,-0.6989588076655566,2.742972533481545,144.76
0,11,1012,216,1046,248,1051.1309814453125,963.1541137695312,546.8471069335938,1029,232,947,232,82,0.09672095626592636,0.778148764371872,1.5279837846755981,0.09639116929140361,-0.46090169823398314,1.5387406895140374,152.65
0,12,1140,217,1169,250,1051.1309814453125,963.1541137695312,546.8471069335938,1154,233,1072,233,82,0.27923229336738586,0.7835385143756867,1.5446017980575562,0.2793774855398147,-0.45943780770399584,1.5387406895140374,155.86
1,0,839,258,881,296,1051.1309814453125,963.1541137695312,546.8471069335938,860,277,760,277,100,-0.12760166823863983,0.7614020049571991,1.2529900074005127,-0.1238251908266875,-0.3239218319953352,1.2617673654015107,128.63
1,1,861,212,898,249,1051.1309814453125,963.1541137695312,546.8471069335938,879,230,798,233,81,-0.1287771761417389,0.7765736520290375,1.5334761142730713,-0.1247133041598587,-0.4695557691617843,1.5577374881500132,152.95
1,2,1020,266,1057,302,1051.1309814453125,963.1541137695312,546.8471069335938,1038,284,937,282,101,0.09147035330533981,0.7855650424957276,1.3284637928009033,0.08895472369332393,-0.31239514886456254,1.2492746192094166,143.51
1,3,1078,225,1112,267,1051.1309814453125,963.1541137695312,546.8471069335938,1095,246,1008,247,87,0.18931825459003448,0.8008197784423828,1.587386965751648,0.18191553368030233,-0.4150964704225426,1.4503073165534606,158.86
1,4,963,227,991,266,1051.1309814453125,963.1541137695312,546.8471069335938,977,246,889,246,88,0.017350327223539352,0.7655547201633454,1.4156438112258911,0.01888689388669656,-0.41037946507683193,1.4338265515926258,138.73
1,5,945,258,977,295,1051.1309814453125,963.1541137695312,546.8471069335938,961,276,862,275,99,-0.0014231587992981076,0.7672691881656647,1.2886927127838135,-0.002611896094081065,-0.32840628508073205,1.2745124903045562,130.4
1,6,1130,244,1159,287,1051.1309814453125,963.1541137695312,546.8471069335938,1144,265,1050,265,94,0.2375224456191063,0.7806788623332978,1.3839234113693237,0.23094216574122584,-0.35992182426639374,1.3423057078739475,142.94
1,7,1001,249,1032,281,1051.1309814453125,963.1541137695312,546.8471069335938,1016,265,922,266,94,0.07727713882923126,0.7738504052162171,1.359183669090271,0.0674847720949856,-0.35992182426639374,1.3423057078739475,139.75
1,8,915,241,949,279,1051.1309814453125,963.1541137695312,546.8471069335938,932,260,838,260,94,-0.044349104166030884,0.7681578040122986,1.3525580167770386,-0.03978414248535955,-0.3663068787057,1.3423057078739475,141.74
1,9,1011,215,1046,248,1051.1309814453125,963.1541137695312,546.8471069335938,1028,231,947,233,81,0.09933211654424667,0.7846936821937561,1.553242802619934,0.09609922047452024,-0.4680738059092046,1.5577374881500132,155.95
1,11,1180,261,1212,298,1051.1309814453125,963.1541137695312,546.8471069335938,1196,279,1149,246,47,0.28946879506111145,0.7810349106788635,1.3624053001403809,0.5946934638200219,-0.6840873436726724,2.684611415747895,141.42
1,12,1141,218,1169,251,1051.1309814453125,963.1541137695312,546.8471069335938,1155,234,1072,234,83,0.27757246792316437,0.7836957216262818,1.54021155834198,0.2774577450328164,-0.4524561591357674,1.520201645062061,155.42
2,0,839,259,881,296,1051.1309814453125,963.1541137695312,546.8471069335938,860,277,760,277,100,-0.1275385245680809,0.7576566427946091,1.2492255568504333,-0.1238251908266875,-0.3239218319953352,1.2617673654015107,127.99
2,1,862,213,899,248,1051.1309814453125,963.1541137695312,546.8471069335938,880,230,798,233,82,-0.12174707651138306,0.7714968860149384,1.5139681100845337,-0.1217285196767024,-0.4638294792939577,1.5387406895140374,151.83
2,2,1078,224,1111,267,1051.1309814453125,963.1541137695312,546.8471069335938,1094,245,1008,247,86,0.18808235228061676,0.798007869720459,1.5002504587173462,0.18263502798520168,-0.42131897616535074,1.4671713551180356,159.15
2,3,964,227,991,266,1051.1309814453125,963.1541137695312,546.8471069335938,977,246,889,246,88,0.017299458384513855,0.7648226261138916,1.4197900295257568,0.01888689388669656,-0.41037946507683193,1.4338265515926258,138.28
2,4,1021,266,1057,301,1051.1309814453125,963.1541137695312,546.8471069335938,1039,283,937,283,102,0.09316425025463104,0.7834534287452698,1.3230355978012085,0.0892594717302419,-0.310509304497841,1.2370268288250106,144.63
2,5,945,257,977,295,1051.1309814453125,963.1541137695312,546.8471069335938,961,276,862,275,99,-0.001417561899870634,0.7662509322166443,1.2816504836082458,-0.002611896094081065,-0.32840628508073205,1.2745124903045562,129.58
2,6,1129,244,1159,286,1051.1309814453125,963.1541137695312,546.8471069335938,1144,265,1050,266,94,0.23736129701137543,0.7768088817596436,1.3736573457717896,0.23094216574122584,-0.35992182426639374,1.3423057078739475,141.58
2,7,1001,249,1032,281,1051.1309814453125,963.1541137695312,546.8471069335938,1016,265,923,264,93,0.07865679636597633,0.7731955289840698,1.3393059968948364,0.06821041480568436,-0.36379195140904313,1.3567391025822695,141.25
2,8,914,240,947,278,1051.1309814453125,963.1541137695312,546.8471069335938,930,259,839,260,91,-0.0471941065043211,0.7878077119588852,1.523791253566742,-0.0437339279180408,-0.3797020397999424,1.3865575443972644,146.03
2,10,1012,215,1046,248,1051.1309814453125,963.1541137695312,546.8471069335938,1029,231,947,232,82,0.09492241963744164,0.7830938935279846,1.5340131521224976,0.09639116929140361,-0.4623655887639704,1.5387406895140374,155.69
2,12,1141,219,1170,250,1051.1309814453125,963.1541137695312,546.8471069335938,1155,234,1072,234,83,0.2769603133201599,0.7837123811244965,1.5372108221054077,0.2774577450328164,-0.4524561591357674,1.520201645062061,154.59
3,0,839,258,881,296,1051.1309814453125,963.1541137695312,546.8471069335938,860,277,759,276,101,-0.12897805869579315,0.7627849519252777,1.2550902366638184,-0.12259919883830447,-0.3207146851438963,1.2492746192094166,129.06
3,1,1078,224,1112,267,1051.1309814453125,963.1541137695312,546.8471069335938,1095,245,1008,247,87,0.1834937110543251,0.7894851058721543,1.4785116314888,0.18191553368030233,-0.4164762293128755,1.4503073165534606,154.33
3,2,963,228,991,267,1051.1309814453125,963.1541137695312,546.8471069335938,977,247,889,247,88,0.018653959035873413,0.767151826620102,1.4240587949752808,0.01888689388669656,-0.4090153852647983,1.4338265515926258,140.0
3,3,861,213,898,249,1051.1309814453125,963.1541137695312,546.8471069335938,879,231,798,234,81,-0.14148195832967758,0.7760178238153458,1.5253103971481323,-0.1247133041598587,-0.4680738059092046,1.5577374881500132,155.13
3,4,943,258,977,295,1051.1309814453125,963.1541137695312,546.8471069335938,960,276,862,276,98,-0.0014182619052007794,0.7671992123126984,1.2832684516906738,-0.0038634360895202363,-0.3317573696223722,1.2875177197974599,129.48
3,5,1021,266,1056,301,1051.1309814453125,963.1541137695312,546.8471069335938,1038,283,937,282,101,0.08720136061310768,0.7807468563318253,1.3230438232421875,0.08895472369332393,-0.31358365404732447,1.2492746192094166,137.96
3,6,1181,260,1211,298,1051.1309814453125,963.1541137695312,546.8471069335938,1196,279,1096,279,100,0.2904086410999298,0.7790652751922608,1.32012140750885,0.2795059279954103,-0.321521051526156,1.2617673654015107,143.75
3,7,999,249,1030,282,1051.1309814453125,963.1541137695312,546.8471069335938,1014,265,922,265,92,0.07434772327542305,0.7695895224809647,1.3543747067451477,0.06634228836968187,-0.3677462117504458,1.3714862667407726,135.74
3,8,1129,244,1159,286,1051.1309814453125,963.1541137695312,546.8471069335938,1144,265,1050,266,94,0.2399316281080246,0.7824085891246796,1.3901512026786804,0.23094216574122584,-0.35992182426639374,1.3423057078739475,142.93
3,9,914,239,947,277,1051.1309814453125,963.1541137695312,546.8471069335938,930,258,838,259,92,-0.041779737919569016,0.7668049573898316,1.345052719116211,-0.043258559136322976,-0.3768796157092795,1.3714862667407726,141.61
3,10,1012,216,1045,249,1051.1309814453125,963.1541137695312,546.8471069335938,1028,232,947,232,81,0.09985778480768204,0.7760559111833573,1.5206591486930847,0.09609922047452024,-0.4665918426566249,1.5577374881500132,151.75
3,12,1141,218,1169,251,1051.1309814453125,963.1541137695312,546.8471069335938,1155,234,1072,235,83,0.2767186462879181,0.7846079111099243,1.5365468859672546,0.2774577450328164,-0.4524561591357674,1.520201645062061,154.91
4,0,839,258,881,295,1051.1309814453125,963.1541137695312,546.8471069335938,860,276,759,277,101,-0.12403387576341629,0.7561380207538605,1.2533098459243774,-0.12259919883830447,-0.32190319032665826,1.2492746192094166,127.49
4,1,861,213,898,249,1051.1309814453125,963.1541137695312,546.8471069335938,879,231,798,233,81,-0.13958360254764557,0.7730790913105011,1.5201403498649597,-0.1247133041598587,-0.4680738059092046,1.5577374881500132,154.83
4,2,1078,224,1112,267,1051.1309814453125,963.1541137695312,546.8471069335938,1095,245,1008,247,87,0.19480931758880615,0.8224662184715271,1.7235171794891357,0.18191553368030233,-0.4164762293128755,1.4503073165534606,166.43
4,3,964,227,991,266,1051.1309814453125,963.1541137695312,546.8471069335938,977,246,889,246,88,0.02096688002347946,0.7642802238464356,1.4211329221725464,0.01888689388669656,-0.41037946507683193,1.4338265515926258,140.17
4,4,1129,244,1159,286,1051.1309814453125,963.1541137695312,546.8471069335938,1144,265,1050,266,94,0.24160920083522797,0.7798268437385559,1.364526629447937,0.23094216574122584,-0.35992182426639374,1.3423057078739475,143.59
4,5,1020,267,1057,301,1051.1309814453125,963.1541137695312,546.8471069335938,1038,284,937,283,101,0.08851530775427818,0.7816857784986496,1.3256442546844482,0.08895472369332393,-0.31239514886456254,1.2492746192094166,142.05
4,6,944,258,977,294,1051.1309814453125,963.1541137695312,546.8471069335938,960,276,862,276,98,-0.002643847605213523,0.7655506372451782,1.281186580657959,-0.0038634360895202363,-0.3317573696223722,1.2875177197974599,129.08
4,7,1000,248,1031,281,1051.1309814453125,963.1541137695312,546.8471069335938,1015,264,922,265,93,0.07672891020774841,0.771992975473404,1.358258843421936,0.06691967261795363,-0.3650826935967738,1.3567391025822695,137.41
4,8,915,240,949,278,1051.1309814453125,963.1541137695312,546.8471069335938,932,259,838,260,94,-0.044025322422385216,0.7654853850603104,1.33978271484375,-0.03978414248535955,-0.36758388959356125,1.3423057078739475,143.94
4,9,1181,261,1212,298,1051.1309814453125,963.1541137695312,546.8471069335938,1196,279,1149,246,47,0.28819555044174194,0.7725986182689667,1.26920485496521,0.5946934638200219,-0.6840873436726724,2.684611415747895,139.57
4,11,1012,215,1046,248,1051.1309814453125,963.1541137695312,546.8471069335938,1029,231,947,233,82,0.09704173356294632,0.7796865940093994,1.5413883924484253,0.09639116929140361,-0.4623655887639704,1.5387406895140374,153.37
4,12,1140,217,1169,250,1051.1309814453125,963.1541137695312,546.8471069335938,1154,233,1071,234,83,0.27995651960372925,0.7845212906599045,1.5375527143478394,0.27601149173813017,-0.4539024124304537,1.520201645062061,155.16
5,0,839,259,881,296,1051.1309814453125,963.1541137695312,546.8471069335938,860,277,860,276,0,-0.12479918822646141,0.7584747165441513,1.2550362348556519,-inf,-inf,inf,127.22
5,1,1078,225,1111,267,1051.1309814453125,963.1541137695312,546.8471069335938,1094,246,1008,247,86,0.1873728632926941,0.7869907855987549,1.500963807106018,0.18263502798520168,-0.4199231735669908,1.4671713551180356,153.32
5,2,964,228,991,267,1051.1309814453125,963.1541137695312,546.8471069335938,977,247,889,246,88,0.019996775314211845,0.7652216494083405,1.4121819734573364,0.01888689388669656,-0.4090153852647983,1.4338265515926258,138.26
5,3,1129,244,1159,286,1051.1309814453125,963.1541137695312,546.8471069335938,1144,265,1050,266,94,0.2407565414905548,0.7823975324630738,1.4389002323150635,0.23094216574122584,-0.35992182426639374,1.3423057078739475,144.9
5,4,861,212,898,248,1051.1309814453125,963.1541137695312,546.8471069335938,879,230,798,233,81,-0.14049234986305237,0.7748469352722168,1.528834342956543,-0.1247133041598587,-0.4695557691617843,1.5577374881500132,155.45
5,5,945,258,977,294,1051.1309814453125,963.1541137695312,546.8471069335938,961,276,760,276,201,-0.001417040009982884,0.7660130053758621,1.283089280128479,-0.0012864562851444053,-0.16175234936812177,0.6277449579111993,129.51
5,6,1021,266,1056,301,1051.1309814453125,963.1541137695312,546.8471069335938,1038,283,936,283,102,0.09095600247383118,0.7801979720592499,1.3232829570770264,0.08808261855907565,-0.310509304497841,1.2370268288250106,142.33
5,7,1000,248,1031,281,1051.1309814453125,963.1541137695312,546.8471069335938,1015,264,923,266,92,0.07630226388573647,0.7733042031526566,1.3580149412155151,0.06764706036380097,-0.3690509837445649,1.3714862667407726,139.87
5,8,915,241,948,277,1051.1309814453125,963.1541137695312,546.8471069335938,931,259,838,259,93,-0.042069461196660995,0.7676367402076721,1.345729112625122,-0.04150267115142748,-0.3715364045354275,1.3567391025822695,141.88
5,9,1011,216,1046,248,1051.1309814453125,963.1541137695312,546.8471069335938,1028,232,948,232,80,0.10156434774398804,0.7828974962234497,1.546006679534912,0.09730046073045173,-0.4724242406898327,1.5772092067518884,155.74
5,10,1219,230,1251,265,1051.1309814453125,963.1541137695312,546.8471069335938,1235,247,1148,247,87,0.3946644067764282,0.8249249994754791,1.6204451322555542,0.37508177832690087,-0.41371671153220974,1.4503073165534606,166.9
5,11,1181,260,1212,298,1051.1309814453125,963.1541137695312,546.8471069335938,1196,279,1097,279,99,0.29107460379600525,0.7865277767181397,1.3706064224243164,0.2823292201973841,-0.3247687389153091,1.2745124903045562,142.16
5,12,1141,218,1169,251,1051.1309814453125,963.1541137695312,546.8471069335938,1155,234,1071,234,84,0.2721525728702545,0.7831917196512223,1.5334611535072327,0.2741546766395686,-0.44706977628891315,1.50210400643037,154.45
6,0,840,259,881,296,1051.1309814453125,963.1541137695312,546.8471069335938,860,277,760,276,100,-0.12291096895933151,0.7581089973449707,1.254757046699524,-0.1238251908266875,-0.3239218319953352,1.2617673654015107,127.37
6,1,1078,224,1112,267,1051.1309814453125,963.1541137695312,546.8471069335938,1095,245,1008,246,87,0.18329881131649017,0.7797919154167176,1.498296856880188,0.18191553368030233,-0.4164762293128755,1.4503073165534606,151.26
6,2,964,228,991,267,1051.1309814453125,963.1541137695312,546.8471069335938,977,247,889,247,88,0.018441349267959595,0.7633861541748047,1.406080961227417,0.01888689388669656,-0.4090153852647983,1.4338265515926258,137.68
6,3,861,212,898,249,1051.1309814453125,963.1541137695312,546.8471069335938,879,230,798,233,81,-0.13308817148208618,0.7734056353569031,1.5309165716171265,-0.1247133041598587,-0.4695557691617843,1.5577374881500132,152.66
6,4,945,258,977,295,1051.1309814453125,963.1541137695312,546.8471069335938,961,276,862,275,99,-0.00020259424491086975,0.766238996386528,1.2803558111190796,-0.002611896094081065,-0.32840628508073205,1.2745124903045562,130.06
6,5,1021,267,1057,302,1051.1309814453125,963.1541137695312,546.8471069335938,1039,284,936,283,103,0.09139043092727661,0.7855548799037934,1.330195426940918,0.08839287491732693,-0.3063292236438914,1.2250168596131172,137.79
6,6,1129,244,1159,286,1051.1309814453125,963.1541137695312,546.8471069335938,1144,265,1050,266,94,0.23827394843101501,0.7792801797389984,1.4089672565460205,0.23094216574122584,-0.35992182426639374,1.3423057078739475,143.34
6,7,915,240,949,278,1051.1309814453125,963.1541137695312,546.8471069335938,932,259,838,259,94,-0.04269856587052345,0.7661310374736786,1.3462836742401123,-0.03978414248535955,-0.36758388959356125,1.3423057078739475,139.26
6,8,1012,216,1045,249,1051.1309814453125,963.1541137695312,546.8471069335938,1028,232,946,232,82,0.10052650421857834,0.7747535198926926,1.5227046608924866,0.09492727876141632,-0.46090169823398314,1.5387406895140374,150.92
6,10,1000,248,1031,281,1051.1309814453125,963.1541137695312,546.8471069335938,1015,264,922,265,93,0.07699257880449295,0.7720764666795731,1.3559759855270386,0.06691967261795363,-0.3650826935967738,1.3567391025822695,137.61
6,11,1179,261,1211,298,1051.1309814453125,963.1541137695312,546.8471069335938,1195,279,1149,247,46,0.29300031065940857,0.7823021054267884,1.3207838535308838,0.6050120386104798,-0.6989588076655566,2.742972533481545,138.92
6,12,1141,217,1170,251,1051.1309814453125,963.1541137695312,546.8471069335938,1155,234,1072,234,83,0.27943599224090576,0.7807131052017212,1.5352853536605835,0.2774577450328164,-0.4524561591357674,1.520201645062061,154.34
7,0,839,259,881,296,1051.1309814453125,963.1541137695312,546.8471069335938,860,277,760,277,100,-0.12894617021083832,0.7615235090255738,1.2535592317581177,-0.1238251908266875,-0.3239218319953352,1.2617673654015107,128.55
7,1,1078,225,1112,267,1051.1309814453125,963.1541137695312,546.8471069335938,1095,246,1008,247,87,0.17920958250761032,0.7815713971853256,1.4740177989006042,0.18191553368030233,-0.4150964704225426,1.4503073165534606,151.7
7,2,862,211,898,249,1051.1309814453125,963.1541137695312,546.8471069335938,880,230,797,234,83,-0.12208231538534164,0.7731559813022614,1.5222712755203247,-0.12026191100589875,-0.4582411723145124,1.520201645062061,149.04
7,3,964,228,991,268,1051.1309814453125,963.1541137695312,546.8471069335938,977,248,889,247,88,0.016070017591118813,0.7689668774604798,1.4314507246017456,0.01888689388669656,-0.4076513054527647,1.4338265515926258,140.38
7,4,1021,266,1057,301,1051.1309814453125,963.1541137695312,546.8471069335938,1039,283,937,282,102,0.09070514142513275,0.7828477263450623,1.3285268545150757,0.0892594717302419,-0.310509304497841,1.2370268288250106,138.09
7,5,1129,245,1159,287,1051.1309814453125,963.1541137695312,546.8471069335938,1144,266,1050,266,94,0.23679832369089127,0.7758759945631027,1.3590626120567322,0.23094216574122584,-0.3586448133785325,1.3423057078739475,140.33
7,6,944,257,977,294,1051.1309814453125,963.1541137695312,546.8471069335938,960,275,862,275,98,-0.002964878687635064,0.7676927387714386,1.2827165126800537,-0.0038634360895202363,-0.33298225761685135,1.2875177197974599,131.11
7,7,915,240,948,278,1051.1309814453125,963.1541137695312,546.8471069335938,931,259,838,259,93,-0.04249459132552147,0.7660879731178284,1.3479688167572021,-0.04150267115142748,-0.3715364045354275,1.3567391025822695,139.13
7,8,999,248,1029,281,1051.1309814453125,963.1541137695312,546.8471069335938,1014,264,923,265,91,0.07360093295574188,0.7703092336654663,1.3493808507919312,0.06707132450561243,-0.3731064890604392,1.3865575443972644,136.86
7,9,1012,215,1045,249,1051.1309814453125,963.1541137695312,546.8471069335938,1028,232,948,232,80,0.09965042769908905,0.7769422471523285,1.53378164768219,0.09730046073045173,-0.4724242406898327,1.5772092067518884,151.45
7,10,1181,260,1211,298,1051.1309814453125,963.1541137695312,546.8471069335938,1196,279,1149,247,47,0.2917339503765106,0.7840136229991913,1.3190113306045532,0.5946934638200219,-0.6840873436726724,2.684611415747895,146.74
7,12,1140,217,1169,251,1051.1309814453125,963.1541137695312,546.8471069335938,1154,234,1071,234,83,0.27741673588752747,0.784179949760437,1.5359266996383667,0.27601149173813017,-0.4524561591357674,1.520201645062061,154.25
8,0,839,259,881,296,1051.1309814453125,963.1541137695312,546.8471069335938,860,277,760,276,100,-0.12251913920044899,0.7572899252176285,1.2516651153564453,-0.1238251908266875,-0.3239218319953352,1.2617673654015107,125.99
8,1,1078,225,1111,267,1051.1309814453125,963.1541137695312,546.8471069335938,1094,246,1008,247,86,0.1876145452260971,0.8021253883838654,1.5797711610794067,0.18263502798520168,-0.4199231735669908,1.4671713551180356,158.6
8,2,945,258,977,295,1051.1309814453125,963.1541137695312,546.8471069335938,961,276,862,275,99,-0.0026426889235153794,0.766446852684021,1.2856038212776184,-0.002611896094081065,-0.32840628508073205,1.2745124903045562,130.31
8,3,1129,245,1159,287,1051.1309814453125,963.1541137695312,546.8471069335938,1144,266,1050,266,94,0.24238303303718567,0.7840723186731339,1.474913239479065,0.23094216574122584,-0.3586448133785325,1.3423057078739475,146.44
8,4,861,213,897,249,1051.1309814453125,963.1541137695312,546.8471069335938,879,231,798,233,81,-0.13634008169174194,0.7781463354825974,1.5410587191581726,-0.1247133041598587,-0.4680738059092046,1.5577374881500132,156.33
8,5,963,228,991,268,1051.1309814453125,963.1541137695312,546.8471069335938,977,248,889,247,88,0.019697636365890503,0.7615408688783646,1.387207806110382,0.01888689388669656,-0.4076513054527647,1.4338265515926258,136.09
8,6,1022,266,1057,301,1051.1309814453125,963.1541137695312,546.8471069335938,1039,283,936,283,103,0.09045271202921867,0.7814652413129807,1.3200241923332214,0.08839287491732693,-0.30749465105611434,1.2250168596131172,140.24
8,7,1000,249,1029,283,1051.1309814453125,963.1541137695312,546.8471069335938,1014,266,923,265,91,0.07122968137264252,0.7674554079771042,1.3389334082603455,0.06707132450561243,-0.37046826876463795,1.3865575443972644,134.47
8,8,1180,262,1212,298,1051.1309814453125,963.1541137695312,546.8471069335938,1196,280,1149,247,47,0.2924657016992569,0.7890389949083328,1.3860604763031006,0.5946934638200219,-0.6815333218969499,2.684611415747895,141.14
8,10,915,240,948,277,1051.1309814453125,963.1541137695312,546.8471069335938,931,258,839,260,92,-0.04139098897576332,0.7644147515296936,1.349851131439209,-0.041953787142203866,-0.3768796157092795,1.3714862667407726,137.21
8,11,1011,215,1046,248,1051.1309814453125,963.1541137695312,546.8471069335938,1028,231,947,232,81,0.10092217475175858,0.7779352307319641,1.5339114665985107,0.09609922047452024,-0.4680738059092046,1.5577374881500132,153.24
8,12,1141,218,1170,251,1051.1309814453125,963.1541137695312,546.8471069335938,1155,234,1072,234,83,0.277893990278244,0.78335120677948,1.532346248626709,0.2774577450328164,-0.4524561591357674,1.520201645062061,154.52
9,0,839,258,881,296,1051.1309814453125,963.1541137695312,546.8471069335938,860,277,759,277,101,-0.1252491995692253,0.7582665324211121,1.2530718445777893,-0.12259919883830447,-0.3207146851438963,1.2492746192094166,127.81
9,1,1078,224,1112,267,1051.1309814453125,963.1541137695312,546.8471069335938,1095,245,1008,248,87,0.19033178687095642,0.7915791213512421,1.5696941614151,0.18191553368030233,-0.4164762293128755,1.4503073165534606,158.29
9,2,963,228,991,267,1051.1309814453125,963.1541137695312,546.8471069335938,977,247,889,247,88,0.018738878890872,0.7643175810575485,1.3972342014312744,0.01888689388669656,-0.4090153852647983,1.4338265515926258,137.62
9,3,861,212,898,249,1051.1309814453125,963.1541137695312,546.8471069335938,879,230,798,233,81,-0.1457875594496727,0.8072345495223999,1.7537404894828796,-0.1247133041598587,-0.4695557691617843,1.5577374881500132,166.26
9,4,1021,266,1056,301,1051.1309814453125,963.1541137695312,546.8471069335938,1038,283,937,283,101,0.09058399498462677,0.7812984228134155,1.315636396408081,0.08895472369332393,-0.31358365404732447,1.2492746192094166,140.89
9,5,944,257,976,294,1051.1309814453125,963.1541137695312,546.8471069335938,960,275,862,276,98,-0.00020152020442765206,0.7667655289173126,1.2892290353775024,-0.0038634360895202363,-0.33298225761685135,1.2875177197974599,130.58
9,6,1129,243,1159,286,1051.1309814453125,963.1541137695312,546.8471069335938,1144,264,1050,266,94,0.24720673263072968,0.7836542367935181,1.489355981349945,0.23094216574122584,-0.361198835154255,1.3423057078739475,147.15
9,7,1000,249,1030,283,1051.1309814453125,963.1541137695312,546.8471069335938,1015,266,922,265,93,0.07527286559343338,0.7711555302143097,1.3374251127243042,0.06691967261795363,-0.3625012092213124,1.3567391025822695,136.94
9,8,915,240,948,278,1051.1309814453125,963.1541137695312,546.8471069335938,931,259,838,259,93,-0.04251050390303135,0.767671012878418,1.3469609022140503,-0.04150267115142748,-0.3715364045354275,1.3567391025822695,144.92
9,10,1012,215,1044,249,1051.1309814453125,963.1541137695312,546.8471069335938,1028,232,947,233,81,0.09971823170781136,0.7853551745414734,1.5602031350135803,0.09609922047452024,-0.4665918426566249,1.5577374881500132,156.45
9,11,1141,217,1170,251,1051.1309814453125,963.1541137695312,546.8471069335938,1155,234,1071,235,84,0.27823296189308167,0.7837284743785858,1.5393744707107544,0.2741546766395686,-0.44706977628891315,1.50210400643037,155.52
9,12,1181,260,1212,298,1051.1309814453125,963.1541137695312,546.8471069335938,1196,279,1148,247,48,0.33285292983055115,0.8245860576629639,1.5871285200119019,0.5823040166571047,-0.6698355240128251,2.6286820112531473,150.54
10,0,839,258,881,295,1051.1309814453125,963.1541137695312,546.8471069335938,860,276,760,276,100,-0.12644973397254944,0.7577791303396225,1.2543573379516602,-0.1238251908266875,-0.32512222222992476,1.2617673654015107,127.98
10,1,1078,225,1112,267,1051.1309814453125,963.1541137695312,546.8471069335938,1095,246,1007,247,88,0.182499960064888,0.7900887370109558,1.5155009031295776,0.17984831170666252,-0.41037946507683193,1.4338265515926258,155.76
10,2,861,213,898,249,1051.1309814453125,963.1541137695312,546.8471069335938,879,231,798,233,81,-0.1432187333703041,0.8045204371213913,1.7772495746612549,-0.1247133041598587,-0.4680738059092046,1.5577374881500132,173.62
10,3,963,228,991,266,1051.1309814453125,963.1541137695312,546.8471069335938,977,247,889,247,88,0.018747429363429546,0.7671205341815949,1.4230417609214783,0.01888689388669656,-0.4090153852647983,1.4338265515926258,139.46
10,4,944,258,977,295,1051.1309814453125,963.1541137695312,546.8471069335938,960,276,862,275,98,-0.002645002445206046,0.7679422736167908,1.2840871810913086,-0.0038634360895202363,-0.3317573696223722,1.2875177197974599,130.46
10,5,1020,267,1057,302,1051.1309814453125,963.1541137695312,546.8471069335938,1038,284,937,283,101,0.0913885235786438,0.7854135274887085,1.3264050483703613,0.08895472369332393,-0.31239514886456254,1.2492746192094166,140.43
10,6,1129,243,1159,286,1051.1309814453125,963.1541137695312,546.8471069335938,1144,264,1050,266,94,0.24092930555343628,0.7815692663192749,1.4336568117141724,0.23094216574122584,-0.361198835154255,1.3423057078739475,144.73
10,7,915,240,949,277,1051.1309814453125,963.1541137695312,546.8471069335938,932,258,838,260,94,-0.04127627611160278,0.7728638589382172,1.4582829475402832,-0.03978414248535955,-0.3688609004814225,1.3423057078739475,142.05
10,8,1181,261,1212,299,1051.1309814453125,963.1541137695312,546.8471069335938,1196,280,1149,246,47,0.2918258309364319,0.7932449370622635,1.3611773252487183,0.5946934638200219,-0.6815333218969499,2.684611415747895,142.88
10,9,999,250,1028,282,1051.1309814453125,963.1541137695312,546.8471069335938,1013,266,922,266,91,0.07089103385806084,0.7711943775415421,1.327944815158844,0.0657522143577118,-0.37046826876463795,1.3865575443972644,137.95
10,10,1011,216,1045,248,1051.1309814453125,963.1541137695312,546.8471069335938,1028,232,947,232,81,0.10223012417554855,0.7812041282653809,1.5360560417175293,0.09609922047452024,-0.4665918426566249,1.5577374881500132,154.45
10,12,1141,217,1170,251,1051.1309814453125,963.1541137695312,546.8471069335938,1155,234,1072,234,83,0.27858276665210724,0.7827853053808213,1.537929654121399,0.2774577450328164,-0.4524561591357674,1.520201645062061,155.2
11,0,838,259,881,296,1051.1309814453125,963.1541137695312,546.8471069335938,859,277,760,277,99,-0.12821760773658752,0.7599141538143158,1.2523561120033264,-0.1262884657184617,-0.3271937696922577,1.2745124903045562,129.03
11,1,1078,225,1112,267,1051.1309814453125,963.1541137695312,546.8471069335938,1095,246,1008,247,87,0.18094254285097122,0.7842067420482636,1.468408465385437,0.18191553368030233,-0.4150964704225426,1.4503073165534606,151.99
11,2,1129,245,1159,286,1051.1309814453125,963.1541137695312,546.8471069335938,1144,265,1050,266,94,0.24083585292100906,0.7797756284475327,1.4066764116287231,0.23094216574122584,-0.35992182426639374,1.3423057078739475,143.15
11,3,861,212,898,249,1051.1309814453125,963.1541137695312,546.8471069335938,879,230,798,235,81,-0.14394263923168182,0.7803931772708893,1.5537815690040588,-0.1247133041598587,-0.4695557691617843,1.5577374881500132,163.08
11,4,964,228,991,267,1051.1309814453125,963.1541137695312,546.8471069335938,977,247,889,247,88,0.020059769973158836,0.7649074882268906,1.4106736183166504,0.01888689388669656,-0.4090153852647983,1.4338265515926258,137.7
11,5,1021,267,1057,301,1051.1309814453125,963.1541137695312,546.8471069335938,1039,284,937,282,102,0.09103111177682877,0.7835237324237824,1.3291715383529663,0.0892594717302419,-0.3093324513266747,1.2370268288250106,137.93
11,6,945,258,976,295,1051.1309814453125,963.1541137695312,546.8471069335938,960,276,862,275,98,-0.0026472466997802258,0.7683955669403076,1.2834416627883911,-0.0038634360895202363,-0.3317573696223722,1.2875177197974599,130.61
11,7,1180,261,1212,299,1051.1309814453125,963.1541137695312,546.8471069335938,1196,280,1148,248,48,0.30084744095802307,0.7955301344394684,1.4369721412658691,0.5823040166571047,-0.6673347110240968,2.6286820112531473,145.5
11,8,915,240,949,278,1051.1309814453125,963.1541137695312,546.8471069335938,932,259,838,260,94,-0.04136156290769577,0.7747917115688324,1.454210638999939,-0.03978414248535955,-0.36758388959356125,1.3423057078739475,143.16
11,9,999,250,1030,282,1051.1309814453125,963.1541137695312,546.8471069335938,1014,266,922,266,92,0.07480819523334503,0.7704474717378617,1.3428036570549011,0.06634228836968187,-0.3664414397563267,1.3714862667407726,135.79
11,10,1015,214,1047,249,1051.1309814453125,963.1541137695312,546.8471069335938,1031,231,947,233,84,0.10273214429616928,0.7768229931592942,1.5282240509986877,0.09695421343825014,-0.4513568842695902,1.50210400643037,151.58
11,12,1141,218,1170,250,1051.1309814453125,963.1541137695312,546.8471069335938,1155,234,1071,235,84,0.27684321999549866,0.7838294446468353,1.536549687385559,0.2741546766395686,-0.44706977628891315,1.50210400643037,154.53
12,0,838,259,881,296,1051.1309814453125,963.1541137695312,546.8471069335938,859,277,760,277,99,-0.1327441930770874,0.7581437766551972,1.2523038387298584,-0.1262884657184617,-0.3271937696922577,1.2745124903045562,127.06
12,1,1078,224,1112,267,1051.1309814453125,963.1541137695312,546.8471069335938,1095,245,1008,247,87,0.19116492569446564,0.8117531776428223,1.6704703569412231,0.18191553368030233,-0.4164762293128755,1.4503073165534606,161.74
12,2,861,211,898,249,1051.1309814453125,963.1541137695312,546.8471069335938,879,230,798,233,81,-0.14549600332975388,0.7785121142864228,1.5528761148452759,-0.1247133041598587,-0.4695557691617843,1.5577374881500132,157.58
12,3,964,227,991,266,1051.1309814453125,963.1541137695312,546.8471069335938,977,246,889,247,88,0.019605196081101894,0.7657833486795426,1.4190207123756409,0.01888689388669656,-0.41037946507683193,1.4338265515926258,138.78
12,4,1021,266,1057,301,1051.1309814453125,963.1541137695312,546.8471069335938,1039,283,937,282,102,0.09176537021994591,0.7831606954336167,1.3149146437644958,0.0892594717302419,-0.310509304497841,1.2370268288250106,144.02
12,5,946,258,977,295,1051.1309814453125,963.1541137695312,546.8471069335938,961,276,862,275,99,-0.001414890168234706,0.7670684248209,1.2804476022720337,-0.002611896094081065,-0.32840628508073205,1.2745124903045562,129.99
12,6,1000,248,1031,281,1051.1309814453125,963.1541137695312,546.8471069335938,1015,264,922,265,93,0.07645153254270554,0.771625691652298,1.3445321321487427,0.06691967261795363,-0.3650826935967738,1.3567391025822695,139.11
12,7,915,239,949,277,1051.1309814453125,963.1541137695312,546.8471069335938,932,258,838,260,94,-0.047830767929553986,0.7616182804107666,1.3393052816390991,-0.03978414248535955,-0.3688609004814225,1.3423057078739475,133.61
12,8,1129,244,1158,286,1051.1309814453125,963.1541137695312,546.8471069335938,1143,265,1051,266,92,0.24034397304058075,0.7817749917507172,1.4313231706619263,0.23465787561104645,-0.3677462117504458,1.3714862667407726,144.75
12,10,1012,216,1045,249,1051.1309814453125,963.1541137695312,546.8471069335938,1028,232,947,233,81,0.10521113872528076,0.7975096940994263,1.608954906463623,0.09609922047452024,-0.4665918426566249,1.5577374881500132,162.43
12,11,1181,261,1212,298,1051.1309814453125,963.1541137695312,546.8471069335938,1196,279,1149,246,47,0.30224961042404175,0.7871872574090958,1.3397216200828552,0.5946934638200219,-0.6840873436726724,2.684611415747895,147.76
12,12,1141,218,1170,251,1051.1309814453125,963.1541137695312,546.8471069335938,1155,234,1071,234,84,0.27935390174388885,0.7836702108383179,1.5393167734146118,0.2741546766395686,-0.44706977628891315,1.50210400643037,155.81
13,0,839,258,881,296,1051.1309814453125,963.1541137695312,546.8471069335938,860,277,760,277,100,-0.12278992682695389,0.7563031852245331,1.254465937614441,-0.1238251908266875,-0.3239218319953352,1.2617673654015107,126.93
13,1,861,212,898,249,1051.1309814453125,963.1541137695312,546.8471069335938,879,230,798,234,81,-0.14207476377487183,0.7791676461696625,1.5427956581115723,-0.1247133041598587,-0.4695557691617843,1.5577374881500132,162.81
13,2,1078,224,1112,267,1051.1309814453125,963.1541137695312,546.8471069335938,1095,245,1008,247,87,0.17523722350597382,0.780521833896637,1.4621154069900513,0.18191553368030233,-0.4164762293128755,1.4503073165534606,147.43
13,3,963,227,991,266,1051.1309814453125,963.1541137695312,546.8471069335938,977,246,889,247,88,0.018736617639660835,0.7691843748092652,1.4287519454956055,0.01888689388669656,-0.41037946507683193,1.4338265515926258,141.15
13,4,1020,266,1056,301,1051.1309814453125,963.1541137695312,546.8471069335938,1038,283,937,282,101,0.09211433678865433,0.7850739151239395,1.3324376940727234,0.08895472369332393,-0.31358365404732447,1.2492746192094166,138.81
13,5,944,257,977,295,1051.1309814453125,963.1541137695312,546.8471069335938,960,276,862,275,98,-0.006299360189586878,0.7655514717102051,1.2776265144348145,-0.0038634360895202363,-0.3317573696223722,1.2875177197974599,128.79
13,6,1130,244,1159,286,1051.1309814453125,963.1541137695312,546.8471069335938,1144,265,1050,266,94,0.23804520070552826,0.7750541359186173,1.358615219593048,0.23094216574122584,-0.35992182426639374,1.3423057078739475,140.09
13,7,999,249,1032,282,1051.1309814453125,963.1541137695312,546.8471069335938,1015,265,922,265,93,0.07736501097679138,0.7733789622783661,1.3557031154632568,0.06691967261795363,-0.36379195140904313,1.3567391025822695,137.63
13,8,914,239,949,278,1051.1309814453125,963.1541137695312,546.8471069335938,931,258,838,259,93,-0.04154432937502861,0.7685731291770935,1.352988600730896,-0.04150267115142748,-0.3728271467231582,1.3567391025822695,143.31
13,9,1011,215,1046,249,1051.1309814453125,963.1541137695312,546.8471069335938,1028,232,948,233,80,0.10007363185286522,0.7785722702741623,1.5176816582679749,0.09730046073045173,-0.4724242406898327,1.5772092067518884,151.18
13,11,1180,260,1211,298,1051.1309814453125,963.1541137695312,546.8471069335938,1195,279,1149,246,46,0.28592047095298767,0.7748067021369934,1.2899869680404663,0.6050120386104798,-0.6989588076655566,2.742972533481545,138.49
13,12,1141,218,1170,250,1051.1309814453125,963.1541137695312,546.8471069335938,1155,234,1071,234,84,0.2794715017080307,0.7842899203300476,1.5372727513313293,0.2741546766395686,-0.44706977628891315,1.50210400643037,154.65
14,0,839,258,881,296,1051.1309814453125,963.1541137695312,546.8471069335938,860,277,760,276,100,-0.12544475495815277,0.758293741941452,1.2546199560165405,-0.1238251908266875,-0.3239218319953352,1.2617673654015107,127.12
14,1,860,212,898,249,1051.1309814453125,963.1541137695312,546.8471069335938,879,230,798,233,81,-0.1443353146314621,0.7818312287330628,1.5557012557983398,-0.1247133041598587,-0.4695557691617843,1.5577374881500132,158.81
14,2,1078,224,1112,267,1051.1309814453125,963.1541137695312,546.8471069335938,1095,245,1008,247,87,0.19323953241109848,0.801621624827385,1.6001116633415222,0.18191553368030233,-0.4164762293128755,1.4503073165534606,159.57
14,3,964,228,991,266,1051.1309814453125,963.1541137695312,546.8471069335938,977,247,889,247,88,0.02077195793390274,0.7685274422168732,1.432141661643982,0.01888689388669656,-0.4090153852647983,1.4338265515926258,141.31
14,4,1021,266,1057,301,1051.1309814453125,963.1541137695312,546.8471069335938,1039,283,937,283,102,0.09000054001808167,0.7805323541164398,1.3222020864486694,0.0892594717302419,-0.310509304497841,1.2370268288250106,143.1
14,5,945,257,977,295,1051.1309814453125,963.1541137695312,546.8471069335938,961,276,862,275,99,-0.001409368123859167,0.7657979220151901,1.2795244455337524,-0.002611896094081065,-0.32840628508073205,1.2745124903045562,127.78
14,6,1129,244,1159,286,1051.1309814453125,963.1541137695312,546.8471069335938,1144,265,1050,266,94,0.24415500462055206,0.7849218785762787,1.42877995967865,0.23094216574122584,-0.35992182426639374,1.3423057078739475,145.92
14,7,1000,249,1030,282,1051.1309814453125,963.1541137695312,546.8471069335938,1015,265,923,265,92,0.07062338665127754,0.7721493929624558,1.3347793221473694,0.06764706036380097,-0.3677462117504458,1.3714862667407726,138.6
14,8,1180,260,1211,298,1051.1309814453125,963.1541137695312,546.8471069335938,1195,279,1149,247,46,0.3054131865501404,0.7925763219594956,1.3925785422325134,0.6050120386104798,-0.6989588076655566,2.742972533481545,141.29
14,9,914,240,948,277,1051.1309814453125,963.1541137695312,546.8471069335938,931,258,838,260,93,-0.044011376798152924,0.7637402057647705,1.3406312465667725,-0.04150267115142748,-0.3728271467231582,1.3567391025822695,141.51
14,10,1011,216,1045,249,1051.1309814453125,963.1541137695312,546.8471069335938,1028,232,947,233,81,0.09853745624423027,0.7869935423135758,1.567224383354187,0.09609922047452024,-0.4665918426566249,1.5577374881500132,157.49
14,12,1141,218,1170,251,1051.1309814453125,963.1541137695312,546.8471069335938,1155,234,1072,235,83,0.2797130048274994,0.7837696015834809,1.539940357208252,0.2774577450328164,-0.4524561591357674,1.520201645062061,155.78
15,0,838,259,881,296,1051.1309814453125,963.1541137695312,546.8471069335938,859,277,759,276,100,-0.13000601530075073,0.7586678206920624,1.2530934810638428,-0.1250255810612771,-0.3239218319953352,1.2617673654015107,128.62
15,1,861,213,898,249,1051.1309814453125,963.1541137695312,546.8471069335938,879,231,798,233,81,-0.14278431981801987,0.7752990812063217,1.535054326057434,-0.1247133041598587,-0.4680738059092046,1.5577374881500132,155.83
15,2,1078,224,1112,267,1051.1309814453125,963.1541137695312,546.8471069335938,1095,245,1008,247,87,0.18798233568668365,0.786704832315445,1.4570171236991882,0.18191553368030233,-0.4164762293128755,1.4503073165534606,157.54
15,3,963,228,991,266,1051.1309814453125,963.1541137695312,546.8471069335938,977,247,889,247,88,0.017280532978475094,0.7659040629863739,1.4184162616729736,0.01888689388669656,-0.4090153852647983,1.4338265515926258,138.59
15,4,945,259,977,295,1051.1309814453125,963.1541137695312,546.8471069335938,961,277,861,277,100,-0.0001940734582603909,0.7651658892631531,1.2801191210746765,-0.0025857771331402545,-0.3239218319953352,1.2617673654015107,128.79
15,5,1021,266,1057,302,1051.1309814453125,963.1541137695312,546.8471069335938,1039,284,937,283,102,0.08910410106182098,0.7851259648799896,1.335676908493042,0.0892594717302419,-0.3093324513266747,1.2370268288250106,144.85
15,6,1129,244,1159,286,1051.1309814453125,963.1541137695312,546.8471069335938,1144,265,1051,266,93,0.23647872358560562,0.77983737885952,1.3763992190361023,0.2334254148352175,-0.36379195140904313,1.3567391025822695,142.28
15,8,1001,249,1032,281,1051.1309814453125,963.1541137695312,546.8471069335938,1016,265,922,265,94,0.07644684612751007,0.769358777999878,1.3422776460647583,0.0674847720949856,-0.35992182426639374,1.3423057078739475,136.41
15,9,915,240,949,277,1051.1309814453125,963.1541137695312,546.8471069335938,932,258,838,259,94,-0.0439457930624485,0.7692260086536408,1.3531606197357178,-0.03978414248535955,-0.3688609004814225,1.3423057078739475,145.53
15,10,1012,215,1046,248,1051.1309814453125,963.1541137695312,546.8471069335938,1029,231,947,233,82,0.09001285955309868,0.7757354319095612,1.5069692134857178,0.09639116929140361,-0.4623655887639704,1.5387406895140374,151.28
15,12,1141,217,1170,251,1051.1309814453125,963.1541137695312,546.8471069335938,1155,234,1071,235,84,0.27721622586250305,0.7839221000671387,1.5421963930130005,0.2741546766395686,-0.44706977628891315,1.50210400643037,155.96
16,0,839,259,880,296,1051.1309814453125,963.1541137695312,546.8471069335938,859,277,760,276,99,-0.12528811395168304,0.7567145168781281,1.253649353981018,-0.1262884657184617,-0.3271937696922577,1.2745124903045562,127.53
16,1,1078,224,1112,267,1051.1309814453125,963.1541137695312,546.8471069335938,1095,245,1008,247,87,0.18598241358995438,0.7918123096227646,1.5048595666885376,0.18191553368030233,-0.4164762293128755,1.4503073165534606,155.49
16,2,861,212,898,249,1051.1309814453125,963.1541137695312,546.8471069335938,879,230,798,233,81,-0.13712554425001144,0.77582927942276,1.5317562818527222,-0.1247133041598587,-0.4695557691617843,1.5577374881500132,156.64
16,3,964,228,991,266,1051.1309814453125,963.1541137695312,546.8471069335938,977,247,889,247,88,0.021319154649972916,0.7636914491653443,1.4187840819358826,0.01888689388669656,-0.4090153852647983,1.4338265515926258,138.21
16,4,944,259,977,295,1051.1309814453125,963.1541137695312,546.8471069335938,960,277,862,275,98,-0.0007803205007803626,0.7634966015815735,1.2761520743370056,-0.0038634360895202363,-0.33053248162789306,1.2875177197974599,127.56
16,5,1021,266,1056,301,1051.1309814453125,963.1541137695312,546.8471069335938,1038,283,936,284,102,0.0905684232711792,0.782052630186081,1.3152165412902832,0.08808261855907565,-0.310509304497841,1.2370268288250106,140.51
16,6,1129,244,1159,286,1051.1309814453125,963.1541137695312,546.8471069335938,1144,265,1050,266,94,0.23564720153808594,0.7758320510387421,1.3617112636566162,0.23094216574122584,-0.35992182426639374,1.3423057078739475,141.51
16,7,1000,249,1031,282,1051.1309814453125,963.1541137695312,546.8471069335938,1015,265,922,265,93,0.0767730250954628,0.7710825443267822,1.3405089378356934,0.06691967261795363,-0.36379195140904313,1.3567391025822695,138.12
16,8,1012,215,1045,248,1051.1309814453125,963.1541137695312,546.8471069335938,1028,231,947,233,81,0.10298968479037285,0.7839371949434281,1.5475367903709412,0.09609922047452024,-0.4680738059092046,1.5577374881500132,156.71
16,9,1180,260,1212,298,1051.1309814453125,963.1541137695312,546.8471069335938,1196,279,1149,247,47,0.29308024048805237,0.7732721209526062,1.2745987176895142,0.5946934638200219,-0.6840873436726724,2.684611415747895,139.2
16,11,914,240,948,277,1051.1309814453125,963.1541137695312,546.8471069335938,931,258,838,260,93,-0.04499812051653862,0.7697036802768707,1.3555795550346375,-0.04150267115142748,-0.3728271467231582,1.3567391025822695,144.56
16,12,1141,217,1170,250,1051.1309814453125,963.1541137695312,546.8471069335938,1155,233,1072,234,83,0.28015853464603424,0.7824490904808045,1.5418862700462341,0.2774577450328164,-0.4539024124304537,1.520201645062061,155.42
17,0,839,258,881,296,1051.1309814453125,963.1541137695312,546.8471069335938,860,277,760,276,100,-0.12537646293640137,0.7586374372243881,1.2541046142578125,-0.1238251908266875,-0.3239218319953352,1.2617673654015107,127.95
17,1,1078,224,1112,267,1051.1309814453125,963.1541137695312,546.8471069335938,1095,245,1007,246,88,0.17943769693374634,0.781243646144867,1.4814056158065796,0.17984831170666252,-0.4117435448888655,1.4338265515926258,151.37
17,2,964,227,991,266,1051.1309814453125,963.1541137695312,546.8471069335938,977,246,888,247,89,0.01995940413326025,0.7631514459848404,1.403496503829956,0.018674681595834804,-0.40576845985124954,1.4177161409005739,137.2
17,3,862,213,898,249,1051.1309814453125,963.1541137695312,546.8471069335938,880,231,798,233,82,-0.13913308084011078,0.7761166036128998,1.5318723917007446,-0.1217285196767024,-0.4623655887639704,1.5387406895140374,156.29
17,4,1020,266,1056,302,1051.1309814453125,963.1541137695312,546.8471069335938,1038,284,937,283,101,0.08815853670239449,0.7773862421512604,1.3410685062408447,0.08895472369332393,-0.31239514886456254,1.2492746192094166,137.72
17,5,1129,245,1159,287,1051.1309814453125,963.1541137695312,546.8471069335938,1144,266,1051,267,93,0.23613740503787994,0.7770824074745178,1.3635181188583374,0.2334254148352175,-0.3625012092213124,1.3567391025822695,141.57
17,6,945,258,977,295,1051.1309814453125,963.1541137695312,546.8471069335938,961,276,862,276,99,-0.0014093673671595752,0.7663465827703476,1.2815357446670532,-0.002611896094081065,-0.32840628508073205,1.2745124903045562,130.3
17,7,1180,261,1211,298,1051.1309814453125,963.1541137695312,546.8471069335938,1195,279,1149,247,46,0.2918226271867752,0.7846709579229355,1.3908334970474243,0.6050120386104798,-0.6989588076655566,2.742972533481545,143.02
17,8,1000,249,1031,281,1051.1309814453125,963.1541137695312,546.8471069335938,1015,265,923,265,92,0.07570730894804001,0.7715693950653076,1.3509056568145752,0.06764706036380097,-0.3677462117504458,1.3714862667407726,137.17
17,9,915,240,948,277,1051.1309814453125,963.1541137695312,546.8471069335938,931,258,838,259,93,-0.04113980196416378,0.7670333772897721,1.343205451965332,-0.04150267115142748,-0.3728271467231582,1.3567391025822695,139.84
17,11,1012,216,1046,248,1051.1309814453125,963.1541137695312,546.8471069335938,1029,232,947,232,82,0.10203035548329353,0.777730205655098,1.5296288132667542,0.09639116929140361,-0.46090169823398314,1.5387406895140374,152.29
17,12,1141,217,1169,251,1051.1309814453125,963.1541137695312,546.8471069335938,1155,234,1071,234,84,0.2799164950847626,0.7837686181068421,1.5394619703292847,0.2741546766395686,-0.44706977628891315,1.50210400643037,155.51
18,0,839,258,880,296,1051.1309814453125,963.1541137695312,546.8471069335938,859,277,759,276,100,-0.12652520835399628,0.7567632138729096,1.2538775205612183,-0.1250255810612771,-0.3239218319953352,1.2617673654015107,126.72
18,1,1078,225,1112,267,1051.1309814453125,963.1541137695312,546.8471069335938,1095,246,1008,247,87,0.19529519975185394,0.8127347469329834,1.6895852088928223,0.18191553368030233,-0.4150964704225426,1.4503073165534606,163.66
18,2,861,212,897,249,1051.1309814453125,963.1541137695312,546.8471069335938,879,230,798,234,81,-0.141606405377388,0.778659188747406,1.539928913116455,-0.1247133041598587,-0.4695557691617843,1.5577374881500132,156.19
18,3,1021,267,1057,301,1051.1309814453125,963.1541137695312,546.8471069335938,1039,284,937,283,102,0.09073502942919731,0.7844250589609146,1.3221432566642761,0.0892594717302419,-0.3093324513266747,1.2370268288250106,143.33
18,4,964,228,991,267,1051.1309814453125,963.1541137695312,546.8471069335938,977,247,889,247,88,0.017294022254645824,0.7643466234207154,1.4188284873962402,0.01888689388669656,-0.4090153852647983,1.4338265515926258,138.06
18,5,945,257,977,295,1051.1309814453125,963.1541137695312,546.8471069335938,961,276,862,276,99,-0.0038401433266699314,0.7654182851314545,1.2818284034729004,-0.002611896094081065,-0.32840628508073205,1.2745124903045562,129.34
18,6,1129,244,1159,286,1051.1309814453125,963.1541137695312,546.8471069335938,1144,265,1050,266,94,0.23786760866641998,0.7751994371414185,1.374896764755249,0.23094216574122584,-0.35992182426639374,1.3423057078739475,142.41
18,7,1000,249,1029,282,1051.1309814453125,963.1541137695312,546.8471069335938,1014,265,922,265,92,0.07421830296516418,0.7691386282444,1.3442360162734985,0.06634228836968187,-0.3677462117504458,1.3714862667407726,135.46
18,8,915,240,947,277,1051.1309814453125,963.1541137695312,546.8471069335938,931,258,839,260,92,-0.04622413590550423,0.7585396111011505,1.3199585676193237,-0.041953787142203866,-0.3768796157092795,1.3714862667407726,130.5
18,9,1180,261,1212,298,1051.1309814453125,963.1541137695312,546.8471069335938,1196,279,1148,247,48,0.2891727089881897,0.7704850971698761,1.2658902406692505,0.5823040166571047,-0.6698355240128251,2.6286820112531473,138.1
18,11,1012,215,1046,248,1051.1309814453125,963.1541137695312,546.8471069335938,1029,231,947,233,82,0.09507341682910919,0.7772980123758316,1.5317500829696655,0.09639116929140361,-0.4623655887639704,1.5387406895140374,151.86
18,12,1141,217,1170,251,1051.1309814453125,963.1541137695312,546.8471069335938,1155,234,1071,234,84,0.27802422642707825,0.7848515450954437,1.5369372367858887,0.2741546766395686,-0.44706977628891315,1.50210400643037,155.18
19,0,839,259,881,296,1051.1309814453125,963.1541137695312,546.8471069335938,860,277,760,276,100,-0.1317238286137581,0.7576463609933853,1.2504096031188965,-0.1238251908266875,-0.3239218319953352,1.2617673654015107,127.47
19,1,861,213,898,249,1051.1309814453125,963.1541137695312,546.8471069335938,879,231,798,234,81,-0.14308375120162964,0.7770837783813477,1.5336418747901917,-0.1247133041598587,-0.4680738059092046,1.5577374881500132,157.63
19,2,1078,224,1111,267,1051.1309814453125,963.1541137695312,546.8471069335938,1094,245,1008,247,86,0.18472400307655334,0.7875052630901337,1.4631980657577515,0.18263502798520168,-0.42131897616535074,1.4671713551180356,154.83
19,3,963,228,991,266,1051.1309814453125,963.1541137695312,546.8471069335938,977,247,889,247,88,0.018531763926148415,0.7628023564815521,1.4122446775436401,0.01888689388669656,-0.4090153852647983,1.4338265515926258,137.43
19,4,944,258,977,294,1051.1309814453125,963.1541137695312,546.8471069335938,960,276,862,276,98,-0.001413619436789304,0.7634154796600342,1.278060257434845,-0.0038634360895202363,-0.3317573696223722,1.2875177197974599,128.06
19,5,1020,266,1057,302,1051.1309814453125,963.1541137695312,546.8471069335938,1038,284,937,283,101,0.08865788206458092,0.7804836124181748,1.300433337688446,0.08895472369332393,-0.31239514886456254,1.2492746192094166,136.02
19,6,1000,249,1032,281,1051.1309814453125,963.1541137695312,546.8471069335938,1016,265,922,265,94,0.07592572271823883,0.7713930249214173,1.3415817618370056,0.0674847720949856,-0.35992182426639374,1.3423057078739475,138.3
19,7,1129,244,1159,286,1051.1309814453125,963.1541137695312,546.8471069335938,1144,265,1050,266,94,0.23586270213127136,0.7763858675956726,1.3652305603027344,0.23094216574122584,-0.35992182426639374,1.3423057078739475,141.29
19,8,914,240,948,278,1051.1309814453125,963.1541137695312,546.8471069335938,931,259,838,260,93,-0.04592559486627579,0.7672726154327393,1.3468981981277466,-0.04150267115142748,-0.3715364045354275,1.3567391025822695,143.86
19,9,1180,260,1211,299,1051.1309814453125,963.1541137695312,546.8471069335938,1195,279,1148,247,47,0.28448760509490967,0.7714769780635834,1.268156886100769,0.5921394420442994,-0.6840873436726724,2.684611415747895,142.49
19,10,1012,215,1046,248,1051.1309814453125,963.1541137695312,546.8471069335938,1029,231,947,233,82,0.10108444094657898,0.7865199834108353,1.5609183311462402,0.09639116929140361,-0.4623655887639704,1.5387406895140374,156.36
19,12,1140,217,1169,251,1051.1309814453125,963.1541137695312,546.8471069335938,1154,234,1072,234,82,0.28002551198005676,0.7858844339847565,1.538894772529602,0.2793774855398147,-0.45797391717400854,1.5387406895140374,155.84
20,0,840,258,881,296,1051.1309814453125,963.1541137695312,546.8471069335938,860,277,760,276,100,-0.12644748389720917,0.7581310957670212,1.2520872354507446,-0.1238251908266875,-0.3239218319953352,1.2617673654015107,127.99
20,1,861,213,897,249,1051.1309814453125,963.1541137695312,546.8471069335938,879,231,798,234,81,-0.1411159485578537,0.7793632835149765,1.5399845242500305,-0.1247133041598587,-0.4680738059092046,1.5577374881500132,159.86
20,2,1078,226,1111,267,1051.1309814453125,963.1541137695312,546.8471069335938,1094,246,1008,247,86,0.18754654377698898,0.7933797478675843,1.5186793208122253,0.18263502798520168,-0.4199231735669908,1.4671713551180356,155.76
20,3,964,228,991,265,1051.1309814453125,963.1541137695312,546.8471069335938,977,246,889,246,88,0.018649501726031303,0.7656202256679535,1.4210962653160095,0.01888689388669656,-0.41037946507683193,1.4338265515926258,139.22
20,4,1129,244,1159,287,1051.1309814453125,963.1541137695312,546.8471069335938,1144,265,1050,266,94,0.23969410359859467,0.7816850185394287,1.4213617444038391,0.23094216574122584,-0.35992182426639374,1.3423057078739475,144.15
20,5,1021,266,1057,302,1051.1309814453125,963.1541137695312,546.8471069335938,1039,284,937,283,102,0.09056825190782547,0.7822550475597382,1.316205382347107,0.0892594717302419,-0.3093324513266747,1.2370268288250106,141.12
20,6,945,258,977,294,1051.1309814453125,963.1541137695312,546.8471069335938,961,276,862,276,99,-0.00018847484898287803,0.765127831697464,1.2784068584442139,-0.002611896094081065,-0.32840628508073205,1.2745124903045562,129.42
20,7,1001,248,1031,281,1051.1309814453125,963.1541137695312,546.8471069335938,1016,264,922,265,94,0.07608071714639664,0.7700594604015351,1.331684947013855,0.0674847720949856,-0.361198835154255,1.3423057078739475,137.58
20,8,915,241,948,278,1051.1309814453125,963.1541137695312,546.8471069335938,931,259,838,260,93,-0.045094408094882965,0.7676296472549439,1.3457871675491333,-0.04150267115142748,-0.3715364045354275,1.3567391025822695,144.33
20,10,1011,215,1046,248,1051.1309814453125,963.1541137695312,546.8471069335938,1028,231,947,232,81,0.1003904864192009,0.7772506415843964,1.5281606912612915,0.09609922047452024,-0.4680738059092046,1.5577374881500132,153.78
20,12,1140,218,1170,251,1051.1309814453125,963.1541137695312,546.8471069335938,1155,234,1071,235,84,0.27543358504772186,0.7831100314855576,1.5252883434295654,0.2741546766395686,-0.44706977628891315,1.50210400643037,153.27
21,0,839,259,881,296,1051.1309814453125,963.1541137695312,546.8471069335938,860,277,759,277,101,-0.12690409272909164,0.7578696101903916,1.252493143081665,-0.12259919883830447,-0.3207146851438963,1.2492746192094166,127.38
21,1,861,212,898,248,1051.1309814453125,963.1541137695312,546.8471069335938,879,230,798,234,81,-0.12393465638160706,0.7751509785652161,1.5286499857902527,-0.1247133041598587,-0.4695557691617843,1.5577374881500132,152.4
21,2,1078,225,1112,267,1051.1309814453125,963.1541137695312,546.8471069335938,1095,246,1008,247,87,0.17928972840309143,0.7792902678251267,1.4706488847732544,0.18191553368030233,-0.4150964704225426,1.4503073165534606,150.38
21,3,964,228,991,267,1051.1309814453125,963.1541137695312,546.8471069335938,977,247,889,247,88,0.023456070572137833,0.7624962270259857,1.3958001136779785,0.01888689388669656,-0.4090153852647983,1.4338265515926258,136.82
21,4,1021,266,1056,302,1051.1309814453125,963.1541137695312,546.8471069335938,1038,284,937,283,101,0.09044463187456131,0.7820800483226776,1.3349608182907104,0.08895472369332393,-0.31239514886456254,1.2492746192094166,137.27
21,5,1129,245,1159,287,1051.1309814453125,963.1541137695312,546.8471069335938,1144,266,1051,266,93,0.23882075399160385,0.7828008323907852,1.4084575772285461,0.2334254148352175,-0.3625012092213124,1.3567391025822695,144.12
21,6,944,258,977,294,1051.1309814453125,963.1541137695312,546.8471069335938,960,276,863,275,97,-0.0026384645607322454,0.7655657172203064,1.2812161445617676,-0.003903265327556527,-0.33517754869064414,1.300791098352073,128.41
21,9,1000,249,1031,280,1051.1309814453125,963.1541137695312,546.8471069335938,1015,264,922,265,93,0.07579516619443893,0.7714186549186707,1.3526338338851929,0.06691967261795363,-0.3650826935967738,1.3567391025822695,137.32
21,10,1012,215,1045,248,1051.1309814453125,963.1541137695312,546.8471069335938,1028,231,947,233,81,0.10148871690034866,0.7742835372686386,1.5230914950370789,0.09609922047452024,-0.4680738059092046,1.5577374881500132,151.04
21,11,915,240,948,277,1051.1309814453125,963.1541137695312,546.8471069335938,931,258,838,259,93,-0.04450980946421623,0.769570255279541,1.3528178930282593,-0.04150267115142748,-0.3728271467231582,1.3567391025822695,151.05
21,12,1141,218,1169,251,1051.1309814453125,963.1541137695312,546.8471069335938,1155,234,1071,234,84,0.27540266513824463,0.7844714760780335,1.5357530117034912,0.2741546766395686,-0.44706977628891315,1.50210400643037,155.1
22,0,839,258,880,296,1051.1309814453125,963.1541137695312,546.8471069335938,859,277,760,277,99,-0.12416698038578033,0.7563643395900727,1.2540359497070312,-0.1262884657184617,-0.3271937696922577,1.2745124903045562,126.95
22,1,861,212,897,248,1051.1309814453125,963.1541137695312,546.8471069335938,879,230,798,233,81,-0.13932819664478302,0.7760274648666382,1.5286197066307068,-0.1247133041598587,-0.4695557691617843,1.5577374881500132,156.28
22,2,1078,225,1112,267,1051.1309814453125,963.1541137695312,546.8471069335938,1095,246,1008,247,87,0.19062969833612442,0.791678273677826,1.5045515298843384,0.18191553368030233,-0.4150964704225426,1.4503073165534606,159.22
22,3,1020,266,1057,302,1051.1309814453125,963.1541137695312,546.8471069335938,1038,284,937,283,101,0.08891600370407104,0.7830464482307434,1.331821084022522,0.08895472369332393,-0.31239514886456254,1.2492746192094166,142.28
22,4,964,228,991,266,1051.1309814453125,963.1541137695312,546.8471069335938,977,247,889,247,88,0.023448888212442398,0.7611605018377304,1.4002605676651,0.01888689388669656,-0.4090153852647983,1.4338265515926258,136.91
22,5,945,258,977,294,1051.1309814453125,963.1541137695312,546.8471069335938,961,276,862,276,99,-0.0014217240968719125,0.7668802976608277,1.285536527633667,-0.002611896094081065,-0.32840628508073205,1.2745124903045562,129.3
22,6,1129,245,1159,287,1051.1309814453125,963.1541137695312,546.8471069335938,1144,266,1050,266,94,0.23593007773160934,0.7765518367290497,1.366763174533844,0.23094216574122584,-0.3586448133785325,1.3423057078739475,141.37
22,7,1000,248,1031,281,1051.1309814453125,963.1541137695312,546.8471069335938,1015,264,922,266,93,0.07578567415475845,0.7714072853326798,1.3525141477584839,0.06691967261795363,-0.3650826935967738,1.3567391025822695,137.38
22,8,915,241,948,278,1051.1309814453125,963.1541137695312,546.8471069335938,931,259,838,259,93,-0.04415902867913246,0.7658098578453064,1.3436546325683594,-0.04150267115142748,-0.3715364045354275,1.3567391025822695,144.77
22,9,1180,261,1211,298,1051.1309814453125,963.1541137695312,546.8471069335938,1195,279,1149,247,46,0.2849425971508026,0.769605302810669,1.2649685144424438,0.6050120386104798,-0.6989588076655566,2.742972533481545,134.8
22,11,1012,216,1046,248,1051.1309814453125,963.1541137695312,546.8471069335938,1029,232,947,233,82,0.10247742012143135,0.7907269984483719,1.5638461709022522,0.09639116929140361,-0.46090169823398314,1.5387406895140374,158.86
22,12,1141,218,1170,251,1051.1309814453125,963.1541137695312,546.8471069335938,1155,234,1071,234,84,0.27978649735450745,0.7848604112863541,1.5368427634239197,0.2741546766395686,-0.44706977628891315,1.50210400643037,155.15
23,0,839,258,881,296,1051.1309814453125,963.1541137695312,546.8471069335938,860,277,759,277,101,-0.12602035701274872,0.7592760562896729,1.2533302307128906,-0.12259919883830447,-0.3207146851438963,1.2492746192094166,127.43
23,1,861,213,898,248,1051.1309814453125,963.1541137695312,546.8471069335938,879,230,798,233,81,-0.14846986532211304,0.7816560655832291,1.5605978965759277,-0.1247133041598587,-0.4695557691617843,1.5577374881500132,162.93
23,2,1078,225,1112,267,1051.1309814453125,963.1541137695312,546.8471069335938,1095,246,1008,247,87,0.18180203437805176,0.7849122226238251,1.488770842552185,0.18191553368030233,-0.4150964704225426,1.4503073165534606,152.94
23,3,1021,266,1057,302,1051.1309814453125,963.1541137695312,546.8471069335938,1039,284,936,283,103,0.09100634604692459,0.7794621527194977,1.3119676113128662,0.08839287491732693,-0.3063292236438914,1.2250168596131172,137.93
23,4,945,258,977,295,1051.1309814453125,963.1541137695312,546.8471069335938,961,276,862,275,99,-0.0038554599741473794,0.7673974126577378,1.284952163696289,-0.002611896094081065,-0.32840628508073205,1.2745124903045562,130.24
23,5,964,227,991,267,1051.1309814453125,963.1541137695312,546.8471069335938,977,247,889,247,88,0.017406048253178596,0.7660955578088761,1.4171294569969177,0.01888689388669656,-0.4090153852647983,1.4338265515926258,138.48
23,6,1129,244,1159,286,1051.1309814453125,963.1541137695312,546.8471069335938,1144,265,1051,266,93,0.23459286242723465,0.7761336505413056,1.3617406487464905,0.2334254148352175,-0.36379195140904313,1.3567391025822695,141.43
23,8,915,240,948,278,1051.1309814453125,963.1541137695312,546.8471069335938,931,259,838,260,93,-0.04266016185283661,0.768612140417099,1.4074522852897644,-0.04150267115142748,-0.3715364045354275,1.3567391025822695,142.0
23,9,1000,249,1031,281,1051.1309814453125,963.1541137695312,546.8471069335938,1015,265,922,265,93,0.07593739032745361,0.7695836365222931,1.3341909646987915,0.06691967261795363,-0.36379195140904313,1.3567391025822695,137.46
23,11,1011,215,1046,248,1051.1309814453125,963.1541137695312,546.8471069335938,1028,231,947,232,81,0.10200445353984833,0.7766611516475678,1.5283557176589966,0.09609922047452024,-0.4680738059092046,1.5577374881500132,152.03
23,12,1140,217,1169,251,1051.1309814453125,963.1541137695312,546.8471069335938,1154,234,1071,235,83,0.2778463363647461,0.7843786865472794,1.5357326865196228,0.27601149173813017,-0.4524561591357674,1.520201645062061,155.01
24,0,839,259,881,296,1051.1309814453125,963.1541137695312,546.8471069335938,860,277,760,277,100,-0.12756583839654922,0.7581776767969132,1.2513236999511719,-0.1238251908266875,-0.3239218319953352,1.2617673654015107,127.77
24,1,1078,224,1112,267,1051.1309814453125,963.1541137695312,546.8471069335938,1095,245,1008,247,87,0.182949960231781,0.7777928501367569,1.4726354479789734,0.18191553368030233,-0.4164762293128755,1.4503073165534606,149.96
24,2,964,228,991,266,1051.1309814453125,963.1541137695312,546.8471069335938,977,247,889,247,88,0.016081636771559715,0.7694452047348023,1.4327906966209412,0.01888689388669656,-0.4090153852647983,1.4338265515926258,140.97
24,3,1021,266,1057,301,1051.1309814453125,963.1541137695312,546.8471069335938,1039,283,937,283,102,0.09058598428964615,0.7821538388729096,1.3136427402496338,0.0892594717302419,-0.310509304497841,1.2370268288250106,137.67
24,4,945,258,977,294,1051.1309814453125,963.1541137695312,546.8471069335938,961,276,862,276,99,-0.00141171645373106,0.7658149987459183,1.2791250944137573,-0.002611896094081065,-0.32840628508073205,1.2745124903045562,130.22
24,5,861,213,898,248,1051.1309814453125,963.1541137695312,546.8471069335938,879,230,799,234,80,-0.14075040817260742,0.78740673661232,1.679345726966858,-0.12627222046185693,-0.47542521627630663,1.5772092067518884,166.77
24,6,1129,244,1159,286,1051.1309814453125,963.1541137695312,546.8471069335938,1144,265,1050,266,94,0.2345205694437027,0.7757937401533127,1.3797193765640259,0.23094216574122584,-0.35992182426639374,1.3423057078739475,142.15
24,7,999,248,1030,281,1051.1309814453125,963.1541137695312,546.8471069335938,1014,264,923,265,91,0.07578909024596214,0.767969810962677,1.324461817741394,0.06707132450561243,-0.3731064890604392,1.3865575443972644,136.39
24,8,915,241,949,278,1051.1309814453125,963.1541137695312,546.8471069335938,932,259,838,260,94,-0.04193512350320816,0.7672176599502564,1.3474526405334473,-0.03978414248535955,-0.36758388959356125,1.3423057078739475,143.03
24,9,1180,262,1211,298,1051.1309814453125,963.1541137695312,546.8471069335938,1195,280,1149,246,46,0.28660982847213745,0.7712927103042603,1.2738627195358276,0.6050120386104798,-0.6963492636773184,2.742972533481545,138.78
24,11,1012,216,1046,249,1051.1309814453125,963.1541137695312,546.8471069335938,1029,232,947,232,82,0.10178803279995918,0.7750373721122742,1.5247334837913513,0.09639116929140361,-0.46090169823398314,1.5387406895140374,151.03
24,12,1140,218,1169,251,1051.1309814453125,963.1541137695312,546.8471069335938,1154,234,1072,235,82,0.27531126141548157,0.7843338489532471,1.535305142402649,0.2793774855398147,-0.45797391717400854,1.5387406895140374,154.9
25,0,839,258,881,296,1051.1309814453125,963.1541137695312,546.8471069335938,860,277,760,276,100,-0.12401162832975388,0.755611801147461,1.253267765045166,-0.1238251908266875,-0.3239218319953352,1.2617673654015107,126.89
25,1,861,212,897,249,1051.1309814453125,963.1541137695312,546.8471069335938,879,230,798,233,81,-0.1439066305756569,0.7791476786136627,1.5357936024665833,-0.1247133041598587,-0.4695557691617843,1.5577374881500132,163.21
25,2,1078,224,1112,267,1051.1309814453125,963.1541137695312,546.8471069335938,1095,245,1008,247,87,0.19009169191122055,0.8119667410850525,1.6499325633049011,0.18191553368030233,-0.4164762293128755,1.4503073165534606,160.1
25,3,1129,245,1159,286,1051.1309814453125,963.1541137695312,546.8471069335938,1144,265,1050,266,94,0.23515091836452484,0.7779256790876389,1.3634472489356995,0.23094216574122584,-0.35992182426639374,1.3423057078739475,141.9
25,4,964,228,991,267,1051.1309814453125,963.1541137695312,546.8471069335938,977,247,889,247,88,0.018499935045838356,0.7619606494903565,1.395241141319275,0.01888689388669656,-0.4090153852647983,1.4338265515926258,137.03
25,5,945,258,977,295,1051.1309814453125,963.1541137695312,546.8471069335938,961,276,862,275,99,-0.002657253760844469,0.7668640553951264,1.2881522178649902,-0.002611896094081065,-0.32840628508073205,1.2745124903045562,130.59
25,6,999,249,1030,283,1051.1309814453125,963.1541137695312,546.8471069335938,1014,266,922,265,92,0.07439824938774109,0.7716206550598145,1.3461607694625854,0.06634228836968187,-0.3664414397563267,1.3714862667407726,136.64
25,7,1022,266,1057,301,1051.1309814453125,963.1541137695312,546.8471069335938,1039,283,937,283,102,0.09082528948783875,0.781753534078598,1.3276935815811157,0.0892594717302419,-0.310509304497841,1.2370268288250106,142.46
25,8,1181,261,1211,298,1051.1309814453125,963.1541137695312,546.8471069335938,1196,279,1148,247,48,0.2891756296157837,0.7772073388099671,1.2795369625091553,0.5823040166571047,-0.6698355240128251,2.6286820112531473,147.36
25,9,915,240,949,278,1051.1309814453125,963.1541137695312,546.8471069335938,932,259,839,261,93,-0.04334462061524391,0.7717962205410004,1.449211835861206,-0.040211928963696755,-0.3715364045354275,1.3567391025822695,141.24
25,10,1012,216,1043,250,1051.1309814453125,963.1541137695312,546.8471069335938,1027,233,947,232,80,0.09524277597665787,0.7806687593460083,1.5382928848266602,0.09579997293721476,-0.4709237528965957,1.5772092067518884,152.84
25,12,1141,217,1170,250,1051.1309814453125,963.1541137695312,546.8471069335938,1155,233,1071,235,84,0.2795397937297821,0.7847744464874268,1.5367083549499512,0.2741546766395686,-0.4484988122824721,1.50210400643037,155.7
26,0,839,258,881,296,1051.1309814453125,963.1541137695312,546.8471069335938,860,277,860,277,0,-0.12362378090620041,0.7585674017667771,1.2535488605499268,-inf,-inf,inf,127.12
26,1,1078,225,1111,267,1051.1309814453125,963.1541137695312,546.8471069335938,1094,246,1008,247,86,0.1862499713897705,0.7988303244113922,1.614058017730713,0.18263502798520168,-0.4199231735669908,1.4671713551180356,161.16
26,2,861,212,898,248,1051.1309814453125,963.1541137695312,546.8471069335938,879,230,798,233,81,-0.1452953964471817,0.7820911645889282,1.5495672225952148,-0.1247133041598587,-0.4695557691617843,1.5577374881500132,164.86
26,3,963,228,991,266,1051.1309814453125,963.1541137695312,546.8471069335938,977,247,889,247,88,0.019858166575431824,0.7618189096450806,1.398944079875946,0.01888689388669656,-0.4090153852647983,1.4338265515926258,136.8
26,4,945,258,977,295,1051.1309814453125,963.1541137695312,546.8471069335938,961,276,760,276,201,-0.0015377560630440712,0.7651561141014099,1.2817238569259644,-0.0012864562851444053,-0.16175234936812177,0.6277449579111993,129.34
26,5,1021,266,1058,301,1051.1309814453125,963.1541137695312,546.8471069335938,1039,283,937,283,102,0.09129922091960907,0.7851815760135651,1.3347099423408508,0.0892594717302419,-0.310509304497841,1.2370268288250106,141.48
26,6,1130,245,1159,287,1051.1309814453125,963.1541137695312,546.8471069335938,1144,266,1050,266,94,0.2531234472990036,0.7873672187328339,1.5092231631278992,0.23094216574122584,-0.3586448133785325,1.3423057078739475,149.26
26,7,1180,262,1212,298,1051.1309814453125,963.1541137695312,546.8471069335938,1196,280,1149,247,47,0.29254424571990967,0.7843990862369538,1.3160020112991333,0.5946934638200219,-0.6815333218969499,2.684611415747895,141.83
26,8,915,240,948,277,1051.1309814453125,963.1541137695312,546.8471069335938,931,258,838,259,93,-0.04173748567700386,0.7673352301120758,1.3471060991287231,-0.04150267115142748,-0.3728271467231582,1.3567391025822695,142.48
26,9,999,249,1029,283,1051.1309814453125,963.1541137695312,546.8471069335938,1014,266,923,264,91,0.0740048736333847,0.7690589815378189,1.338807761669159,0.06707132450561243,-0.37046826876463795,1.3865575443972644,135.46
26,10,1011,216,1046,248,1051.1309814453125,963.1541137695312,546.8471069335938,1028,232,947,233,81,0.10222338140010834,0.7840790390968323,1.5554167032241821,0.09609922047452024,-0.4665918426566249,1.5577374881500132,155.0
26,12,1141,218,1170,251,1051.1309814453125,963.1541137695312,546.8471069335938,1155,234,1072,235,83,0.27735401690006256,0.7841175585985184,1.5305637121200562,0.2774577450328164,-0.4524561591357674,1.520201645062061,154.66
27,0,839,258,881,297,1051.1309814453125,963.1541137695312,546.8471069335938,860,277,760,277,100,-0.1310969889163971,0.7578645139932633,1.2487059235572815,-0.1238251908266875,-0.3239218319953352,1.2617673654015107,127.6
27,1,1078,225,1112,267,1051.1309814453125,963.1541137695312,546.8471069335938,1095,246,1008,247,87,0.1880125254392624,0.7805002570152283,1.5368634462356567,0.18191553368030233,-0.4150964704225426,1.4503073165534606,154.33
27,2,963,228,991,267,1051.1309814453125,963.1541137695312,546.8471069335938,977,247,889,247,88,0.018838227726519108,0.7679388463497162,1.4324193000793457,0.01888689388669656,-0.4090153852647983,1.4338265515926258,140.72
27,3,861,213,898,249,1051.1309814453125,963.1541137695312,546.8471069335938,879,231,798,233,81,-0.1365349292755127,0.7737281560897827,1.5271487832069397,-0.1247133041598587,-0.4680738059092046,1.5577374881500132,153.68
27,4,1020,266,1058,301,1051.1309814453125,963.1541137695312,546.8471069335938,1039,283,937,283,102,0.09007714688777924,0.7829683363437653,1.3302046060562134,0.0892594717302419,-0.310509304497841,1.2370268288250106,141.25
27,5,944,258,977,295,1051.1309814453125,963.1541137695312,546.8471069335938,960,276,862,276,98,-0.0015988880768418312,0.7676130473613739,1.2799930572509766,-0.0038634360895202363,-0.3317573696223722,1.2875177197974599,130.66
27,6,1129,245,1159,286,1051.1309814453125,963.1541137695312,546.8471069335938,1144,265,1050,266,94,0.2449847310781479,0.7835622370243073,1.4968022108078003,0.23094216574122584,-0.35992182426639374,1.3423057078739475,146.67
27,7,1180,261,1212,298,1051.1309814453125,963.1541137695312,546.8471069335938,1196,279,1149,247,47,0.28949791193008423,0.7712217211723328,1.2739152908325195,0.5946934638200219,-0.6840873436726724,2.684611415747895,138.09
27,8,1000,248,1030,280,1051.1309814453125,963.1541137695312,546.8471069335938,1015,264,923,264,92,0.07531307265162468,0.7687659800052643,1.3419820666313171,0.06764706036380097,-0.3690509837445649,1.3714862667407726,137.28
27,10,1011,215,1046,248,1051.1309814453125,963.1541137695312,546.8471069335938,1028,231,947,233,81,0.10326167941093445,0.7835927844047547,1.5482568740844727,0.09609922047452024,-0.4680738059092046,1.5577374881500132,155.05
27,11,914,239,948,278,1051.1309814453125,963.1541137695312,546.8471069335938,931,258,838,259,93,-0.04505377635359764,0.7887546360492707,1.5306944251060486,-0.04150267115142748,-0.3728271467231582,1.3567391025822695,145.08
27,12,1140,217,1170,251,1051.1309814453125,963.1541137695312,546.8471069335938,1155,234,1071,234,84,0.27857136726379395,0.7825653493404389,1.5359598398208618,0.2741546766395686,-0.44706977628891315,1.50210400643037,155.06
28,0,839,259,880,296,1051.1309814453125,963.1541137695312,546.8471069335938,859,277,760,277,99,-0.12645483016967773,0.7581986129283905,1.2530272006988525,-0.1262884657184617,-0.3271937696922577,1.2745124903045562,127.72
28,1,1078,225,1112,267,1051.1309814453125,963.1541137695312,546.8471069335938,1095,246,1008,247,87,0.1968291997909546,0.7896658569574356,1.553627073764801,0.18191553368030233,-0.4150964704225426,1.4503073165534606,159.15
28,2,861,213,898,248,1051.1309814453125,963.1541137695312,546.8471069335938,879,230,798,233,81,-0.13205096125602722,0.7756043612957001,1.5363154411315918,-0.1247133041598587,-0.4695557691617843,1.5577374881500132,154.68
28,3,945,259,977,295,1051.1309814453125,963.1541137695312,546.8471069335938,961,277,863,275,98,-0.00020407424017321318,0.7644124269485474,1.2861239910125732,-0.0026385480950410762,-0.33053248162789306,1.2875177197974599,129.53
28,4,964,228,991,266,1051.1309814453125,963.1541137695312,546.8471069335938,977,247,889,247,88,0.0197049668058753,0.7636239022016525,1.3987279534339905,0.01888689388669656,-0.4090153852647983,1.4338265515926258,137.56
28,5,1021,266,1057,301,1051.1309814453125,963.1541137695312,546.8471069335938,1039,283,937,282,102,0.09138911962509155,0.7845696747303009,1.3265776634216309,0.0892594717302419,-0.310509304497841,1.2370268288250106,145.12
28,6,1130,245,1159,287,1051.1309814453125,963.1541137695312,546.8471069335938,1144,266,1050,266,94,0.2379220873117447,0.7785009980201721,1.3697161078453064,0.23094216574122584,-0.3586448133785325,1.3423057078739475,142.19
28,7,1000,249,1030,283,1051.1309814453125,963.1541137695312,546.8471069335938,1015,266,923,264,92,0.07541199401021004,0.7728055655956269,1.3430667519569397,0.06764706036380097,-0.3664414397563267,1.3714862667407726,136.83
28,9,1011,215,1046,248,1051.1309814453125,963.1541137695312,546.8471069335938,1028,231,946,233,82,0.09005314856767654,0.7794162273406983,1.519940435886383,0.09492727876141632,-0.4623655887639704,1.5387406895140374,152.49
28,11,914,240,948,277,1051.1309814453125,963.1541137695312,546.8471069335938,931,258,839,260,92,-0.04266073927283287,0.7661846518516541,1.3437957763671875,-0.041953787142203866,-0.3768796157092795,1.3714862667407726,141.81
28,12,1140,217,1169,251,1051.1309814453125,963.1541137695312,546.8471069335938,1154,234,1071,234,83,0.2751598358154297,0.7829392194747925,1.5302006006240845,0.27601149173813017,-0.4524561591357674,1.520201645062061,154.51
29,0,839,258,881,296,1051.1309814453125,963.1541137695312,546.8471069335938,860,277,760,277,100,-0.12419130653142929,0.7569486737251282,1.2546696662902832,-0.1238251908266875,-0.3239218319953352,1.2617673654015107,127.28
29,1,861,213,898,249,1051.1309814453125,963.1541137695312,546.8471069335938,879,231,798,233,81,-0.13663530349731445,0.7784643709659577,1.5384392738342285,-0.1247133041598587,-0.4680738059092046,1.5577374881500132,153.76
29,2,1078,224,1112,267,1051.1309814453125,963.1541137695312,546.8471069335938,1095,245,1007,246,88,0.17943371832370758,0.7823316097259522,1.475970983505249,0.17984831170666252,-0.4117435448888655,1.4338265515926258,151.89
29,3,964,227,991,266,1051.1309814453125,963.1541137695312,546.8471069335938,977,246,889,247,88,0.016050666570663452,0.7697904199361801,1.430831253528595,0.01888689388669656,-0.41037946507683193,1.4338265515926258,141.04
29,4,1021,266,1057,302,1051.1309814453125,963.1541137695312,546.8471069335938,1039,284,936,283,103,0.09437677264213562,0.7901969790458679,1.337732195854187,0.08839287491732693,-0.3063292236438914,1.2250168596131172,139.62
29,5,945,257,977,295,1051.1309814453125,963.1541137695312,546.8471069335938,961,276,862,275,99,-0.0026316604344174266,0.7679436594247818,1.2801745533943176,-0.002611896094081065,-0.32840628508073205,1.2745124903045562,131.13
29,6,1129,244,1159,286,1051.1309814453125,963.1541137695312,546.8471069335938,1144,265,1050,266,94,0.24037878215312958,0.7806737810373306,1.4269809126853943,0.23094216574122584,-0.35992182426639374,1.3423057078739475,144.39
29,7,999,248,1029,281,1051.1309814453125,963.1541137695312,546.8471069335938,1014,264,922,265,92,0.07492735236883163,0.7683974891901016,1.3369852304458618,0.06634228836968187,-0.3690509837445649,1.3714862667407726,136.75
29,8,914,239,948,278,1051.1309814453125,963.1541137695312,546.8471069335938,931,258,839,260,92,-0.04503452405333519,0.764129364490509,1.340964913368225,-0.041953787142203866,-0.3768796157092795,1.3714862667407726,137.55
29,9,1011,216,1045,249,1051.1309814453125,963.1541137695312,546.8471069335938,1028,232,947,233,81,0.10064584761857986,0.78277567923069,1.5503934621810913,0.09609922047452024,-0.4665918426566249,1.5577374881500132,154.07
29,10,1180,261,1212,298,1051.1309814453125,963.1541137695312,546.8471069335938,1196,279,1149,247,47,0.31532907485961914,0.8031820297241211,1.493454933166504,0.5946934638200219,-0.6840873436726724,2.684611415747895,145.67
29,12,1141,217,1170,251,1051.1309814453125,963.1541137695312,546.8471069335938,1155,234,1071,234,84,0.27896443009376526,0.781475180387497,1.5351462364196777,0.2741546766395686,-0.44706977628891315,1.50210400643037,154.61
30,0,839,257,881,295,1051.1309814453125,963.1541137695312,546.8471069335938,860,276,759,276,101,-0.12556036561727524,0.7574236631393433,1.2583511471748352,-0.12259919883830447,-0.32190319032665826,1.2492746192094166,128.53
30,1,1078,224,1112,267,1051.1309814453125,963.1541137695312,546.8471069335938,1095,245,1008,246,87,0.1832038015127182,0.790462875366211,1.5858936309814453,0.18191553368030233,-0.4164762293128755,1.4503073165534606,158.23
30,2,861,212,898,249,1051.1309814453125,963.1541137695312,546.8471069335938,879,230,799,235,80,-0.13729526102542877,0.7749148845672608,1.5275441408157349,-0.12627222046185693,-0.47542521627630663,1.5772092067518884,154.48
30,3,964,228,991,267,1051.1309814453125,963.1541137695312,546.8471069335938,977,247,889,247,88,0.02278936095535755,0.7653895556926728,1.4244277477264404,0.01888689388669656,-0.4090153852647983,1.4338265515926258,137.52
30,4,1020,267,1056,302,1051.1309814453125,963.1541137695312,546.8471069335938,1038,284,937,283,101,0.08696108311414719,0.7787363767623902,1.3126383423805237,0.08895472369332393,-0.31239514886456254,1.2492746192094166,136.04
30,5,1129,244,1159,287,1051.1309814453125,963.1541137695312,546.8471069335938,1144,265,1050,266,94,0.25065967440605164,0.7834774196147919,1.4818885922431946,0.23094216574122584,-0.35992182426639374,1.3423057078739475,147.09
30,6,944,258,977,295,1051.1309814453125,963.1541137695312,546.8471069335938,960,276,862,275,98,-0.0026111865881830454,0.7652105480432511,1.2785394191741943,-0.0038634360895202363,-0.3317573696223722,1.2875177197974599,128.16
30,7,999,249,1030,282,1051.1309814453125,963.1541137695312,546.8471069335938,1014,265,924,264,90,0.07400424405932426,0.768006780743599,1.3401854634284973,0.06781656144456367,-0.3759183497893446,1.401963739335012,135.12
30,8,915,240,948,277,1051.1309814453125,963.1541137695312,546.8471069335938,931,258,838,260,93,-0.041722746565937996,0.7651620596647263,1.3398290276527405,-0.04150267115142748,-0.3728271467231582,1.3567391025822695,142.38
30,10,1012,216,1045,249,1051.1309814453125,963.1541137695312,546.8471069335938,1028,232,947,232,81,0.10199568048119545,0.7772999346256256,1.531014323234558,0.09609922047452024,-0.4665918426566249,1.5577374881500132,152.24
30,12,1140,217,1170,250,1051.1309814453125,963.1541137695312,546.8471069335938,1155,233,1071,234,84,0.2766985595226288,0.7829363286495209,1.528702974319458,0.2741546766395686,-0.4484988122824721,1.50210400643037,153.88
31,0,839,259,881,296,1051.1309814453125,963.1541137695312,546.8471069335938,860,277,760,276,100,-0.12350113689899445,0.7582362830638886,1.2575417757034302,-0.1238251908266875,-0.3239218319953352,1.2617673654015107,127.24
31,1,861,212,898,248,1051.1309814453125,963.1541137695312,546.8471069335938,879,230,798,234,81,-0.15191760659217834,0.8002543389797211,1.741038203239441,-0.1247133041598587,-0.4695557691617843,1.5577374881500132,169.35
31,2,1078,225,1111,267,1051.1309814453125,963.1541137695312,546.8471069335938,1094,246,1008,247,86,0.1843823790550232,0.7794421255588532,1.4948118329048157,0.18263502798520168,-0.4199231735669908,1.4671713551180356,150.8
31,3,945,259,977,296,1051.1309814453125,963.1541137695312,546.8471069335938,961,277,862,275,99,-0.002638546284288168,0.7662242889404297,1.2796555757522583,-0.002611896094081065,-0.3271937696922577,1.2745124903045562,129.16
31,4,964,228,991,266,1051.1309814453125,963.1541137695312,546.8471069335938,977,247,889,247,88,0.01860111393034458,0.7635546267032624,1.4077624082565308,0.01888689388669656,-0.4090153852647983,1.4338265515926258,137.18
31,5,1022,266,1057,301,1051.1309814453125,963.1541137695312,546.8471069335938,1039,283,937,283,102,0.09565498679876328,0.7848884850740433,1.3283701539039612,0.0892594717302419,-0.310509304497841,1.2370268288250106,140.01
31,6,1130,245,1159,287,1051.1309814453125,963.1541137695312,546.8471069335938,1144,266,1050,266,94,0.23977667093276978,0.7797741234302521,1.3831182718276978,0.23094216574122584,-0.3586448133785325,1.3423057078739475,143.35
31,7,1000,249,1029,282,1051.1309814453125,963.1541137695312,546.8471069335938,1014,265,922,265,92,0.07374446839094162,0.7731529712677002,1.3521887063980103,0.06634228836968187,-0.3677462117504458,1.3714862667407726,138.4
31,8,915,240,949,277,1051.1309814453125,963.1541137695312,546.8471069335938,932,258,838,260,94,-0.04294980317354202,0.7639736324548722,1.3437431454658508,-0.03978414248535955,-0.3688609004814225,1.3423057078739475,139.17
31,9,1180,261,1212,298,1051.1309814453125,963.1541137695312,546.8471069335938,1196,279,1148,247,48,0.296541303396225,0.7784791827201843,1.3020564317703247,0.5823040166571047,-0.6698355240128251,2.6286820112531473,139.98
31,11,1011,215,1045,249,1051.1309814453125,963.1541137695312,546.8471069335938,1028,232,947,233,81,0.10066604986786842,0.7782136887311936,1.5306444764137268,0.09609922047452024,-0.4665918426566249,1.5577374881500132,152.41
31,12,1141,218,1169,251,1051.1309814453125,963.1541137695312,546.8471069335938,1155,234,1071,235,84,0.278415322303772,0.7829300403594971,1.5359184741973877,0.2741546766395686,-0.44706977628891315,1.50210400643037,155.25
32,0,839,259,881,297,1051.1309814453125,963.1541137695312,546.8471069335938,860,278,760,277,100,-0.13175640255212784,0.7607477694749832,1.255058765411377,-0.1238251908266875,-0.3227214417607456,1.2617673654015107,127.65
32,1,1078,225,1111,267,1051.1309814453125,963.1541137695312,546.8471069335938,1094,246,1008,247,86,0.18288516998291016,0.7899570405483246,1.516341209411621,0.18263502798520168,-0.4199231735669908,1.4671713551180356,155.72
32,2,861,213,898,249,1051.1309814453125,963.1541137695312,546.8471069335938,879,231,798,233,81,-0.1413758546113968,0.7780530542135239,1.538835048675537,-0.1247133041598587,-0.4680738059092046,1.5577374881500132,157.35
32,3,964,228,991,266,1051.1309814453125,963.1541137695312,546.8471069335938,977,247,889,247,88,0.022594435140490532,0.7609044849872589,1.4073019623756409,0.01888689388669656,-0.4090153852647983,1.4338265515926258,137.21
32,4,1021,266,1057,302,1051.1309814453125,963.1541137695312,546.8471069335938,1039,284,937,282,102,0.09214139729738235,0.782091224193573,1.341137409210205,0.0892594717302419,-0.3093324513266747,1.2370268288250106,139.54
32,5,945,259,977,295,1051.1309814453125,963.1541137695312,546.8471069335938,961,277,862,275,99,0.001035303226672113,0.7646828532218933,1.2789243459701538,-0.002611896094081065,-0.3271937696922577,1.2745124903045562,127.33
32,6,1129,244,1159,287,1051.1309814453125,963.1541137695312,546.8471069335938,1144,265,1050,266,94,0.23568598181009293,0.7775312006473541,1.3644476532936096,0.23094216574122584,-0.35992182426639374,1.3423057078739475,141.59
32,7,915,241,949,277,1051.1309814453125,963.1541137695312,546.8471069335938,932,259,838,260,94,-0.04608243145048618,0.7665488064289093,1.3434579372406006,-0.03978414248535955,-0.36758388959356125,1.3423057078739475,145.36
32,8,1000,248,1031,280,1051.1309814453125,963.1541137695312,546.8471069335938,1015,264,923,265,92,0.07396091520786285,0.7681064695119858,1.3435088396072388,0.06764706036380097,-0.3690509837445649,1.3714862667407726,136.14
32,9,1012,216,1045,249,1051.1309814453125,963.1541137695312,546.8471069335938,1028,232,947,233,81,0.09822571277618408,0.778158837556839,1.5338496565818787,0.09609922047452024,-0.4665918426566249,1.5577374881500132,151.22
32,12,1141,218,1170,251,1051.1309814453125,963.1541137695312,546.8471069335938,1155,234,1071,235,84,0.28121262788772583,0.7847369849681854,1.5365004539489746,0.2741546766395686,-0.44706977628891315,1.50210400643037,155.14
33,0,839,258,880,296,1051.1309814453125,963.1541137695312,546.8471069335938,859,277,760,277,99,-0.12737497687339783,0.760356330871582,1.2582635879516602,-0.1262884657184617,-0.3271937696922577,1.2745124903045562,128.91
33,1,1078,225,1112,267,1051.1309814453125,963.1541137695312,546.8471069335938,1095,246,1008,247,87,0.18684816360473633,0.7840858340263367,1.506011962890625,0.18191553368030233,-0.4150964704225426,1.4503073165534606,153.41
33,2,964,228,991,267,1051.1309814453125,963.1541137695312,546.8471069335938,977,247,889,247,88,0.016012802720069885,0.7690495789051056,1.428026795387268,0.01888689388669656,-0.4090153852647983,1.4338265515926258,140.73
33,3,1021,266,1057,301,1051.1309814453125,963.1541137695312,546.8471069335938,1039,283,937,283,102,0.08925662934780121,0.7843554258346558,1.3109954595565796,0.0892594717302419,-0.310509304497841,1.2370268288250106,138.14
33,4,1130,245,1159,287,1051.1309814453125,963.1541137695312,546.8471069335938,1144,266,1050,266,94,0.2387210726737976,0.7769294172525406,1.3774083256721497,0.23094216574122584,-0.3586448133785325,1.3423057078739475,142.5
33,5,945,258,977,295,1051.1309814453125,963.1541137695312,546.8471069335938,961,276,862,275,99,-0.0014028528239578009,0.7673831224441529,1.2803785800933838,-0.002611896094081065,-0.32840628508073205,1.2745124903045562,130.12
33,6,861,213,898,249,1051.1309814453125,963.1541137695312,546.8471069335938,879,231,798,233,81,-0.14486484974622726,0.8094835668802262,1.7940625548362732,-0.1247133041598587,-0.4680738059092046,1.5577374881500132,172.12
33,8,915,241,948,278,1051.1309814453125,963.1541137695312,546.8471069335938,931,259,837,260,94,-0.04531238600611687,0.7654184192419052,1.3439546823501587,-0.041061153373220804,-0.36758388959356125,1.3423057078739475,141.73
33,9,1001,248,1032,281,1051.1309814453125,963.1541137695312,546.8471069335938,1016,264,922,265,94,0.07662037760019302,0.7712335079908371,1.345759630203247,0.0674847720949856,-0.361198835154255,1.3423057078739475,137.83
33,11,1011,216,1046,248,1051.1309814453125,963.1541137695312,546.8471069335938,1028,232,947,233,81,0.09585146978497505,0.7774891793727875,1.5301769375801086,0.09609922047452024,-0.4665918426566249,1.5577374881500132,151.96
33,12,1141,218,1170,251,1051.1309814453125,963.1541137695312,546.8471069335938,1155,234,1072,234,83,0.2753872573375702,0.7832487463951111,1.531985104084015,0.2774577450328164,-0.4524561591357674,1.520201645062061,154.19
34,0,839,258,881,295,1051.1309814453125,963.1541137695312,546.8471069335938,860,276,760,276,100,-0.12671048939228058,0.7585832715034485,1.2553651928901672,-0.1238251908266875,-0.32512222222992476,1.2617673654015107,127.74
34,1,862,213,898,248,1051.1309814453125,963.1541137695312,546.8471069335938,880,230,798,233,82,-0.1260080635547638,0.7806832432746887,1.5387253761291504,-0.1217285196767024,-0.4638294792939577,1.5387406895140374,166.56
34,2,1078,224,1112,267,1051.1309814453125,963.1541137695312,546.8471069335938,1095,245,1007,246,88,0.18159466981887817,0.787179970741272,1.5439658164978027,0.17984831170666252,-0.4117435448888655,1.4338265515926258,154.66
34,3,1020,266,1056,302,1051.1309814453125,963.1541137695312,546.8471069335938,1038,284,937,283,101,0.08903393149375916,0.7821397572755814,1.3263936638832092,0.08895472369332393,-0.31239514886456254,1.2492746192094166,137.94
34,4,964,228,991,267,1051.1309814453125,963.1541137695312,546.8471069335938,977,247,889,247,88,0.02261963952332735,0.7641315996646881,1.4215630888938904,0.01888689388669656,-0.4090153852647983,1.4338265515926258,138.47
34,5,945,257,977,295,1051.1309814453125,963.1541137695312,546.8471069335938,961,276,862,274,99,-0.001410612603649497,0.7656175583600998,1.279597818851471,-0.002611896094081065,-0.32840628508073205,1.2745124903045562,128.7
34,6,1130,244,1159,286,1051.1309814453125,963.1541137695312,546.8471069335938,1144,265,1050,266,94,0.24405047297477722,0.7798963725566864,1.4619704484939575,0.23094216574122584,-0.35992182426639374,1.3423057078739475,144.56
34,7,999,248,1030,281,1051.1309814453125,963.1541137695312,546.8471069335938,1014,264,923,265,91,0.07406923919916153,0.770457872748375,1.356445550918579,0.06707132450561243,-0.3731064890604392,1.3865575443972644,136.45
34,8,915,240,948,278,1051.1309814453125,963.1541137695312,546.8471069335938,931,259,838,260,93,-0.04506632685661316,0.7991710841655731,1.5963923335075378,-0.04150267115142748,-0.3715364045354275,1.3567391025822695,148.62
34,9,1180,261,1211,298,1051.1309814453125,963.1541137695312,546.8471069335938,1195,279,1149,247,46,0.2930134981870651,0.7791315108537674,1.310475766658783,0.6050120386104798,-0.6989588076655566,2.742972533481545,142.16
34,10,1011,216,1046,249,1051.1309814453125,963.1541137695312,546.8471069335938,1028,232,947,232,81,0.10347171500325203,0.7776639997959137,1.529481589794159,0.09609922047452024,-0.4665918426566249,1.5577374881500132,152.0
34,12,1141,218,1169,251,1051.1309814453125,963.1541137695312,546.8471069335938,1155,234,1071,234,84,0.27668456733226776,0.7836480081081391,1.5353765487670898,0.2741546766395686,-0.44706977628891315,1.50210400643037,154.77
35,0,839,258,881,296,1051.1309814453125,963.1541137695312,546.8471069335938,860,277,759,277,101,-0.12982136011123657,0.7604815900325775,1.2508091926574707,-0.12259919883830447,-0.3207146851438963,1.2492746192094166,130.28
35,1,1077,224,1112,267,1051.1309814453125,963.1541137695312,546.8471069335938,1094,245,1008,247,86,0.18467392027378082,0.7916710913181305,1.5141704082489014,0.18263502798520168,-0.42131897616535074,1.4671713551180356,155.73
35,2,1021,267,1057,301,1051.1309814453125,963.1541137695312,546.8471069335938,1039,284,936,283,103,0.08864377439022064,0.7850138485431671,1.321459174156189,0.08839287491732693,-0.3063292236438914,1.2250168596131172,138.24
35,3,944,258,977,295,1051.1309814453125,963.1541137695312,546.8471069335938,960,276,862,276,98,-0.002093267976306379,0.7672039806842804,1.2788536548614502,-0.0038634360895202363,-0.3317573696223722,1.2875177197974599,130.61
35,4,964,229,991,266,1051.1309814453125,963.1541137695312,546.8471069335938,977,247,889,246,88,0.016102120280265808,0.7719439953565598,1.4350720643997192,0.01888689388669656,-0.4090153852647983,1.4338265515926258,141.72
35,5,1129,245,1159,287,1051.1309814453125,963.1541137695312,546.8471069335938,1144,266,1051,266,93,0.23698017001152039,0.7784555792808533,1.3629356622695923,0.2334254148352175,-0.3625012092213124,1.3567391025822695,141.74
35,6,861,213,898,249,1051.1309814453125,963.1541137695312,546.8471069335938,879,231,798,234,81,-0.14334864914417267,0.7755446076393128,1.5401968955993652,-0.1247133041598587,-0.4680738059092046,1.5577374881500132,157.61
35,7,1000,250,1031,282,1051.1309814453125,963.1541137695312,546.8471069335938,1015,266,922,265,93,0.07484453544020653,0.7685806393623352,1.3433709144592285,0.06691967261795363,-0.3625012092213124,1.3567391025822695,135.59
35,8,914,240,948,278,1051.1309814453125,963.1541137695312,546.8471069335938,931,259,838,259,93,-0.047965725883841515,0.7705462366342545,1.3589760661125183,-0.04150267115142748,-0.3715364045354275,1.3567391025822695,142.17
35,9,1011,216,1046,249,1051.1309814453125,963.1541137695312,546.8471069335938,1028,232,947,233,81,0.099027119576931,0.7779443800449372,1.527692198753357,0.09609922047452024,-0.4665918426566249,1.5577374881500132,153.52
35,11,1140,217,1169,251,1051.1309814453125,963.1541137695312,546.8471069335938,1154,234,1071,233,83,0.27551382780075073,0.7842615932226181,1.5366994142532349,0.27601149173813017,-0.4524561591357674,1.520201645062061,154.72
35,12,1180,260,1211,298,1051.1309814453125,963.1541137695312,546.8471069335938,1195,279,1149,247,46,0.2870580852031708,0.7772296011447907,1.2936395406723022,0.6050120386104798,-0.6989588076655566,2.742972533481545,145.61
36,0,839,259,881,296,1051.1309814453125,963.1541137695312,546.8471069335938,860,277,760,277,100,-0.12524361908435822,0.758557015657425,1.2523235082626343,-0.1238251908266875,-0.3239218319953352,1.2617673654015107,127.33
36,1,1078,224,1112,267,1051.1309814453125,963.1541137695312,546.8471069335938,1095,245,1008,246,87,0.18334614485502243,0.7854198008775711,1.532847285270691,0.18191553368030233,-0.4164762293128755,1.4503073165534606,154.21
36,2,1020,266,1057,301,1051.1309814453125,963.1541137695312,546.8471069335938,1038,283,936,283,102,0.08888278901576996,0.7847881555557251,1.3284145593643188,0.08808261855907565,-0.310509304497841,1.2370268288250106,138.96
36,3,963,228,991,266,1051.1309814453125,963.1541137695312,546.8471069335938,977,247,889,247,88,0.01873954012989998,0.7682321012020111,1.4274762868881226,0.01888689388669656,-0.4090153852647983,1.4338265515926258,140.29
36,4,945,258,977,295,1051.1309814453125,963.1541137695312,546.8471069335938,961,276,862,275,99,0.001029939972795546,0.7668006658554077,1.2803194522857666,-0.002611896094081065,-0.32840628508073205,1.2745124903045562,129.11
36,5,1130,245,1159,287,1051.1309814453125,963.1541137695312,546.8471069335938,1144,266,1051,266,93,0.23951265215873718,0.7769669830799103,1.3737958669662476,0.2334254148352175,-0.3625012092213124,1.3567391025822695,142.79
36,6,1000,249,1030,281,1051.1309814453125,963.1541137695312,546.8471069335938,1015,265,922,265,93,0.07486242800951004,0.77273108959198,1.3590869903564453,0.06691967261795363,-0.36379195140904313,1.3567391025822695,138.11
36,7,915,240,948,278,1051.1309814453125,963.1541137695312,546.8471069335938,931,259,838,260,93,-0.04585859179496765,0.764983469247818,1.3445264101028442,-0.04150267115142748,-0.3715364045354275,1.3567391025822695,140.66
36,8,1011,216,1045,249,1051.1309814453125,963.1541137695312,546.8471069335938,1028,232,947,233,81,0.10125838592648506,0.7790908455848694,1.5375797748565674,0.09609922047452024,-0.4665918426566249,1.5577374881500132,152.7
36,9,861,213,898,249,1051.1309814453125,963.1541137695312,546.8471069335938,879,231,798,233,81,-0.13927444070577621,0.7762659877538681,1.5325082540512085,-0.1247133041598587,-0.4680738059092046,1.5577374881500132,155.56
36,11,1180,262,1211,298,1051.1309814453125,963.1541137695312,546.8471069335938,1195,280,1149,247,46,0.28806978464126587,0.7745909333229065,1.2752647399902344,0.6050120386104798,-0.6963492636773184,2.742972533481545,140.69
36,12,1140,218,1170,251,1051.1309814453125,963.1541137695312,546.8471069335938,1155,234,1072,234,83,0.27574992179870605,0.7853335082530976,1.5393368005752563,0.2774577450328164,-0.4524561591357674,1.520201645062061,155.35
37,0,839,259,881,296,1051.1309814453125,963.1541137695312,546.8471069335938,860,277,760,276,100,-0.12397316843271255,0.7588331043720246,1.2560420036315918,-0.1238251908266875,-0.3239218319953352,1.2617673654015107,127.21
37,1,1078,225,1112,267,1051.1309814453125,963.1541137695312,546.8471069335938,1095,246,1008,248,87,0.19115689396858215,0.8127694964408875,1.6555814743041992,0.18191553368030233,-0.4150964704225426,1.4503073165534606,161.92
37,2,964,228,991,267,1051.1309814453125,963.1541137695312,546.8471069335938,977,247,889,246,88,0.02269781567156315,0.7642837703227997,1.4195605516433716,0.01888689388669656,-0.4090153852647983,1.4338265515926258,137.3
37,3,1021,266,1057,301,1051.1309814453125,963.1541137695312,546.8471069335938,1039,283,936,283,103,0.09001901373267174,0.7830554038286209,1.3268529176712036,0.08839287491732693,-0.30749465105611434,1.2250168596131172,143.16
37,4,861,212,898,249,1051.1309814453125,963.1541137695312,546.8471069335938,879,230,797,233,82,-0.1374455839395523,0.7761603534221649,1.5370919704437256,-0.1231924102066897,-0.4638294792939577,1.5387406895140374,154.39
37,5,1129,245,1159,287,1051.1309814453125,963.1541137695312,546.8471069335938,1144,266,1050,266,94,0.23423020541667938,0.7764958381652832,1.358485221862793,0.23094216574122584,-0.3586448133785325,1.3423057078739475,141.2
37,6,944,258,977,295,1051.1309814453125,963.1541137695312,546.8471069335938,960,276,862,274,98,-0.0026431723963469267,0.7660976141691208,1.2794512510299683,-0.0038634360895202363,-0.3317573696223722,1.2875177197974599,128.42
37,7,1180,260,1211,299,1051.1309814453125,963.1541137695312,546.8471069335938,1195,279,1149,247,46,0.28963951766490936,0.7847169727087021,1.3089541792869568,0.6050120386104798,-0.6989588076655566,2.742972533481545,143.15
37,8,915,241,949,278,1051.1309814453125,963.1541137695312,546.8471069335938,932,259,838,259,94,-0.04224760644137859,0.7660103678703308,1.343083679676056,-0.03978414248535955,-0.36758388959356125,1.3423057078739475,141.23
37,9,1000,249,1030,281,1051.1309814453125,963.1541137695312,546.8471069335938,1015,265,923,266,92,0.0762929618358612,0.7749555349349976,1.361785888671875,0.06764706036380097,-0.3677462117504458,1.3714862667407726,139.06
37,11,1012,215,1045,249,1051.1309814453125,963.1541137695312,546.8471069335938,1028,232,947,232,81,0.09760411083698273,0.7844772875308991,1.5497755408287048,0.09609922047452024,-0.4665918426566249,1.5577374881500132,156.21
37,12,1142,218,1170,250,1051.1309814453125,963.1541137695312,546.8471069335938,1156,234,1072,233,84,0.27864888310432434,0.7823943436145783,1.5401639938354492,0.27558371263312764,-0.44706977628891315,1.50210400643037,154.59
38,0,839,259,881,295,1051.1309814453125,963.1541137695312,546.8471069335938,860,277,760,277,100,-0.1254604309797287,0.7583712279796601,1.2560917139053345,-0.1238251908266875,-0.3239218319953352,1.2617673654015107,127.73
38,1,1078,224,1112,267,1051.1309814453125,963.1541137695312,546.8471069335938,1095,245,1008,247,87,0.18828943371772766,0.7814323246479035,1.4836444854736328,0.18191553368030233,-0.4164762293128755,1.4503073165534606,152.04
38,2,964,228,991,267,1051.1309814453125,963.1541137695312,546.8471069335938,977,247,889,247,88,0.018647153861820698,0.7628246188163758,1.4074598550796509,0.01888689388669656,-0.4090153852647983,1.4338265515926258,137.31
38,3,861,212,898,248,1051.1309814453125,963.1541137695312,546.8471069335938,879,230,798,234,81,-0.137872576713562,0.7756512701511383,1.530678153038025,-0.1247133041598587,-0.4695557691617843,1.5577374881500132,154.57
38,4,1020,267,1056,301,1051.1309814453125,963.1541137695312,546.8471069335938,1038,284,936,283,102,0.08750278502702713,0.7780269920825958,1.308383822441101,0.08808261855907565,-0.3093324513266747,1.2370268288250106,138.0
38,5,944,258,976,295,1051.1309814453125,963.1541137695312,546.8471069335938,960,276,862,275,98,-0.005002681631594896,0.7668155372142792,1.2821520566940308,-0.0038634360895202363,-0.3317573696223722,1.2875177197974599,130.33
38,6,1129,244,1159,286,1051.1309814453125,963.1541137695312,546.8471069335938,1144,265,1051,266,93,0.2348015010356903,0.7734154403209687,1.3590043783187866,0.2334254148352175,-0.36379195140904313,1.3567391025822695,141.02
38,7,999,250,1029,282,1051.1309814453125,963.1541137695312,546.8471069335938,1014,266,923,265,91,0.07433591037988663,0.7715516924858093,1.3510633707046509,0.06707132450561243,-0.37046826876463795,1.3865575443972644,136.23
38,8,915,241,948,278,1051.1309814453125,963.1541137695312,546.8471069335938,931,259,838,259,93,-0.04392424039542675,0.7647200465202332,1.3514273762702942,-0.04150267115142748,-0.3715364045354275,1.3567391025822695,137.37
38,9,1180,260,1211,299,1051.1309814453125,963.1541137695312,546.8471069335938,1195,279,1096,279,99,0.27988116443157196,0.7698699921369553,1.2632796168327332,0.28111670480890977,-0.3247687389153091,1.2745124903045562,133.02
38,10,1011,215,1046,249,1051.1309814453125,963.1541137695312,546.8471069335938,1028,232,946,233,82,0.09933988749980927,0.7853407502174378,1.557234287261963,0.09492727876141632,-0.46090169823398314,1.5387406895140374,156.59
38,12,1141,217,1170,251,1051.1309814453125,963.1541137695312,546.8471069335938,1155,234,1071,235,84,0.2776256799697876,0.7844643831253052,1.5367639064788818,0.2741546766395686,-0.44706977628891315,1.50210400643037,155.21
39,0,839,258,881,296,1051.1309814453125,963.1541137695312,546.8471069335938,860,277,759,276,101,-0.12924079596996307,0.7602598905563355,1.2563987970352173,-0.12259919883830447,-0.3207146851438963,1.2492746192094166,128.88
39,1,1078,225,1111,267,1051.1309814453125,963.1541137695312,546.8471069335938,1094,246,1008,248,86,0.18419145047664642,0.7790256530046463,1.490422248840332,0.18263502798520168,-0.4199231735669908,1.4671713551180356,150.83
39,2,964,228,991,267,1051.1309814453125,963.1541137695312,546.8471069335938,977,247,889,247,88,0.019972482696175575,0.7634008467197418,1.407204508781433,0.01888689388669656,-0.4090153852647983,1.4338265515926258,137.44
39,3,861,212,898,248,1051.1309814453125,963.1541137695312,546.8471069335938,879,230,798,234,81,-0.13853855431079865,0.7771259486675263,1.5337200164794922,-0.1247133041598587,-0.4695557691617843,1.5577374881500132,154.98
39,4,1021,266,1057,301,1051.1309814453125,963.1541137695312,546.8471069335938,1039,283,937,283,102,0.09517572820186615,0.7865702748298645,1.3475100994110107,0.0892594717302419,-0.310509304497841,1.2370268288250106,140.15
39,5,945,258,977,294,1051.1309814453125,963.1541137695312,546.8471069335938,961,276,862,275,99,-0.0014164953608997166,0.7659793734550476,1.283460557460785,-0.002611896094081065,-0.32840628508073205,1.2745124903045562,130.11
39,6,1130,245,1159,287,1051.1309814453125,963.1541137695312,546.8471069335938,1144,266,1050,266,94,0.2425662875175476,0.7823807537555695,1.427209496498108,0.23094216574122584,-0.3586448133785325,1.3423057078739475,144.59
39,7,915,240,949,277,1051.1309814453125,963.1541137695312,546.8471069335938,932,258,838,260,94,-0.04442579671740532,0.7787252902984619,1.4973928928375244,-0.03978414248535955,-0.3688609004814225,1.3423057078739475,145.12
39,8,999,249,1029,282,1051.1309814453125,963.1541137695312,546.8471069335938,1014,265,922,265,92,0.07575315982103348,0.7737877309322357,1.3465325832366943,0.06634228836968187,-0.3677462117504458,1.3714862667407726,137.72
39,10,1011,215,1046,248,1051.1309814453125,963.1541137695312,546.8471069335938,1028,231,947,232,81,0.10288026183843613,0.778277599811554,1.5264077186584473,0.09609922047452024,-0.4680738059092046,1.5577374881500132,151.7
39,11,1180,261,1211,299,1051.1309814453125,963.1541137695312,546.8471069335938,1195,280,1149,247,46,0.29441025853157043,0.7888260126113892,1.3353222608566284,0.6050120386104798,-0.6963492636773184,2.742972533481545,143.43
39,12,1141,219,1169,251,1051.1309814453125,963.1541137695312,546.8471069335938,1155,235,1072,235,83,0.2785246670246124,0.7819934129714966,1.5377010107040405,0.2774577450328164,-0.4510099058410812,1.520201645062061,154.74
40,0,839,258,881,296,1051.1309814453125,963.1541137695312,546.8471069335938,860,277,760,277,100,-0.133757546544075,0.7592912256717682,1.2529501914978027,-0.1238251908266875,-0.3239218319953352,1.2617673654015107,129.31
40,1,1078,225,1111,267,1051.1309814453125,963.1541137695312,546.8471069335938,1094,246,1008,247,86,0.19363340735435486,0.8175283908843994,1.6992557048797607,0.18263502798520168,-0.4199231735669908,1.4671713551180356,164.09
40,2,1020,266,1057,301,1051.1309814453125,963.1541137695312,546.8471069335938,1038,283,937,283,101,0.08897756785154343,0.7855875432491303,1.3353270292282104,0.08895472369332393,-0.31358365404732447,1.2492746192094166,144.9
40,3,963,228,991,266,1051.1309814453125,963.1541137695312,546.8471069335938,977,247,889,247,88,0.02094515599310398,0.7646575212478638,1.4227417707443237,0.01888689388669656,-0.4090153852647983,1.4338265515926258,138.1
40,4,944,258,977,294,1051.1309814453125,963.1541137695312,546.8471069335938,960,276,862,275,98,-0.0001892444197437726,0.7659186214208603,1.2809506058692932,-0.0038634360895202363,-0.3317573696223722,1.2875177197974599,128.9
40,5,862,212,898,249,1051.1309814453125,963.1541137695312,546.8471069335938,880,230,798,233,82,-0.12567289173603058,0.7798466473817826,1.539235234260559,-0.1217285196767024,-0.4638294792939577,1.5387406895140374,159.0
40,6,1129,245,1159,287,1051.1309814453125,963.1541137695312,546.8471069335938,1144,266,1050,266,94,0.2337847277522087,0.7755864799022675,1.354844331741333,0.23094216574122584,-0.3586448133785325,1.3423057078739475,140.25
40,7,915,241,948,277,1051.1309814453125,963.1541137695312,546.8471069335938,931,259,838,260,93,-0.04400873929262161,0.8008610844612122,1.567111849784851,-0.04150267115142748,-0.3715364045354275,1.3567391025822695,147.8
40,8,1000,249,1030,282,1051.1309814453125,963.1541137695312,546.8471069335938,1015,265,923,266,92,0.07534273713827133,0.7723207414150238,1.347568154335022,0.06764706036380097,-0.3677462117504458,1.3714862667407726,136.69
40,9,1180,261,1211,298,1051.1309814453125,963.1541137695312,546.8471069335938,1195,279,1149,247,46,0.2890993654727936,0.7751180469989777,1.2772724032402039,0.6050120386104798,-0.6989588076655566,2.742972533481545,139.34
40,11,1012,215,1046,248,1051.1309814453125,963.1541137695312,546.8471069335938,1029,231,947,232,82,0.09954798221588135,0.7849829733371735,1.559216856956482,0.09639116929140361,-0.4623655887639704,1.5387406895140374,156.76
40,12,1141,217,1170,251,1051.1309814453125,963.1541137695312,546.8471069335938,1155,234,1072,234,83,0.2796463519334793,0.7842237293720246,1.535647213459015,0.2774577450328164,-0.4524561591357674,1.520201645062061,154.75
41,0,839,259,881,296,1051.1309814453125,963.1541137695312,546.8471069335938,860,277,760,276,100,-0.1240086778998375,0.7544023334980011,1.2540538311004639,-0.1238251908266875,-0.3239218319953352,1.2617673654015107,126.13
41,1,1078,225,1112,267,1051.1309814453125,963.1541137695312,546.8471069335938,1095,246,1007,247,88,0.18165700137615204,0.7823283761739731,1.4721322059631348,0.17984831170666252,-0.41037946507683193,1.4338265515926258,150.87
41,2,963,228,991,266,1051.1309814453125,963.1541137695312,546.8471069335938,977,247,889,246,88,0.01618039608001709,0.7712258636951447,1.4369511604309082,0.01888689388669656,-0.4090153852647983,1.4338265515926258,141.38
41,3,862,213,898,248,1051.1309814453125,963.1541137695312,546.8471069335938,880,230,798,233,82,-0.12186291813850403,0.7775089979171753,1.5395704507827759,-0.1217285196767024,-0.4638294792939577,1.5387406895140374,155.78
41,4,1021,266,1057,302,1051.1309814453125,963.1541137695312,546.8471069335938,1039,284,937,283,102,0.09087971225380898,0.7830065578222275,1.3312116861343384,0.0892594717302419,-0.3093324513266747,1.2370268288250106,138.21
41,5,1129,244,1159,287,1051.1309814453125,963.1541137695312,546.8471069335938,1144,265,1051,266,93,0.2367485910654068,0.7775806427001953,1.3699308633804321,0.2334254148352175,-0.36379195140904313,1.3567391025822695,141.48
41,6,944,258,977,294,1051.1309814453125,963.1541137695312,546.8471069335938,960,276,862,276,98,-0.0014149121707305312,0.7656486868858338,1.2795826196670532,-0.0038634360895202363,-0.3317573696223722,1.2875177197974599,130.61
41,7,1181,261,1212,298,1051.1309814453125,963.1541137695312,546.8471069335938,1196,279,1149,247,47,0.2909860461950302,0.7739736527204514,1.272599458694458,0.5946934638200219,-0.6840873436726724,2.684611415747895,138.57
41,8,999,249,1029,281,1051.1309814453125,963.1541137695312,546.8471069335938,1014,265,923,265,91,0.0728924497961998,0.7701811730861664,1.3461123704910278,0.06707132450561243,-0.3717873789125386,1.3865575443972644,136.55
41,9,915,240,949,278,1051.1309814453125,963.1541137695312,546.8471069335938,932,259,838,260,94,-0.04639107547700405,0.7673533201217652,1.3471367955207825,-0.03978414248535955,-0.36758388959356125,1.3423057078739475,141.43
41,11,1011,216,1045,249,1051.1309814453125,963.1541137695312,546.8471069335938,1028,232,947,232,81,0.10041840374469757,0.7753511309623718,1.5247159004211426,0.09609922047452024,-0.4665918426566249,1.5577374881500132,150.97
41,12,1141,218,1170,251,1051.1309814453125,963.1541137695312,546.8471069335938,1155,234,1071,234,84,0.27739566564559937,0.7838582634925843,1.5343595743179321,0.2741546766395686,-0.44706977628891315,1.50210400643037,155.37
42,0,839,258,881,296,1051.1309814453125,963.1541137695312,546.8471069335938,860,277,760,277,100,-0.12658631801605225,0.7560825139284134,1.252210557460785,-0.1238251908266875,-0.3239218319953352,1.2617673654015107,127.72
42,1,1078,224,1112,267,1051.1309814453125,963.1541137695312,546.8471069335938,1095,245,1008,246,87,0.18929935991764069,0.7817409574985504,1.5185906887054443,0.18191553368030233,-0.4164762293128755,1.4503073165534606,154.05
42,2,861,212,898,249,1051.1309814453125,963.1541137695312,546.8471069335938,879,230,798,234,81,-0.12274505198001862,0.7748245537281037,1.5303146839141846,-0.1247133041598587,-0.4695557691617843,1.5577374881500132,151.57
42,3,964,228,991,267,1051.1309814453125,963.1541137695312,546.8471069335938,977,247,889,247,88,0.017417078837752342,0.7689877092838288,1.4315253496170044,0.01888689388669656,-0.4090153852647983,1.4338265515926258,140.66
42,4,1021,266,1057,301,1051.1309814453125,963.1541137695312,546.8471069335938,1039,283,937,283,102,0.096677765250206,0.7883757740259171,1.3332627415657043,0.0892594717302419,-0.310509304497841,1.2370268288250106,144.67
42,5,944,258,977,295,1051.1309814453125,963.1541137695312,546.8471069335938,960,276,862,275,98,-0.001413256919477135,0.764898756146431,1.2782906889915466,-0.0038634360895202363,-0.3317573696223722,1.2875177197974599,130.14
42,6,1129,244,1159,287,1051.1309814453125,963.1541137695312,546.8471069335938,1144,265,1050,266,94,0.23673658072948456,0.7760945349931717,1.3840235471725464,0.23094216574122584,-0.35992182426639374,1.3423057078739475,141.98
42,7,1000,248,1031,281,1051.1309814453125,963.1541137695312,546.8471069335938,1015,264,923,265,92,0.0770246721804142,0.7725953549146652,1.3381962180137634,0.06764706036380097,-0.3690509837445649,1.3714862667407726,140.38
42,8,914,240,948,278,1051.1309814453125,963.1541137695312,546.8471069335938,931,259,838,260,93,-0.04402286186814308,0.7643794357776642,1.3511837720870972,-0.04150267115142748,-0.3715364045354275,1.3567391025822695,136.8
42,9,1180,261,1212,299,1051.1309814453125,963.1541137695312,546.8471069335938,1196,280,1149,247,47,0.28227801620960236,0.7685097992420197,1.2628034353256226,0.5946934638200219,-0.6815333218969499,2.684611415747895,133.19
42,11,1011,215,1045,248,1051.1309814453125,963.1541137695312,546.8471069335938,1028,231,947,232,81,0.10294077545404434,0.7838200569152832,1.5459799766540527,0.09609922047452024,-0.4680738059092046,1.5577374881500132,157.09
42,12,1140,217,1170,251,1051.1309814453125,963.1541137695312,546.8471069335938,1155,234,1072,234,83,0.2741936594247818,0.7826709091663361,1.5321847200393677,0.2774577450328164,-0.4524561591357674,1.520201645062061,153.89
43,0,840,259,881,296,1051.1309814453125,963.1541137695312,546.8471069335938,860,277,759,276,101,-0.12722182273864746,0.758290046453476,1.2539637088775635,-0.12259919883830447,-0.3207146851438963,1.2492746192094166,128.19
43,1,861,212,898,249,1051.1309814453125,963.1541137695312,546.8471069335938,879,230,798,234,81,-0.13312958180904388,0.7786198496818543,1.5478633642196655,-0.1247133041598587,-0.4695557691617843,1.5577374881500132,160.48
43,2,1078,225,1111,267,1051.1309814453125,963.1541137695312,546.8471069335938,1094,246,1008,247,86,0.18559575080871582,0.7902418315410614,1.5043710470199585,0.18263502798520168,-0.4199231735669908,1.4671713551180356,154.68
43,3,963,228,991,266,1051.1309814453125,963.1541137695312,546.8471069335938,977,247,889,247,88,0.0200703926384449,0.7670524656772614,1.4273645877838135,0.01888689388669656,-0.4090153852647983,1.4338265515926258,140.14
43,4,1021,266,1056,301,1051.1309814453125,963.1541137695312,546.8471069335938,1038,283,937,282,101,0.0884927436709404,0.7758528232574463,1.310773491859436,0.08895472369332393,-0.31358365404732447,1.2492746192094166,140.42
43,5,1129,245,1159,286,1051.1309814453125,963.1541137695312,546.8471069335938,1144,265,1050,266,94,0.23966362327337265,0.7785516321659088,1.39653480052948,0.23094216574122584,-0.35992182426639374,1.3423057078739475,142.71
43,6,945,257,977,294,1051.1309814453125,963.1541137695312,546.8471069335938,961,275,862,276,99,-0.0014143117005005479,0.7663198053836823,1.2806786894798279,-0.002611896094081065,-0.3296188004692064,1.2745124903045562,130.53
43,7,1001,250,1033,281,1051.1309814453125,963.1541137695312,546.8471069335938,1017,265,922,265,95,0.07687142491340637,0.7725115656852722,1.3477565050125122,0.06803797474092216,-0.35613317348464224,1.3281761741068534,138.84
43,8,915,240,948,278,1051.1309814453125,963.1541137695312,546.8471069335938,931,259,839,260,92,-0.04530304856598377,0.7901283442974091,1.5471461415290833,-0.041953787142203866,-0.3755748437151604,1.3714862667407726,146.95
43,10,1015,212,1047,248,1051.1309814453125,963.1541137695312,546.8471069335938,1031,230,947,233,84,0.10263217240571976,0.786833593249321,1.562292456626892,0.09695421343825014,-0.4527859202631492,1.50210400643037,157.6
43,11,1180,260,1211,298,1051.1309814453125,963.1541137695312,546.8471069335938,1195,279,1096,279,99,0.2964947372674942,0.7897110968828202,1.4240753650665283,0.28111670480890977,-0.3247687389153091,1.2745124903045562,142.21
43,12,1140,218,1169,251,1051.1309814453125,963.1541137695312,546.8471069335938,1154,234,1071,234,83,0.2792975455522537,0.7816588670015335,1.5351803302764893,0.27601149173813017,-0.4524561591357674,1.520201645062061,154.7
44,0,840,259,881,296,1051.1309814453125,963.1541137695312,546.8471069335938,860,277,760,277,100,-0.12445101886987686,0.7580846339464188,1.2577306628227234,-0.1238251908266875,-0.3239218319953352,1.2617673654015107,127.64
44,1,1078,225,1111,267,1051.1309814453125,963.1541137695312,546.8471069335938,1094,246,1008,247,86,0.1781437247991562,0.7820562958717346,1.4663758873939514,0.18263502798520168,-0.4199231735669908,1.4671713551180356,151.92
44,2,964,228,991,265,1051.1309814453125,963.1541137695312,546.8471069335938,977,246,889,247,88,0.024227607995271683,0.7677556812763214,1.4328237771987915,0.01888689388669656,-0.41037946507683193,1.4338265515926258,141.03
44,3,1129,245,1159,286,1051.1309814453125,963.1541137695312,546.8471069335938,1144,265,1050,266,94,0.23556718230247498,0.7732183426618576,1.3501221537590027,0.23094216574122584,-0.35992182426639374,1.3423057078739475,140.43
44,4,861,211,897,249,1051.1309814453125,963.1541137695312,546.8471069335938,879,230,799,234,80,-0.1329338103532791,0.7744131624698639,1.5260578393936157,-0.12627222046185693,-0.47542521627630663,1.5772092067518884,151.64
44,5,1020,267,1056,302,1051.1309814453125,963.1541137695312,546.8471069335938,1038,284,937,283,101,0.09204064309597015,0.7842314034700394,1.3523504137992859,0.08895472369332393,-0.31239514886456254,1.2492746192094166,138.52
44,6,945,258,977,294,1051.1309814453125,963.1541137695312,546.8471069335938,961,276,862,276,99,-0.000189021578989923,0.7645668029785156,1.2786208391189575,-0.002611896094081065,-0.32840628508073205,1.2745124903045562,127.03
44,7,1180,261,1211,298,1051.1309814453125,963.1541137695312,546.8471069335938,1195,279,1096,279,99,0.2851693332195282,0.7724590092897415,1.2888149619102478,0.28111670480890977,-0.3247687389153091,1.2745124903045562,140.19
44,8,1000,250,1032,282,1051.1309814453125,963.1541137695312,546.8471069335938,1016,266,922,265,94,0.07664299011230469,0.7728198558092118,1.3609302639961243,0.0674847720949856,-0.3586448133785325,1.3423057078739475,137.43
44,9,916,240,948,277,1051.1309814453125,963.1541137695312,546.8471069335938,932,258,838,260,94,-0.044965002685785294,0.7644084483385086,1.3433157801628113,-0.03978414248535955,-0.3688609004814225,1.3423057078739475,140.01
44,11,1016,214,1047,249,1051.1309814453125,963.1541137695312,546.8471069335938,1031,231,947,233,84,0.0982697606086731,0.7776007145643234,1.53606516122818,0.09695421343825014,-0.4513568842695902,1.50210400643037,151.52
44,12,1141,218,1170,251,1051.1309814453125,963.1541137695312,546.8471069335938,1155,234,1071,235,84,0.2735193222761154,0.7836637288331986,1.5341622233390808,0.2741546766395686,-0.44706977628891315,1.50210400643037,153.9
45,0,839,258,881,296,1051.1309814453125,963.1541137695312,546.8471069335938,860,277,759,277,101,-0.12291155382990837,0.7560174256563187,1.2537019848823547,-0.12259919883830447,-0.3207146851438963,1.2492746192094166,126.9
45,1,861,211,898,248,1051.1309814453125,963.1541137695312,546.8471069335938,879,229,798,233,81,-0.14296191930770874,0.7798697590827942,1.5404534339904785,-0.1247133041598587,-0.4710377324143641,1.5577374881500132,162.88
45,2,1078,224,1111,267,1051.1309814453125,963.1541137695312,546.8471069335938,1094,245,1008,247,86,0.18625009059906006,0.7916002213954926,1.4682905673980713,0.18263502798520168,-0.42131897616535074,1.4671713551180356,155.51
45,3,964,227,991,266,1051.1309814453125,963.1541137695312,546.8471069335938,977,246,889,247,88,0.02136729098856449,0.7649677336215973,1.4236797094345093,0.01888689388669656,-0.41037946507683193,1.4338265515926258,138.59
45,4,1129,244,1158,286,1051.1309814453125,963.1541137695312,546.8471069335938,1143,265,1050,266,93,0.2401903122663498,0.7828108310699463,1.428384006023407,0.23213467264748677,-0.36379195140904313,1.3567391025822695,144.7
45,5,1021,266,1057,301,1051.1309814453125,963.1541137695312,546.8471069335938,1039,283,936,283,103,0.09795228764414787,0.7883548676967621,1.3548744320869446,0.08839287491732693,-0.30749465105611434,1.2250168596131172,146.56
45,6,945,257,977,295,1051.1309814453125,963.1541137695312,546.8471069335938,961,276,862,276,99,-0.002982580801472068,0.762735003232956,1.2772436141967773,-0.002611896094081065,-0.32840628508073205,1.2745124903045562,128.03
45,7,1180,261,1211,298,1051.1309814453125,963.1541137695312,546.8471069335938,1195,279,1096,279,99,0.3246155083179474,0.8140787869691849,1.5345947742462158,0.28111670480890977,-0.3247687389153091,1.2745124903045562,148.58
45,8,1000,250,1031,281,1051.1309814453125,963.1541137695312,546.8471069335938,1015,265,922,265,93,0.074917733669281,0.7735236525535584,1.3587749004364014,0.06691967261795363,-0.36379195140904313,1.3567391025822695,139.29
45,9,1218,230,1252,266,1051.1309814453125,963.1541137695312,546.8471069335938,1235,248,1149,247,86,0.3862786293029785,0.8192623347043991,1.585049033164978,0.37944319435395785,-0.4171315683702708,1.4671713551180356,164.37
45,10,1012,215,1046,249,1051.1309814453125,963.1541137695312,546.8471069335938,1029,232,947,233,82,0.09161821007728577,0.7855380713939667,1.5344589352607727,0.09639116929140361,-0.46090169823398314,1.5387406895140374,155.73
45,11,915,239,949,278,1051.1309814453125,963.1541137695312,546.8471069335938,932,258,837,259,95,-0.04302559047937393,0.7684011548757553,1.3525198101997375,-0.039365362038145245,-0.36497815416056545,1.3281761741068534,143.16
45,12,1140,218,1169,251,1051.1309814453125,963.1541137695312,546.8471069335938,1154,234,1072,234,82,0.2750803232192993,0.7840706497430802,1.5336191058158875,0.2793774855398147,-0.45797391717400854,1.5387406895140374,154.8
46,0,839,259,882,296,1051.1309814453125,963.1541137695312,546.8471069335938,860,277,760,276,100,-0.12406257539987564,0.7554147183895111,1.2548514604568481,-0.1238251908266875,-0.3239218319953352,1.2617673654015107,126.84
46,1,1078,225,1111,267,1051.1309814453125,963.1541137695312,546.8471069335938,1094,246,1008,247,86,0.18101766705513,0.7810854852199555,1.4961740374565125,0.18263502798520168,-0.4199231735669908,1.4671713551180356,151.28
46,2,963,228,991,266,1051.1309814453125,963.1541137695312,546.8471069335938,977,247,889,246,88,0.02004821226000786,0.765960955619812,1.4243873357772827,0.01888689388669656,-0.4090153852647983,1.4338265515926258,139.35
46,3,1021,266,1057,302,1051.1309814453125,963.1541137695312,546.8471069335938,1039,284,936,283,103,0.09087575972080231,0.7824615776538849,1.3303847312927246,0.08839287491732693,-0.3063292236438914,1.2250168596131172,137.76
46,4,1130,244,1159,286,1051.1309814453125,963.1541137695312,546.8471069335938,1144,265,1050,266,94,0.23746824264526367,0.7766673803329468,1.3733892440795898,0.23094216574122584,-0.35992182426639374,1.3423057078739475,142.03
46,5,861,212,898,249,1051.1309814453125,963.1541137695312,546.8471069335938,879,230,798,233,81,-0.1397634595632553,0.7782157003879547,1.5417367219924927,-0.1247133041598587,-0.4695557691617843,1.5577374881500132,158.49
46,6,945,257,977,295,1051.1309814453125,963.1541137695312,546.8471069335938,961,276,862,275,99,-0.0014128934126347303,0.7640141189098358,1.2770482897758484,-0.002611896094081065,-0.32840628508073205,1.2745124903045562,128.91
46,7,1180,261,1212,298,1051.1309814453125,963.1541137695312,546.8471069335938,1196,279,1096,279,100,0.28764548897743225,0.7744531273841858,1.2869170904159546,0.2795059279954103,-0.321521051526156,1.2617673654015107,141.35
46,8,915,239,949,278,1051.1309814453125,963.1541137695312,546.8471069335938,932,258,838,260,94,-0.04654083400964737,0.7668978810310364,1.3463234901428223,-0.03978414248535955,-0.3688609004814225,1.3423057078739475,141.65
46,9,1001,248,1032,281,1051.1309814453125,963.1541137695312,546.8471069335938,1016,264,923,265,93,0.0758049488067627,0.770747447013855,1.3529196977615356,0.06821041480568436,-0.3650826935967738,1.3567391025822695,137.13
46,11,1012,216,1045,248,1051.1309814453125,963.1541137695312,546.8471069335938,1028,232,947,232,81,0.10135434567928314,0.7760545700788498,1.5341602563858032,0.09609922047452024,-0.4665918426566249,1.5577374881500132,151.77
46,12,1141,218,1170,251,1051.1309814453125,963.1541137695312,546.8471069335938,1155,234,1072,235,83,0.2795373797416687,0.7816348612308502,1.5359933376312256,0.2774577450328164,-0.4524561591357674,1.520201645062061,154.86
47,0,838,259,881,296,1051.1309814453125,963.1541137695312,546.8471069335938,859,277,759,276,100,-0.1243220753967762,0.756167420744896,1.2553195357322693,-0.1250255810612771,-0.3239218319953352,1.2617673654015107,126.69
47,1,1078,224,1111,267,1051.1309814453125,963.1541137695312,546.8471069335938,1094,245,1008,247,86,0.17940963059663773,0.782348358631134,1.4620196223258972,0.18263502798520168,-0.42131897616535074,1.4671713551180356,151.41
47,2,861,212,898,248,1051.1309814453125,963.1541137695312,546.8471069335938,879,230,798,233,81,-0.12395559623837471,0.7750791847705841,1.5275837182998657,-0.1247133041598587,-0.4695557691617843,1.5577374881500132,152.04
47,3,963,228,991,267,1051.1309814453125,963.1541137695312,546.8471069335938,977,247,889,246,88,0.018754035234451294,0.7655823171138764,1.406497836112976,0.01888689388669656,-0.4090153852647983,1.4338265515926258,137.26
47,4,1020,266,1056,301,1051.1309814453125,963.1541137695312,546.8471069335938,1038,283,937,282,101,0.09103332459926605,0.7829777240753174,1.3349066972732544,0.08895472369332393,-0.31358365404732447,1.2492746192094166,137.86
47,5,1129,244,1159,286,1051.1309814453125,963.1541137695312,546.8471069335938,1144,265,1050,266,94,0.2361593097448349,0.7769782185554505,1.357764482498169,0.23094216574122584,-0.35992182426639374,1.3423057078739475,140.88
47,6,944,257,977,294,1051.1309814453125,963.1541137695312,546.8471069335938,960,275,863,275,97,-0.0015631369315087795,0.765857943892479,1.2815179228782654,-0.003903265327556527,-0.3364150643964066,1.300791098352073,130.5
47,7,1000,249,1031,282,1051.1309814453125,963.1541137695312,546.8471069335938,1015,265,923,265,92,0.07528373971581459,0.7689817935228348,1.3395631909370422,0.06764706036380097,-0.3677462117504458,1.3714862667407726,135.59
47,8,915,239,948,278,1051.1309814453125,963.1541137695312,546.8471069335938,931,258,838,259,93,-0.04427340254187584,0.7655002415180207,1.3459622859954834,-0.04150267115142748,-0.3728271467231582,1.3567391025822695,139.09
47,11,1015,213,1047,248,1051.1309814453125,963.1541137695312,546.8471069335938,1031,230,947,232,84,0.09897502511739731,0.7760248720645905,1.5255686044692993,0.09695421343825014,-0.4527859202631492,1.50210400643037,151.15
47,12,1140,217,1169,251,1051.1309814453125,963.1541137695312,546.8471069335938,1154,234,1071,234,83,0.27810417115688324,0.784811595082283,1.536194920539856,0.27601149173813017,-0.4524561591357674,1.520201645062061,155.04
48,0,839,259,881,295,1051.1309814453125,963.1541137695312,546.8471069335938,860,277,759,276,101,-0.12832337617874146,0.7587369024753571,1.25327068567276,-0.12259919883830447,-0.3207146851438963,1.2492746192094166,128.08
48,1,861,212,898,248,1051.1309814453125,963.1541137695312,546.8471069335938,879,230,798,233,81,-0.12362529337406158,0.7854861557483673,1.5752211809158325,-0.1247133041598587,-0.4695557691617843,1.5577374881500132,162.22
48,2,1078,224,1111,267,1051.1309814453125,963.1541137695312,546.8471069335938,1094,245,1008,247,86,0.18719786405563354,0.795191490650177,1.5766106843948364,0.18263502798520168,-0.42131897616535074,1.4671713551180356,156.77
48,3,964,228,991,267,1051.1309814453125,963.1541137695312,546.8471069335938,977,247,889,246,88,0.01763366535305977,0.7673870116472244,1.4284578561782837,0.01888689388669656,-0.4090153852647983,1.4338265515926258,139.51
48,4,1020,267,1057,302,1051.1309814453125,963.1541137695312,546.8471069335938,1038,284,937,283,101,0.08879543095827103,0.7837399482727051,1.326101303100586,0.08895472369332393,-0.31239514886456254,1.2492746192094166,141.68
48,5,945,258,977,295,1051.1309814453125,963.1541137695312,546.8471069335938,961,276,862,275,99,-0.0014144134474918246,0.767842584848404,1.2821104526519775,-0.002611896094081065,-0.32840628508073205,1.2745124903045562,131.03
48,6,1129,245,1158,287,1051.1309814453125,963.1541137695312,546.8471069335938,1143,266,1050,266,93,0.23467644304037094,0.7805268257856369,1.3605343103408813,0.23213467264748677,-0.3625012092213124,1.3567391025822695,141.14
48,7,1001,249,1033,281,1051.1309814453125,963.1541137695312,546.8471069335938,1017,265,923,265,94,0.07637627050280571,0.7699854016304016,1.3431872725486755,0.06876178298284685,-0.35992182426639374,1.3423057078739475,137.11
48,8,915,241,948,278,1051.1309814453125,963.1541137695312,546.8471069335938,931,259,838,260,93,-0.04473806172609329,0.7645864427089691,1.3424969911575317,-0.04150267115142748,-0.3715364045354275,1.3567391025822695,140.16
48,9,1013,216,1046,248,1051.1309814453125,963.1541137695312,546.8471069335938,1029,232,947,233,82,0.10049368441104889,0.7843100666999817,1.5514612197875977,0.09639116929140361,-0.46090169823398314,1.5387406895140374,158.25
48,11,1180,261,1211,298,1051.1309814453125,963.1541137695312,546.8471069335938,1195,279,1149,246,46,0.2936475872993469,0.7906654119491577,1.342989206314087,0.6050120386104798,-0.6989588076655566,2.742972533481545,141.68
48,12,1141,219,1169,252,1051.1309814453125,963.1541137695312,546.8471069335938,1155,235,1072,235,83,0.27938470244407654,0.7842830061912537,1.5341449975967407,0.2774577450328164,-0.4510099058410812,1.520201645062061,154.72
49,0,839,259,880,296,1051.1309814453125,963.1541137695312,546.8471069335938,859,277,759,276,100,-0.12517553567886353,0.7577488660812378,1.2519530057907104,-0.1250255810612771,-0.3239218319953352,1.2617673654015107,127.32
49,1,861,211,897,249,1051.1309814453125,963.1541137695312,546.8471069335938,879,230,798,233,81,-0.14430953562259674,0.7928183913230896,1.7497378587722778,-0.1247133041598587,-0.4695557691617843,1.5577374881500132,169.63
49,2,1078,224,1112,267,1051.1309814453125,963.1541137695312,546.8471069335938,1095,245,1008,247,87,0.18216900527477264,0.7868501484394074,1.5337462425231934,0.18191553368030233,-0.4164762293128755,1.4503073165534606,154.39
49,3,963,228,991,267,1051.1309814453125,963.1541137695312,546.8471069335938,977,247,889,246,88,0.01841146871447563,0.7657719790935517,1.424562931060791,0.01888689388669656,-0.4090153852647983,1.4338265515926258,137.84
49,4,944,259,977,294,1051.1309814453125,963.1541137695312,546.8471069335938,960,276,863,275,97,-0.0026403090450912714,0.7663366436958313,1.2815020084381104,-0.003903265327556527,-0.33517754869064414,1.300791098352073,129.63
49,5,1020,266,1056,301,1051.1309814453125,963.1541137695312,546.8471069335938,1038,283,937,283,101,0.08806335926055908,0.7830803334712982,1.32659113407135,0.08895472369332393,-0.31358365404732447,1.2492746192094166,138.77
49,6,1129,244,1159,287,1051.1309814453125,963.1541137695312,546.8471069335938,1144,265,1051,266,93,0.23865993320941925,0.778920465707779,1.398447871208191,0.2334254148352175,-0.36379195140904313,1.3567391025822695,143.51
49,7,1000,250,1030,282,1051.1309814453125,963.1541137695312,546.8471069335938,1015,266,922,265,93,0.07609850913286209,0.7721864521503449,1.3577325344085693,0.06691967261795363,-0.3625012092213124,1.3567391025822695,137.26
49,8,915,241,949,277,1051.1309814453125,963.1541137695312,546.8471069335938,932,259,838,260,94,-0.042436663061380386,0.7684958517551422,1.3482056260108948,-0.03978414248535955,-0.36758388959356125,1.3423057078739475,145.07
49,10,1012,215,1046,248,1051.1309814453125,963.1541137695312,546.8471069335938,1029,231,947,232,82,0.10235655307769775,0.7800278306007385,1.5352009534835815,0.09639116929140361,-0.4623655887639704,1.5387406895140374,153.34
49,12,1140,217,1169,251,1051.1309814453125,963.1541137695312,546.8471069335938,1154,234,1071,235,83,0.278450146317482,0.7829832077026367,1.5367096662521362,0.27601149173813017,-0.4524561591357674,1.520201645062061,155.12
50,0,839,258,881,296,1051.1309814453125,963.1541137695312,546.8471069335938,860,277,759,276,101,-0.12402050942182541,0.7549951910972595,1.2534606456756592,-0.12259919883830447,-0.3207146851438963,1.2492746192094166,126.4
50,1,861,211,898,249,1051.1309814453125,963.1541137695312,546.8471069335938,879,230,798,234,81,-0.12429629266262054,0.7686676621437073,1.480688452720642,-0.1247133041598587,-0.4695557691617843,1.5577374881500132,149.48
50,2,1078,225,1112,268,1051.1309814453125,963.1541137695312,546.8471069335938,1095,246,1007,246,88,0.17994324862957,0.7839707225561142,1.469931423664093,0.17984831170666252,-0.41037946507683193,1.4338265515926258,151.6
50,3,964,228,991,266,1051.1309814453125,963.1541137695312,546.8471069335938,977,247,889,247,88,0.021376337856054306,0.7654931038618088,1.4159611463546753,0.01888689388669656,-0.4090153852647983,1.4338265515926258,138.71
50,4,944,258,977,294,1051.1309814453125,963.1541137695312,546.8471069335938,960,276,862,274,98,-0.0014167592162266374,0.7673063814640045,1.284820795059204,-0.0038634360895202363,-0.3317573696223722,1.2875177197974599,130.28
50,5,1021,266,1057,302,1051.1309814453125,963.1541137695312,546.8471069335938,1039,284,936,283,103,0.09427546337246895,0.7818452656269074,1.356801986694336,0.08839287491732693,-0.3063292236438914,1.2250168596131172,140.44
50,6,1129,245,1159,286,1051.1309814453125,963.1541137695312,546.8471069335938,1144,265,1050,266,94,0.23783963918685913,0.7797377347946167,1.4003541469573975,0.23094216574122584,-0.35992182426639374,1.3423057078739475,143.02
50,7,915,240,949,278,1051.1309814453125,963.1541137695312,546.8471069335938,932,259,838,260,94,-0.04224952310323715,0.7671237230300904,1.3461833000183105,-0.03978414248535955,-0.36758388959356125,1.3423057078739475,143.11
50,8,1180,260,1211,298,1051.1309814453125,963.1541137695312,546.8471069335938,1195,279,1149,247,46,0.28668734431266785,0.7757669925689697,1.281166434288025,0.6050120386104798,-0.6989588076655566,2.742972533481545,148.6
50,9,1000,248,1032,280,1051.1309814453125,963.1541137695312,546.8471069335938,1016,264,921,266,95,0.07616430521011353,0.7727444708347321,1.362853765487671,0.06677440607293313,-0.35739674215263123,1.3281761741068534,139.13
50,10,1011,215,1046,249,1051.1309814453125,963.1541137695312,546.8471069335938,1028,232,947,233,81,0.09995319321751595,0.7779053092002869,1.5309251546859741,0.09609922047452024,-0.4665918426566249,1.5577374881500132,153.0
50,12,1141,217,1169,251,1051.1309814453125,963.1541137695312,546.8471069335938,1155,234,1071,235,84,0.2737813740968704,0.7842405527830124,1.536348283290863,0.2741546766395686,-0.44706977628891315,1.50210400643037,155.5
51,0,840,258,880,296,1051.1309814453125,963.1541137695312,546.8471069335938,860,277,760,276,100,-0.12787282466888428,0.7582248091697693,1.253334641456604,-0.1238251908266875,-0.3239218319953352,1.2617673654015107,127.95
51,1,1078,225,1111,267,1051.1309814453125,963.1541137695312,546.8471069335938,1094,246,1008,246,86,0.19607914984226227,0.793744021654129,1.621664047241211,0.18263502798520168,-0.4199231735669908,1.4671713551180356,160.97
51,2,964,228,991,266,1051.1309814453125,963.1541137695312,546.8471069335938,977,247,889,246,88,0.018406126648187637,0.7661060184240341,1.4235514998435974,0.01888689388669656,-0.4090153852647983,1.4338265515926258,139.32
51,3,944,259,977,295,1051.1309814453125,963.1541137695312,546.8471069335938,960,277,862,275,98,-0.0013932677684351802,0.7658335506916046,1.2815803289413452,-0.0038634360895202363,-0.33053248162789306,1.2875177197974599,129.22
51,4,1021,266,1057,302,1051.1309814453125,963.1541137695312,546.8471069335938,1039,284,937,283,102,0.09229171648621559,0.7946239650249481,1.3521111607551575,0.0892594717302419,-0.3093324513266747,1.2370268288250106,150.12
51,5,861,213,897,249,1051.1309814453125,963.1541137695312,546.8471069335938,879,231,798,234,81,-0.14522244036197662,0.779420667886734,1.541175365447998,-0.1247133041598587,-0.4680738059092046,1.5577374881500132,160.13
51,6,1129,245,1159,287,1051.1309814453125,963.1541137695312,546.8471069335938,1144,266,1051,266,93,0.2336902990937233,0.7766466081142426,1.3505939841270447,0.2334254148352175,-0.3625012092213124,1.3567391025822695,140.41
51,7,1000,249,1030,282,1051.1309814453125,963.1541137695312,546.8471069335938,1015,265,922,265,93,0.07379505410790443,0.7711077570915222,1.3501824736595154,0.06691967261795363,-0.36379195140904313,1.3567391025822695,136.45
51,8,1180,260,1212,298,1051.1309814453125,963.1541137695312,546.8471069335938,1196,279,1149,246,47,0.2905413806438446,0.7784798383712769,1.2939130067825317,0.5946934638200219,-0.6840873436726724,2.684611415747895,147.98
51,9,1012,216,1046,248,1051.1309814453125,963.1541137695312,546.8471069335938,1029,232,947,232,82,0.09710794314742088,0.7820436596870423,1.5500696897506714,0.09639116929140361,-0.46090169823398314,1.5387406895140374,153.79
51,10,915,240,948,277,1051.1309814453125,963.1541137695312,546.8471069335938,931,258,838,260,93,-0.042182885110378265,0.7675401210784912,1.347246766090393,-0.04150267115142748,-0.3728271467231582,1.3567391025822695,144.16
51,12,1141,216,1170,250,1051.1309814453125,963.1541137695312,546.8471069335938,1155,233,1071,234,84,0.27856317162513733,0.7831639289855957,1.539618730545044,0.2741546766395686,-0.4484988122824721,1.50210400643037,155.7
52,0,839,258,880,296,1051.1309814453125,963.1541137695312,546.8471069335938,859,277,760,277,99,-0.12400131672620773,0.7577384948730469,1.2578054666519165,-0.1262884657184617,-0.3271937696922577,1.2745124903045562,127.63
52,1,861,213,898,249,1051.1309814453125,963.1541137695312,546.8471069335938,879,231,798,233,81,-0.1415153592824936,0.7782366216182709,1.5396056175231934,-0.1247133041598587,-0.4680738059092046,1.5577374881500132,158.07
52,2,1078,225,1111,267,1051.1309814453125,963.1541137695312,546.8471069335938,1094,246,1008,247,86,0.17827080190181732,0.7803971707820893,1.4624662399291992,0.18263502798520168,-0.4199231735669908,1.4671713551180356,150.27
52,3,964,228,991,265,1051.1309814453125,963.1541137695312,546.8471069335938,977,246,889,247,88,0.02352922409772873,0.7625537753105164,1.4176783561706543,0.01888689388669656,-0.41037946507683193,1.4338265515926258,137.78
52,4,944,259,977,295,1051.1309814453125,963.1541137695312,546.8471069335938,960,277,863,275,97,-0.0026465770788490772,0.7669772744178772,1.2822725772857666,-0.003903265327556527,-0.3339400329848817,1.300791098352073,129.21
52,5,1129,244,1159,286,1051.1309814453125,963.1541137695312,546.8471069335938,1144,265,1050,266,94,0.2359028458595276,0.777589613199234,1.360940933227539,0.23094216574122584,-0.35992182426639374,1.3423057078739475,141.42
52,6,1021,266,1056,301,1051.1309814453125,963.1541137695312,546.8471069335938,1038,283,937,283,101,0.09210548549890518,0.7823447227478028,1.351351022720337,0.08895472369332393,-0.31358365404732447,1.2492746192094166,138.24
52,7,1180,261,1212,298,1051.1309814453125,963.1541137695312,546.8471069335938,1196,279,1148,247,48,0.2845984101295471,0.7739008009433747,1.2858418226242065,0.5823040166571047,-0.6698355240128251,2.6286820112531473,144.06
52,8,999,249,1030,281,1051.1309814453125,963.1541137695312,546.8471069335938,1014,265,922,265,92,0.07586675882339478,0.7732081800699234,1.356201946735382,0.06634228836968187,-0.3677462117504458,1.3714862667407726,137.52
52,9,915,240,949,278,1051.1309814453125,963.1541137695312,546.8471069335938,932,259,838,260,94,-0.04378862679004669,0.7699527382850647,1.3536704778671265,-0.03978414248535955,-0.36758388959356125,1.3423057078739475,146.45
52,10,1011,215,1045,249,1051.1309814453125,963.1541137695312,546.8471069335938,1028,232,948,233,80,0.10048649087548256,0.7745408356189728,1.5159708261489868,0.09730046073045173,-0.4724242406898327,1.5772092067518884,150.78
52,12,1140,217,1170,250,1051.1309814453125,963.1541137695312,546.8471069335938,1155,233,1071,234,84,0.2738812416791916,0.7843580484390259,1.536942958831787,0.2741546766395686,-0.4484988122824721,1.50210400643037,154.83
53,0,840,258,881,296,1051.1309814453125,963.1541137695312,546.8471069335938,860,277,759,277,101,-0.12473886460065842,0.758622282743454,1.2583341598510742,-0.12259919883830447,-0.3207146851438963,1.2492746192094166,128.31
53,1,1078,225,1111,267,1051.1309814453125,963.1541137695312,546.8471069335938,1094,246,1008,247,86,0.17928671091794968,0.7817762136459351,1.4679996371269226,0.18263502798520168,-0.4199231735669908,1.4671713551180356,151.67
53,2,964,228,991,266,1051.1309814453125,963.1541137695312,546.8471069335938,977,247,889,247,88,0.02143037598580122,0.7663871735334397,1.428229570388794,0.01888689388669656,-0.4090153852647983,1.4338265515926258,139.49
53,3,1021,266,1057,301,1051.1309814453125,963.1541137695312,546.8471069335938,1039,283,936,283,103,0.09084706753492355,0.7834604322910309,1.3236429691314697,0.08839287491732693,-0.30749465105611434,1.2250168596131172,138.6
53,4,861,212,897,248,1051.1309814453125,963.1541137695312,546.8471069335938,879,230,798,233,81,-0.14442437887191772,0.8080987721681595,1.7781721353530884,-0.1247133041598587,-0.4695557691617843,1.5577374881500132,168.78
53,5,1129,244,1159,286,1051.1309814453125,963.1541137695312,546.8471069335938,1144,265,1051,266,93,0.23893534392118454,0.7760240823030472,1.3741534948349,0.2334254148352175,-0.36379195140904313,1.3567391025822695,141.94
53,6,945,258,977,295,1051.1309814453125,963.1541137695312,546.8471069335938,961,276,862,275,99,-0.001412409939803183,0.7662267923355103,1.280465006828308,-0.002611896094081065,-0.32840628508073205,1.2745124903045562,128.59
53,7,1180,261,1212,298,1051.1309814453125,963.1541137695312,546.8471069335938,1196,279,1148,246,48,0.2917066812515259,0.779375696182251,1.3656744956970215,0.5823040166571047,-0.6698355240128251,2.6286820112531473,141.77
53,8,999,249,1029,282,1051.1309814453125,963.1541137695312,546.8471069335938,1014,265,922,265,92,0.07314217835664749,0.7707368969917298,1.3538829684257507,0.06634228836968187,-0.3677462117504458,1.3714862667407726,135.31
53,9,915,240,949,278,1051.1309814453125,963.1541137695312,546.8471069335938,932,259,838,260,94,-0.04261961951851845,0.7686690926551819,1.354269027709961,-0.03978414248535955,-0.36758388959356125,1.3423057078739475,148.67
53,10,1011,216,1046,249,1051.1309814453125,963.1541137695312,546.8471069335938,1028,232,947,232,81,0.11228828132152557,0.7991788923740387,1.6366104483604431,0.09609922047452024,-0.4665918426566249,1.5577374881500132,161.54
53,12,1141,217,1170,251,1051.1309814453125,963.1541137695312,546.8471069335938,1155,234,1071,234,84,0.27729932963848114,0.7835664689540863,1.5365793108940125,0.2741546766395686,-0.44706977628891315,1.50210400643037,154.72
54,0,840,259,881,296,1051.1309814453125,963.1541137695312,546.8471069335938,860,277,759,277,101,-0.12753139436244965,0.7582450151443482,1.254769206047058,-0.12259919883830447,-0.3207146851438963,1.2492746192094166,127.97
54,1,1078,225,1111,267,1051.1309814453125,963.1541137695312,546.8471069335938,1094,246,1008,248,86,0.18688011169433594,0.7861412405967713,1.5042322874069214,0.18263502798520168,-0.4199231735669908,1.4671713551180356,156.36
54,2,861,212,898,248,1051.1309814453125,963.1541137695312,546.8471069335938,879,230,798,233,81,-0.12461850047111511,0.7795784711837769,1.5385998487472534,-0.1247133041598587,-0.4695557691617843,1.5577374881500132,154.46
54,3,1021,266,1057,301,1051.1309814453125,963.1541137695312,546.8471069335938,1039,283,937,283,102,0.08843199908733368,0.7767077326774597,1.3131067752838135,0.0892594717302419,-0.310509304497841,1.2370268288250106,139.83
54,4,964,228,991,266,1051.1309814453125,963.1541137695312,546.8471069335938,977,247,889,247,88,0.01602308079600334,0.7684366345405579,1.4267604351043701,0.01888689388669656,-0.4090153852647983,1.4338265515926258,140.45
54,5,944,259,977,295,1051.1309814453125,963.1541137695312,546.8471069335938,960,277,862,276,98,-0.0014180406578816473,0.7660062402486801,1.2824686765670776,-0.0038634360895202363,-0.33053248162789306,1.2875177197974599,129.36
54,6,1001,248,1032,280,1051.1309814453125,963.1541137695312,546.8471069335938,1016,264,922,264,94,0.07678045704960823,0.7708530217409134,1.3481424450874329,0.0674847720949856,-0.361198835154255,1.3423057078739475,137.9
54,7,1129,243,1159,286,1051.1309814453125,963.1541137695312,546.8471069335938,1144,264,1050,265,94,0.23653558641672134,0.7752105534076691,1.3633368611335754,0.23094216574122584,-0.361198835154255,1.3423057078739475,142.09
54,8,914,240,949,277,1051.1309814453125,963.1541137695312,546.8471069335938,931,258,837,259,94,-0.04478464461863041,0.7667193502187729,1.3461275100708008,-0.041061153373220804,-0.3688609004814225,1.3423057078739475,141.8
54,9,1011,216,1045,249,1051.1309814453125,963.1541137695312,546.8471069335938,1028,232,947,233,81,0.0988895408809185,0.7828408569097519,1.5500301122665405,0.09609922047452024,-0.4665918426566249,1.5577374881500132,155.07
54,11,1141,217,1170,251,1051.1309814453125,963.1541137695312,546.8471069335938,1155,234,1071,234,84,0.2781049311161041,0.7830981105566025,1.5365076661109924,0.2741546766395686,-0.44706977628891315,1.50210400643037,155.08
54,12,1180,260,1212,298,1051.1309814453125,963.1541137695312,546.8471069335938,1196,279,1149,247,47,0.28524069488048553,0.7726963251829148,1.271228551864624,0.5946934638200219,-0.6840873436726724,2.684611415747895,139.42
55,0,839,258,881,296,1051.1309814453125,963.1541137695312,546.8471069335938,860,277,759,277,101,-0.1320473998785019,0.7571784198284149,1.2530375123023987,-0.12259919883830447,-0.3207146851438963,1.2492746192094166,127.75
55,1,861,213,898,249,1051.1309814453125,963.1541137695312,546.8471069335938,879,231,798,234,81,-0.14803015440702438,0.8082038551568985,1.743034541606903,-0.1247133041598587,-0.4680738059092046,1.5577374881500132,170.05
55,2,1078,225,1111,267,1051.1309814453125,963.1541137695312,546.8471069335938,1094,246,1007,246,87,0.19440564513206482,0.8130836129188538,1.7184715270996094,0.1805357747899695,-0.4150964704225426,1.4503073165534606,164.35
55,3,964,227,991,266,1051.1309814453125,963.1541137695312,546.8471069335938,977,246,889,247,88,0.01980458665639162,0.7616597205400467,1.3908234238624573,0.01888689388669656,-0.41037946507683193,1.4338265515926258,136.97
55,4,945,259,977,295,1051.1309814453125,963.1541137695312,546.8471069335938,961,277,860,278,101,-0.0014905007556080818,0.765534782409668,1.2859458923339844,-0.002560175379346787,-0.3207146851438963,1.2492746192094166,129.49
55,5,1130,244,1159,286,1051.1309814453125,963.1541137695312,546.8471069335938,1144,265,1050,266,94,0.2369156777858734,0.7749565780162812,1.360809326171875,0.23094216574122584,-0.35992182426639374,1.3423057078739475,141.29
55,6,1021,266,1057,302,1051.1309814453125,963.1541137695312,546.8471069335938,1039,284,936,283,103,0.13100683689117432,0.8655922949314118,1.7179796695709229,0.08839287491732693,-0.3063292236438914,1.2250168596131172,157.92
55,7,1000,248,1032,280,1051.1309814453125,963.1541137695312,546.8471069335938,1016,264,922,266,94,0.07628225535154343,0.7740182518959046,1.3589107990264893,0.0674847720949856,-0.361198835154255,1.3423057078739475,139.69
55,9,915,240,949,278,1051.1309814453125,963.1541137695312,546.8471069335938,932,259,838,260,94,-0.043666012585163116,0.765937739610672,1.340238094329834,-0.03978414248535955,-0.36758388959356125,1.3423057078739475,141.84
55,10,1012,216,1045,248,1051.1309814453125,963.1541137695312,546.8471069335938,1028,232,947,233,81,0.09574677050113678,0.7804368078708649,1.5430434942245483,0.09609922047452024,-0.4665918426566249,1.5577374881500132,153.32
55,11,1180,260,1211,299,1051.1309814453125,963.1541137695312,546.8471069335938,1195,279,1148,247,47,0.2811150848865509,0.769949609041214,1.266263484954834,0.5921394420442994,-0.6840873436726724,2.684611415747895,131.72
55,12,1141,218,1170,251,1051.1309814453125,963.1541137695312,546.8471069335938,1155,234,1071,235,84,0.2762082517147064,0.7830106854438782,1.5303068161010742,0.2741546766395686,-0.44706977628891315,1.50210400643037,153.65
56,0,839,258,881,296,1051.1309814453125,963.1541137695312,546.8471069335938,860,277,760,277,100,-0.12332525104284286,0.7553502410650254,1.253369927406311,-0.1238251908266875,-0.3239218319953352,1.2617673654015107,126.82
56,1,1078,225,1112,267,1051.1309814453125,963.1541137695312,546.8471069335938,1095,246,1008,247,87,0.18375928699970245,0.7805992007255554,1.5043835639953613,0.18191553368030233,-0.4150964704225426,1.4503073165534606,151.57
56,2,861,212,897,249,1051.1309814453125,963.1541137695312,546.8471069335938,879,230,798,233,81,-0.13814039528369904,0.7828465938568115,1.5634737014770508,-0.1247133041598587,-0.4695557691617843,1.5577374881500132,159.57
56,3,1020,266,1056,301,1051.1309814453125,963.1541137695312,546.8471069335938,1038,283,937,283,101,0.09005461260676384,0.7843405842781067,1.3354207277297974,0.08895472369332393,-0.31358365404732447,1.2492746192094166,138.72
56,4,963,228,991,266,1051.1309814453125,963.1541137695312,546.8471069335938,977,247,889,247,88,0.01735702157020569,0.765014597773552,1.4155898094177246,0.01888689388669656,-0.4090153852647983,1.4338265515926258,138.74
56,5,945,257,977,294,1051.1309814453125,963.1541137695312,546.8471069335938,961,275,862,275,99,-0.00021025441674282774,0.7672166168689728,1.2854962944984436,-0.002611896094081065,-0.3296188004692064,1.2745124903045562,130.82
56,6,1000,249,1031,281,1051.1309814453125,963.1541137695312,546.8471069335938,1015,265,923,265,92,0.07365983724594116,0.7739396929740906,1.3627286553382874,0.06764706036380097,-0.3677462117504458,1.3714862667407726,138.62
56,7,915,239,947,278,1051.1309814453125,963.1541137695312,546.8471069335938,931,258,839,261,92,-0.044607292860746384,0.7672813326120377,1.3428491950035095,-0.041953787142203866,-0.3768796157092795,1.3714862667407726,143.35
56,8,1180,261,1211,298,1051.1309814453125,963.1541137695312,546.8471069335938,1195,279,1149,248,46,0.30113476514816284,0.7888232111930847,1.3287993669509888,0.6050120386104798,-0.6989588076655566,2.742972533481545,144.2
56,9,1130,244,1159,287,1051.1309814453125,963.1541137695312,546.8471069335938,1144,265,1050,266,94,0.23821503669023514,0.7780149966478348,1.3874840140342712,0.23094216574122584,-0.35992182426639374,1.3423057078739475,142.61
56,10,1011,215,1045,249,1051.1309814453125,963.1541137695312,546.8471069335938,1028,232,948,232,80,0.10128370299935341,0.7791753053665161,1.5381102561950684,0.09730046073045173,-0.4724242406898327,1.5772092067518884,152.43
56,12,1141,218,1169,250,1051.1309814453125,963.1541137695312,546.8471069335938,1155,234,1071,234,84,0.27444812655448914,0.7808978497982025,1.5412263870239258,0.2741546766395686,-0.44706977628891315,1.50210400643037,155.64
57,0,839,258,881,296,1051.1309814453125,963.1541137695312,546.8471069335938,860,277,760,277,100,-0.122944176197052,0.7558714985847473,1.255379557609558,-0.1238251908266875,-0.3239218319953352,1.2617673654015107,126.66
57,1,861,212,898,249,1051.1309814453125,963.1541137695312,546.8471069335938,879,230,798,234,81,-0.14138786494731903,0.7818892240524292,1.718582034111023,-0.1247133041598587,-0.4695557691617843,1.5577374881500132,162.95
57,2,1078,224,1112,267,1051.1309814453125,963.1541137695312,546.8471069335938,1095,245,1008,247,87,0.18194139003753662,0.7841010332107544,1.479867935180664,0.18191553368030233,-0.4164762293128755,1.4503073165534606,152.55
57,3,964,227,991,266,1051.1309814453125,963.1541137695312,546.8471069335938,977,246,889,247,88,0.02270994335412979,0.7633337020874024,1.411723017692566,0.01888689388669656,-0.41037946507683193,1.4338265515926258,137.64
57,4,944,257,977,295,1051.1309814453125,963.1541137695312,546.8471069335938,960,276,863,275,97,-0.003874818212352693,0.7670621663331986,1.2837711572647095,-0.003903265327556527,-0.33517754869064414,1.300791098352073,130.79
57,5,1129,244,1159,286,1051.1309814453125,963.1541137695312,546.8471069335938,1144,265,1050,265,94,0.2328360378742218,0.7771848529577255,1.3564416766166687,0.23094216574122584,-0.35992182426639374,1.3423057078739475,140.99
57,6,1021,266,1057,301,1051.1309814453125,963.1541137695312,546.8471069335938,1039,283,937,283,102,0.09383849427103996,0.782197842001915,1.343900203704834,0.0892594717302419,-0.310509304497841,1.2370268288250106,138.63
57,7,1180,261,1211,298,1051.1309814453125,963.1541137695312,546.8471069335938,1195,279,1149,247,46,0.2906329482793808,0.7841328769922257,1.31046861410141,0.6050120386104798,-0.6989588076655566,2.742972533481545,149.38
57,8,1000,248,1031,281,1051.1309814453125,963.1541137695312,546.8471069335938,1015,264,922,265,93,0.07551730796694756,0.7696609288454056,1.3477559089660645,0.06691967261795363,-0.3650826935967738,1.3567391025822695,136.47
57,9,914,239,948,278,1051.1309814453125,963.1541137695312,546.8471069335938,931,258,838,260,93,-0.04313684441149235,0.768080422282219,1.3493899703025818,-0.04150267115142748,-0.3728271467231582,1.3567391025822695,143.93
57,11,1011,215,1046,248,1051.1309814453125,963.1541137695312,546.8471069335938,1028,231,947,233,81,0.10268010944128036,0.7739335387945175,1.5185989737510681,0.09609922047452024,-0.4680738059092046,1.5577374881500132,150.88
57,12,1140,218,1170,250,1051.1309814453125,963.1541137695312,546.8471069335938,1155,234,1071,235,84,0.2768673300743103,0.7817493617534638,1.5400077104568481,0.2741546766395686,-0.44706977628891315,1.50210400643037,155.43
58,0,839,259,881,296,1051.1309814453125,963.1541137695312,546.8471069335938,860,277,759,276,101,-0.12166149169206619,0.7540902137756348,1.2526140213012695,-0.12259919883830447,-0.3207146851438963,1.2492746192094166,125.76
58,1,861,212,898,248,1051.1309814453125,963.1541137695312,546.8471069335938,879,230,798,234,81,-0.11984029039740562,0.7775453269481659,1.5401785373687744,-0.1247133041598587,-0.4695557691617843,1.5577374881500132,151.4
58,2,1078,225,1112,267,1051.1309814453125,963.1541137695312,546.8471069335938,1095,246,1008,247,87,0.18689923733472824,0.7865957707166672,1.4613359570503235,0.18191553368030233,-0.4150964704225426,1.4503073165534606,155.89
58,3,963,227,991,266,1051.1309814453125,963.1541137695312,546.8471069335938,977,246,889,247,88,0.019931912422180176,0.7632524758577347,1.4103024005889893,0.01888689388669656,-0.41037946507683193,1.4338265515926258,137.46
58,4,944,258,977,295,1051.1309814453125,963.1541137695312,546.8471069335938,960,276,862,275,98,-0.0014169649221003056,0.7659479916095734,1.2817860841751099,-0.0038634360895202363,-0.3317573696223722,1.2875177197974599,129.43
58,5,1021,267,1056,302,1051.1309814453125,963.1541137695312,546.8471069335938,1038,284,937,283,101,0.08712887763977051,0.7811202347278595,1.3194940090179443,0.08895472369332393,-0.31239514886456254,1.2492746192094166,139.05
58,6,1129,245,1159,287,1051.1309814453125,963.1541137695312,546.8471069335938,1144,266,1050,266,94,0.23294948041439056,0.778162294626236,1.3515247106552124,0.23094216574122584,-0.3586448133785325,1.3423057078739475,140.37
58,7,1000,250,1030,283,1051.1309814453125,963.1541137695312,546.8471069335938,1015,266,922,265,93,0.07418469712138176,0.7706424087285996,1.3417468667030334,0.06691967261795363,-0.3625012092213124,1.3567391025822695,135.62
58,8,915,240,948,277,1051.1309814453125,963.1541137695312,546.8471069335938,931,258,839,260,92,-0.044453928247094154,0.7658192306756973,1.3426983952522278,-0.041953787142203866,-0.3768796157092795,1.3714862667407726,140.4
58,10,1012,215,1045,249,1051.1309814453125,963.1541137695312,546.8471069335938,1028,232,947,232,81,0.0963827483355999,0.7833990693092346,1.5599995255470276,0.09609922047452024,-0.4665918426566249,1.5577374881500132,153.84
58,11,1181,261,1212,298,1051.1309814453125,963.1541137695312,546.8471069335938,1196,279,1149,246,47,0.2869483232498169,0.7787086457014084,1.3045152425765991,0.5946934638200219,-0.6840873436726724,2.684611415747895,144.52
58,12,1141,219,1170,251,1051.1309814453125,963.1541137695312,546.8471069335938,1155,235,1071,234,84,0.2794400155544281,0.7840779066085816,1.5347424745559692,0.2741546766395686,-0.4456407402953541,1.50210400643037,154.7
59,0,839,259,881,296,1051.1309814453125,963.1541137695312,546.8471069335938,860,277,760,276,100,-0.12297426909208298,0.7551698923110962,1.2547450065612793,-0.1238251908266875,-0.3239218319953352,1.2617673654015107,126.56
59,1,862,213,898,248,1051.1309814453125,963.1541137695312,546.8471069335938,880,230,798,234,82,-0.15004807710647583,0.8177957177162171,1.807680368423462,-0.1217285196767024,-0.4638294792939577,1.5387406895140374,176.7
59,2,1078,225,1112,267,1051.1309814453125,963.1541137695312,546.8471069335938,1095,246,1008,247,87,0.18755701184272766,0.7805857598781586,1.4565632939338684,0.18191553368030233,-0.4150964704225426,1.4503073165534606,158.89
59,3,964,227,991,267,1051.1309814453125,963.1541137695312,546.8471069335938,977,247,889,247,88,0.021321043372154236,0.7635653704404831,1.420303463935852,0.01888689388669656,-0.4090153852647983,1.4338265515926258,137.43
59,4,944,258,977,295,1051.1309814453125,963.1541137695312,546.8471069335938,960,276,862,276,98,-0.00306664127856493,0.7636434376239777,1.278225302696228,-0.0038634360895202363,-0.3317573696223722,1.2875177197974599,128.3
59,5,1129,244,1159,286,1051.1309814453125,963.1541137695312,546.8471069335938,1144,265,1050,266,94,0.2391059696674347,0.7806102275848389,1.3845473527908325,0.23094216574122584,-0.35992182426639374,1.3423057078739475,143.43
59,6,1022,266,1057,302,1051.1309814453125,963.1541137695312,546.8471069335938,1039,284,937,283,102,0.0929359719157219,0.7858022689819336,1.326446533203125,0.0892594717302419,-0.3093324513266747,1.2370268288250106,146.68
59,7,999,249,1030,282,1051.1309814453125,963.1541137695312,546.8471069335938,1014,265,923,265,91,0.07350057363510132,0.7737548887729645,1.3461300134658813,0.06707132450561243,-0.3717873789125386,1.3865575443972644,141.17
59,8,914,239,947,276,1051.1309814453125,963.1541137695312,546.8471069335938,930,257,838,260,92,-0.04632231593132019,0.8063679426908493,1.6349912285804749,-0.043258559136322976,-0.37818438770339863,1.3714862667407726,150.36
59,10,1012,216,1046,249,1051.1309814453125,963.1541137695312,546.8471069335938,1029,232,947,233,82,0.09613756090402603,0.7903935104608536,1.5599098801612854,0.09639116929140361,-0.46090169823398314,1.5387406895140374,158.28
59,11,1180,262,1212,298,1051.1309814453125,963.1541137695312,546.8471069335938,1196,280,1149,247,47,0.287263959646225,0.7713850975036621,1.2654982805252075,0.5946934638200219,-0.6815333218969499,2.684611415747895,139.86
59,12,1140,217,1170,250,1051.1309814453125,963.1541137695312,546.8471069335938,1155,233,1072,235,83,0.279537558555603,0.7842149674892426,1.5358234643936157,0.2774577450328164,-0.4539024124304537,1.520201645062061,155.35
60,0,839,259,880,296,1051.1309814453125,963.1541137695312,546.8471069335938,859,277,759,277,100,-0.12651564180850983,0.7561821430921555,1.25253826379776,-0.1250255810612771,-0.3239218319953352,1.2617673654015107,127.1
60,1,1078,225,1111,267,1051.1309814453125,963.1541137695312,546.8471069335938,1094,246,1008,247,86,0.18894414603710175,0.7825575411319733,1.5678443908691406,0.18263502798520168,-0.4199231735669908,1.4671713551180356,156.44
60,2,1021,266,1057,301,1051.1309814453125,963.1541137695312,546.8471069335938,1039,283,936,283,103,0.09540136158466339,0.7824883401393891,1.3470503687858582,0.08839287491732693,-0.30749465105611434,1.2250168596131172,146.97
60,3,862,212,897,249,1051.1309814453125,963.1541137695312,546.8471069335938,879,230,798,233,81,-0.14274181425571442,0.7782875537872315,1.5409862995147705,-0.1247133041598587,-0.4695557691617843,1.5577374881500132,158.69
60,4,964,228,991,267,1051.1309814453125,963.1541137695312,546.8471069335938,977,247,890,247,87,0.018718421459197998,0.7667132556438446,1.42537260055542,0.019103984621026405,-0.41371671153220974,1.4503073165534606,139.87
60,5,944,258,977,294,1051.1309814453125,963.1541137695312,546.8471069335938,960,276,862,275,98,-0.0015653290902264416,0.7665803670883179,1.2821182608604431,-0.0038634360895202363,-0.3317573696223722,1.2875177197974599,130.69
60,6,1129,244,1159,286,1051.1309814453125,963.1541137695312,546.8471069335938,1144,265,1051,266,93,0.24089232832193375,0.7833192437887192,1.4471051692962646,0.2334254148352175,-0.36379195140904313,1.3567391025822695,145.27
60,7,1000,249,1031,280,1051.1309814453125,963.1541137695312,546.8471069335938,1015,264,923,264,92,0.07562068477272987,0.7708498626947403,1.3489036560058594,0.06764706036380097,-0.3690509837445649,1.3714862667407726,137.3
60,8,915,241,948,277,1051.1309814453125,963.1541137695312,546.8471069335938,931,259,838,260,93,-0.041274916380643845,0.7664952516555786,1.3484666347503662,-0.04150267115142748,-0.3715364045354275,1.3567391025822695,141.28
60,10,1011,215,1046,248,1051.1309814453125,963.1541137695312,546.8471069335938,1028,231,947,232,81,0.09792102128267288,0.7814600110054016,1.5438499450683594,0.09609922047452024,-0.4680738059092046,1.5577374881500132,154.4
60,12,1141,217,1170,250,1051.1309814453125,963.1541137695312,546.8471069335938,1155,233,1072,235,83,0.2796441614627838,0.7834381252527237,1.540026605129242,0.2774577450328164,-0.4539024124304537,1.520201645062061,155.74
61,0,861,212,898,249,1051.1309814453125,963.1541137695312,546.8471069335938,879,230,798,234,81,-0.14491115510463715,0.7779750168323517,1.5419023036956787,-0.1247133041598587,-0.4695557691617843,1.5577374881500132,158.13
61,1,838,259,881,295,1051.1309814453125,963.1541137695312,546.8471069335938,859,277,759,276,100,-0.12767021358013153,0.7552350401878357,1.2509862184524536,-0.1250255810612771,-0.3239218319953352,1.2617673654015107,126.63
61,2,1078,225,1112,267,1051.1309814453125,963.1541137695312,546.8471069335938,1095,246,1008,247,87,0.1836424320936203,0.7807028234004975,1.496925711631775,0.18191553368030233,-0.4150964704225426,1.4503073165534606,151.46
61,3,964,228,991,267,1051.1309814453125,963.1541137695312,546.8471069335938,977,247,889,247,88,0.016017453745007515,0.7683695644140244,1.4278001189231873,0.01888689388669656,-0.4090153852647983,1.4338265515926258,140.29
61,4,1020,266,1057,302,1051.1309814453125,963.1541137695312,546.8471069335938,1038,284,937,282,101,0.0918562039732933,0.7832145929336548,1.323768138885498,0.08895472369332393,-0.31239514886456254,1.2492746192094166,139.62
61,5,944,258,977,294,1051.1309814453125,963.1541137695312,546.8471069335938,960,276,863,275,97,-0.00018910333164967597,0.764609569311142,1.2802060842514038,-0.003903265327556527,-0.33517754869064414,1.300791098352073,129.31
61,6,1129,244,1159,287,1051.1309814453125,963.1541137695312,546.8471069335938,1144,265,1050,266,94,0.2350628823041916,0.776871332526207,1.3582958579063416,0.23094216574122584,-0.35992182426639374,1.3423057078739475,141.72
61,8,915,240,948,277,1051.1309814453125,963.1541137695312,546.8471069335938,931,258,839,260,92,-0.04650264233350754,0.7958925902843476,1.5553975701332092,-0.041953787142203866,-0.3768796157092795,1.3714862667407726,147.17
61,9,999,250,1030,283,1051.1309814453125,963.1541137695312,546.8471069335938,1014,266,923,264,91,0.07316364347934723,0.773825877904892,1.3437675833702087,0.06707132450561243,-0.37046826876463795,1.3865575443972644,137.06
61,10,1011,216,1046,249,1051.1309814453125,963.1541137695312,546.8471069335938,1028,232,947,232,81,0.10243028402328491,0.7794791996479035,1.5357881784439087,0.09609922047452024,-0.4665918426566249,1.5577374881500132,153.16
61,12,1140,216,1169,250,1051.1309814453125,963.1541137695312,546.8471069335938,1154,233,1071,235,83,0.27807193994522095,0.7815619051456452,1.537098228931427,0.27601149173813017,-0.4539024124304537,1.520201645062061,154.97
62,0,839,258,880,296,1051.1309814453125,963.1541137695312,546.8471069335938,859,277,759,276,100,-0.12403140962123871,0.7551504611968994,1.2521198987960815,-0.1250255810612771,-0.3239218319953352,1.2617673654015107,126.79
62,1,861,212,898,249,1051.1309814453125,963.1541137695312,546.8471069335938,879,230,797,233,82,-0.13763383030891418,0.7810342848300934,1.5445268154144287,-0.1231924102066897,-0.4638294792939577,1.5387406895140374,154.85
62,2,1078,224,1112,267,1051.1309814453125,963.1541137695312,546.8471069335938,1095,245,1007,246,88,0.1847810596227646,0.7904495090246201,1.4869741797447205,0.17984831170666252,-0.4117435448888655,1.4338265515926258,155.08
62,3,1021,266,1057,302,1051.1309814453125,963.1541137695312,546.8471069335938,1039,284,937,283,102,0.09256702661514282,0.7812257051467896,1.3064600229263306,0.0892594717302419,-0.3093324513266747,1.2370268288250106,138.36
62,4,963,228,991,266,1051.1309814453125,963.1541137695312,546.8471069335938,977,247,889,247,88,0.01723468117415905,0.7644687533378601,1.415791392326355,0.01888689388669656,-0.4090153852647983,1.4338265515926258,138.68
62,5,944,258,977,295,1051.1309814453125,963.1541137695312,546.8471069335938,960,276,862,275,98,-0.0014170154463499784,0.7656560182571411,1.2818553447723389,-0.0038634360895202363,-0.3317573696223722,1.2875177197974599,129.86
62,6,1129,245,1159,287,1051.1309814453125,963.1541137695312,546.8471069335938,1144,266,1051,266,93,0.2345697358250618,0.7745351135730744,1.3532459139823914,0.2334254148352175,-0.3625012092213124,1.3567391025822695,140.38
62,7,1000,249,1030,282,1051.1309814453125,963.1541137695312,546.8471069335938,1015,265,923,265,92,0.07334916293621063,0.7714127838611603,1.3333491086959839,0.06764706036380097,-0.3677462117504458,1.3714862667407726,136.44
62,8,1181,261,1212,298,1051.1309814453125,963.1541137695312,546.8471069335938,1196,279,1149,247,47,0.2917431443929672,0.7768385350704193,1.285349428653717,0.5946934638200219,-0.6840873436726724,2.684611415747895,140.47
62,9,915,240,949,278,1051.1309814453125,963.1541137695312,546.8471069335938,932,259,839,260,93,-0.04659361019730568,0.7644638508558274,1.3429115414619446,-0.040211928963696755,-0.3715364045354275,1.3567391025822695,140.5
62,11,1016,213,1047,249,1051.1309814453125,963.1541137695312,546.8471069335938,1031,231,947,232,84,0.10220331326127052,0.7787431418895722,1.5337669849395752,0.09695421343825014,-0.4513568842695902,1.50210400643037,154.35
62,12,1141,218,1169,251,1051.1309814453125,963.1541137695312,546.8471069335938,1155,234,1072,234,83,0.2773989140987396,0.7840063214302063,1.5347449779510498,0.2774577450328164,-0.4524561591357674,1.520201645062061,155.2
63,0,839,259,881,296,1051.1309814453125,963.1541137695312,546.8471069335938,860,277,760,277,100,-0.12423428893089294,0.7559261411428452,1.2543938755989075,-0.1238251908266875,-0.3239218319953352,1.2617673654015107,126.99
63,1,861,213,898,249,1051.1309814453125,963.1541137695312,546.8471069335938,879,231,798,233,81,-0.1451159566640854,0.7801830410957337,1.566347599029541,-0.1247133041598587,-0.4680738059092046,1.5577374881500132,166.63
63,2,1078,225,1111,267,1051.1309814453125,963.1541137695312,546.8471069335938,1094,246,1008,247,86,0.18152208626270294,0.7805199563503266,1.4535346031188965,0.18263502798520168,-0.4199231735669908,1.4671713551180356,149.54
63,3,964,227,991,266,1051.1309814453125,963.1541137695312,546.8471069335938,977,246,889,247,88,0.018796734511852264,0.7692439198493958,1.4346888065338135,0.01888689388669656,-0.41037946507683193,1.4338265515926258,143.44
63,4,945,258,977,295,1051.1309814453125,963.1541137695312,546.8471069335938,961,276,862,275,99,-0.00018900122086051852,0.7650310337543488,1.2788563966751099,-0.002611896094081065,-0.32840628508073205,1.2745124903045562,129.21
63,5,1021,266,1056,301,1051.1309814453125,963.1541137695312,546.8471069335938,1038,283,936,283,102,0.09161161258816719,0.7802520483732224,1.3173384070396423,0.08808261855907565,-0.310509304497841,1.2370268288250106,138.26
63,6,1129,244,1159,286,1051.1309814453125,963.1541137695312,546.8471069335938,1144,265,1050,266,94,0.23472802340984344,0.7758223354816437,1.362442970275879,0.23094216574122584,-0.35992182426639374,1.3423057078739475,140.7
63,7,1181,261,1212,298,1051.1309814453125,963.1541137695312,546.8471069335938,1196,279,1149,247,47,0.2878273129463196,0.7737292438745499,1.2674983739852905,0.5946934638200219,-0.6840873436726724,2.684611415747895,143.97
63,8,1000,249,1030,281,1051.1309814453125,963.1541137695312,546.8471069335938,1015,265,923,265,92,0.07657996565103531,0.7721796721220017,1.3420358896255493,0.06764706036380097,-0.3677462117504458,1.3714862667407726,138.27
63,9,1012,216,1045,249,1051.1309814453125,963.1541137695312,546.8471069335938,1028,232,947,233,81,0.09985525161027908,0.7813188672065735,1.540941298007965,0.09609922047452024,-0.4665918426566249,1.5577374881500132,153.88
63,10,915,240,947,278,1051.1309814453125,963.1541137695312,546.8471069335938,931,259,838,260,93,-0.04519224911928177,0.7683093786239624,1.3545479774475098,-0.04150267115142748,-0.3715364045354275,1.3567391025822695,145.52
63,12,1141,217,1169,250,1051.1309814453125,963.1541137695312,546.8471069335938,1155,233,1071,235,84,0.28088703751564026,0.784884461760521,1.5385011434555054,0.2741546766395686,-0.4484988122824721,1.50210400643037,155.69
64,0,839,259,881,295,1051.1309814453125,963.1541137695312,546.8471069335938,860,277,759,276,101,-0.12398839741945267,0.7546672463417053,1.253481149673462,-0.12259919883830447,-0.3207146851438963,1.2492746192094166,126.61
64,1,861,213,898,249,1051.1309814453125,963.1541137695312,546.8471069335938,879,231,798,234,81,-0.1342168152332306,0.7762243390083313,1.5388047695159912,-0.1247133041598587,-0.4680738059092046,1.5577374881500132,154.33
64,2,1077,225,1112,267,1051.1309814453125,963.1541137695312,546.8471069335938,1094,246,1008,246,86,0.18106261640787125,0.7863560110330582,1.4956476092338562,0.18263502798520168,-0.4199231735669908,1.4671713551180356,153.16
64,3,963,228,991,266,1051.1309814453125,963.1541137695312,546.8471069335938,977,247,889,247,88,0.022669484838843346,0.7636043071746826,1.4210325479507446,0.01888689388669656,-0.4090153852647983,1.4338265515926258,137.49
64,4,944,258,977,295,1051.1309814453125,963.1541137695312,546.8471069335938,960,276,862,275,98,-0.002641466213390231,0.7654409348964691,1.2819533348083496,-0.0038634360895202363,-0.3317573696223722,1.2875177197974599,127.94
64,5,1021,267,1057,301,1051.1309814453125,963.1541137695312,546.8471069335938,1039,284,937,283,102,0.08982084691524506,0.7843178451061249,1.3281538486480713,0.0892594717302419,-0.3093324513266747,1.2370268288250106,138.92
64,6,1130,244,1158,286,1051.1309814453125,963.1541137695312,546.8471069335938,1144,265,1050,266,94,0.24081644415855408,0.7819192200899124,1.4212475419044495,0.23094216574122584,-0.35992182426639374,1.3423057078739475,145.11
64,7,999,248,1030,281,1051.1309814453125,963.1541137695312,546.8471069335938,1014,264,923,264,91,0.07521241158246994,0.7695659041404724,1.342181921005249,0.06707132450561243,-0.3731064890604392,1.3865575443972644,136.36
64,8,915,240,949,278,1051.1309814453125,963.1541137695312,546.8471069335938,932,259,838,260,94,-0.04875927418470383,0.7596758544445038,1.3218798637390137,-0.03978414248535955,-0.36758388959356125,1.3423057078739475,132.4
64,10,1012,216,1045,248,1051.1309814453125,963.1541137695312,546.8471069335938,1028,232,947,233,81,0.1021365225315094,0.7777661621570587,1.5290101766586304,0.09609922047452024,-0.4665918426566249,1.5577374881500132,152.42
64,11,1141,218,1170,251,1051.1309814453125,963.1541137695312,546.8471069335938,1155,234,1071,234,84,0.27833762764930725,0.7862866759300232,1.5374937057495117,0.2741546766395686,-0.44706977628891315,1.50210400643037,156.45
64,12,1180,260,1211,298,1051.1309814453125,963.1541137695312,546.8471069335938,1195,279,1149,247,46,0.2916707545518875,0.7779217898845673,1.2942872047424316,0.6050120386104798,-0.6989588076655566,2.742972533481545,142.57
65,0,861,213,899,249,1051.1309814453125,963.1541137695312,546.8471069335938,880,231,798,234,82,-0.11658584326505661,0.7699548840522766,1.508226990699768,-0.1217285196767024,-0.4623655887639704,1.5387406895140374,150.36
65,1,839,258,881,295,1051.1309814453125,963.1541137695312,546.8471069335938,860,276,759,276,101,-0.12395370006561279,0.7548614382743836,1.251658320426941,-0.12259919883830447,-0.32190319032665826,1.2492746192094166,126.65
65,2,1078,224,1112,267,1051.1309814453125,963.1541137695312,546.8471069335938,1095,245,1008,247,87,0.19194376468658447,0.7865501433610916,1.4819012880325317,0.18191553368030233,-0.4164762293128755,1.4503073165534606,155.1
65,3,964,228,991,266,1051.1309814453125,963.1541137695312,546.8471069335938,977,247,889,247,88,0.019258052110671997,0.761764743924141,1.4016759395599365,0.01888689388669656,-0.4090153852647983,1.4338265515926258,136.9
65,4,1020,266,1056,301,1051.1309814453125,963.1541137695312,546.8471069335938,1038,283,937,283,101,0.08687974885106087,0.7831073790788651,1.3155314326286316,0.08895472369332393,-0.31358365404732447,1.2492746192094166,140.12
65,5,944,258,977,295,1051.1309814453125,963.1541137695312,546.8471069335938,960,276,862,276,98,-0.00018469298811396584,0.7639535307884217,1.2813332676887512,-0.0038634360895202363,-0.3317573696223722,1.2875177197974599,127.93
65,6,1129,245,1159,287,1051.1309814453125,963.1541137695312,546.8471069335938,1144,266,1050,266,94,0.23383568227291107,0.7764693140983582,1.3555166721343994,0.23094216574122584,-0.3586448133785325,1.3423057078739475,140.15
65,7,1000,249,1031,281,1051.1309814453125,963.1541137695312,546.8471069335938,1015,265,922,265,93,0.0739586129784584,0.7698089420795441,1.339542269706726,0.06691967261795363,-0.36379195140904313,1.3567391025822695,137.65
65,8,915,240,948,278,1051.1309814453125,963.1541137695312,546.8471069335938,931,259,838,260,93,-0.04964360594749451,0.757305258512497,1.313019871711731,-0.04150267115142748,-0.3715364045354275,1.3567391025822695,130.29
65,9,1012,216,1045,248,1051.1309814453125,963.1541137695312,546.8471069335938,1028,232,947,232,81,0.10128268972039223,0.7983194828033447,1.5961324572563171,0.09609922047452024,-0.4665918426566249,1.5577374881500132,161.46
65,11,1180,260,1212,298,1051.1309814453125,963.1541137695312,546.8471069335938,1196,279,1149,247,47,0.29027578234672546,0.7812503218650818,1.3055236339569092,0.5946934638200219,-0.6840873436726724,2.684611415747895,141.56
65,12,1140,218,1169,251,1051.1309814453125,963.1541137695312,546.8471069335938,1154,234,1072,234,82,0.28093811869621277,0.7843097537755966,1.5351202487945557,0.2793774855398147,-0.45797391717400854,1.5387406895140374,155.18
66,0,838,259,881,296,1051.1309814453125,963.1541137695312,546.8471069335938,859,277,760,276,99,-0.13099433481693268,0.7558456897735596,1.2469607591629028,-0.1262884657184617,-0.3271937696922577,1.2745124903045562,125.97
66,1,1078,225,1111,267,1051.1309814453125,963.1541137695312,546.8471069335938,1094,246,1008,247,86,0.18188565969467163,0.7890139162540436,1.51732337474823,0.18263502798520168,-0.4199231735669908,1.4671713551180356,155.02
66,2,964,228,991,266,1051.1309814453125,963.1541137695312,546.8471069335938,977,247,889,246,88,0.01918539311736822,0.7647668808698654,1.4175848364830017,0.01888689388669656,-0.4090153852647983,1.4338265515926258,138.32
66,3,944,258,977,295,1051.1309814453125,963.1541137695312,546.8471069335938,960,276,862,275,98,-0.0014150365022942424,0.764079087972641,1.27987539768219,-0.0038634360895202363,-0.3317573696223722,1.2875177197974599,129.2
66,4,1022,266,1057,301,1051.1309814453125,963.1541137695312,546.8471069335938,1039,283,937,283,102,0.09179730713367462,0.7870334625244141,1.329378366470337,0.0892594717302419,-0.310509304497841,1.2370268288250106,137.27
66,5,861,214,898,249,1051.1309814453125,963.1541137695312,546.8471069335938,879,231,799,233,80,-0.1411694660782814,0.7782518059015274,1.5369039177894592,-0.12627222046185693,-0.47392472848306966,1.5772092067518884,157.38
66,6,1129,244,1159,286,1051.1309814453125,963.1541137695312,546.8471069335938,1144,265,1050,266,94,0.23583846539258957,0.7752287477254868,1.3577297925949097,0.23094216574122584,-0.35992182426639374,1.3423057078739475,140.3
66,7,1000,249,1030,282,1051.1309814453125,963.1541137695312,546.8471069335938,1015,265,923,265,92,0.07392021268606186,0.7675737082958222,1.3386980295181274,0.06764706036380097,-0.3677462117504458,1.3714862667407726,135.05
66,10,915,240,948,277,1051.1309814453125,963.1541137695312,546.8471069335938,931,258,838,261,93,-0.04287300631403923,0.7677870780229569,1.3474880456924438,-0.04150267115142748,-0.3728271467231582,1.3567391025822695,142.35
66,11,1012,216,1046,248,1051.1309814453125,963.1541137695312,546.8471069335938,1029,232,947,232,82,0.1039806604385376,0.7790358603000641,1.5370720624923706,0.09639116929140361,-0.46090169823398314,1.5387406895140374,153.0
66,12,1140,218,1170,251,1051.1309814453125,963.1541137695312,546.8471069335938,1155,234,1071,234,84,0.2763051241636276,0.7837231248617172,1.5343101620674133,0.2741546766395686,-0.44706977628891315,1.50210400643037,154.8
67,0,839,258,880,296,1051.1309814453125,963.1541137695312,546.8471069335938,859,277,760,276,99,-0.1275898739695549,0.7575984239578247,1.251940369606018,-0.1262884657184617,-0.3271937696922577,1.2745124903045562,127.79
67,1,1078,225,1111,267,1051.1309814453125,963.1541137695312,546.8471069335938,1094,246,1008,247,86,0.18555860221385956,0.7950168639421463,1.5411462187767029,0.18263502798520168,-0.4199231735669908,1.4671713551180356,157.15
67,2,861,212,898,249,1051.1309814453125,963.1541137695312,546.8471069335938,879,230,798,233,81,-0.1381218582391739,0.7757599890232086,1.5358166694641113,-0.1247133041598587,-0.4695557691617843,1.5577374881500132,155.02
67,3,1021,266,1056,301,1051.1309814453125,963.1541137695312,546.8471069335938,1038,283,937,283,101,0.1227821409702301,0.835504674911499,1.6091127395629883,0.08895472369332393,-0.31358365404732447,1.2492746192094166,149.69
67,4,964,227,991,266,1051.1309814453125,963.1541137695312,546.8471069335938,977,246,889,247,88,0.022294466383755207,0.7618367910385132,1.4011921882629395,0.01888689388669656,-0.41037946507683193,1.4338265515926258,137.17
67,5,944,259,977,295,1051.1309814453125,963.1541137695312,546.8471069335938,960,277,862,276,98,-0.0014190246001817286,0.765442305803299,1.2845645546913147,-0.0038634360895202363,-0.33053248162789306,1.2875177197974599,128.49
67,6,1129,244,1159,287,1051.1309814453125,963.1541137695312,546.8471069335938,1144,265,1050,266,94,0.232733815908432,0.7790458738803864,1.3528419733047485,0.23094216574122584,-0.35992182426639374,1.3423057078739475,140.88
67,7,1001,248,1032,282,1051.1309814453125,963.1541137695312,546.8471069335938,1016,265,923,264,93,0.0780760794878006,0.7737119138240814,1.4647635221481323,0.06821041480568436,-0.36379195140904313,1.3567391025822695,140.52
67,9,1011,216,1045,248,1051.1309814453125,963.1541137695312,546.8471069335938,1028,232,947,232,81,0.1015087440609932,0.7813094645738602,1.5434866547584534,0.09609922047452024,-0.4665918426566249,1.5577374881500132,155.98
67,10,915,240,948,277,1051.1309814453125,963.1541137695312,546.8471069335938,931,258,838,260,93,-0.045849910005927086,0.8096335023641587,1.6049065589904785,-0.04150267115142748,-0.3728271467231582,1.3567391025822695,150.13
67,11,1180,261,1212,298,1051.1309814453125,963.1541137695312,546.8471069335938,1196,279,1149,247,47,0.28961843252182007,0.7802975714206696,1.3040837049484253,0.5946934638200219,-0.6840873436726724,2.684611415747895,145.66
67,12,1141,218,1170,251,1051.1309814453125,963.1541137695312,546.8471069335938,1155,234,1071,234,84,0.2795218974351883,0.7842119425535202,1.5351067185401917,0.2741546766395686,-0.44706977628891315,1.50210400643037,155.31
68,0,839,258,881,296,1051.1309814453125,963.1541137695312,546.8471069335938,860,277,759,276,101,-0.12652937322854996,0.7570679724216461,1.2502874732017517,-0.12259919883830447,-0.3207146851438963,1.2492746192094166,128.41
68,1,1078,224,1111,267,1051.1309814453125,963.1541137695312,546.8471069335938,1094,245,1007,247,87,0.1895798146724701,0.7852582573890686,1.5446114540100098,0.1805357747899695,-0.4164762293128755,1.4503073165534606,155.77
68,2,964,227,991,267,1051.1309814453125,963.1541137695312,546.8471069335938,977,247,889,247,88,0.021050121635198593,0.7630542904138565,1.4068108797073364,0.01888689388669656,-0.4090153852647983,1.4338265515926258,137.14
68,3,862,212,898,249,1051.1309814453125,963.1541137695312,546.8471069335938,880,230,798,234,82,-0.12748244404792786,0.7787303864955902,1.5390162467956543,-0.1217285196767024,-0.4638294792939577,1.5387406895140374,153.79
68,4,944,258,977,296,1051.1309814453125,963.1541137695312,546.8471069335938,960,277,862,275,98,-0.0026475846534594893,0.7671528100967407,1.2848668694496155,-0.0038634360895202363,-0.33053248162789306,1.2875177197974599,130.38
68,5,1129,245,1159,287,1051.1309814453125,963.1541137695312,546.8471069335938,1144,266,1050,266,94,0.23838962614536285,0.7821536600589752,1.385341763496399,0.23094216574122584,-0.3586448133785325,1.3423057078739475,143.29
68,6,1020,267,1056,302,1051.1309814453125,963.1541137695312,546.8471069335938,1038,284,937,283,101,0.09606107324361801,0.7864153623580933,1.3359864950180054,0.08895472369332393,-0.31239514886456254,1.2492746192094166,147.34
68,7,915,240,949,278,1051.1309814453125,963.1541137695312,546.8471069335938,932,259,838,260,94,-0.046737225726246834,0.7681280463933945,1.3506933450698853,-0.03978414248535955,-0.36758388959356125,1.3423057078739475,142.08
68,8,1180,260,1211,298,1051.1309814453125,963.1541137695312,546.8471069335938,1195,279,1149,247,46,0.3176932632923126,0.8026370942592621,1.494527816772461,0.6050120386104798,-0.6989588076655566,2.742972533481545,144.03
68,9,1000,248,1031,281,1051.1309814453125,963.1541137695312,546.8471069335938,1015,264,922,265,93,0.07456354051828384,0.7723143935203552,1.3516216278076172,0.06691967261795363,-0.3650826935967738,1.3567391025822695,138.8
68,11,1011,215,1046,248,1051.1309814453125,963.1541137695312,546.8471069335938,1028,231,947,232,81,0.09775058925151825,0.7848501741886139,1.5616735219955444,0.09609922047452024,-0.4680738059092046,1.5577374881500132,155.16
68,12,1140,217,1170,251,1051.1309814453125,963.1541137695312,546.8471069335938,1155,234,1072,234,83,0.2780506759881973,0.7851691782474518,1.5351263284683228,0.2774577450328164,-0.4524561591357674,1.520201645062061,155.45
69,0,839,258,880,295,1051.1309814453125,963.1541137695312,546.8471069335938,859,276,759,276,100,-0.12433981895446777,0.7549317717552185,1.2524880766868591,-0.1250255810612771,-0.32512222222992476,1.2617673654015107,126.61
69,1,1078,225,1112,267,1051.1309814453125,963.1541137695312,546.8471069335938,1095,246,1008,247,87,0.181239515542984,0.7798749297857285,1.4935382604599,0.18191553368030233,-0.4150964704225426,1.4503073165534606,151.03
69,2,964,227,991,266,1051.1309814453125,963.1541137695312,546.8471069335938,977,246,889,247,88,0.02347470447421074,0.7643161058425904,1.4246379137039185,0.01888689388669656,-0.41037946507683193,1.4338265515926258,138.39
69,3,1020,266,1056,302,1051.1309814453125,963.1541137695312,546.8471069335938,1038,284,937,283,101,0.09186787903308868,0.7820021152496338,1.343430519104004,0.08895472369332393,-0.31239514886456254,1.2492746192094166,138.17
69,4,945,258,977,295,1051.1309814453125,963.1541137695312,546.8471069335938,961,276,862,275,99,-0.003849599976092577,0.7654954731464386,1.2792112827301025,-0.002611896094081065,-0.32840628508073205,1.2745124903045562,127.95
69,5,862,213,898,249,1051.1309814453125,963.1541137695312,546.8471069335938,880,231,798,234,82,-0.12335328012704849,0.7751367926597595,1.5380852222442627,-0.1217285196767024,-0.4623655887639704,1.5387406895140374,150.49
69,6,1130,244,1159,286,1051.1309814453125,963.1541137695312,546.8471069335938,1144,265,1050,266,94,0.23922627419233322,0.7758551627397537,1.3600518107414246,0.23094216574122584,-0.35992182426639374,1.3423057078739475,142.31
69,7,1001,248,1031,281,1051.1309814453125,963.1541137695312,546.8471069335938,1016,264,923,266,93,0.07787621766328812,0.7716374486684799,1.3548341393470764,0.06821041480568436,-0.3650826935967738,1.3567391025822695,138.23
69,8,915,240,948,277,1051.1309814453125,963.1541137695312,546.8471069335938,931,258,838,260,93,-0.04445222578942776,0.7670912086963654,1.3454498648643494,-0.04150267115142748,-0.3728271467231582,1.3567391025822695,145.04
69,10,1012,216,1045,248,1051.1309814453125,963.1541137695312,546.8471069335938,1028,232,947,232,81,0.10093364864587784,0.7753248155117035,1.5266755819320679,0.09609922047452024,-0.4665918426566249,1.5577374881500132,151.59
69,12,1141,218,1170,250,1051.1309814453125,963.1541137695312,546.8471069335938,1155,234,1072,235,83,0.27515681087970734,0.7841514885425568,1.5355560779571533,0.2774577450328164,-0.4524561591357674,1.520201645062061,155.05
70,0,840,259,881,297,1051.1309814453125,963.1541137695312,546.8471069335938,860,278,760,277,100,-0.12547948211431503,0.759419971704483,1.251699984073639,-0.1238251908266875,-0.3227214417607456,1.2617673654015107,127.76
70,1,861,212,898,249,1051.1309814453125,963.1541137695312,546.8471069335938,879,230,798,233,81,-0.14487022906541824,0.7821913301944733,1.5793212056159973,-0.1247133041598587,-0.4695557691617843,1.5577374881500132,167.05
70,2,1077,225,1111,267,1051.1309814453125,963.1541137695312,546.8471069335938,1094,246,1008,246,86,0.18080870807170868,0.7861610889434815,1.5429357290267944,0.18263502798520168,-0.4199231735669908,1.4671713551180356,154.46
70,3,964,228,991,266,1051.1309814453125,963.1541137695312,546.8471069335938,977,247,889,247,88,0.02291199006140232,0.7681696951389313,1.4343013763427734,0.01888689388669656,-0.4090153852647983,1.4338265515926258,143.27
70,4,945,258,977,295,1051.1309814453125,963.1541137695312,546.8471069335938,961,276,862,275,99,-0.0014138755504973233,0.765816205739975,1.2792626023292542,-0.002611896094081065,-0.32840628508073205,1.2745124903045562,128.47
70,5,1129,245,1159,286,1051.1309814453125,963.1541137695312,546.8471069335938,1144,265,1050,266,94,0.23422454297542572,0.7752600252628327,1.3523125648498535,0.23094216574122584,-0.35992182426639374,1.3423057078739475,141.2
70,6,1181,261,1212,298,1051.1309814453125,963.1541137695312,546.8471069335938,1196,279,1149,247,47,0.289094477891922,0.7715440928936005,1.2656335830688477,0.5946934638200219,-0.6840873436726724,2.684611415747895,136.82
70,7,1021,266,1057,301,1051.1309814453125,963.1541137695312,546.8471069335938,1039,283,937,283,102,0.09244733676314354,0.7838689923286438,1.3435998558998108,0.0892594717302419,-0.310509304497841,1.2370268288250106,138.98
70,8,999,249,1030,282,1051.1309814453125,963.1541137695312,546.8471069335938,1014,265,922,266,92,0.07485709339380264,0.7703534603118897,1.347068190574646,0.06634228836968187,-0.3677462117504458,1.3714862667407726,136.04
70,9,914,240,948,278,1051.1309814453125,963.1541137695312,546.8471069335938,931,259,838,260,93,-0.046255504712462425,0.8023530036211014,1.581061840057373,-0.04150267115142748,-0.3715364045354275,1.3567391025822695,148.39
70,11,1012,216,1045,248,1051.1309814453125,963.1541137695312,546.8471069335938,1028,232,947,233,81,0.10139038041234016,0.7746150583028794,1.5195116996765137,0.09609922047452024,-0.4665918426566249,1.5577374881500132,151.09
70,12,1140,218,1169,251,1051.1309814453125,963.1541137695312,546.8471069335938,1154,234,1071,233,83,0.2738037109375,0.784475439786911,1.5367858409881592,0.27601149173813017,-0.4524561591357674,1.520201645062061,155.16
71,0,839,259,881,295,1051.1309814453125,963.1541137695312,546.8471069335938,860,277,760,277,100,-0.12759093940258026,0.7576367497444153,1.2517119646072388,-0.1238251908266875,-0.3239218319953352,1.2617673654015107,127.89
71,1,1078,225,1112,267,1051.1309814453125,963.1541137695312,546.8471069335938,1095,246,1008,247,87,0.18745165318250656,0.7957921266555786,1.62555730342865,0.18191553368030233,-0.4150964704225426,1.4503073165534606,157.91
71,2,861,213,898,248,1051.1309814453125,963.1541137695312,546.8471069335938,879,230,798,233,81,-0.1403314247727394,0.777733588218689,1.5382549166679382,-0.1247133041598587,-0.4695557691617843,1.5577374881500132,157.87
71,3,964,228,991,267,1051.1309814453125,963.1541137695312,546.8471069335938,977,247,889,247,88,0.024316521361470222,0.7689077198505402,1.4378646612167358,0.01888689388669656,-0.4090153852647983,1.4338265515926258,141.42
71,4,944,258,977,295,1051.1309814453125,963.1541137695312,546.8471069335938,960,276,862,275,98,-0.0014177486300468445,0.7658584654331207,1.281516432762146,-0.0038634360895202363,-0.3317573696223722,1.2875177197974599,128.8
71,5,1129,244,1159,286,1051.1309814453125,963.1541137695312,546.8471069335938,1144,265,1050,266,94,0.23387594521045685,0.7776232749223709,1.3551328778266907,0.23094216574122584,-0.35992182426639374,1.3423057078739475,140.79
71,6,1021,266,1056,302,1051.1309814453125,963.1541137695312,546.8471069335938,1038,284,936,283,102,0.09408094361424446,0.7852764666080475,1.357097089290619,0.08808261855907565,-0.3093324513266747,1.2370268288250106,142.79
71,8,999,249,1030,282,1051.1309814453125,963.1541137695312,546.8471069335938,1014,265,922,265,92,0.07628469914197922,0.7746123909950257,1.360209882259369,0.06634228836968187,-0.3677462117504458,1.3714862667407726,137.91
71,9,915,239,948,277,1051.1309814453125,963.1541137695312,546.8471069335938,931,258,838,260,93,-0.04507555812597275,0.8089855551719666,1.6245275735855103,-0.04150267115142748,-0.3728271467231582,1.3567391025822695,151.51
71,11,1012,215,1046,249,1051.1309814453125,963.1541137695312,546.8471069335938,1029,232,947,232,82,0.09946431964635849,0.7790687024593353,1.5352529883384705,0.09639116929140361,-0.46090169823398314,1.5387406895140374,153.6
71,12,1141,218,1169,250,1051.1309814453125,963.1541137695312,546.8471069335938,1155,234,1071,235,84,0.2791667580604553,0.7839958906173706,1.5350127220153809,0.2741546766395686,-0.44706977628891315,1.50210400643037,155.37
72,0,839,259,881,296,1051.1309814453125,963.1541137695312,546.8471069335938,860,277,759,276,101,-0.12655235081911087,0.7566976040601731,1.252672791481018,-0.12259919883830447,-0.3207146851438963,1.2492746192094166,127.21
72,1,1078,224,1111,267,1051.1309814453125,963.1541137695312,546.8471069335938,1094,245,1007,246,87,0.18909786641597748,0.801630312204361,1.5684196949005127,0.1805357747899695,-0.4164762293128755,1.4503073165534606,157.91
72,2,945,258,977,295,1051.1309814453125,963.1541137695312,546.8471069335938,961,276,862,275,99,-0.0001885464953375049,0.7645751774311066,1.2792934775352478,-0.002611896094081065,-0.32840628508073205,1.2745124903045562,129.08
72,3,1021,266,1057,301,1051.1309814453125,963.1541137695312,546.8471069335938,1039,283,936,283,103,0.0960429459810257,0.7950730264186859,1.3584498167037964,0.08839287491732693,-0.30749465105611434,1.2250168596131172,143.96
72,4,963,227,991,266,1051.1309814453125,963.1541137695312,546.8471069335938,977,246,889,246,88,0.01611148752272129,0.7703837096691132,1.4346402883529663,0.01888689388669656,-0.41037946507683193,1.4338265515926258,140.86
72,5,1129,245,1159,286,1051.1309814453125,963.1541137695312,546.8471069335938,1144,265,1051,266,93,0.23653841018676758,0.7763368427753449,1.374566674232483,0.2334254148352175,-0.36379195140904313,1.3567391025822695,142.52
72,6,861,213,898,249,1051.1309814453125,963.1541137695312,546.8471069335938,879,231,798,233,81,-0.1394849717617035,0.7768277764320374,1.5333155393600464,-0.1247133041598587,-0.4680738059092046,1.5577374881500132,155.12
72,7,999,249,1030,282,1051.1309814453125,963.1541137695312,546.8471069335938,1014,265,923,265,91,0.07565208524465561,0.7711203932762146,1.3552329540252686,0.06707132450561243,-0.3717873789125386,1.3865575443972644,136.86
72,8,915,240,948,278,1051.1309814453125,963.1541137695312,546.8471069335938,931,259,838,260,93,-0.04242687299847603,0.7690383285284043,1.3533498644828796,-0.04150267115142748,-0.3715364045354275,1.3567391025822695,144.82
72,11,1012,216,1046,249,1051.1309814453125,963.1541137695312,546.8471069335938,1029,232,947,232,82,0.10047567263245583,0.7842896074056626,1.5519502758979797,0.09639116929140361,-0.46090169823398314,1.5387406895140374,156.73
72,12,1140,218,1169,251,1051.1309814453125,963.1541137695312,546.8471069335938,1154,234,1071,234,83,0.2750365734100342,0.7850544691085816,1.5345405340194702,0.27601149173813017,-0.4524561591357674,1.520201645062061,156.26
73,0,838,258,880,296,1051.1309814453125,963.1541137695312,546.8471069335938,859,277,760,276,99,-0.1279362440109253,0.7571999073028565,1.25333571434021,-0.1262884657184617,-0.3271937696922577,1.2745124903045562,128.36
73,1,1078,225,1112,267,1051.1309814453125,963.1541137695312,546.8471069335938,1095,246,1008,246,87,0.1837623566389084,0.7811243772506714,1.4496237635612488,0.18191553368030233,-0.4150964704225426,1.4503073165534606,151.98
73,2,964,228,991,266,1051.1309814453125,963.1541137695312,546.8471069335938,977,247,889,246,88,0.021402012556791306,0.7635590970516205,1.407619595527649,0.01888689388669656,-0.4090153852647983,1.4338265515926258,136.93
73,3,1021,266,1057,302,1051.1309814453125,963.1541137695312,546.8471069335938,1039,284,937,283,102,0.08724509924650192,0.7767724633216858,1.3036375045776367,0.0892594717302419,-0.3093324513266747,1.2370268288250106,138.15
73,4,1129,244,1158,286,1051.1309814453125,963.1541137695312,546.8471069335938,1143,265,1050,266,93,0.23143398016691208,0.7755575120449066,1.351143717765808,0.23213467264748677,-0.36379195140904313,1.3567391025822695,139.98
73,5,945,258,977,295,1051.1309814453125,963.1541137695312,546.8471069335938,961,276,862,275,99,-0.0001892265136120841,0.7645521700382233,1.2792766094207764,-0.002611896094081065,-0.32840628508073205,1.2745124903045562,127.38
73,6,861,212,897,249,1051.1309814453125,963.1541137695312,546.8471069335938,879,230,799,233,80,-0.1400238797068596,0.7769654780626297,1.5360281467437744,-0.12627222046185693,-0.47542521627630663,1.5772092067518884,154.79
73,8,1000,249,1030,282,1051.1309814453125,963.1541137695312,546.8471069335938,1015,265,923,265,92,0.07426712661981583,0.7685440719127655,1.3434619903564453,0.06764706036380097,-0.3677462117504458,1.3714862667407726,135.34
73,9,915,239,948,277,1051.1309814453125,963.1541137695312,546.8471069335938,931,258,839,260,92,-0.04496354982256889,0.7669241070747376,1.3463689088821411,-0.041953787142203866,-0.3768796157092795,1.3714862667407726,147.17
73,10,1012,216,1045,249,1051.1309814453125,963.1541137695312,546.8471069335938,1028,232,947,232,81,0.09189817309379578,0.778962129354477,1.5187859535217285,0.09609922047452024,-0.4665918426566249,1.5577374881500132,151.23
73,12,1141,217,1169,251,1051.1309814453125,963.1541137695312,546.8471069335938,1155,234,1071,235,84,0.27645421028137207,0.7842501342296601,1.5354161262512207,0.2741546766395686,-0.44706977628891315,1.50210400643037,155.12
74,0,839,259,881,296,1051.1309814453125,963.1541137695312,546.8471069335938,860,277,760,276,100,-0.12776271998882294,0.7588337153196335,1.2519568800926208,-0.1238251908266875,-0.3239218319953352,1.2617673654015107,128.29
74,1,861,212,898,248,1051.1309814453125,963.1541137695312,546.8471069335938,879,230,798,234,81,-0.13951922953128815,0.7790050148963928,1.541164755821228,-0.1247133041598587,-0.4695557691617843,1.5577374881500132,159.31
74,2,1078,224,1112,267,1051.1309814453125,963.1541137695312,546.8471069335938,1095,245,1007,246,88,0.19101741909980774,0.7901946246623993,1.584680438041687,0.17984831170666252,-0.4117435448888655,1.4338265515926258,156.64
74,3,964,227,991,265,1051.1309814453125,963.1541137695312,546.8471069335938,977,246,889,247,88,0.020066073164343834,0.7673714250326157,1.4262774586677551,0.01888689388669656,-0.41037946507683193,1.4338265515926258,140.9
74,4,945,258,977,295,1051.1309814453125,963.1541137695312,546.8471069335938,961,276,862,275,99,-0.0026386163663119078,0.7659915030002594,1.2765932083129883,-0.002611896094081065,-0.32840628508073205,1.2745124903045562,128.33
74,5,1021,266,1057,302,1051.1309814453125,963.1541137695312,546.8471069335938,1039,284,936,283,103,0.09337031841278076,0.784793221950531,1.3174073696136475,0.08839287491732693,-0.3063292236438914,1.2250168596131172,145.64
74,6,1130,244,1159,287,1051.1309814453125,963.1541137695312,546.8471069335938,1144,265,1050,266,94,0.23630499094724655,0.7755500018596649,1.3528273105621338,0.23094216574122584,-0.35992182426639374,1.3423057078739475,139.71
74,7,999,248,1030,282,1051.1309814453125,963.1541137695312,546.8471069335938,1014,265,923,265,91,0.07569602131843567,0.775078946352005,1.3559584617614746,0.06707132450561243,-0.3717873789125386,1.3865575443972644,141.63
74,8,915,239,949,277,1051.1309814453125,963.1541137695312,546.8471069335938,932,258,838,260,94,-0.04098121076822281,0.7650151789188385,1.3399847745895386,-0.03978414248535955,-0.3688609004814225,1.3423057078739475,144.42
74,9,1012,215,1046,248,1051.1309814453125,963.1541137695312,546.8471069335938,1029,231,947,233,82,0.09861962497234344,0.787164980173111,1.5671371221542358,0.09639116929140361,-0.4623655887639704,1.5387406895140374,156.58
74,11,1180,260,1212,298,1051.1309814453125,963.1541137695312,546.8471069335938,1196,279,1149,247,47,0.2905256152153015,0.7783505856990814,1.28919517993927,0.5946934638200219,-0.6840873436726724,2.684611415747895,144.66
74,12,1140,218,1170,251,1051.1309814453125,963.1541137695312,546.8471069335938,1155,234,1071,234,84,0.27962204813957214,0.7842703402042389,1.535412311553955,0.2741546766395686,-0.44706977628891315,1.50210400643037,154.94
75,0,839,260,881,295,1051.1309814453125,963.1541137695312,546.8471069335938,860,277,759,277,101,-0.12797927111387253,0.7581626415252686,1.2509959936141968,-0.12259919883830447,-0.3207146851438963,1.2492746192094166,128.07
75,1,1078,224,1112,267,1051.1309814453125,963.1541137695312,546.8471069335938,1095,245,1008,248,87,0.18691527843475342,0.7911440968513489,1.4866753220558167,0.18191553368030233,-0.4164762293128755,1.4503073165534606,156.04
75,2,862,213,897,249,1051.1309814453125,963.1541137695312,546.8471069335938,879,231,798,234,81,-0.14566507935523987,0.7822134286165238,1.5817723274230957,-0.1247133041598587,-0.4680738059092046,1.5577374881500132,162.77
75,3,1021,266,1057,302,1051.1309814453125,963.1541137695312,546.8471069335938,1039,284,937,283,102,0.09320531040430069,0.7835555911064148,1.3282688856124878,0.0892594717302419,-0.3093324513266747,1.2370268288250106,142.43
75,4,964,228,991,266,1051.1309814453125,963.1541137695312,546.8471069335938,977,247,889,247,88,0.016014812514185905,0.7676232546567917,1.426978349685669,0.01888689388669656,-0.4090153852647983,1.4338265515926258,142.43
75,5,945,259,977,295,1051.1309814453125,963.1541137695312,546.8471069335938,961,277,862,275,99,0.0010353345423936844,0.7648318350315094,1.2784488201141357,-0.002611896094081065,-0.3271937696922577,1.2745124903045562,127.85
75,6,1129,244,1159,287,1051.1309814453125,963.1541137695312,546.8471069335938,1144,265,1050,266,94,0.23373104631900787,0.7770441710948944,1.3579970598220825,0.23094216574122584,-0.35992182426639374,1.3423057078739475,140.14
75,7,1000,249,1029,282,1051.1309814453125,963.1541137695312,546.8471069335938,1014,265,923,263,91,0.07605291157960892,0.7731423765420914,1.34459388256073,0.06707132450561243,-0.3717873789125386,1.3865575443972644,138.83
75,8,914,240,948,277,1051.1309814453125,963.1541137695312,546.8471069335938,931,258,838,259,93,-0.04452012665569782,0.7669660687446594,1.3476360440254211,-0.04150267115142748,-0.3728271467231582,1.3567391025822695,147.39
75,9,1011,216,1046,249,1051.1309814453125,963.1541137695312,546.8471069335938,1028,232,946,232,82,0.10271931067109108,0.7883335888385773,1.5642263293266296,0.09492727876141632,-0.46090169823398314,1.5387406895140374,157.93
75,10,1180,261,1212,299,1051.1309814453125,963.1541137695312,546.8471069335938,1196,280,1148,247,48,0.28296351432800293,0.7714925646781922,1.2657533884048462,0.5823040166571047,-0.6673347110240968,2.6286820112531473,134.02
75,12,1140,217,1169,251,1051.1309814453125,963.1541137695312,546.8471069335938,1154,234,1071,235,83,0.2790891230106354,0.7856238573789597,1.5206297636032104,0.27601149173813017,-0.4524561591357674,1.520201645062061,153.46
76,0,839,258,881,296,1051.1309814453125,963.1541137695312,546.8471069335938,860,277,760,276,100,-0.1299991011619568,0.7610820174217224,1.252365231513977,-0.1238251908266875,-0.3239218319953352,1.2617673654015107,128.92
76,1,1078,224,1112,267,1051.1309814453125,963.1541137695312,546.8471069335938,1095,245,1008,246,87,0.18422407656908035,0.7920256346464157,1.53084796667099,0.18191553368030233,-0.4164762293128755,1.4503073165534606,155.17
76,2,861,213,898,248,1051.1309814453125,963.1541137695312,546.8471069335938,879,230,798,234,81,-0.145719975233078,0.7808119595050812,1.6355323791503906,-0.1247133041598587,-0.4695557691617843,1.5577374881500132,162.0
76,3,963,228,991,267,1051.1309814453125,963.1541137695312,546.8471069335938,977,247,889,246,88,0.023378984071314335,0.7665867149829865,1.4285255670547485,0.01888689388669656,-0.4090153852647983,1.4338265515926258,139.5
76,4,1129,244,1159,286,1051.1309814453125,963.1541137695312,546.8471069335938,1144,265,1050,266,94,0.23748791217803955,0.7773880302906037,1.384377121925354,0.23094216574122584,-0.35992182426639374,1.3423057078739475,142.04
76,5,1021,266,1056,301,1051.1309814453125,963.1541137695312,546.8471069335938,1038,283,937,283,101,0.08917966485023499,0.7808000087738037,1.3255152702331543,0.08895472369332393,-0.31358365404732447,1.2492746192094166,139.72
76,6,944,258,977,295,1051.1309814453125,963.1541137695312,546.8471069335938,960,276,862,275,98,-0.002644600812345743,0.7660327792167664,1.2810373902320862,-0.0038634360895202363,-0.3317573696223722,1.2875177197974599,128.7
76,7,1000,249,1030,282,1051.1309814453125,963.1541137695312,546.8471069335938,1015,265,922,265,93,0.07491997629404068,0.7707658499479294,1.3394284844398499,0.06691967261795363,-0.36379195140904313,1.3567391025822695,136.86
76,8,915,240,949,278,1051.1309814453125,963.1541137695312,546.8471069335938,932,259,838,260,94,-0.0443622712045908,0.7658106029033661,1.3397771716117859,-0.03978414248535955,-0.36758388959356125,1.3423057078739475,145.15
76,9,1180,262,1212,298,1051.1309814453125,963.1541137695312,546.8471069335938,1196,280,1148,247,48,0.2894710898399353,0.7779201805591583,1.2866753935813904,0.5823040166571047,-0.6673347110240968,2.6286820112531473,140.3
76,11,1015,213,1047,249,1051.1309814453125,963.1541137695312,546.8471069335938,1031,231,947,232,84,0.10260458663105965,0.7825169205665589,1.5401957631111145,0.09695421343825014,-0.4513568842695902,1.50210400643037,155.52
76,12,1141,218,1169,251,1051.1309814453125,963.1541137695312,546.8471069335938,1155,234,1071,235,84,0.27608323097229004,0.7825645446777344,1.5303046703338623,0.2741546766395686,-0.44706977628891315,1.50210400643037,153.75
77,0,839,258,881,296,1051.1309814453125,963.1541137695312,546.8471069335938,860,277,759,276,101,-0.1287086233496666,0.7598148375749588,1.2523993253707886,-0.12259919883830447,-0.3207146851438963,1.2492746192094166,128.01
77,1,1078,225,1111,267,1051.1309814453125,963.1541137695312,546.8471069335938,1094,246,1008,247,86,0.1948447898030281,0.8003206044435501,1.618305504322052,0.18263502798520168,-0.4199231735669908,1.4671713551180356,158.66
77,2,964,228,991,267,1051.1309814453125,963.1541137695312,546.8471069335938,977,247,889,247,88,0.023683756589889526,0.7640245944261551,1.4118698239326477,0.01888689388669656,-0.4090153852647983,1.4338265515926258,138.13
77,3,1021,266,1057,301,1051.1309814453125,963.1541137695312,546.8471069335938,1039,283,937,283,102,0.12333422154188156,0.8455312639474869,1.6380738019943237,0.0892594717302419,-0.310509304497841,1.2370268288250106,153.93
77,4,862,212,898,248,1051.1309814453125,963.1541137695312,546.8471069335938,880,230,798,233,82,-0.1443711295723915,0.7820300102233887,1.556532859802246,-0.1217285196767024,-0.4638294792939577,1.5387406895140374,164.57
77,5,945,258,977,295,1051.1309814453125,963.1541137695312,546.8471069335938,961,276,862,275,99,-0.003919604234397411,0.7673594892024994,1.2831840515136719,-0.002611896094081065,-0.32840628508073205,1.2745124903045562,130.06
77,6,1129,245,1159,287,1051.1309814453125,963.1541137695312,546.8471069335938,1144,266,1050,266,94,0.23794032633304596,0.7761107623577118,1.3821567296981812,0.23094216574122584,-0.3586448133785325,1.3423057078739475,142.36
77,7,1180,261,1211,298,1051.1309814453125,963.1541137695312,546.8471069335938,1195,279,1149,248,46,0.2904624938964844,0.7873270153999329,1.3148505687713623,0.6050120386104798,-0.6989588076655566,2.742972533481545,143.46
77,8,1000,248,1031,281,1051.1309814453125,963.1541137695312,546.8471069335938,1015,264,922,265,93,0.0770074874162674,0.7755090534687042,1.3570624589920044,0.06691967261795363,-0.3650826935967738,1.3567391025822695,141.26
77,9,915,240,949,278,1051.1309814453125,963.1541137695312,546.8471069335938,932,259,838,259,94,-0.04372067749500275,0.7675971627235413,1.3453025817871094,-0.03978414248535955,-0.36758388959356125,1.3423057078739475,145.41
77,11,1011,216,1046,248,1051.1309814453125,963.1541137695312,546.8471069335938,1028,232,946,233,82,0.09695295244455338,0.7811945617198944,1.5389964580535889,0.09492727876141632,-0.46090169823398314,1.5387406895140374,153.86
77,12,1141,217,1169,251,1051.1309814453125,963.1541137695312,546.8471069335938,1155,234,1072,235,83,0.27523165941238403,0.7833026140928269,1.5337783098220825,0.2774577450328164,-0.4524561591357674,1.520201645062061,154.14
78,0,840,259,880,296,1051.1309814453125,963.1541137695312,546.8471069335938,860,277,760,276,100,-0.12282422930002213,0.7585942536592484,1.2531130909919739,-0.1238251908266875,-0.3239218319953352,1.2617673654015107,126.47
78,1,1078,225,1111,267,1051.1309814453125,963.1541137695312,546.8471069335938,1094,246,1007,247,87,0.19073538482189178,0.8107488244771958,1.6484533548355103,0.1805357747899695,-0.4150964704225426,1.4503073165534606,161.87
78,2,964,228,991,265,1051.1309814453125,963.1541137695312,546.8471069335938,977,246,889,247,88,0.017455111257731915,0.7698623180389405,1.4340524077415466,0.01888689388669656,-0.41037946507683193,1.4338265515926258,141.09
78,3,1020,266,1057,302,1051.1309814453125,963.1541137695312,546.8471069335938,1038,284,936,283,102,0.09891439974308014,0.8015465676784516,1.375375747680664,0.08808261855907565,-0.3093324513266747,1.2370268288250106,148.95
78,4,945,258,977,295,1051.1309814453125,963.1541137695312,546.8471069335938,961,276,862,275,99,-0.002640365157276392,0.7680802583694458,1.2824023962020874,-0.002611896094081065,-0.32840628508073205,1.2745124903045562,130.76
78,5,861,213,897,248,1051.1309814453125,963.1541137695312,546.8471069335938,879,230,798,234,81,-0.13821705430746078,0.7768306523561478,1.5354632139205933,-0.1247133041598587,-0.4695557691617843,1.5577374881500132,156.0
78,6,1129,245,1159,287,1051.1309814453125,963.1541137695312,546.8471069335938,1144,266,1051,266,93,0.23085912317037582,0.7746972978115082,1.347439467906952,0.2334254148352175,-0.3625012092213124,1.3567391025822695,139.23
78,7,1000,250,1030,282,1051.1309814453125,963.1541137695312,546.8471069335938,1015,266,923,265,92,0.07458999752998352,0.7701958060264588,1.3327440023422241,0.06764706036380097,-0.3664414397563267,1.3714862667407726,136.82
78,10,1012,216,1045,248,1051.1309814453125,963.1541137695312,546.8471069335938,1028,232,947,232,81,0.09691615030169487,0.7792237043380738,1.5386225581169128,0.09609922047452024,-0.4665918426566249,1.5577374881500132,153.05
78,11,915,240,947,277,1051.1309814453125,963.1541137695312,546.8471069335938,931,258,838,260,93,-0.04219169169664383,0.7645424693822861,1.3414635062217712,-0.04150267115142748,-0.3728271467231582,1.3567391025822695,136.34
78,12,1142,218,1169,251,1051.1309814453125,963.1541137695312,546.8471069335938,1155,234,1072,233,83,0.2790209650993347,0.7838427364826203,1.5339736938476562,0.2774577450328164,-0.4524561591357674,1.520201645062061,155.07
79,0,839,258,881,296,1051.1309814453125,963.1541137695312,546.8471069335938,860,277,760,277,100,-0.12297362089157104,0.7568672835826874,1.255202054977417,-0.1238251908266875,-0.3239218319953352,1.2617673654015107,126.97
79,1,861,212,898,249,1051.1309814453125,963.1541137695312,546.8471069335938,879,230,798,234,81,-0.1418948471546173,0.7791415095329285,1.537668228149414,-0.1247133041598587,-0.4695557691617843,1.5577374881500132,156.94
79,2,1078,224,1112,267,1051.1309814453125,963.1541137695312,546.8471069335938,1095,245,1008,248,87,0.1834583431482315,0.7926971703767777,1.5442314743995667,0.18191553368030233,-0.4164762293128755,1.4503073165534606,156.43
79,3,963,228,991,266,1051.1309814453125,963.1541137695312,546.8471069335938,977,247,889,248,88,0.018567738123238087,0.762239733338356,1.4008604884147644,0.01888689388669656,-0.4090153852647983,1.4338265515926258,136.82
79,4,944,258,977,295,1051.1309814453125,963.1541137695312,546.8471069335938,960,276,862,276,98,-0.003865516511723399,0.7657307922840119,1.2828361988067627,-0.0038634360895202363,-0.3317573696223722,1.2875177197974599,129.56
79,5,1022,266,1057,301,1051.1309814453125,963.1541137695312,546.8471069335938,1039,283,936,283,103,0.09112749248743057,0.7824939727783203,1.315941572189331,0.08839287491732693,-0.30749465105611434,1.2250168596131172,140.18
79,6,999,248,1029,282,1051.1309814453125,963.1541137695312,546.8471069335938,1014,265,923,265,91,0.0736868605017662,0.7688787966966629,1.336708903312683,0.06707132450561243,-0.3717873789125386,1.3865575443972644,136.38
79,7,915,240,949,278,1051.1309814453125,963.1541137695312,546.8471069335938,932,259,838,259,94,-0.04505628161132336,0.7637969195842743,1.3417204022407532,-0.03978414248535955,-0.36758388959356125,1.3423057078739475,141.89
79,8,1012,216,1043,250,1051.1309814453125,963.1541137695312,546.8471069335938,1027,233,947,232,80,0.10078325867652893,0.7810655772686005,1.534460186958313,0.09579997293721476,-0.4709237528965957,1.5772092067518884,153.97
79,9,1129,243,1159,287,1051.1309814453125,963.1541137695312,546.8471069335938,1144,265,1050,266,94,0.23555568605661392,0.77648805975914,1.372687578201294,0.23094216574122584,-0.35992182426639374,1.3423057078739475,141.29
79,11,1180,260,1212,299,1051.1309814453125,963.1541137695312,546.8471069335938,1196,279,1149,247,47,0.28578177094459534,0.7730593770742417,1.2670647501945496,0.5946934638200219,-0.6840873436726724,2.684611415747895,140.18
79,12,1141,218,1169,251,1051.1309814453125,963.1541137695312,546.8471069335938,1155,234,1071,234,84,0.2795483469963074,0.7844888806343079,1.5366454124450684,0.2741546766395686,-0.44706977628891315,1.50210400643037,155.31
80,0,840,258,881,296,1051.1309814453125,963.1541137695312,546.8471069335938,860,277,759,277,101,-0.12540937960147858,0.7585616946220398,1.2547439336776733,-0.12259919883830447,-0.3207146851438963,1.2492746192094166,127.73
80,1,1078,225,1111,267,1051.1309814453125,963.1541137695312,546.8471069335938,1094,246,1008,247,86,0.1885799765586853,0.8083412736654282,1.5299397110939026,0.18263502798520168,-0.4199231735669908,1.4671713551180356,159.8
80,2,964,228,992,266,1051.1309814453125,963.1541137695312,546.8471069335938,978,247,889,247,89,0.01732194423675537,0.7646612763404846,1.410738468170166,0.02002343466840736,-0.404419706778677,1.4177161409005739,137.58
80,3,862,212,898,249,1051.1309814453125,963.1541137695312,546.8471069335938,880,230,798,234,82,-0.12381741404533386,0.7803171962499619,1.5452633500099182,-0.1217285196767024,-0.4638294792939577,1.5387406895140374,153.29
80,4,944,258,977,295,1051.1309814453125,963.1541137695312,546.8471069335938,960,276,862,276,98,-0.003870501182973385,0.765658700466156,1.2820183038711548,-0.0038634360895202363,-0.3317573696223722,1.2875177197974599,129.62
80,5,1021,266,1057,301,1051.1309814453125,963.1541137695312,546.8471069335938,1039,283,937,283,102,0.09204000979661942,0.7875180184841156,1.3364793062210083,0.0892594717302419,-0.310509304497841,1.2370268288250106,143.52
80,6,1130,245,1159,287,1051.1309814453125,963.1541137695312,546.8471069335938,1144,266,1050,266,94,0.24015343189239502,0.7800938576459885,1.3659877181053162,0.23094216574122584,-0.3586448133785325,1.3423057078739475,142.33
80,7,999,249,1030,282,1051.1309814453125,963.1541137695312,546.8471069335938,1014,265,923,266,91,0.07583422213792801,0.7711120486259461,1.3362215757369995,0.06707132450561243,-0.3717873789125386,1.3865575443972644,137.89
80,9,915,240,948,277,1051.1309814453125,963.1541137695312,546.8471069335938,931,258,838,260,93,-0.04404287040233612,0.7659496158361435,1.3512993454933167,-0.04150267115142748,-0.3728271467231582,1.3567391025822695,138.16
80,11,1011,215,1044,249,1051.1309814453125,963.1541137695312,546.8471069335938,1027,232,947,233,80,0.1004759669303894,0.7887955397367478,1.5488823652267456,0.09579997293721476,-0.4724242406898327,1.5772092067518884,156.13
80,12,1141,218,1170,251,1051.1309814453125,963.1541137695312,546.8471069335938,1155,234,1071,235,84,0.2782771587371826,0.7842870593070984,1.5357685089111328,0.2741546766395686,-0.44706977628891315,1.50210400643037,155.06
81,0,840,258,881,296,1051.1309814453125,963.1541137695312,546.8471069335938,860,277,759,277,101,-0.12333007901906967,0.757790693640709,1.255907654762268,-0.12259919883830447,-0.3207146851438963,1.2492746192094166,127.53
81,1,1078,225,1112,267,1051.1309814453125,963.1541137695312,546.8471069335938,1095,246,1008,247,87,0.18328548967838287,0.7875519037246704,1.5609761476516724,0.18191553368030233,-0.4150964704225426,1.4503073165534606,155.03
81,2,963,227,991,266,1051.1309814453125,963.1541137695312,546.8471069335938,977,246,889,246,88,0.01726372167468071,0.7641878962516785,1.4150049686431885,0.01888689388669656,-0.41037946507683193,1.4338265515926258,138.18
81,3,862,214,898,248,1051.1309814453125,963.1541137695312,546.8471069335938,880,231,798,233,82,-0.13995587825775146,0.7797480165958405,1.5392590761184692,-0.1217285196767024,-0.4623655887639704,1.5387406895140374,161.6
81,4,1021,267,1057,302,1051.1309814453125,963.1541137695312,546.8471069335938,1039,284,937,283,102,0.08934832364320755,0.781368100643158,1.3161869049072266,0.0892594717302419,-0.3093324513266747,1.2370268288250106,138.39
81,5,1129,244,1159,286,1051.1309814453125,963.1541137695312,546.8471069335938,1144,265,1050,266,94,0.23443502187728882,0.7741899281740189,1.3580709099769592,0.23094216574122584,-0.35992182426639374,1.3423057078739475,140.47
81,6,945,258,977,294,1051.1309814453125,963.1541137695312,546.8471069335938,961,276,862,275,99,-0.0013982743839733303,0.7655529022216797,1.2811798453330994,-0.002611896094081065,-0.32840628508073205,1.2745124903045562,129.99
81,7,1000,248,1033,281,1051.1309814453125,963.1541137695312,546.8471069335938,1016,264,922,265,94,0.07748055085539818,0.7737627565860749,1.3568430542945862,0.0674847720949856,-0.361198835154255,1.3423057078739475,139.27
81,8,915,240,949,277,1051.1309814453125,963.1541137695312,546.8471069335938,932,258,839,260,93,-0.045047495514154434,0.7685511648654938,1.3517956733703613,-0.040211928963696755,-0.3728271467231582,1.3567391025822695,143.84
81,9,1012,215,1045,248,1051.1309814453125,963.1541137695312,546.8471069335938,1028,231,947,232,81,0.10401124507188797,0.7817705512046814,1.5425281524658203,0.09609922047452024,-0.4680738059092046,1.5577374881500132,154.47
81,11,1180,260,1211,298,1051.1309814453125,963.1541137695312,546.8471069335938,1195,279,1148,246,47,0.28373998403549194,0.7719485402107239,1.2680460214614868,0.5921394420442994,-0.6840873436726724,2.684611415747895,136.53
81,12,1141,217,1170,250,1051.1309814453125,963.1541137695312,546.8471069335938,1155,233,1071,234,84,0.27949297428131104,0.784327381849289,1.536775827407837,0.2741546766395686,-0.4484988122824721,1.50210400643037,155.43
82,0,839,258,881,296,1051.1309814453125,963.1541137695312,546.8471069335938,860,277,760,276,100,-0.1242290809750557,0.755544239282608,1.2560087442398071,-0.1238251908266875,-0.3239218319953352,1.2617673654015107,127.03
82,1,1078,225,1112,267,1051.1309814453125,963.1541137695312,546.8471069335938,1095,246,1008,247,87,0.17886776477098465,0.7854997754096985,1.4674826264381409,0.18191553368030233,-0.4150964704225426,1.4503073165534606,150.13
82,2,861,212,898,249,1051.1309814453125,963.1541137695312,546.8471069335938,879,230,798,234,81,-0.14244748651981354,0.7776790797710419,1.5403467416763306,-0.1247133041598587,-0.4695557691617843,1.5577374881500132,160.97
82,3,964,227,991,266,1051.1309814453125,963.1541137695312,546.8471069335938,977,246,889,247,88,0.018647853285074234,0.7684856593608856,1.4252136945724487,0.01888689388669656,-0.41037946507683193,1.4338265515926258,142.47
82,4,945,258,977,295,1051.1309814453125,963.1541137695312,546.8471069335938,961,276,862,275,99,-0.001622273470275104,0.7661310970783234,1.2780280113220215,-0.002611896094081065,-0.32840628508073205,1.2745124903045562,129.36
82,5,1021,266,1056,301,1051.1309814453125,963.1541137695312,546.8471069335938,1038,283,936,283,102,0.09243431687355042,0.7850603103637696,1.3228070735931396,0.08808261855907565,-0.310509304497841,1.2370268288250106,139.89
82,6,1000,249,1031,282,1051.1309814453125,963.1541137695312,546.8471069335938,1015,265,923,265,92,0.07600554823875427,0.7705604076385498,1.341440200805664,0.06764706036380097,-0.3677462117504458,1.3714862667407726,137.33
82,7,915,240,949,278,1051.1309814453125,963.1541137695312,546.8471069335938,932,259,838,260,94,-0.04253259114921093,0.7679466545581818,1.353855848312378,-0.03978414248535955,-0.36758388959356125,1.3423057078739475,145.94
82,8,1129,244,1159,287,1051.1309814453125,963.1541137695312,546.8471069335938,1144,265,1050,266,94,0.2442002147436142,0.7846202492713928,1.4203931093215942,0.23094216574122584,-0.35992182426639374,1.3423057078739475,144.67
82,9,1012,216,1046,249,1051.1309814453125,963.1541137695312,546.8471069335938,1029,232,947,232,82,0.09786716848611832,0.7811782598495484,1.528525948524475,0.09639116929140361,-0.46090169823398314,1.5387406895140374,153.52
82,11,1180,261,1211,298,1051.1309814453125,963.1541137695312,546.8471069335938,1195,279,1149,247,46,0.2889641523361206,0.7781035095453263,1.2889612317085266,0.6050120386104798,-0.6989588076655566,2.742972533481545,140.55
82,12,1140,218,1169,251,1051.1309814453125,963.1541137695312,546.8471069335938,1154,234,1071,234,83,0.27780507504940033,0.7852629065513611,1.5354828834533691,0.27601149173813017,-0.4524561591357674,1.520201645062061,156.04
83,0,839,258,881,295,1051.1309814453125,963.1541137695312,546.8471069335938,860,276,760,276,100,-0.12421778962016106,0.7581132292747498,1.2557892799377441,-0.1238251908266875,-0.32512222222992476,1.2617673654015107,128.07
83,1,861,213,898,248,1051.1309814453125,963.1541137695312,546.8471069335938,879,230,798,233,81,-0.12298579514026642,0.7752549886703491,1.5332777500152588,-0.1247133041598587,-0.4695557691617843,1.5577374881500132,151.24
83,2,1078,225,1111,267,1051.1309814453125,963.1541137695312,546.8471069335938,1094,246,1008,247,86,0.1850641816854477,0.7891777694225312,1.5132821798324585,0.18263502798520168,-0.4199231735669908,1.4671713551180356,155.03
83,3,964,228,991,267,1051.1309814453125,963.1541137695312,546.8471069335938,977,247,889,246,88,0.0170491524040699,0.7668031692504883,1.4251224994659424,0.01888689388669656,-0.4090153852647983,1.4338265515926258,138.96
83,4,1020,266,1056,301,1051.1309814453125,963.1541137695312,546.8471069335938,1038,283,936,283,102,0.09084458649158478,0.7835967183113098,1.3181700110435486,0.08808261855907565,-0.310509304497841,1.2370268288250106,139.67
83,5,1129,245,1159,287,1051.1309814453125,963.1541137695312,546.8471069335938,1144,266,1050,266,94,0.2363085001707077,0.7767361640930176,1.3523826599121094,0.23094216574122584,-0.3586448133785325,1.3423057078739475,141.17
83,6,945,258,977,295,1051.1309814453125,963.1541137695312,546.8471069335938,961,276,862,275,99,-0.0015792017220519483,0.7670773953199387,1.2817662954330444,-0.002611896094081065,-0.32840628508073205,1.2745124903045562,130.2
83,8,915,241,949,278,1051.1309814453125,963.1541137695312,546.8471069335938,932,259,839,260,93,-0.04288789629936218,0.7682332634925843,1.3511695861816406,-0.040211928963696755,-0.3715364045354275,1.3567391025822695,141.42
83,9,999,249,1029,282,1051.1309814453125,963.1541137695312,546.8471069335938,1014,265,923,265,91,0.07278717309236526,0.7692160248756409,1.3283100724220276,0.06707132450561243,-0.3717873789125386,1.3865575443972644,137.4
83,11,1011,216,1045,249,1051.1309814453125,963.1541137695312,546.8471069335938,1028,232,947,233,81,0.10110454633831978,0.7826738893985749,1.539770781993866,0.09609922047452024,-0.4665918426566249,1.5577374881500132,155.61
83,12,1140,217,1169,250,1051.1309814453125,963.1541137695312,546.8471069335938,1154,233,1071,235,83,0.27669213712215424,0.7842561841011048,1.5363547801971436,0.27601149173813017,-0.4539024124304537,1.520201645062061,155.03
84,0,839,259,881,296,1051.1309814453125,963.1541137695312,546.8471069335938,860,277,760,276,100,-0.12266309559345245,0.7563533425331116,1.254431962966919,-0.1238251908266875,-0.3239218319953352,1.2617673654015107,126.96
84,1,1078,224,1112,267,1051.1309814453125,963.1541137695312,546.8471069335938,1095,245,1008,247,87,0.18363668024539948,0.7870828896760941,1.4998842477798462,0.18191553368030233,-0.4164762293128755,1.4503073165534606,154.01
84,2,861,213,898,249,1051.1309814453125,963.1541137695312,546.8471069335938,879,231,798,234,81,-0.1370903104543686,0.7740615844726563,1.5158780813217163,-0.1247133041598587,-0.4680738059092046,1.5577374881500132,151.45
84,3,964,228,991,266,1051.1309814453125,963.1541137695312,546.8471069335938,977,247,889,246,88,0.018283257260918617,0.761783653497696,1.394887089729309,0.01888689388669656,-0.4090153852647983,1.4338265515926258,136.47
84,4,1021,266,1056,301,1051.1309814453125,963.1541137695312,546.8471069335938,1038,283,936,283,102,0.08978879451751709,0.7832483589649201,1.3217319250106812,0.08808261855907565,-0.310509304497841,1.2370268288250106,138.42
84,5,945,258,977,294,1051.1309814453125,963.1541137695312,546.8471069335938,961,276,863,275,98,-0.0015348403248935938,0.7649803549051285,1.2844868898391724,-0.0026385480950410762,-0.3317573696223722,1.2875177197974599,129.68
84,6,1000,249,1030,281,1051.1309814453125,963.1541137695312,546.8471069335938,1015,265,923,265,92,0.07458414882421494,0.7678684830665589,1.3377948999404907,0.06764706036380097,-0.3677462117504458,1.3714862667407726,136.0
84,7,1129,244,1159,286,1051.1309814453125,963.1541137695312,546.8471069335938,1144,265,1050,266,94,0.23721864819526672,0.777818912267685,1.3653570413589478,0.23094216574122584,-0.35992182426639374,1.3423057078739475,141.83
84,8,915,240,948,277,1051.1309814453125,963.1541137695312,546.8471069335938,931,258,838,259,93,-0.042608603835105896,0.7672539293766022,1.3480699062347412,-0.04150267115142748,-0.3728271467231582,1.3567391025822695,139.57
84,9,1181,261,1212,298,1051.1309814453125,963.1541137695312,546.8471069335938,1196,279,1148,247,48,0.2885102480649948,0.7756611347198487,1.2801311016082764,0.5823040166571047,-0.6698355240128251,2.6286820112531473,141.95
84,10,1012,215,1046,248,1051.1309814453125,963.1541137695312,546.8471069335938,1029,231,947,232,82,0.10417819023132324,0.7881483525037766,1.5696848630905151,0.09639116929140361,-0.4623655887639704,1.5387406895140374,156.78
84,12,1141,217,1170,251,1051.1309814453125,963.1541137695312,546.8471069335938,1155,234,1071,234,84,0.2793077528476715,0.7845198303461075,1.5378566980361938,0.2741546766395686,-0.44706977628891315,1.50210400643037,155.12
85,0,839,258,881,296,1051.1309814453125,963.1541137695312,546.8471069335938,860,277,759,276,101,-0.12357291579246521,0.7559998869895935,1.2546521425247192,-0.12259919883830447,-0.3207146851438963,1.2492746192094166,126.95
85,1,1078,224,1112,267,1051.1309814453125,963.1541137695312,546.8471069335938,1095,245,1008,247,87,0.18780098855495453,0.7828076869249344,1.4875205755233765,0.18191553368030233,-0.4164762293128755,1.4503073165534606,152.35
85,2,861,212,898,249,1051.1309814453125,963.1541137695312,546.8471069335938,879,230,798,233,81,-0.13917945325374603,0.7741843402385712,1.530461072921753,-0.1247133041598587,-0.4695557691617843,1.5577374881500132,156.14
85,3,963,229,991,266,1051.1309814453125,963.1541137695312,546.8471069335938,977,247,889,246,88,0.019957343116402626,0.7637018203735352,1.412275791168213,0.01888689388669656,-0.4090153852647983,1.4338265515926258,137.71
85,4,944,259,976,295,1051.1309814453125,963.1541137695312,546.8471069335938,960,277,862,276,98,-0.0026370849227532744,0.7662522584199906,1.2818334102630615,-0.0038634360895202363,-0.33053248162789306,1.2875177197974599,130.05
85,5,1022,267,1057,301,1051.1309814453125,963.1541137695312,546.8471069335938,1039,284,937,283,102,0.09132703393697739,0.7844083249568939,1.3301194906234741,0.0892594717302419,-0.3093324513266747,1.2370268288250106,140.63
85,6,1180,261,1212,298,1051.1309814453125,963.1541137695312,546.8471069335938,1196,279,1148,247,48,0.2882418632507324,0.7717272728681565,1.2802083492279053,0.5823040166571047,-0.6698355240128251,2.6286820112531473,137.54
85,7,1129,244,1159,287,1051.1309814453125,963.1541137695312,546.8471069335938,1144,265,1050,266,94,0.23645736277103424,0.7767346739768982,1.3883240222930908,0.23094216574122584,-0.35992182426639374,1.3423057078739475,142.23
85,8,915,241,948,277,1051.1309814453125,963.1541137695312,546.8471069335938,931,259,838,260,93,-0.04476268216967583,0.7665963709354401,1.3457742929458618,-0.04150267115142748,-0.3715364045354275,1.3567391025822695,140.88
85,9,1000,251,1030,283,1051.1309814453125,963.1541137695312,546.8471069335938,1015,267,922,265,93,0.07438919693231583,0.7712247908115387,1.3477153778076172,0.06691967261795363,-0.3612104670335816,1.3567391025822695,135.46
85,11,1013,216,1045,249,1051.1309814453125,963.1541137695312,546.8471069335938,1029,232,946,232,83,0.09927356615662575,0.7784060329198838,1.5326202511787415,0.09522982990235056,-0.45534866572513993,1.520201645062061,153.56
85,12,1140,217,1169,251,1051.1309814453125,963.1541137695312,546.8471069335938,1154,234,1071,235,83,0.2739834189414978,0.7833428025245667,1.5329298973083496,0.27601149173813017,-0.4524561591357674,1.520201645062061,154.41
86,0,840,258,880,296,1051.1309814453125,963.1541137695312,546.8471069335938,860,277,760,277,100,-0.12729299068450928,0.7575968444347382,1.2525277137756348,-0.1238251908266875,-0.3239218319953352,1.2617673654015107,127.77
86,1,861,212,897,248,1051.1309814453125,963.1541137695312,546.8471069335938,879,230,798,233,81,-0.14455315470695496,0.7782818913459778,1.5386006832122803,-0.1247133041598587,-0.4695557691617843,1.5577374881500132,161.52
86,2,1078,225,1111,267,1051.1309814453125,963.1541137695312,546.8471069335938,1094,246,1008,247,86,0.17951233685016632,0.7835586905479431,1.47615647315979,0.18263502798520168,-0.4199231735669908,1.4671713551180356,152.88
86,3,964,228,991,266,1051.1309814453125,963.1541137695312,546.8471069335938,977,247,889,247,88,0.015944506973028183,0.765381121635437,1.4175697565078735,0.01888689388669656,-0.4090153852647983,1.4338265515926258,138.69
86,4,1021,266,1056,301,1051.1309814453125,963.1541137695312,546.8471069335938,1038,283,937,283,101,0.0895228199660778,0.7829950541257858,1.3219252824783325,0.08895472369332393,-0.31358365404732447,1.2492746192094166,137.98
86,5,944,259,977,295,1051.1309814453125,963.1541137695312,546.8471069335938,960,277,862,276,98,-0.0013865955406799912,0.7648331761360169,1.280548095703125,-0.0038634360895202363,-0.33053248162789306,1.2875177197974599,128.62
86,6,1129,244,1159,286,1051.1309814453125,963.1541137695312,546.8471069335938,1144,265,1051,266,93,0.23613496124744415,0.7766903877258301,1.3698625564575195,0.2334254148352175,-0.36379195140904313,1.3567391025822695,141.55
86,7,1181,261,1211,298,1051.1309814453125,963.1541137695312,546.8471069335938,1196,279,1149,247,47,0.2808571457862854,0.7703021109104157,1.2664268016815186,0.5946934638200219,-0.6840873436726724,2.684611415747895,129.25
86,8,915,241,948,277,1051.1309814453125,963.1541137695312,546.8471069335938,931,259,838,260,93,-0.045195357874035835,0.7910175561904907,1.527361810207367,-0.04150267115142748,-0.3715364045354275,1.3567391025822695,145.47
86,9,1000,249,1031,281,1051.1309814453125,963.1541137695312,546.8471069335938,1015,265,923,265,92,0.07582968473434448,0.7686462789773941,1.342577040195465,0.06764706036380097,-0.3677462117504458,1.3714862667407726,136.12
86,11,1011,216,1045,248,1051.1309814453125,963.1541137695312,546.8471069335938,1028,232,947,232,81,0.1011289730668068,0.7750625848770142,1.5170774459838867,0.09609922047452024,-0.4665918426566249,1.5577374881500132,151.44
86,12,1140,219,1169,252,1051.1309814453125,963.1541137695312,546.8471069335938,1154,235,1071,234,83,0.27535364031791687,0.7856492638587952,1.5363186597824097,0.27601149173813017,-0.4510099058410812,1.520201645062061,155.24
87,0,839,257,881,296,1051.1309814453125,963.1541137695312,546.8471069335938,860,276,760,276,100,-0.1294555589556694,0.7573171347379685,1.249443531036377,-0.1238251908266875,-0.32512222222992476,1.2617673654015107,127.93
87,1,1078,224,1112,267,1051.1309814453125,963.1541137695312,546.8471069335938,1095,245,1008,247,87,0.17938461154699326,0.7797975182533264,1.4789568185806274,0.18191553368030233,-0.4164762293128755,1.4503073165534606,150.32
87,2,861,212,898,248,1051.1309814453125,963.1541137695312,546.8471069335938,879,230,799,234,80,-0.1466488540172577,0.7837173879146576,1.5694524049758911,-0.12627222046185693,-0.47542521627630663,1.5772092067518884,159.49
87,3,964,227,991,267,1051.1309814453125,963.1541137695312,546.8471069335938,977,247,889,246,88,0.017339685931801796,0.7649336695671082,1.4218995571136475,0.01888689388669656,-0.4090153852647983,1.4338265515926258,138.01
87,4,944,258,977,295,1051.1309814453125,963.1541137695312,546.8471069335938,960,276,862,276,98,-0.0001885317760752514,0.7648188710212708,1.2794679403305054,-0.0038634360895202363,-0.3317573696223722,1.2875177197974599,128.47
87,5,1021,266,1057,301,1051.1309814453125,963.1541137695312,546.8471069335938,1039,283,936,282,103,0.09246765077114105,0.7853365778923035,1.3237260580062866,0.08839287491732693,-0.30749465105611434,1.2250168596131172,138.12
87,6,1129,244,1159,287,1051.1309814453125,963.1541137695312,546.8471069335938,1144,265,1050,266,94,0.23791397362947464,0.7775080293416977,1.3863869905471802,0.23094216574122584,-0.35992182426639374,1.3423057078739475,142.47
87,7,1000,248,1030,281,1051.1309814453125,963.1541137695312,546.8471069335938,1015,264,922,265,93,0.07675721868872643,0.7707468211650849,1.3481935262680054,0.06691967261795363,-0.3650826935967738,1.3567391025822695,137.56
87,8,915,240,949,278,1051.1309814453125,963.1541137695312,546.8471069335938,932,259,838,260,94,-0.049022797495126724,0.7574125915765763,1.3147823810577393,-0.03978414248535955,-0.36758388959356125,1.3423057078739475,130.3
87,9,1012,215,1046,248,1051.1309814453125,963.1541137695312,546.8471069335938,1029,231,947,232,82,0.10284612700343132,0.7776866793632508,1.5399441123008728,0.09639116929140361,-0.4623655887639704,1.5387406895140374,152.69
87,11,1180,261,1211,298,1051.1309814453125,963.1541137695312,546.8471069335938,1195,279,1148,247,47,0.28970953822135925,0.7781817704439163,1.2938655614852905,0.5921394420442994,-0.6840873436726724,2.684611415747895,143.56
87,12,1141,217,1169,251,1051.1309814453125,963.1541137695312,546.8471069335938,1155,234,1071,234,84,0.27543726563453674,0.7833855390548706,1.5342930555343628,0.2741546766395686,-0.44706977628891315,1.50210400643037,154.09
88,0,839,259,881,296,1051.1309814453125,963.1541137695312,546.8471069335938,860,277,760,277,100,-0.12288248166441917,0.7547360748052597,1.2525134682655334,-0.1238251908266875,-0.3239218319953352,1.2617673654015107,126.14
88,1,1078,225,1111,267,1051.1309814453125,963.1541137695312,546.8471069335938,1094,246,1008,246,86,0.17772460728883743,0.7811652213335037,1.4586130380630493,0.18263502798520168,-0.4199231735669908,1.4671713551180356,151.07
88,2,861,213,899,249,1051.1309814453125,963.1541137695312,546.8471069335938,880,231,799,233,81,-0.13650137931108475,0.774478429555893,1.5304484367370605,-0.12323134090727897,-0.4680738059092046,1.5577374881500132,154.02
88,3,964,228,991,266,1051.1309814453125,963.1541137695312,546.8471069335938,977,247,889,247,88,0.020116958767175674,0.7684611022472382,1.4311500787734985,0.01888689388669656,-0.4090153852647983,1.4338265515926258,141.32
88,4,945,258,977,295,1051.1309814453125,963.1541137695312,546.8471069335938,961,276,862,275,99,-0.001416487735696137,0.7655456751585007,1.2783570885658264,-0.002611896094081065,-0.32840628508073205,1.2745124903045562,127.37
88,5,1021,266,1056,301,1051.1309814453125,963.1541137695312,546.8471069335938,1038,283,937,283,101,0.09950529411435127,0.7939346373081207,1.360171139240265,0.08895472369332393,-0.31358365404732447,1.2492746192094166,139.92
88,6,1000,249,1030,281,1051.1309814453125,963.1541137695312,546.8471069335938,1015,265,923,265,92,0.07632345333695412,0.7692751824855805,1.3427428603172302,0.06764706036380097,-0.3677462117504458,1.3714862667407726,136.75
88,7,1129,244,1159,286,1051.1309814453125,963.1541137695312,546.8471069335938,1144,265,1050,266,94,0.2373197004199028,0.7777156621217728,1.401141345500946,0.23094216574122584,-0.35992182426639374,1.3423057078739475,143.09
88,8,915,240,949,277,1051.1309814453125,963.1541137695312,546.8471069335938,932,258,839,260,93,-0.043843016028404236,0.7679774105548859,1.3511879444122314,-0.040211928963696755,-0.3728271467231582,1.3567391025822695,143.96
88,9,1012,215,1046,248,1051.1309814453125,963.1541137695312,546.8471069335938,1029,231,947,232,82,0.10053039342164993,0.7794023394584656,1.522294521331787,0.09639116929140361,-0.4623655887639704,1.5387406895140374,151.84
88,12,1141,218,1170,251,1051.1309814453125,963.1541137695312,546.8471069335938,1155,234,1072,235,83,0.2794256806373596,0.7829693496227265,1.537830114364624,0.2774577450328164,-0.4524561591357674,1.520201645062061,155.08
89,0,839,258,881,296,1051.1309814453125,963.1541137695312,546.8471069335938,860,277,759,276,101,-0.1288399025797844,0.757238844037056,1.2515106797218323,-0.12259919883830447,-0.3207146851438963,1.2492746192094166,128.95
89,1,1078,226,1112,267,1051.1309814453125,963.1541137695312,546.8471069335938,1095,246,1008,247,87,0.1803739368915558,0.7847464919090271,1.473504364490509,0.18191553368030233,-0.4150964704225426,1.4503073165534606,152.53
89,2,964,228,991,268,1051.1309814453125,963.1541137695312,546.8471069335938,977,248,889,247,88,0.024260844103991985,0.7678203225135803,1.4348539113998413,0.01888689388669656,-0.4076513054527647,1.4338265515926258,140.39
89,3,1020,266,1057,302,1051.1309814453125,963.1541137695312,546.8471069335938,1038,284,937,283,101,0.09076377004384995,0.7817062079906464,1.328925371170044,0.08895472369332393,-0.31239514886456254,1.2492746192094166,139.57
89,4,945,257,977,294,1051.1309814453125,963.1541137695312,546.8471069335938,961,275,862,275,99,-0.003833538154140115,0.7656830936670304,1.2786777019500732,-0.002611896094081065,-0.3296188004692064,1.2745124903045562,129.35
89,5,862,213,898,249,1051.1309814453125,963.1541137695312,546.8471069335938,880,231,798,234,82,-0.11959094554185867,0.7770096302032471,1.5305399894714355,-0.1217285196767024,-0.4623655887639704,1.5387406895140374,153.49
89,6,1129,245,1159,286,1051.1309814453125,963.1541137695312,546.8471069335938,1144,265,1050,266,94,0.23745208978652954,0.7772478699684143,1.3794838190078735,0.23094216574122584,-0.35992182426639374,1.3423057078739475,142.29
89,7,1180,261,1212,298,1051.1309814453125,963.1541137695312,546.8471069335938,1196,279,1148,247,48,0.2867041677236557,0.777064123749733,1.290672779083252,0.5823040166571047,-0.6698355240128251,2.6286820112531473,144.52
89,8,999,249,1029,282,1051.1309814453125,963.1541137695312,546.8471069335938,1014,265,923,264,91,0.07436797767877579,0.7697061091661453,1.3448536396026611,0.06707132450561243,-0.3717873789125386,1.3865575443972644,135.54
89,9,915,241,948,278,1051.1309814453125,963.1541137695312,546.8471069335938,931,259,838,260,93,-0.04518096521496773,0.7677980899810791,1.3494805097579956,-0.04150267115142748,-0.3715364045354275,1.3567391025822695,145.93
89,11,1012,215,1046,248,1051.1309814453125,963.1541137695312,546.8471069335938,1029,231,947,232,82,0.10185384750366211,0.778424346446991,1.5291996002197266,0.09639116929140361,-0.4623655887639704,1.5387406895140374,153.42
89,12,1140,218,1169,251,1051.1309814453125,963.1541137695312,546.8471069335938,1154,234,1071,234,83,0.2748861759901047,0.7837649673223496,1.5330663323402405,0.27601149173813017,-0.4524561591357674,1.520201645062061,154.49
90,0,839,258,881,295,1051.1309814453125,963.1541137695312,546.8471069335938,860,276,760,277,100,-0.1276722475886345,0.7573037534952164,1.25229412317276,-0.1238251908266875,-0.32512222222992476,1.2617673654015107,127.96
90,1,861,213,898,249,1051.1309814453125,963.1541137695312,546.8471069335938,879,231,798,234,81,-0.14743682742118835,0.789893651008606,1.5761770009994507,-0.1247133041598587,-0.4680738059092046,1.5577374881500132,161.27
90,2,1078,225,1111,267,1051.1309814453125,963.1541137695312,546.8471069335938,1094,246,1008,247,86,0.18417663872241974,0.7921487033367157,1.555034875869751,0.18263502798520168,-0.4199231735669908,1.4671713551180356,156.49
90,3,963,228,991,267,1051.1309814453125,963.1541137695312,546.8471069335938,977,247,889,247,88,0.014719512313604355,0.7689131736755371,1.4315775632858276,0.01888689388669656,-0.4090153852647983,1.4338265515926258,139.7
90,4,1021,266,1056,301,1051.1309814453125,963.1541137695312,546.8471069335938,1038,283,937,283,101,0.09011335298418999,0.7849773705005646,1.3341972827911377,0.08895472369332393,-0.31358365404732447,1.2492746192094166,138.68
90,5,944,258,977,294,1051.1309814453125,963.1541137695312,546.8471069335938,960,276,863,274,97,-0.0001891050924314186,0.7646462559700012,1.2802499532699585,-0.003903265327556527,-0.33517754869064414,1.300791098352073,129.39
90,6,1129,244,1159,287,1051.1309814453125,963.1541137695312,546.8471069335938,1144,265,1050,266,94,0.24173986911773682,0.7830209970474243,1.4138323068618774,0.23094216574122584,-0.35992182426639374,1.3423057078739475,145.08
90,7,1000,248,1031,282,1051.1309814453125,963.1541137695312,546.8471069335938,1015,265,922,265,93,0.07431461662054062,0.7693085312843323,1.3441030979156494,0.06691967261795363,-0.36379195140904313,1.3567391025822695,135.95
90,8,915,241,948,278,1051.1309814453125,963.1541137695312,546.8471069335938,931,259,838,261,93,-0.04704354517161846,0.7653528243303299,1.3467860221862793,-0.04150267115142748,-0.3715364045354275,1.3567391025822695,140.84
90,9,1180,261,1212,298,1051.1309814453125,963.1541137695312,546.8471069335938,1196,279,1148,247,48,0.31909051537513733,0.8122685641050339,1.5330699682235718,0.5823040166571047,-0.6698355240128251,2.6286820112531473,145.57
90,11,1011,216,1046,248,1051.1309814453125,963.1541137695312,546.8471069335938,1028,232,947,233,81,0.1007683128118515,0.7828659653663635,1.553646445274353,0.09609922047452024,-0.4665918426566249,1.5577374881500132,153.64
90,12,1142,217,1170,251,1051.1309814453125,963.1541137695312,546.8471069335938,1156,234,1071,235,85,0.2786564379930496,0.7851992338895798,1.5359460711479187,0.272341551308032,-0.4418101318619847,1.4844321945900125,156.58
91,0,840,258,880,296,1051.1309814453125,963.1541137695312,546.8471069335938,860,277,760,277,100,-0.12523801624774933,0.7559681177139282,1.2544203996658325,-0.1238251908266875,-0.3239218319953352,1.2617673654015107,127.1
91,1,861,212,898,249,1051.1309814453125,963.1541137695312,546.8471069335938,879,230,799,233,80,-0.13746511936187744,0.7750140070915222,1.5323920249938965,-0.12627222046185693,-0.47542521627630663,1.5772092067518884,154.1
91,2,1078,225,1112,267,1051.1309814453125,963.1541137695312,546.8471069335938,1095,246,1008,247,87,0.18517620861530304,0.7892354369163513,1.5027057528495789,0.18191553368030233,-0.4150964704225426,1.4503073165534606,155.61
91,3,963,228,991,266,1051.1309814453125,963.1541137695312,546.8471069335938,977,247,889,246,88,0.020105889067053795,0.7660071790218353,1.4213639497756958,0.01888689388669656,-0.4090153852647983,1.4338265515926258,138.44
91,4,945,258,977,294,1051.1309814453125,963.1541137695312,546.8471069335938,961,276,862,274,99,-0.0014165868051350117,0.7669052720069885,1.282539963722229,-0.002611896094081065,-0.32840628508073205,1.2745124903045562,130.67
91,5,1022,266,1057,301,1051.1309814453125,963.1541137695312,546.8471069335938,1039,283,937,283,102,0.09349243342876434,0.7852017223834992,1.3279457092285156,0.0892594717302419,-0.310509304497841,1.2370268288250106,143.68
91,6,1001,248,1032,281,1051.1309814453125,963.1541137695312,546.8471069335938,1016,264,922,265,94,0.07640998438000679,0.7705504983663559,1.3341137170791626,0.0674847720949856,-0.361198835154255,1.3423057078739475,138.1
91,7,1130,244,1159,287,1051.1309814453125,963.1541137695312,546.8471069335938,1144,265,1050,266,94,0.23605982959270477,0.7768370300531388,1.3664010763168335,0.23094216574122584,-0.35992182426639374,1.3423057078739475,141.79
91,8,915,240,948,278,1051.1309814453125,963.1541137695312,546.8471069335938,931,259,838,260,93,-0.04300130531191826,0.7777323961257935,1.4645637273788452,-0.04150267115142748,-0.3715364045354275,1.3567391025822695,143.39
91,9,1012,215,1046,248,1051.1309814453125,963.1541137695312,546.8471069335938,1029,231,947,232,82,0.09237417578697205,0.7785310387611389,1.5131489038467407,0.09639116929140361,-0.4623655887639704,1.5387406895140374,153.52
91,10,1141,218,1169,251,1051.1309814453125,963.1541137695312,546.8471069335938,1155,234,1072,234,83,0.2751480042934418,0.7841388523578644,1.534429907798767,0.2774577450328164,-0.4524561591357674,1.520201645062061,154.67
91,12,1180,260,1212,298,1051.1309814453125,963.1541137695312,546.8471069335938,1196,279,1096,279,100,0.28427334129810333,0.7740215301513672,1.2704906463623047,0.2795059279954103,-0.321521051526156,1.2617673654015107,139.52
92,0,839,260,881,295,1051.1309814453125,963.1541137695312,546.8471069335938,860,277,760,276,100,-0.12673188745975494,0.7561369478702545,1.2513889074325562,-0.1238251908266875,-0.3239218319953352,1.2617673654015107,126.68
92,1,861,213,898,248,1051.1309814453125,963.1541137695312,546.8471069335938,879,230,798,233,81,-0.1404731720685959,0.778085345029831,1.5329103469848633,-0.1247133041598587,-0.4695557691617843,1.5577374881500132,155.9
92,2,1078,225,1112,267,1051.1309814453125,963.1541137695312,546.8471069335938,1095,246,1007,247,88,0.18969418108463287,0.7944608271121979,1.5687990188598633,0.17984831170666252,-0.41037946507683193,1.4338265515926258,157.47
92,3,964,228,991,267,1051.1309814453125,963.1541137695312,546.8471069335938,977,247,889,247,88,0.017078096978366375,0.766907000541687,1.427217185497284,0.01888689388669656,-0.4090153852647983,1.4338265515926258,138.86
92,4,1129,245,1159,287,1051.1309814453125,963.1541137695312,546.8471069335938,1144,266,1050,267,94,0.23533861339092255,0.7753576874732971,1.3633595705032349,0.23094216574122584,-0.3586448133785325,1.3423057078739475,141.27
92,5,944,258,977,295,1051.1309814453125,963.1541137695312,546.8471069335938,960,276,862,275,98,-0.0014170061913318932,0.7657731115818024,1.281108021736145,-0.0038634360895202363,-0.3317573696223722,1.2875177197974599,129.79
92,6,1021,267,1057,302,1051.1309814453125,963.1541137695312,546.8471069335938,1039,284,937,283,102,0.09559138119220734,0.7839466571807862,1.3246066570281982,0.0892594717302419,-0.3093324513266747,1.2370268288250106,146.09
92,7,1000,248,1030,281,1051.1309814453125,963.1541137695312,546.8471069335938,1015,264,923,265,92,0.07567223161458969,0.7715277165174484,1.33891099691391,0.06764706036380097,-0.3690509837445649,1.3714862667407726,138.72
92,8,915,240,949,277,1051.1309814453125,963.1541137695312,546.8471069335938,932,258,839,261,93,-0.04395399056375027,0.7786020278930664,1.4638922214508057,-0.040211928963696755,-0.3728271467231582,1.3567391025822695,142.84
92,10,1012,216,1045,249,1051.1309814453125,963.1541137695312,546.8471069335938,1028,232,947,233,81,0.09677530825138092,0.7808679580688477,1.5363810062408447,0.09609922047452024,-0.4665918426566249,1.5577374881500132,153.65
92,11,1180,261,1212,298,1051.1309814453125,963.1541137695312,546.8471069335938,1196,279,1149,247,47,0.2891973555088043,0.7745981752872467,1.2733604907989502,0.5946934638200219,-0.6840873436726724,2.684611415747895,142.92
92,12,1141,218,1170,251,1051.1309814453125,963.1541137695312,546.8471069335938,1155,234,1071,234,84,0.2785624712705612,0.7844098448753357,1.5345849394798279,0.2741546766395686,-0.44706977628891315,1.50210400643037,155.52
93,0,838,258,881,296,1051.1309814453125,963.1541137695312,546.8471069335938,859,277,759,276,100,-0.12873661518096924,0.7558945804834366,1.249898910522461,-0.1250255810612771,-0.3239218319953352,1.2617673654015107,126.67
93,1,1078,225,1111,267,1051.1309814453125,963.1541137695312,546.8471069335938,1094,246,1008,247,86,0.18456745892763138,0.7864125460386276,1.4974620938301086,0.18263502798520168,-0.4199231735669908,1.4671713551180356,153.22
93,2,963,228,991,266,1051.1309814453125,963.1541137695312,546.8471069335938,977,247,889,246,88,0.018639056012034416,0.7647010326385498,1.412121593952179,0.01888689388669656,-0.4090153852647983,1.4338265515926258,138.4
93,3,945,258,977,295,1051.1309814453125,963.1541137695312,546.8471069335938,961,276,862,275,99,-0.0014169331989251077,0.7657641708850861,1.2820306420326233,-0.002611896094081065,-0.32840628508073205,1.2745124903045562,129.8
93,4,861,213,898,249,1051.1309814453125,963.1541137695312,546.8471069335938,879,231,798,234,81,-0.1296226978302002,0.7777002394199372,1.537401795387268,-0.1247133041598587,-0.4680738059092046,1.5577374881500132,152.74
93,5,1129,245,1159,286,1051.1309814453125,963.1541137695312,546.8471069335938,1144,265,1050,266,94,0.23654931783676147,0.7747849762439728,1.362858772277832,0.23094216574122584,-0.35992182426639374,1.3423057078739475,141.12
93,6,1021,266,1056,301,1051.1309814453125,963.1541137695312,546.8471069335938,1038,283,937,283,101,0.09048093855381012,0.7757122606039047,1.3084774613380432,0.08895472369332393,-0.31358365404732447,1.2492746192094166,139.21
93,7,1180,262,1211,298,1051.1309814453125,963.1541137695312,546.8471069335938,1195,280,1149,247,46,0.2884477972984314,0.7737743198871613,1.2887681722640991,0.6050120386104798,-0.6963492636773184,2.742972533481545,144.8
93,8,1000,248,1031,280,1051.1309814453125,963.1541137695312,546.8471069335938,1015,264,922,265,93,0.07726572453975677,0.7711951076984406,1.3406416177749634,0.06691967261795363,-0.3650826935967738,1.3567391025822695,139.55
93,9,915,241,949,278,1051.1309814453125,963.1541137695312,546.8471069335938,932,259,838,259,94,-0.04386962950229645,0.7665571808815003,1.3452787399291992,-0.03978414248535955,-0.36758388959356125,1.3423057078739475,140.14
93,11,1012,216,1046,248,1051.1309814453125,963.1541137695312,546.8471069335938,1029,232,947,232,82,0.09611298888921738,0.7774262368679047,1.5260472297668457,0.09639116929140361,-0.46090169823398314,1.5387406895140374,152.0
93,12,1141,219,1169,251,1051.1309814453125,963.1541137695312,546.8471069335938,1155,235,1072,234,83,0.2753508985042572,0.7843889534473419,1.5355730056762695,0.2774577450328164,-0.4510099058410812,1.520201645062061,154.48
94,0,861,212,898,248,1051.1309814453125,963.1541137695312,546.8471069335938,879,230,798,233,81,-0.1469777226448059,0.7926271051168442,1.7113051414489746,-0.1247133041598587,-0.4695557691617843,1.5577374881500132,166.19
94,1,839,259,881,296,1051.1309814453125,963.1541137695312,546.8471069335938,860,277,760,277,100,-0.12861494719982147,0.7584781587123871,1.252319097518921,-0.1238251908266875,-0.3239218319953352,1.2617673654015107,128.4
94,2,1078,225,1111,267,1051.1309814453125,963.1541137695312,546.8471069335938,1094,246,1008,247,86,0.17982836067676544,0.7838538229465485,1.4736377000808716,0.18263502798520168,-0.4199231735669908,1.4671713551180356,152.31
94,3,963,229,991,266,1051.1309814453125,963.1541137695312,546.8471069335938,977,247,889,247,88,0.022950326092541218,0.7692194670438767,1.4382018446922302,0.01888689388669656,-0.4090153852647983,1.4338265515926258,141.69
94,4,945,258,977,294,1051.1309814453125,963.1541137695312,546.8471069335938,961,276,862,275,99,-0.002623223583213985,0.7645438104867935,1.2778581976890564,-0.002611896094081065,-0.32840628508073205,1.2745124903045562,127.8
94,5,1021,266,1057,301,1051.1309814453125,963.1541137695312,546.8471069335938,1039,283,937,283,102,0.08928590267896652,0.7801921904087067,1.3250306844711304,0.0892594717302419,-0.310509304497841,1.2370268288250106,138.78
94,6,1129,245,1158,287,1051.1309814453125,963.1541137695312,546.8471069335938,1143,266,1050,266,93,0.2365909442305565,0.7779489696025849,1.3738593459129333,0.23213467264748677,-0.3625012092213124,1.3567391025822695,141.79
94,7,915,241,948,277,1051.1309814453125,963.1541137695312,546.8471069335938,931,259,838,260,93,-0.04258187860250473,0.7956141471862793,1.5657509565353394,-0.04150267115142748,-0.3715364045354275,1.3567391025822695,147.53
94,8,1000,249,1030,281,1051.1309814453125,963.1541137695312,546.8471069335938,1015,265,922,265,93,0.07510090619325638,0.7698671162128449,1.3491318225860596,0.06691967261795363,-0.36379195140904313,1.3567391025822695,136.03
94,9,1180,260,1211,299,1051.1309814453125,963.1541137695312,546.8471069335938,1195,279,1148,247,47,0.2856682240962982,0.777072811126709,1.3004069328308105,0.5921394420442994,-0.6840873436726724,2.684611415747895,144.08
94,11,1012,215,1046,248,1051.1309814453125,963.1541137695312,546.8471069335938,1029,231,947,232,82,0.10074620693922043,0.778654420375824,1.533914566040039,0.09639116929140361,-0.4623655887639704,1.5387406895140374,153.63
94,12,1141,217,1170,250,1051.1309814453125,963.1541137695312,546.8471069335938,1155,233,1072,235,83,0.279706209897995,0.7833969235420227,1.540248155593872,0.2774577450328164,-0.4539024124304537,1.520201645062061,156.14
95,0,839,258,882,296,1051.1309814453125,963.1541137695312,546.8471069335938,860,277,760,277,100,-0.1298718899488449,0.756791615486145,1.2499624490737915,-0.1238251908266875,-0.3239218319953352,1.2617673654015107,128.58
95,1,1078,224,1112,267,1051.1309814453125,963.1541137695312,546.8471069335938,1095,245,1008,246,87,0.18775416910648346,0.8020430147647858,1.5748459100723267,0.18191553368030233,-0.4164762293128755,1.4503073165534606,157.79
95,2,964,228,991,266,1051.1309814453125,963.1541137695312,546.8471069335938,977,247,889,246,88,0.022014877758920193,0.7632753342390061,1.4196228981018066,0.01888689388669656,-0.4090153852647983,1.4338265515926258,137.14
95,3,861,212,899,248,1051.1309814453125,963.1541137695312,546.8471069335938,880,230,798,234,82,-0.14540231227874756,0.7828609585762024,1.560513973236084,-0.1217285196767024,-0.4638294792939577,1.5387406895140374,158.61
95,4,1021,266,1057,302,1051.1309814453125,963.1541137695312,546.8471069335938,1039,284,937,283,102,0.08672315627336502,0.7816027939319611,1.3116692304611206,0.0892594717302419,-0.3093324513266747,1.2370268288250106,137.41
95,5,945,258,977,294,1051.1309814453125,963.1541137695312,546.8471069335938,961,276,862,275,99,-0.00018923271272797137,0.7639501035213471,1.279503583908081,-0.002611896094081065,-0.32840628508073205,1.2745124903045562,127.02
95,6,1129,244,1159,286,1051.1309814453125,963.1541137695312,546.8471069335938,1144,265,1050,266,94,0.23284783959388733,0.7764759600162506,1.3530242443084717,0.23094216574122584,-0.35992182426639374,1.3423057078739475,140.06
95,7,915,240,947,278,1051.1309814453125,963.1541137695312,546.8471069335938,931,259,838,260,93,-0.0458596833050251,0.7677156120538712,1.3473238945007324,-0.04150267115142748,-0.3715364045354275,1.3567391025822695,146.64
95,8,999,249,1030,282,1051.1309814453125,963.1541137695312,546.8471069335938,1014,265,922,265,92,0.0744904913008213,0.7679770976305008,1.3390778303146362,0.06634228836968187,-0.3677462117504458,1.3714862667407726,134.99
95,9,1012,216,1046,249,1051.1309814453125,963.1541137695312,546.8471069335938,1029,232,947,233,82,0.10251636803150177,0.7852102309465409,1.5498430132865906,0.09639116929140361,-0.46090169823398314,1.5387406895140374,156.91
95,11,1180,260,1212,298,1051.1309814453125,963.1541137695312,546.8471069335938,1196,279,1149,247,47,0.2898384630680084,0.7764679431915283,1.2997336387634277,0.5946934638200219,-0.6840873436726724,2.684611415747895,138.86
95,12,1141,217,1170,250,1051.1309814453125,963.1541137695312,546.8471069335938,1155,233,1072,235,83,0.2796046882867813,0.7841479867696762,1.5360437035560608,0.2774577450328164,-0.4539024124304537,1.520201645062061,155.08
96,0,838,259,881,295,1051.1309814453125,963.1541137695312,546.8471069335938,859,277,759,277,100,-0.1323833167552948,0.756899380683899,1.2529001235961914,-0.1250255810612771,-0.3239218319953352,1.2617673654015107,128.68
96,1,1077,225,1112,267,1051.1309814453125,963.1541137695312,546.8471069335938,1094,246,1008,247,86,0.1780591756105423,0.782547453045845,1.4740986824035645,0.18263502798520168,-0.4199231735669908,1.4671713551180356,152.29
96,2,861,212,898,249,1051.1309814453125,963.1541137695312,546.8471069335938,879,230,798,234,81,-0.13249989598989487,0.7779033422470093,1.5375551581382751,-0.1247133041598587,-0.4695557691617843,1.5577374881500132,158.07
96,3,963,228,991,267,1051.1309814453125,963.1541137695312,546.8471069335938,977,247,889,247,88,0.015944804064929485,0.7666418790817261,1.4206231832504272,0.01888689388669656,-0.4090153852647983,1.4338265515926258,139.46
96,4,944,258,977,295,1051.1309814453125,963.1541137695312,546.8471069335938,960,276,862,276,98,-0.00387004972435534,0.7648027330636978,1.2811854481697083,-0.0038634360895202363,-0.3317573696223722,1.2875177197974599,129.56
96,5,1020,266,1056,301,1051.1309814453125,963.1541137695312,546.8471069335938,1038,283,936,283,102,0.09051340073347092,0.7812744319438935,1.313170075416565,0.08808261855907565,-0.310509304497841,1.2370268288250106,139.12
96,6,1130,244,1158,286,1051.1309814453125,963.1541137695312,546.8471069335938,1144,265,1050,266,94,0.23776711523532867,0.7780363202095032,1.3657013177871704,0.23094216574122584,-0.35992182426639374,1.3423057078739475,141.66
96,7,999,248,1030,282,1051.1309814453125,963.1541137695312,546.8471069335938,1014,265,922,265,92,0.07458043098449707,0.7679903149604798,1.3242368698120117,0.06634228836968187,-0.3677462117504458,1.3714862667407726,138.03
96,8,915,239,949,277,1051.1309814453125,963.1541137695312,546.8471069335938,932,258,838,260,94,-0.047663167119026184,0.7630672693252564,1.3449746370315552,-0.03978414248535955,-0.3688609004814225,1.3423057078739475,136.38
96,9,1180,261,1211,298,1051.1309814453125,963.1541137695312,546.8471069335938,1195,279,1149,247,46,0.3038380891084671,0.7933084607124329,1.3892976641654968,0.6050120386104798,-0.6989588076655566,2.742972533481545,143.03
96,10,1012,215,1046,249,1051.1309814453125,963.1541137695312,546.8471069335938,1029,232,947,233,82,0.10263113677501678,0.782930338382721,1.5401586294174194,0.09639116929140361,-0.46090169823398314,1.5387406895140374,154.68
96,12,1141,218,1169,251,1051.1309814453125,963.1541137695312,546.8471069335938,1155,234,1071,235,84,0.2776002585887909,0.784018212556839,1.5349090099334717,0.2741546766395686,-0.44706977628891315,1.50210400643037,154.72
97,0,839,258,881,296,1051.1309814453125,963.1541137695312,546.8471069335938,860,277,760,277,100,-0.12398407980799675,0.7539131134748459,1.2522966861724854,-0.1238251908266875,-0.3239218319953352,1.2617673654015107,126.41
97,1,861,212,898,249,1051.1309814453125,963.1541137695312,546.8471069335938,879,230,798,233,81,-0.14510998874902725,0.7790790289640427,1.5322411060333252,-0.1247133041598587,-0.4695557691617843,1.5577374881500132,163.52
97,2,1078,225,1112,267,1051.1309814453125,963.1541137695312,546.8471069335938,1095,246,1008,247,87,0.18808048963546753,0.804804676771164,1.5760834217071533,0.18191553368030233,-0.4150964704225426,1.4503073165534606,158.54
97,3,964,228,992,266,1051.1309814453125,963.1541137695312,546.8471069335938,978,247,889,247,89,0.019417681731283665,0.7632420152425766,1.4071965217590332,0.02002343466840736,-0.404419706778677,1.4177161409005739,137.5
97,4,1129,245,1158,287,1051.1309814453125,963.1541137695312,546.8471069335938,1143,266,1050,266,93,0.23340748250484467,0.773715490102768,1.3514549732208252,0.23213467264748677,-0.3625012092213124,1.3567391025822695,139.63
97,5,1020,266,1057,302,1051.1309814453125,963.1541137695312,546.8471069335938,1038,284,936,283,102,0.09216804057359695,0.7846334517002106,1.3223512172698975,0.08808261855907565,-0.3093324513266747,1.2370268288250106,142.19
97,6,945,258,977,295,1051.1309814453125,963.1541137695312,546.8471069335938,961,276,862,275,99,-0.0026413716841489077,0.7648755848407746,1.281998872756958,-0.002611896094081065,-0.32840628508073205,1.2745124903045562,129.42
97,7,1000,249,1030,281,1051.1309814453125,963.1541137695312,546.8471069335938,1015,265,923,265,92,0.07427466660737991,0.7702937364578247,1.3415106534957886,0.06764706036380097,-0.3677462117504458,1.3714862667407726,136.24
97,8,1180,260,1212,298,1051.1309814453125,963.1541137695312,546.8471069335938,1196,279,1149,247,47,0.28834980726242065,0.7716899305582047,1.2774542570114136,0.5946934638200219,-0.6840873436726724,2.684611415747895,136.26
97,9,915,240,949,277,1051.1309814453125,963.1541137695312,546.8471069335938,932,258,838,259,94,-0.042757101356983185,0.793292784690857,1.5519412755966187,-0.03978414248535955,-0.3688609004814225,1.3423057078739475,146.02
97,11,1012,216,1046,248,1051.1309814453125,963.1541137695312,546.8471069335938,1029,232,947,233,82,0.09612507745623589,0.7761267960071564,1.526774823665619,0.09639116929140361,-0.46090169823398314,1.5387406895140374,152.0
97,12,1140,218,1169,251,1051.1309814453125,963.1541137695312,546.8471069335938,1154,234,1072,234,82,0.2724481225013733,0.7832748234272003,1.5368281602859497,0.2793774855398147,-0.45797391717400854,1.5387406895140374,153.96
98,0,840,259,880,295,1051.1309814453125,963.1541137695312,546.8471069335938,860,277,760,276,100,-0.12641216814517975,0.7576821684837342,1.251381754875183,-0.1238251908266875,-0.3239218319953352,1.2617673654015107,127.18
98,1,1078,225,1112,267,1051.1309814453125,963.1541137695312,546.8471069335938,1095,246,1007,247,88,0.19180592894554138,0.7979988396167755,1.4832935333251953,0.17984831170666252,-0.41037946507683193,1.4338265515926258,158.29
98,2,861,213,898,248,1051.1309814453125,963.1541137695312,546.8471069335938,879,230,798,232,81,-0.1298147588968277,0.779148617386818,1.5416622161865234,-0.1247133041598587,-0.4695557691617843,1.5577374881500132,154.03
98,3,1021,266,1057,302,1051.1309814453125,963.1541137695312,546.8471069335938,1039,284,937,283,102,0.09026804566383362,0.7847582340240479,1.330960988998413,0.0892594717302419,-0.3093324513266747,1.2370268288250106,143.13
98,4,944,259,977,294,1051.1309814453125,963.1541137695312,546.8471069335938,960,276,862,275,98,-0.002644503954797983,0.7649891316890717,1.2838550806045532,-0.0038634360895202363,-0.3317573696223722,1.2875177197974599,129.64
98,5,964,228,991,266,1051.1309814453125,963.1541137695312,546.8471069335938,977,247,889,246,88,0.018388286232948303,0.7590510487556458,1.3837047815322876,0.01888689388669656,-0.4090153852647983,1.4338265515926258,136.02
98,6,1129,244,1159,286,1051.1309814453125,963.1541137695312,546.8471069335938,1144,265,1051,265,93,0.2330661565065384,0.7761899471282959,1.3656336069107056,0.2334254148352175,-0.36379195140904313,1.3567391025822695,141.27
98,7,999,249,1029,283,1051.1309814453125,963.1541137695312,546.8471069335938,1014,266,923,265,91,0.0741170272231102,0.7699542582035065,1.3413084745407104,0.06707132450561243,-0.37046826876463795,1.3865575443972644,135.84
98,8,915,241,948,277,1051.1309814453125,963.1541137695312,546.8471069335938,931,259,838,261,93,-0.04258998855948448,0.7695157617330551,1.4509653449058533,-0.04150267115142748,-0.3715364045354275,1.3567391025822695,142.68
98,9,1011,216,1045,249,1051.1309814453125,963.1541137695312,546.8471069335938,1028,232,947,232,81,0.09651392698287964,0.7792346119880676,1.53113853931427,0.09609922047452024,-0.4665918426566249,1.5577374881500132,152.8
98,11,1180,261,1212,298,1051.1309814453125,963.1541137695312,546.8471069335938,1196,279,1096,279,100,0.2854658365249634,0.7751177787780762,1.2826597690582275,0.2795059279954103,-0.321521051526156,1.2617673654015107,143.54
98,12,1141,217,1170,250,1051.1309814453125,963.1541137695312,546.8471069335938,1155,233,1071,234,84,0.27696341276168823,0.7821586072444916,1.5432178974151611,0.2741546766395686,-0.4484988122824721,1.50210400643037,155.65
99,0,839,260,881,296,1051.1309814453125,963.1541137695312,546.8471069335938,860,278,760,277,100,-0.12528793513774872,0.7568363785743714,1.2530878782272339,-0.1238251908266875,-0.3227214417607456,1.2617673654015107,127.22
99,1,1078,224,1112,267,1051.1309814453125,963.1541137695312,546.8471069335938,1095,245,1008,247,87,0.18559475988149643,0.7809452056884766,1.4984949827194214,0.18191553368030233,-0.4164762293128755,1.4503073165534606,151.49
99,2,964,227,991,266,1051.1309814453125,963.1541137695312,546.8471069335938,977,246,889,247,88,0.013378788717091084,0.7693864941596985,1.432690143585205,0.01888689388669656,-0.41037946507683193,1.4338265515926258,141.37
99,3,1129,245,1159,287,1051.1309814453125,963.1541137695312,546.8471069335938,1144,266,1050,266,94,0.23881100118160248,0.781639912724495,1.4010705947875977,0.23094216574122584,-0.3586448133785325,1.3423057078739475,143.58
99,4,944,258,977,295,1051.1309814453125,963.1541137695312,546.8471069335938,960,276,862,275,98,-0.0029101422987878323,0.7672348558902741,1.282899260520935,-0.0038634360895202363,-0.3317573696223722,1.2875177197974599,130.58
99,5,861,213,898,249,1051.1309814453125,963.1541137695312,546.8471069335938,879,231,798,233,81,-0.1349801942706108,0.7756319880485535,1.5368845462799072,-0.1247133041598587,-0.4680738059092046,1.5577374881500132,155.14
99,6,1021,266,1057,301,1051.1309814453125,963.1541137695312,546.8471069335938,1039,283,937,283,102,0.09003835916519165,0.7824050724506378,1.3211647272109985,0.0892594717302419,-0.310509304497841,1.2370268288250106,138.38
99,7,914,240,948,278,1051.1309814453125,963.1541137695312,546.8471069335938,931,259,838,260,93,-0.04288635402917862,0.7645396530628205,1.3691530227661133,-0.04150267115142748,-0.3715364045354275,1.3567391025822695,138.16
99,8,1000,250,1031,282,1051.1309814453125,963.1541137695312,546.8471069335938,1015,266,923,265,92,0.07479351758956909,0.7690893948078156,1.339948296546936,0.06764706036380097,-0.3664414397563267,1.3714862667407726,135.75
99,9,1011,216,1045,249,1051.1309814453125,963.1541137695312,546.8471069335938,1028,232,947,232,81,0.1003558486700058,0.7772422224283219,1.5272672176361084,0.09609922047452024,-0.4665918426566249,1.5577374881500132,151.71
99,12,1140,218,1169,251,1051.1309814453125,963.1541137695312,546.8471069335938,1154,234,1072,235,82,0.278393492102623,0.7835483193397522,1.539405882358551,0.2793774855398147,-0.45797391717400854,1.5387406895140374,155.55
100,0,861,211,898,249,1051.1309814453125,963.1541137695312,546.8471069335938,879,230,798,233,81,-0.13887301832437515,0.7789687603712082,1.5438024401664734,-0.1247133041598587,-0.4695557691617843,1.5577374881500132,157.3
100,1,839,257,881,296,1051.1309814453125,963.1541137695312,546.8471069335938,860,276,759,277,101,-0.12914413213729858,0.7577354550361634,1.2516168355941772,-0.12259919883830447,-0.32190319032665826,1.2492746192094166,129.23
100,2,1078,224,1111,267,1051.1309814453125,963.1541137695312,546.8471069335938,1094,245,1008,247,86,0.19135551154613495,0.7818513154983521,1.450507402420044,0.18263502798520168,-0.42131897616535074,1.4671713551180356,156.34
100,3,963,228,991,268,1051.1309814453125,963.1541137695312,546.8471069335938,977,248,889,247,88,0.01851513795554638,0.7605538308620453,1.3777536749839783,0.01888689388669656,-0.4076513054527647,1.4338265515926258,135.51
100,4,1020,266,1057,302,1051.1309814453125,963.1541137695312,546.8471069335938,1038,284,937,282,101,0.08629687875509262,0.7837748020887375,1.3262437582015991,0.08895472369332393,-0.31239514886456254,1.2492746192094166,144.54
100,5,1129,245,1159,287,1051.1309814453125,963.1541137695312,546.8471069335938,1144,266,1050,266,94,0.23500822484493256,0.7764028251171112,1.3743780255317688,0.23094216574122584,-0.3586448133785325,1.3423057078739475,141.61
100,6,944,257,977,295,1051.1309814453125,963.1541137695312,546.8471069335938,960,276,862,275,98,-0.0014213715912774205,0.7652282953262329,1.2863774299621582,-0.0038634360895202363,-0.3317573696223722,1.2875177197974599,129.66
100,7,915,240,949,278,1051.1309814453125,963.1541137695312,546.8471069335938,932,259,839,260,93,-0.043890126049518585,0.7716623783111572,1.3547145128250122,-0.040211928963696755,-0.3715364045354275,1.3567391025822695,146.14
100,8,1000,249,1031,281,1051.1309814453125,963.1541137695312,546.8471069335938,1015,265,923,264,92,0.07503014802932739,0.7708017766475678,1.3483409881591797,0.06764706036380097,-0.3677462117504458,1.3714862667407726,136.85
100,9,1180,260,1211,298,1051.1309814453125,963.1541137695312,546.8471069335938,1195,279,1096,280,99,0.2869362533092499,0.7734433352947235,1.2739341259002686,0.28111670480890977,-0.3247687389153091,1.2745124903045562,138.66
100,10,1011,216,1046,249,1051.1309814453125,963.1541137695312,546.8471069335938,1028,232,947,232,81,0.08986078947782516,0.7804053366184235,1.5186125040054321,0.09609922047452024,-0.4665918426566249,1.5577374881500132,152.84
100,12,1141,219,1170,250,1051.1309814453125,963.1541137695312,546.8471069335938,1155,234,1072,235,83,0.27852627635002136,0.7820707201957703,1.5404049158096313,0.2774577450328164,-0.4524561591357674,1.520201645062061,155.03
101,0,839,259,880,297,1051.1309814453125,963.1541137695312,546.8471069335938,859,278,759,276,100,-0.1265072077512741,0.7556514829397202,1.2499621510505676,-0.1250255810612771,-0.3227214417607456,1.2617673654015107,126.79
101,1,1078,225,1111,267,1051.1309814453125,963.1541137695312,546.8471069335938,1094,246,1008,247,86,0.18424533307552338,0.7868771493434906,1.4648038148880005,0.18263502798520168,-0.4199231735669908,1.4671713551180356,155.54
101,2,1020,265,1056,302,1051.1309814453125,963.1541137695312,546.8471069335938,1038,283,936,283,102,0.08760130405426025,0.7781867921352387,1.3088327646255493,0.08808261855907565,-0.310509304497841,1.2370268288250106,136.81
101,3,963,228,991,267,1051.1309814453125,963.1541137695312,546.8471069335938,977,247,889,247,88,0.01873752288520336,0.7664693832397461,1.4226124286651611,0.01888689388669656,-0.4090153852647983,1.4338265515926258,139.07
101,4,861,211,897,249,1051.1309814453125,963.1541137695312,546.8471069335938,879,230,798,233,81,-0.1366223692893982,0.7769720792770386,1.535303771495819,-0.1247133041598587,-0.4695557691617843,1.5577374881500132,153.59
101,5,944,258,977,295,1051.1309814453125,963.1541137695312,546.8471069335938,960,276,863,276,97,-0.00018211419228464365,0.7646761476993561,1.2804973125457764,-0.003903265327556527,-0.33517754869064414,1.300791098352073,129.07
101,6,915,241,949,278,1051.1309814453125,963.1541137695312,546.8471069335938,932,259,839,260,93,-0.04520174860954285,0.7698908090591431,1.3562079668045044,-0.040211928963696755,-0.3715364045354275,1.3567391025822695,149.06
101,7,1129,244,1159,286,1051.1309814453125,963.1541137695312,546.8471069335938,1144,265,1050,266,94,0.23345857858657837,0.7747696429491043,1.3544175624847412,0.23094216574122584,-0.35992182426639374,1.3423057078739475,140.16
101,8,1000,248,1030,281,1051.1309814453125,963.1541137695312,546.8471069335938,1015,264,923,265,92,0.0753956288099289,0.7694295585155487,1.3463401794433594,0.06764706036380097,-0.3690509837445649,1.3714862667407726,136.11
101,9,1011,216,1045,249,1051.1309814453125,963.1541137695312,546.8471069335938,1028,232,947,232,81,0.09866952896118164,0.7788755238056183,1.533820390701294,0.09609922047452024,-0.4665918426566249,1.5577374881500132,153.03
101,10,1180,261,1211,298,1051.1309814453125,963.1541137695312,546.8471069335938,1195,279,1149,247,46,0.28612712025642395,0.7739640563726425,1.2762681245803833,0.6050120386104798,-0.6989588076655566,2.742972533481545,139.78
101,12,1140,218,1169,251,1051.1309814453125,963.1541137695312,546.8471069335938,1154,234,1071,234,83,0.2794844061136246,0.7845371901988983,1.5366067290306091,0.27601149173813017,-0.4524561591357674,1.520201645062061,155.39
102,0,840,258,880,296,1051.1309814453125,963.1541137695312,546.8471069335938,860,277,759,276,101,-0.1275215893983841,0.7557291030883789,1.2504767179489136,-0.12259919883830447,-0.3207146851438963,1.2492746192094166,126.5
102,1,861,212,898,248,1051.1309814453125,963.1541137695312,546.8471069335938,879,230,798,233,81,-0.13914597034454346,0.7847249746322632,1.6329703330993652,-0.1247133041598587,-0.4695557691617843,1.5577374881500132,162.18
102,2,1078,225,1111,267,1051.1309814453125,963.1541137695312,546.8471069335938,1094,246,1008,247,86,0.18854920566082,0.7848505020141602,1.457776427268982,0.18263502798520168,-0.4199231735669908,1.4671713551180356,158.81
102,3,964,228,991,266,1051.1309814453125,963.1541137695312,546.8471069335938,977,247,889,246,88,0.022782299667596817,0.7652335107326508,1.4268169403076172,0.01888689388669656,-0.4090153852647983,1.4338265515926258,137.73
102,4,1021,266,1057,302,1051.1309814453125,963.1541137695312,546.8471069335938,1039,284,937,283,102,0.09263067692518234,0.7846441209316254,1.3268368244171143,0.0892594717302419,-0.3093324513266747,1.2370268288250106,145.46
102,5,945,258,977,295,1051.1309814453125,963.1541137695312,546.8471069335938,961,276,862,276,99,-0.003867090679705143,0.7653991520404816,1.27845299243927,-0.002611896094081065,-0.32840628508073205,1.2745124903045562,129.46
102,6,1129,245,1159,287,1051.1309814453125,963.1541137695312,546.8471069335938,1144,266,1050,266,94,0.2326202541589737,0.7759510815143585,1.3587559461593628,0.23094216574122584,-0.3586448133785325,1.3423057078739475,139.7
102,8,915,240,949,277,1051.1309814453125,963.1541137695312,546.8471069335938,932,258,839,260,93,-0.042913202196359634,0.7961867392063141,1.5713787078857422,-0.040211928963696755,-0.3728271467231582,1.3567391025822695,147.4
102,10,1011,216,1045,249,1051.1309814453125,963.1541137695312,546.8471069335938,1028,232,947,232,81,0.10187821090221405,0.8010328352451325,1.59897118806839,0.09609922047452024,-0.4665918426566249,1.5577374881500132,160.94
102,11,1000,248,1030,281,1051.1309814453125,963.1541137695312,546.8471069335938,1015,264,923,265,92,0.07666599750518799,0.7722755610942841,1.3389809131622314,0.06764706036380097,-0.3690509837445649,1.3714862667407726,141.83
102,12,1141,218,1169,251,1051.1309814453125,963.1541137695312,546.8471069335938,1155,234,1071,234,84,0.27958454191684723,0.7855039030313492,1.5365447998046875,0.2741546766395686,-0.44706977628891315,1.50210400643037,155.63
103,0,840,259,881,296,1051.1309814453125,963.1541137695312,546.8471069335938,860,277,760,277,100,-0.12703023850917816,0.7582295775413513,1.2525687217712402,-0.1238251908266875,-0.3239218319953352,1.2617673654015107,127.77
103,1,862,211,897,249,1051.1309814453125,963.1541137695312,546.8471069335938,879,230,798,234,81,-0.13918141275644302,0.7767646700143814,1.5318164825439453,-0.1247133041598587,-0.4695557691617843,1.5577374881500132,159.63
103,2,1078,225,1111,267,1051.1309814453125,963.1541137695312,546.8471069335938,1094,246,1007,246,87,0.18446744978427887,0.7821347653865814,1.5079323053359985,0.1805357747899695,-0.4150964704225426,1.4503073165534606,152.35
103,3,964,228,991,267,1051.1309814453125,963.1541137695312,546.8471069335938,977,247,889,247,88,0.014781815931200981,0.7705253005027771,1.4388514757156372,0.01888689388669656,-0.4090153852647983,1.4338265515926258,142.1
103,4,1021,266,1056,302,1051.1309814453125,963.1541137695312,546.8471069335938,1038,284,937,282,101,0.08777327835559845,0.7776007294654846,1.3188188076019287,0.08895472369332393,-0.31239514886456254,1.2492746192094166,138.28
103,5,945,258,977,295,1051.1309814453125,963.1541137695312,546.8471069335938,961,276,862,274,99,-0.001414238999132067,0.7662139475345612,1.2784793972969055,-0.002611896094081065,-0.32840628508073205,1.2745124903045562,130.66
103,6,1130,244,1159,287,1051.1309814453125,963.1541137695312,546.8471069335938,1144,265,1050,265,94,0.23778840899467468,0.7774697184562683,1.3604003190994263,0.23094216574122584,-0.35992182426639374,1.3423057078739475,141.82
103,7,1000,249,1029,282,1051.1309814453125,963.1541137695312,546.8471069335938,1014,265,923,264,91,0.07276716828346252,0.7678943514823914,1.3386173248291016,0.06707132450561243,-0.3717873789125386,1.3865575443972644,135.59
103,8,915,240,949,278,1051.1309814453125,963.1541137695312,546.8471069335938,932,259,838,260,94,-0.043626248836517334,0.7850201368331909,1.5241754055023193,-0.03978414248535955,-0.36758388959356125,1.3423057078739475,145.45
103,9,1011,216,1045,249,1051.1309814453125,963.1541137695312,546.8471069335938,1028,232,947,232,81,0.10443349927663803,0.7837579190731049,1.5528165698051453,0.09609922047452024,-0.4665918426566249,1.5577374881500132,154.22
103,10,1181,261,1212,299,1051.1309814453125,963.1541137695312,546.8471069335938,1196,280,1149,246,47,0.2867662012577057,0.777686470746994,1.28689306974411,0.5946934638200219,-0.6815333218969499,2.684611415747895,143.33
103,12,1141,218,1170,251,1051.1309814453125,963.1541137695312,546.8471069335938,1155,234,1072,234,83,0.27841974794864655,0.7831891268491745,1.5386691093444824,0.2774577450328164,-0.4524561591357674,1.520201645062061,155.37
104,0,838,259,881,296,1051.1309814453125,963.1541137695312,546.8471069335938,859,277,760,276,99,-0.1252618283033371,0.7557912707328797,1.2517319917678833,-0.1262884657184617,-0.3271937696922577,1.2745124903045562,126.6
104,1,861,212,898,249,1051.1309814453125,963.1541137695312,546.8471069335938,879,230,798,233,81,-0.13644011318683624,0.7807457387447357,1.5486555099487305,-0.1247133041598587,-0.4695557691617843,1.5577374881500132,154.42
104,2,1078,225,1111,267,1051.1309814453125,963.1541137695312,546.8471069335938,1094,246,1008,247,86,0.17908823490142822,0.7834937512874603,1.4658109545707703,0.18263502798520168,-0.4199231735669908,1.4671713551180356,152.55
104,3,964,228,991,266,1051.1309814453125,963.1541137695312,546.8471069335938,977,247,889,247,88,0.017499626614153385,0.7697710037231446,1.437963604927063,0.01888689388669656,-0.4090153852647983,1.4338265515926258,141.03
104,4,1021,266,1057,301,1051.1309814453125,963.1541137695312,546.8471069335938,1039,283,937,283,102,0.08959770947694778,0.7850523084402085,1.3206901550292969,0.0892594717302419,-0.310509304497841,1.2370268288250106,137.57
104,5,944,258,977,294,1051.1309814453125,963.1541137695312,546.8471069335938,960,276,863,275,97,-0.0014130942290648818,0.7650479018688202,1.2789082527160645,-0.003903265327556527,-0.33517754869064414,1.300791098352073,129.2
104,6,1001,249,1031,281,1051.1309814453125,963.1541137695312,546.8471069335938,1016,265,922,265,94,0.07537680491805077,0.7685394823551178,1.3435859084129333,0.0674847720949856,-0.35992182426639374,1.3423057078739475,136.07
104,7,915,241,948,277,1051.1309814453125,963.1541137695312,546.8471069335938,931,259,838,259,93,-0.04432069882750511,0.76656653881073,1.3469481468200684,-0.04150267115142748,-0.3715364045354275,1.3567391025822695,142.72
104,8,1129,244,1159,286,1051.1309814453125,963.1541137695312,546.8471069335938,1144,265,1050,266,94,0.23806101083755493,0.7795808851718903,1.369643211364746,0.23094216574122584,-0.35992182426639374,1.3423057078739475,141.97
104,9,1180,261,1212,298,1051.1309814453125,963.1541137695312,546.8471069335938,1196,279,1149,246,47,0.2875472903251648,0.7794565796852112,1.3074918985366821,0.5946934638200219,-0.6840873436726724,2.684611415747895,141.67
104,10,1012,215,1045,248,1051.1309814453125,963.1541137695312,546.8471069335938,1028,231,947,232,81,0.09624014794826508,0.7788348436355591,1.5172268152236938,0.09609922047452024,-0.4680738059092046,1.5577374881500132,151.9
104,12,1140,218,1169,251,1051.1309814453125,963.1541137695312,546.8471069335938,1154,234,1072,234,82,0.27862316370010376,0.7824176490306854,1.5393237471580505,0.2793774855398147,-0.45797391717400854,1.5387406895140374,155.11
105,0,839,259,881,296,1051.1309814453125,963.1541137695312,546.8471069335938,860,277,759,277,101,-0.12568560242652893,0.757025682926178,1.2510558366775513,-0.12259919883830447,-0.3207146851438963,1.2492746192094166,127.04
105,1,861,212,898,249,1051.1309814453125,963.1541137695312,546.8471069335938,879,230,798,233,81,-0.12429026514291763,0.7760842978954315,1.5324299335479736,-0.1247133041598587,-0.4695557691617843,1.5577374881500132,152.06
105,2,1078,224,1111,267,1051.1309814453125,963.1541137695312,546.8471069335938,1094,245,1008,247,86,0.19945861399173737,0.8146368205547333,1.71846604347229,0.18263502798520168,-0.42131897616535074,1.4671713551180356,165.75
105,3,964,228,991,266,1051.1309814453125,963.1541137695312,546.8471069335938,977,247,889,247,88,0.021466794423758984,0.7660594671964646,1.4260772466659546,0.01888689388669656,-0.4090153852647983,1.4338265515926258,138.26
105,4,1021,266,1057,301,1051.1309814453125,963.1541137695312,546.8471069335938,1039,283,937,283,102,0.08935877308249474,0.7804055154323578,1.3219659328460693,0.0892594717302419,-0.310509304497841,1.2370268288250106,142.5
105,5,945,258,977,295,1051.1309814453125,963.1541137695312,546.8471069335938,961,276,860,276,101,-0.0038677214179188013,0.7675920367240906,1.2811447978019714,-0.002560175379346787,-0.32190319032665826,1.2492746192094166,129.97
105,6,1130,244,1159,286,1051.1309814453125,963.1541137695312,546.8471069335938,1144,265,1051,266,93,0.2362402379512787,0.778842979669571,1.3552296161651611,0.2334254148352175,-0.36379195140904313,1.3567391025822695,141.12
105,7,1001,248,1031,280,1051.1309814453125,963.1541137695312,546.8471069335938,1016,264,922,265,94,0.07582109421491623,0.7696495592594147,1.352549433708191,0.0674847720949856,-0.361198835154255,1.3423057078739475,137.05
105,8,915,241,948,277,1051.1309814453125,963.1541137695312,546.8471069335938,931,259,838,260,93,-0.04787343554198742,0.7655611723661423,1.3494956493377686,-0.04150267115142748,-0.3715364045354275,1.3567391025822695,137.28
105,9,1180,261,1211,298,1051.1309814453125,963.1541137695312,546.8471069335938,1195,279,1149,247,46,0.2925856411457062,0.7818153142929077,1.3163705468177795,0.6050120386104798,-0.6989588076655566,2.742972533481545,140.9
105,10,1012,216,1045,249,1051.1309814453125,963.1541137695312,546.8471069335938,1028,232,946,233,82,0.09483104571700096,0.7756006360054016,1.5281428098678589,0.09492727876141632,-0.46090169823398314,1.5387406895140374,151.29
105,12,1141,219,1170,251,1051.1309814453125,963.1541137695312,546.8471069335938,1155,235,1072,235,83,0.2803713381290436,0.7853275179862976,1.5395268201828003,0.2774577450328164,-0.4510099058410812,1.520201645062061,155.42
106,0,839,259,880,295,1051.1309814453125,963.1541137695312,546.8471069335938,859,277,760,276,99,-0.1277191936969757,0.7590978085994721,1.2559548616409302,-0.1262884657184617,-0.3271937696922577,1.2745124903045562,128.76
106,1,861,213,898,249,1051.1309814453125,963.1541137695312,546.8471069335938,879,231,798,234,81,-0.13933829963207245,0.7778876066207886,1.536566138267517,-0.1247133041598587,-0.4680738059092046,1.5577374881500132,161.38
106,2,1078,225,1111,267,1051.1309814453125,963.1541137695312,546.8471069335938,1094,246,1008,247,86,0.18541742861270905,0.7817607760429383,1.461040735244751,0.18263502798520168,-0.4199231735669908,1.4671713551180356,151.81
106,3,964,227,991,266,1051.1309814453125,963.1541137695312,546.8471069335938,977,246,889,247,88,0.016130824573338032,0.7674227446317673,1.4237595796585083,0.01888689388669656,-0.41037946507683193,1.4338265515926258,139.56
106,4,944,258,977,295,1051.1309814453125,963.1541137695312,546.8471069335938,960,276,862,275,98,-0.005109346471726894,0.7678345382213593,1.2894386053085327,-0.0038634360895202363,-0.3317573696223722,1.2875177197974599,130.73
106,5,1021,266,1057,301,1051.1309814453125,963.1541137695312,546.8471069335938,1039,283,937,283,102,0.08705397695302963,0.7764334619045258,1.3000519275665283,0.0892594717302419,-0.310509304497841,1.2370268288250106,136.0
106,6,1129,244,1159,286,1051.1309814453125,963.1541137695312,546.8471069335938,1144,265,1050,266,94,0.23729762434959412,0.7763573467731476,1.3953841924667358,0.23094216574122584,-0.35992182426639374,1.3423057078739475,142.75
106,7,1181,261,1212,298,1051.1309814453125,963.1541137695312,546.8471069335938,1196,279,1149,246,47,0.286140501499176,0.7741186261177063,1.2720650434494019,0.5946934638200219,-0.6840873436726724,2.684611415747895,146.67
106,8,1000,249,1029,281,1051.1309814453125,963.1541137695312,546.8471069335938,1014,265,923,264,91,0.07200071960687637,0.7651542365550995,1.337989091873169,0.06707132450561243,-0.3717873789125386,1.3865575443972644,134.12
106,9,915,240,948,278,1051.1309814453125,963.1541137695312,546.8471069335938,931,259,838,260,93,-0.03854234516620636,0.7641187846660614,1.3542311191558838,-0.04150267115142748,-0.3715364045354275,1.3567391025822695,137.04
106,11,1012,216,1046,249,1051.1309814453125,963.1541137695312,546.8471069335938,1029,232,947,233,82,0.09531870484352112,0.7761436343193054,1.5362845659255981,0.09639116929140361,-0.46090169823398314,1.5387406895140374,150.48
106,12,1140,218,1169,251,1051.1309814453125,963.1541137695312,546.8471069335938,1154,234,1071,234,83,0.2783767879009247,0.7835853338241577,1.5403863191604614,0.27601149173813017,-0.4524561591357674,1.520201645062061,156.05
107,0,839,258,881,296,1051.1309814453125,963.1541137695312,546.8471069335938,860,277,759,276,101,-0.12296823039650917,0.75970638692379,1.2577191591262817,-0.12259919883830447,-0.3207146851438963,1.2492746192094166,129.49
107,1,1078,225,1112,267,1051.1309814453125,963.1541137695312,546.8471069335938,1095,246,1008,247,87,0.18041488528251648,0.7876358717679978,1.468287169933319,0.18191553368030233,-0.4150964704225426,1.4503073165534606,153.01
107,2,964,227,991,266,1051.1309814453125,963.1541137695312,546.8471069335938,977,246,889,246,88,0.021319545805454254,0.7636016845703125,1.420217514038086,0.01888689388669656,-0.41037946507683193,1.4338265515926258,137.47
107,3,861,213,898,248,1051.1309814453125,963.1541137695312,546.8471069335938,879,230,798,233,81,-0.14491602778434753,0.7772725760936737,1.5346150398254395,-0.1247133041598587,-0.4695557691617843,1.5577374881500132,159.16
107,4,1021,266,1057,302,1051.1309814453125,963.1541137695312,546.8471069335938,1039,284,936,282,103,0.08979061245918274,0.7838667869567871,1.3274023532867432,0.08839287491732693,-0.3063292236438914,1.2250168596131172,140.37
107,5,1129,244,1159,287,1051.1309814453125,963.1541137695312,546.8471069335938,1144,265,1050,266,94,0.2387523502111435,0.7810230493545532,1.399958610534668,0.23094216574122584,-0.35992182426639374,1.3423057078739475,143.44
107,6,945,258,977,295,1051.1309814453125,963.1541137695312,546.8471069335938,961,276,862,275,99,-0.0014131879433989525,0.7656461238861084,1.2792329788208008,-0.002611896094081065,-0.32840628508073205,1.2745124903045562,127.2
107,7,999,248,1030,282,1051.1309814453125,963.1541137695312,546.8471069335938,1014,265,922,265,92,0.07379871234297752,0.7667969703674317,1.3362755179405212,0.06634228836968187,-0.3677462117504458,1.3714862667407726,134.78
107,8,1011,216,1045,248,1051.1309814453125,963.1541137695312,546.8471069335938,1028,232,947,233,81,0.09880255907773972,0.7798731118440628,1.5221871733665466,0.09609922047452024,-0.4665918426566249,1.5577374881500132,154.07
107,9,915,240,948,277,1051.1309814453125,963.1541137695312,546.8471069335938,931,258,838,260,93,-0.04606792330741882,0.7663651198148728,1.3446980714797974,-0.04150267115142748,-0.3728271467231582,1.3567391025822695,144.94
107,10,1180,261,1212,299,1051.1309814453125,963.1541137695312,546.8471069335938,1196,280,1149,247,47,0.2933642268180847,0.7879259824752808,1.327118158340454,0.5946934638200219,-0.6815333218969499,2.684611415747895,141.5
107,12,1141,217,1170,251,1051.1309814453125,963.1541137695312,546.8471069335938,1155,234,1071,235,84,0.2788499891757965,0.785310098528862,1.5395615100860596,0.2741546766395686,-0.44706977628891315,1.50210400643037,155.35
108,0,839,258,881,296,1051.1309814453125,963.1541137695312,546.8471069335938,860,277,760,277,100,-0.1241217628121376,0.7583011031150818,1.2551463842391968,-0.1238251908266875,-0.3239218319953352,1.2617673654015107,127.57
108,1,1077,224,1112,267,1051.1309814453125,963.1541137695312,546.8471069335938,1094,245,1008,246,86,0.18640778958797455,0.784524941444397,1.4975916147232056,0.18263502798520168,-0.42131897616535074,1.4671713551180356,153.92
108,2,963,228,991,266,1051.1309814453125,963.1541137695312,546.8471069335938,977,247,889,246,88,0.016002098098397255,0.7672241866588593,1.4248818159103394,0.01888689388669656,-0.4090153852647983,1.4338265515926258,139.81
108,3,1021,267,1057,302,1051.1309814453125,963.1541137695312,546.8471069335938,1039,284,937,283,102,0.09085062891244888,0.7841198086738587,1.3283240795135498,0.0892594717302419,-0.3093324513266747,1.2370268288250106,140.99
108,4,1129,244,1159,287,1051.1309814453125,963.1541137695312,546.8471069335938,1144,265,1050,266,94,0.23823681473731995,0.777985492348671,1.3986499309539795,0.23094216574122584,-0.35992182426639374,1.3423057078739475,143.15
108,5,945,258,977,295,1051.1309814453125,963.1541137695312,546.8471069335938,961,276,862,275,99,-0.00018900736176874489,0.7673796355724335,1.282979965209961,-0.002611896094081065,-0.32840628508073205,1.2745124903045562,130.19
108,6,862,212,898,249,1051.1309814453125,963.1541137695312,546.8471069335938,880,230,798,234,82,-0.1293303370475769,0.7781400322914124,1.5387351512908936,-0.1217285196767024,-0.4638294792939577,1.5387406895140374,154.61
108,7,999,250,1029,283,1051.1309814453125,963.1541137695312,546.8471069335938,1014,266,921,265,93,0.07128001376986504,0.7729271739721298,1.3337292671203613,0.06562893043022291,-0.3625012092213124,1.3567391025822695,138.18
108,8,915,239,949,277,1051.1309814453125,963.1541137695312,546.8471069335938,932,258,838,259,94,-0.041286736726760864,0.7681758940219879,1.3483555316925049,-0.03978414248535955,-0.3688609004814225,1.3423057078739475,141.83
108,10,1011,216,1046,249,1051.1309814453125,963.1541137695312,546.8471069335938,1028,232,946,233,82,0.09892269968986511,0.7904881179332733,1.571745753288269,0.09492727876141632,-0.46090169823398314,1.5387406895140374,158.58
108,11,1141,217,1170,251,1051.1309814453125,963.1541137695312,546.8471069335938,1155,234,1071,235,84,0.27971357107162476,0.7835199177265167,1.5387133359909058,0.2741546766395686,-0.44706977628891315,1.50210400643037,155.51
108,12,1180,260,1211,299,1051.1309814453125,963.1541137695312,546.8471069335938,1195,279,1148,246,47,0.2875193953514099,0.7738861382007599,1.2778419256210327,0.5921394420442994,-0.6840873436726724,2.684611415747895,138.87
109,0,839,259,881,296,1051.1309814453125,963.1541137695312,546.8471069335938,860,277,759,276,101,-0.12277045845985413,0.755865091085434,1.2523314952850342,-0.12259919883830447,-0.3207146851438963,1.2492746192094166,126.81
109,1,861,212,898,249,1051.1309814453125,963.1541137695312,546.8471069335938,879,230,798,233,81,-0.14153890311717987,0.7786358833312989,1.5399194955825806,-0.1247133041598587,-0.4695557691617843,1.5577374881500132,158.68
109,2,1078,225,1111,267,1051.1309814453125,963.1541137695312,546.8471069335938,1094,246,1007,246,87,0.19399399310350418,0.792284244298935,1.5880969762802124,0.1805357747899695,-0.4150964704225426,1.4503073165534606,158.33
109,3,964,228,991,267,1051.1309814453125,963.1541137695312,546.8471069335938,977,247,889,247,88,0.016073523089289665,0.7701111972332001,1.4325942993164062,0.01888689388669656,-0.4090153852647983,1.4338265515926258,141.75
109,4,945,258,977,295,1051.1309814453125,963.1541137695312,546.8471069335938,961,276,862,276,99,-0.0014004081021994352,0.7674663007259369,1.2804793119430542,-0.002611896094081065,-0.32840628508073205,1.2745124903045562,130.38
109,5,1021,266,1057,301,1051.1309814453125,963.1541137695312,546.8471069335938,1039,283,936,283,103,0.09230730682611465,0.7813823163509369,1.286643147468567,0.08839287491732693,-0.30749465105611434,1.2250168596131172,140.79
109,6,1129,245,1159,287,1051.1309814453125,963.1541137695312,546.8471069335938,1144,266,1050,266,94,0.23706521093845367,0.7772331476211548,1.392522931098938,0.23094216574122584,-0.3586448133785325,1.3423057078739475,143.19
109,7,1000,250,1030,282,1051.1309814453125,963.1541137695312,546.8471069335938,1015,266,923,265,92,0.06812824308872223,0.7699787855148316,1.340144395828247,0.06764706036380097,-0.3664414397563267,1.3714862667407726,138.54
109,8,915,240,949,277,1051.1309814453125,963.1541137695312,546.8471069335938,932,258,838,260,94,-0.041752180084586143,0.7690807670354843,1.349928855895996,-0.03978414248535955,-0.3688609004814225,1.3423057078739475,142.64
109,9,1012,215,1045,249,1051.1309814453125,963.1541137695312,546.8471069335938,1028,232,947,232,81,0.10120758414268494,0.7920018821954727,1.5841622352600098,0.09609922047452024,-0.4665918426566249,1.5577374881500132,159.08
109,11,1181,261,1211,298,1051.1309814453125,963.1541137695312,546.8471069335938,1196,279,1149,246,47,0.2906316816806793,0.7720561414957047,1.268169641494751,0.5946934638200219,-0.6840873436726724,2.684611415747895,138.24
109,12,1140,218,1170,251,1051.1309814453125,963.1541137695312,546.8471069335938,1155,234,1072,235,83,0.2770850956439972,0.784784996509552,1.537127435207367,0.2774577450328164,-0.4524561591357674,1.520201645062061,155.26
110,0,839,259,881,296,1051.1309814453125,963.1541137695312,546.8471069335938,860,277,759,276,101,-0.12318603694438934,0.7559036552906037,1.2511664628982544,-0.12259919883830447,-0.3207146851438963,1.2492746192094166,126.76
110,1,1078,225,1111,267,1051.1309814453125,963.1541137695312,546.8471069335938,1094,246,1007,246,87,0.1911996603012085,0.7982832729816437,1.5945813655853271,0.1805357747899695,-0.4150964704225426,1.4503073165534606,159.1
110,2,964,228,991,268,1051.1309814453125,963.1541137695312,546.8471069335938,977,248,889,246,88,0.02425759844481945,0.7679782003164292,1.4352235198020935,0.01888689388669656,-0.4076513054527647,1.4338265515926258,140.42
110,3,861,213,898,249,1051.1309814453125,963.1541137695312,546.8471069335938,879,231,798,233,81,-0.12363672256469727,0.7757725059986115,1.5263991355895996,-0.1247133041598587,-0.4680738059092046,1.5577374881500132,155.29
110,4,1021,266,1056,301,1051.1309814453125,963.1541137695312,546.8471069335938,1038,283,937,283,101,0.0921928733587265,0.785184109210968,1.3595824241638184,0.08895472369332393,-0.31358365404732447,1.2492746192094166,142.23
110,5,945,258,977,294,1051.1309814453125,963.1541137695312,546.8471069335938,961,276,862,275,99,-0.0038386269006878138,0.7650697767734528,1.2773693799972534,-0.002611896094081065,-0.32840628508073205,1.2745124903045562,128.65
110,6,1129,244,1159,286,1051.1309814453125,963.1541137695312,546.8471069335938,1144,265,1051,266,93,0.24213266372680664,0.7837676793336869,1.4560718536376953,0.2334254148352175,-0.36379195140904313,1.3567391025822695,145.57
110,7,1000,249,1030,282,1051.1309814453125,963.1541137695312,546.8471069335938,1015,265,923,264,92,0.07513527199625969,0.7723585158586502,1.363594651222229,0.06764706036380097,-0.3677462117504458,1.3714862667407726,137.41
110,8,915,240,948,278,1051.1309814453125,963.1541137695312,546.8471069335938,931,259,838,261,93,-0.04518166929483414,0.7671850860118866,1.3471258878707886,-0.04150267115142748,-0.3715364045354275,1.3567391025822695,145.04
110,10,1011,216,1046,248,1051.1309814453125,963.1541137695312,546.8471069335938,1028,232,948,232,80,0.1020209863781929,0.7830929100513458,1.5527647733688354,0.09730046073045173,-0.4724242406898327,1.5772092067518884,155.0
110,12,1142,218,1170,251,1051.1309814453125,963.1541137695312,546.8471069335938,1156,234,1071,234,85,0.2784780263900757,0.7854696750640869,1.5373462438583374,0.272341551308032,-0.4418101318619847,1.4844321945900125,156.0
111,0,839,258,881,296,1051.1309814453125,963.1541137695312,546.8471069335938,860,277,760,277,100,-0.13082799315452576,0.7598771095275879,1.249437928199768,-0.1238251908266875,-0.3239218319953352,1.2617673654015107,129.66
111,1,1077,225,1111,267,1051.1309814453125,963.1541137695312,546.8471069335938,1094,246,1007,246,87,0.1853007674217224,0.790428364276886,1.5343897342681885,0.1805357747899695,-0.4150964704225426,1.4503073165534606,155.48
111,2,964,229,991,266,1051.1309814453125,963.1541137695312,546.8471069335938,977,247,889,247,88,0.01942094787955284,0.766207629442215,1.423201322555542,0.01888689388669656,-0.4090153852647983,1.4338265515926258,140.11
111,3,1130,245,1159,286,1051.1309814453125,963.1541137695312,546.8471069335938,1144,265,1050,266,94,0.23584188520908356,0.777459779381752,1.3544751405715942,0.23094216574122584,-0.35992182426639374,1.3423057078739475,141.02
111,4,861,212,898,249,1051.1309814453125,963.1541137695312,546.8471069335938,879,230,798,234,81,-0.13588730990886688,0.7731304705142975,1.5202150344848633,-0.1247133041598587,-0.4695557691617843,1.5577374881500132,152.52
111,5,944,258,977,294,1051.1309814453125,963.1541137695312,546.8471069335938,960,276,862,275,98,-0.0001810806497815065,0.7635722398757935,1.2781645059585571,-0.0038634360895202363,-0.3317573696223722,1.2875177197974599,128.4
111,6,1021,265,1056,301,1051.1309814453125,963.1541137695312,546.8471069335938,1038,283,937,283,101,0.09133567661046982,0.7842939138412476,1.343691110610962,0.08895472369332393,-0.31358365404732447,1.2492746192094166,139.5
111,7,1180,261,1211,298,1051.1309814453125,963.1541137695312,546.8471069335938,1195,279,1149,247,46,0.28724122047424316,0.7794370293617249,1.3019778728485107,0.6050120386104798,-0.6989588076655566,2.742972533481545,145.1
111,8,916,241,949,278,1051.1309814453125,963.1541137695312,546.8471069335938,932,259,839,261,93,-0.04314887151122093,0.7966568559408188,1.5714239478111267,-0.040211928963696755,-0.3715364045354275,1.3567391025822695,148.05
111,9,1001,248,1031,281,1051.1309814453125,963.1541137695312,546.8471069335938,1016,264,922,264,94,0.07507472485303879,0.7662974536418915,1.3455681800842285,0.0674847720949856,-0.361198835154255,1.3423057078739475,135.46
111,11,1012,216,1046,248,1051.1309814453125,963.1541137695312,546.8471069335938,1029,232,947,232,82,0.10190383344888687,0.7767656683921814,1.5293939113616943,0.09639116929140361,-0.46090169823398314,1.5387406895140374,152.04
111,12,1141,218,1169,251,1051.1309814453125,963.1541137695312,546.8471069335938,1155,234,1071,233,84,0.2769912779331207,0.7859784305095673,1.539005994796753,0.2741546766395686,-0.44706977628891315,1.50210400643037,156.54
112,0,839,258,882,296,1051.1309814453125,963.1541137695312,546.8471069335938,860,277,760,277,100,-0.1240897886455059,0.7569477647542954,1.253538727760315,-0.1238251908266875,-0.3239218319953352,1.2617673654015107,127.01
112,1,1078,223,1112,267,1051.1309814453125,963.1541137695312,546.8471069335938,1095,245,1007,246,88,0.18012135475873947,0.7851977586746216,1.4773694276809692,0.17984831170666252,-0.4117435448888655,1.4338265515926258,153.17
112,2,861,212,897,249,1051.1309814453125,963.1541137695312,546.8471069335938,879,230,798,234,81,-0.13796097040176392,0.7756179511547089,1.5354409217834473,-0.1247133041598587,-0.4695557691617843,1.5577374881500132,154.68
112,3,964,227,991,266,1051.1309814453125,963.1541137695312,546.8471069335938,977,246,889,247,88,0.02257834281772375,0.7639385402202606,1.4125820994377136,0.01888689388669656,-0.41037946507683193,1.4338265515926258,137.99
112,4,945,258,977,295,1051.1309814453125,963.1541137695312,546.8471069335938,961,276,862,276,99,-0.0014151294017210603,0.7668419122695923,1.2810606956481934,-0.002611896094081065,-0.32840628508073205,1.2745124903045562,130.11
112,5,1021,266,1057,302,1051.1309814453125,963.1541137695312,546.8471069335938,1039,284,938,283,101,0.09091700613498688,0.783886843919754,1.3285176157951355,0.09014322887608589,-0.31239514886456254,1.2492746192094166,138.49
112,6,1129,244,1158,287,1051.1309814453125,963.1541137695312,546.8471069335938,1143,265,1050,266,93,0.23637254536151886,0.7779588490724564,1.3577932119369507,0.23213467264748677,-0.36379195140904313,1.3567391025822695,141.35
112,7,1000,249,1030,282,1051.1309814453125,963.1541137695312,546.8471069335938,1015,265,923,265,92,0.07275598496198654,0.7693556040525437,1.345162570476532,0.06764706036380097,-0.3677462117504458,1.3714862667407726,135.95
112,8,915,240,949,278,1051.1309814453125,963.1541137695312,546.8471069335938,932,259,838,260,94,-0.04426232911646366,0.7673278093338013,1.3479186296463013,-0.03978414248535955,-0.36758388959356125,1.3423057078739475,140.82
112,9,1012,215,1045,249,1051.1309814453125,963.1541137695312,546.8471069335938,1028,232,947,232,81,0.09467365592718124,0.773041182756424,1.489804983139038,0.09609922047452024,-0.4665918426566249,1.5577374881500132,148.99
112,10,1181,260,1212,299,1051.1309814453125,963.1541137695312,546.8471069335938,1196,279,1148,247,48,0.28707103431224823,0.7720141798257828,1.2707315683364868,0.5823040166571047,-0.6698355240128251,2.6286820112531473,140.34
112,12,1141,217,1170,251,1051.1309814453125,963.1541137695312,546.8471069335938,1155,234,1072,233,83,0.27682462334632874,0.7832752704620362,1.532929539680481,0.2774577450328164,-0.4524561591357674,1.520201645062061,153.85
113,0,840,258,881,295,1051.1309814453125,963.1541137695312,546.8471069335938,860,276,760,277,100,-0.1238689124584198,0.757418566942215,1.2549681663513184,-0.1238251908266875,-0.32512222222992476,1.2617673654015107,128.18
113,1,1078,224,1112,267,1051.1309814453125,963.1541137695312,546.8471069335938,1095,245,1008,246,87,0.19322530180215836,0.7851945698261261,1.5326210856437683,0.18191553368030233,-0.4164762293128755,1.4503073165534606,155.24
113,2,862,213,897,249,1051.1309814453125,963.1541137695312,546.8471069335938,879,231,798,234,81,-0.12284350767731667,0.7760685175657273,1.5316520929336548,-0.1247133041598587,-0.4680738059092046,1.5577374881500132,152.24
113,3,964,228,991,266,1051.1309814453125,963.1541137695312,546.8471069335938,977,247,889,247,88,0.01603271532803774,0.7680812120437622,1.4268279075622559,0.01888689388669656,-0.4090153852647983,1.4338265515926258,140.36
113,4,1021,267,1057,301,1051.1309814453125,963.1541137695312,546.8471069335938,1039,284,937,283,102,0.0877046212553978,0.782186084985733,1.330338954925537,0.0892594717302419,-0.3093324513266747,1.2370268288250106,139.37
113,5,945,258,977,295,1051.1309814453125,963.1541137695312,546.8471069335938,961,276,862,274,99,-0.003868748201057315,0.7668889999389649,1.2842345237731934,-0.002611896094081065,-0.32840628508073205,1.2745124903045562,130.15
113,6,999,249,1031,281,1051.1309814453125,963.1541137695312,546.8471069335938,1015,265,923,265,92,0.07584526389837265,0.7703739941120148,1.3537044525146484,0.06764706036380097,-0.3677462117504458,1.3714862667407726,136.11
113,7,1129,244,1159,286,1051.1309814453125,963.1541137695312,546.8471069335938,1144,265,1050,266,94,0.2397930920124054,0.7824390769004822,1.42966890335083,0.23094216574122584,-0.35992182426639374,1.3423057078739475,144.42
113,8,915,240,948,277,1051.1309814453125,963.1541137695312,546.8471069335938,931,258,838,260,93,-0.04396972060203552,0.7671633750200272,1.3479581475257874,-0.04150267115142748,-0.3728271467231582,1.3567391025822695,141.13
113,9,1011,216,1046,249,1051.1309814453125,963.1541137695312,546.8471069335938,1028,232,946,232,82,0.09640130400657654,0.7864068984985352,1.5801500082015991,0.09492727876141632,-0.46090169823398314,1.5387406895140374,154.75
113,11,1180,260,1212,298,1051.1309814453125,963.1541137695312,546.8471069335938,1196,279,1149,246,47,0.29535070061683655,0.7898226469755173,1.4100797772407532,0.5946934638200219,-0.6840873436726724,2.684611415747895,141.98
113,12,1141,216,1170,250,1051.1309814453125,963.1541137695312,546.8471069335938,1155,233,1072,234,83,0.27966563403606415,0.7829655200242996,1.5401719808578491,0.2774577450328164,-0.4539024124304537,1.520201645062061,155.54
114,0,838,259,880,296,1051.1309814453125,963.1541137695312,546.8471069335938,859,277,760,276,99,-0.13017861545085907,0.7593828678131104,1.249731183052063,-0.1262884657184617,-0.3271937696922577,1.2745124903045562,129.25
114,1,1078,225,1111,267,1051.1309814453125,963.1541137695312,546.8471069335938,1094,246,1008,247,86,0.18817462027072906,0.7989710509777069,1.562582015991211,0.18263502798520168,-0.4199231735669908,1.4671713551180356,156.82
114,2,964,228,991,266,1051.1309814453125,963.1541137695312,546.8471069335938,977,247,889,247,88,0.01731557957828045,0.7695129454135895,1.4374406337738037,0.01888689388669656,-0.4090153852647983,1.4338265515926258,140.11
114,3,945,258,977,295,1051.1309814453125,963.1541137695312,546.8471069335938,961,276,863,275,98,-0.002642245148308575,0.7670133650302887,1.2814738154411316,-0.0026385480950410762,-0.3317573696223722,1.2875177197974599,129.84
114,4,1021,266,1057,302,1051.1309814453125,963.1541137695312,546.8471069335938,1039,284,937,283,102,0.09237614274024963,0.7850506842136383,1.322588562965393,0.0892594717302419,-0.3093324513266747,1.2370268288250106,142.37
114,5,862,213,898,248,1051.1309814453125,963.1541137695312,546.8471069335938,880,230,798,233,82,-0.14689185470342636,0.7805609792470932,1.568861961364746,-0.1217285196767024,-0.4638294792939577,1.5387406895140374,160.94
114,6,1130,245,1159,287,1051.1309814453125,963.1541137695312,546.8471069335938,1144,266,1050,266,94,0.2385629266500473,0.7794796168804169,1.3570783138275146,0.23094216574122584,-0.3586448133785325,1.3423057078739475,141.95
114,7,915,241,948,278,1051.1309814453125,963.1541137695312,546.8471069335938,931,259,838,260,93,-0.04476962983608246,0.7663784712553025,1.3476524353027344,-0.04150267115142748,-0.3715364045354275,1.3567391025822695,141.47
114,8,999,249,1029,282,1051.1309814453125,963.1541137695312,546.8471069335938,1014,265,923,265,91,0.07327331975102425,0.7712307810783386,1.3345841765403748,0.06707132450561243,-0.3717873789125386,1.3865575443972644,138.81
114,9,1011,216,1045,249,1051.1309814453125,963.1541137695312,546.8471069335938,1028,232,947,232,81,0.09791093319654465,0.7898391425609589,1.5727912783622742,0.09609922047452024,-0.4665918426566249,1.5577374881500132,157.22
114,10,1180,260,1211,298,1051.1309814453125,963.1541137695312,546.8471069335938,1195,279,1149,248,46,0.29109548032283783,0.780111888051033,1.3026568293571472,0.6050120386104798,-0.6989588076655566,2.742972533481545,141.89
114,12,1140,217,1169,250,1051.1309814453125,963.1541137695312,546.8471069335938,1154,233,1071,234,83,0.27979299426078796,0.7836674392223358,1.5405250787734985,0.27601149173813017,-0.4539024124304537,1.520201645062061,155.98
115,0,839,258,881,296,1051.1309814453125,963.1541137695312,546.8471069335938,860,277,760,276,100,-0.12627745419740677,0.7561537116765976,1.2508106231689453,-0.1238251908266875,-0.3239218319953352,1.2617673654015107,127.75
115,1,861,212,897,249,1051.1309814453125,963.1541137695312,546.8471069335938,879,230,798,234,81,-0.1346631497144699,0.7776199817657471,1.5349606275558472,-0.1247133041598587,-0.4695557691617843,1.5577374881500132,153.08
115,2,1078,225,1112,267,1051.1309814453125,963.1541137695312,546.8471069335938,1095,246,1007,246,88,0.1816105842590332,0.7809319138526917,1.497117280960083,0.17984831170666252,-0.41037946507683193,1.4338265515926258,151.59
115,3,964,228,991,267,1051.1309814453125,963.1541137695312,546.8471069335938,977,247,889,247,88,0.019637474790215492,0.7661416620016098,1.4188868403434753,0.01888689388669656,-0.4090153852647983,1.4338265515926258,138.96
115,4,1020,266,1057,302,1051.1309814453125,963.1541137695312,546.8471069335938,1038,284,937,283,101,0.09145113825798035,0.7844924867153168,1.3388055562973022,0.08895472369332393,-0.31239514886456254,1.2492746192094166,139.25
115,5,1129,245,1159,286,1051.1309814453125,963.1541137695312,546.8471069335938,1144,265,1050,266,94,0.23595304787158966,0.7786449432373047,1.3704522848129272,0.23094216574122584,-0.35992182426639374,1.3423057078739475,141.92
115,6,1180,261,1211,298,1051.1309814453125,963.1541137695312,546.8471069335938,1195,279,1148,247,47,0.28690725564956665,0.7761393278837204,1.2929771542549133,0.5921394420442994,-0.6840873436726724,2.684611415747895,139.29
115,7,944,257,977,295,1051.1309814453125,963.1541137695312,546.8471069335938,960,276,862,275,98,-0.00018928000645246357,0.7662211894989014,1.2824935913085938,-0.0038634360895202363,-0.3317573696223722,1.2875177197974599,129.93
115,8,1000,250,1030,282,1051.1309814453125,963.1541137695312,546.8471069335938,1015,266,922,265,93,0.07160144671797752,0.7690929263830185,1.3469110131263733,0.06691967261795363,-0.3625012092213124,1.3567391025822695,135.9
115,9,915,240,948,278,1051.1309814453125,963.1541137695312,546.8471069335938,931,259,838,260,93,-0.04374297522008419,0.7661010265350342,1.3467570543289185,-0.04150267115142748,-0.3715364045354275,1.3567391025822695,140.7
115,10,1011,215,1045,248,1051.1309814453125,963.1541137695312,546.8471069335938,1028,231,947,233,81,0.10175829753279686,0.7768961727619171,1.527029275894165,0.09609922047452024,-0.4680738059092046,1.5577374881500132,151.64
115,12,1141,218,1170,251,1051.1309814453125,963.1541137695312,546.8471069335938,1155,234,1072,234,83,0.27668583393096924,0.7843754678964615,1.5358006358146667,0.2774577450328164,-0.4524561591357674,1.520201645062061,154.89
116,0,839,259,881,295,1051.1309814453125,963.1541137695312,546.8471069335938,860,277,759,277,101,-0.1272841840982437,0.7584651947021485,1.2531505823135376,-0.12259919883830447,-0.3207146851438963,1.2492746192094166,127.85
116,1,1078,225,1112,267,1051.1309814453125,963.1541137695312,546.8471069335938,1095,246,1008,247,87,0.1885920614004135,0.7835637867450714,1.535683035850525,0.18191553368030233,-0.4150964704225426,1.4503073165534606,153.83
116,2,964,227,991,266,1051.1309814453125,963.1541137695312,546.8471069335938,977,246,889,248,88,0.017372786067426205,0.7675414472818375,1.4272534251213074,0.01888689388669656,-0.41037946507683193,1.4338265515926258,140.08
116,3,1129,245,1159,287,1051.1309814453125,963.1541137695312,546.8471069335938,1144,266,1050,266,94,0.23742982000112534,0.7772739917039871,1.3956741690635681,0.23094216574122584,-0.3586448133785325,1.3423057078739475,142.76
116,4,944,258,977,295,1051.1309814453125,963.1541137695312,546.8471069335938,960,276,862,277,98,-0.0014080266701057553,0.7666730225086212,1.2820881605148315,-0.0038634360895202363,-0.3317573696223722,1.2875177197974599,129.47
116,5,861,213,897,248,1051.1309814453125,963.1541137695312,546.8471069335938,879,230,798,233,81,-0.14166845381259918,0.776742422580719,1.5356901288032532,-0.1247133041598587,-0.4695557691617843,1.5577374881500132,155.67
116,6,1021,266,1057,301,1051.1309814453125,963.1541137695312,546.8471069335938,1039,283,936,283,103,0.08981338143348694,0.7851214051246643,1.3298976421356201,0.08839287491732693,-0.30749465105611434,1.2250168596131172,140.87
116,7,999,249,1029,282,1051.1309814453125,963.1541137695312,546.8471069335938,1014,265,922,265,92,0.07427326962351799,0.7708617240190506,1.3490567207336426,0.06634228836968187,-0.3677462117504458,1.3714862667407726,136.51
116,9,915,240,948,277,1051.1309814453125,963.1541137695312,546.8471069335938,931,258,838,259,93,-0.043976228684186935,0.7680024147033692,1.3487026691436768,-0.04150267115142748,-0.3728271467231582,1.3567391025822695,144.07
116,11,1012,216,1045,248,1051.1309814453125,963.1541137695312,546.8471069335938,1028,232,947,233,81,0.10084641352295876,0.7799882233142853,1.5361238718032837,0.09609922047452024,-0.4665918426566249,1.5577374881500132,153.94
116,12,1140,218,1169,250,1051.1309814453125,963.1541137695312,546.8471069335938,1154,234,1072,234,82,0.2710329294204712,0.7831905722618103,1.5372047424316406,0.2793774855398147,-0.45797391717400854,1.5387406895140374,155.17
117,0,839,258,881,296,1051.1309814453125,963.1541137695312,546.8471069335938,860,277,759,276,101,-0.1296183466911316,0.7578813672065735,1.2492799162864685,-0.12259919883830447,-0.3207146851438963,1.2492746192094166,128.36
117,1,861,212,898,249,1051.1309814453125,963.1541137695312,546.8471069335938,879,230,797,233,82,-0.14511707425117493,0.7784075975418091,1.538623332977295,-0.1231924102066897,-0.4638294792939577,1.5387406895140374,157.0
117,2,1078,225,1111,267,1051.1309814453125,963.1541137695312,546.8471069335938,1094,246,1008,247,86,0.19180800765752792,0.7868987113237381,1.5807673931121826,0.18263502798520168,-0.4199231735669908,1.4671713551180356,157.76
117,3,964,228,991,266,1051.1309814453125,963.1541137695312,546.8471069335938,977,247,889,247,88,0.019754398614168167,0.764464819431305,1.4066288471221924,0.01888689388669656,-0.4090153852647983,1.4338265515926258,137.88
117,4,1021,266,1056,301,1051.1309814453125,963.1541137695312,546.8471069335938,1038,283,937,283,101,0.0867113322019577,0.7821714818477631,1.3089327812194824,0.08895472369332393,-0.31358365404732447,1.2492746192094166,138.07
117,5,1130,245,1159,286,1051.1309814453125,963.1541137695312,546.8471069335938,1144,265,1050,266,94,0.24039769172668457,0.7783413171768189,1.3860584497451782,0.23094216574122584,-0.35992182426639374,1.3423057078739475,143.45
117,6,945,258,977,294,1051.1309814453125,963.1541137695312,546.8471069335938,961,276,862,275,99,-0.002588980831205845,0.7662288784980774,1.2852125763893127,-0.002611896094081065,-0.32840628508073205,1.2745124903045562,130.5
117,7,1180,261,1211,298,1051.1309814453125,963.1541137695312,546.8471069335938,1195,279,1148,247,47,0.29075783491134644,0.776468300819397,1.2937545776367188,0.5921394420442994,-0.6840873436726724,2.684611415747895,147.62
117,8,999,249,1029,281,1051.1309814453125,963.1541137695312,546.8471069335938,1014,265,924,264,90,0.07423188537359238,0.7717834502458573,1.3560596108436584,0.06781656144456367,-0.3759183497893446,1.401963739335012,136.77
117,9,915,241,948,278,1051.1309814453125,963.1541137695312,546.8471069335938,931,259,838,260,93,-0.04474625736474991,0.7655040860176087,1.3464064598083496,-0.04150267115142748,-0.3715364045354275,1.3567391025822695,138.77
117,11,1012,216,1045,248,1051.1309814453125,963.1541137695312,546.8471069335938,1028,232,947,233,81,0.09603094309568405,0.7778733909130097,1.5330044031143188,0.09609922047452024,-0.4665918426566249,1.5577374881500132,152.25
117,12,1141,218,1169,251,1051.1309814453125,963.1541137695312,546.8471069335938,1155,234,1071,234,84,0.27807195484638214,0.7832796961069107,1.538005292415619,0.2741546766395686,-0.44706977628891315,1.50210400643037,155.27
118,0,840,258,881,296,1051.1309814453125,963.1541137695312,546.8471069335938,860,277,759,277,101,-0.12676571309566498,0.757751876115799,1.2507565021514893,-0.12259919883830447,-0.3207146851438963,1.2492746192094166,128.43
118,1,1078,224,1112,267,1051.1309814453125,963.1541137695312,546.8471069335938,1095,245,1008,247,87,0.18812046200037003,0.7839996308088303,1.4872571229934692,0.18191553368030233,-0.4164762293128755,1.4503073165534606,152.57
118,2,862,211,898,248,1051.1309814453125,963.1541137695312,546.8471069335938,880,229,798,233,82,-0.12313401326537132,0.7794889599084854,1.5374362468719482,-0.1217285196767024,-0.465293369823945,1.5387406895140374,154.03
118,3,1021,266,1056,301,1051.1309814453125,963.1541137695312,546.8471069335938,1038,283,936,283,102,0.09113490581512451,0.7831394612789154,1.3210986852645874,0.08808261855907565,-0.310509304497841,1.2370268288250106,140.58
118,4,964,228,991,266,1051.1309814453125,963.1541137695312,546.8471069335938,977,247,889,247,88,0.018725601956248283,0.7665990829467774,1.4261548519134521,0.01888689388669656,-0.4090153852647983,1.4338265515926258,138.52
118,5,944,258,977,295,1051.1309814453125,963.1541137695312,546.8471069335938,960,276,861,277,99,-0.0038751603569835424,0.7675297051668167,1.2852639555931091,-0.003824411482555385,-0.32840628508073205,1.2745124903045562,131.09
118,6,1001,249,1032,282,1051.1309814453125,963.1541137695312,546.8471069335938,1016,265,922,265,94,0.07735929265618324,0.7737075626850128,1.3502728939056396,0.0674847720949856,-0.35992182426639374,1.3423057078739475,138.21
118,7,915,240,948,277,1051.1309814453125,963.1541137695312,546.8471069335938,931,258,839,260,92,-0.044048283249139786,0.7676258325576782,1.349188208580017,-0.041953787142203866,-0.3768796157092795,1.3714862667407726,140.06
118,8,1011,215,1046,248,1051.1309814453125,963.1541137695312,546.8471069335938,1028,231,947,233,81,0.09520603343844414,0.7770403861999512,1.5299196243286133,0.09609922047452024,-0.4680738059092046,1.5577374881500132,152.21
118,9,1129,243,1159,286,1051.1309814453125,963.1541137695312,546.8471069335938,1144,264,1050,266,94,0.24020294845104218,0.7812133520841599,1.410374402999878,0.23094216574122584,-0.361198835154255,1.3423057078739475,143.75
118,10,1180,261,1212,298,1051.1309814453125,963.1541137695312,546.8471069335938,1196,279,1096,279,100,0.2967992126941681,0.7933329284191132,1.4152605533599854,0.2795059279954103,-0.321521051526156,1.2617673654015107,145.2
118,11,1218,231,1251,265,1051.1309814453125,963.1541137695312,546.8471069335938,1234,248,1148,246,86,0.37817248702049255,0.8093354046344757,1.5585362911224365,0.37804739175559793,-0.4171315683702708,1.4671713551180356,160.63
118,12,1141,217,1170,250,1051.1309814453125,963.1541137695312,546.8471069335938,1155,233,1072,234,83,0.27526596188545227,0.7830748200416565,1.5353032350540161,0.2774577450328164,-0.4539024124304537,1.520201645062061,154.51
119,0,862,212,898,249,1051.1309814453125,963.1541137695312,546.8471069335938,880,230,798,233,82,-0.13697515428066254,0.7855070769786835,1.7328580617904663,-0.1217285196767024,-0.4638294792939577,1.5387406895140374,167.14
119,1,840,258,881,296,1051.1309814453125,963.1541137695312,546.8471069335938,860,277,760,276,100,-0.12169864028692245,0.7577670156955719,1.2541731595993042,-0.1238251908266875,-0.3239218319953352,1.2617673654015107,126.84
119,2,1078,225,1112,267,1051.1309814453125,963.1541137695312,546.8471069335938,1095,246,1007,247,88,0.19075556099414825,0.790512079000473,1.531288981437683,0.17984831170666252,-0.41037946507683193,1.4338265515926258,156.58
119,3,964,228,991,266,1051.1309814453125,963.1541137695312,546.8471069335938,977,247,889,247,88,0.020156245678663254,0.7691169768571854,1.4337015748023987,0.01888689388669656,-0.4090153852647983,1.4338265515926258,141.59
119,4,1020,266,1056,301,1051.1309814453125,963.1541137695312,546.8471069335938,1038,283,937,283,101,0.0887499675154686,0.7847194015979767,1.3176937103271484,0.08895472369332393,-0.31358365404732447,1.2492746192094166,139.45
119,5,1129,244,1159,286,1051.1309814453125,963.1541137695312,546.8471069335938,1144,265,1050,266,94,0.23796791583299637,0.7746671676635742,1.3646408319473267,0.23094216574122584,-0.35992182426639374,1.3423057078739475,142.49
119,6,945,258,977,294,1051.1309814453125,963.1541137695312,546.8471069335938,961,276,862,275,99,-0.003863818943500519,0.7671934604644776,1.2803562879562378,-0.002611896094081065,-0.32840628508073205,1.2745124903045562,129.52
119,7,1180,260,1212,299,1051.1309814453125,963.1541137695312,546.8471069335938,1196,279,1148,247,48,0.3038230538368225,0.7886880576610565,1.3800804615020752,0.5823040166571047,-0.6698355240128251,2.6286820112531473,142.84
119,8,915,240,948,278,1051.1309814453125,963.1541137695312,546.8471069335938,931,259,838,260,93,-0.04548255726695061,0.7921570479869843,1.531424641609192,-0.04150267115142748,-0.3715364045354275,1.3567391025822695,145.68
119,9,1000,250,1030,282,1051.1309814453125,963.1541137695312,546.8471069335938,1015,266,923,265,92,0.07372378557920456,0.7685172200202942,1.3266918659210205,0.06764706036380097,-0.3664414397563267,1.3714862667407726,137.49
119,11,1012,216,1045,248,1051.1309814453125,963.1541137695312,546.8471069335938,1028,232,947,232,81,0.098479975014925,0.7828028738498688,1.5421605706214905,0.09609922047452024,-0.4665918426566249,1.5577374881500132,155.7
119,12,1141,218,1170,250,1051.1309814453125,963.1541137695312,546.8471069335938,1155,234,1071,234,84,0.27963028848171234,0.7834134787321091,1.5401901602745056,0.2741546766395686,-0.44706977628891315,1.50210400643037,155.88
120,0,839,259,881,296,1051.1309814453125,963.1541137695312,546.8471069335938,860,277,759,276,101,-0.12553410232067108,0.7581861853599549,1.2527124285697937,-0.12259919883830447,-0.3207146851438963,1.2492746192094166,127.79
120,1,1078,225,1112,267,1051.1309814453125,963.1541137695312,546.8471069335938,1095,246,1008,247,87,0.18303094804286957,0.7875754475593567,1.4710242748260498,0.18191553368030233,-0.4150964704225426,1.4503073165534606,153.65
120,2,964,227,991,266,1051.1309814453125,963.1541137695312,546.8471069335938,977,246,889,247,88,0.02212219126522541,0.7633126318454743,1.4191837310791016,0.01888689388669656,-0.41037946507683193,1.4338265515926258,137.42
120,3,861,213,898,249,1051.1309814453125,963.1541137695312,546.8471069335938,879,231,798,233,81,-0.14401774108409882,0.7777000308036804,1.5353730916976929,-0.1247133041598587,-0.4680738059092046,1.5577374881500132,158.15
120,4,1021,266,1057,302,1051.1309814453125,963.1541137695312,546.8471069335938,1039,284,936,283,103,0.0898776575922966,0.7842534124851227,1.3239275217056274,0.08839287491732693,-0.3063292236438914,1.2250168596131172,138.96
120,5,1129,245,1159,287,1051.1309814453125,963.1541137695312,546.8471069335938,1144,266,1050,266,94,0.23576265573501587,0.7755693733692169,1.361881971359253,0.23094216574122584,-0.3586448133785325,1.3423057078739475,140.9
120,6,945,258,977,295,1051.1309814453125,963.1541137695312,546.8471069335938,961,276,862,275,99,-0.0038765398785471916,0.7674417436122895,1.2821623086929321,-0.002611896094081065,-0.32840628508073205,1.2745124903045562,129.28
120,7,1181,261,1212,298,1051.1309814453125,963.1541137695312,546.8471069335938,1196,279,1149,247,47,0.2890452891588211,0.7801305443048477,1.3562960028648376,0.5946934638200219,-0.6840873436726724,2.684611415747895,141.51
120,8,999,249,1030,281,1051.1309814453125,963.1541137695312,546.8471069335938,1014,265,921,266,93,0.07513581961393356,0.7692943304777146,1.3409811854362488,0.06562893043022291,-0.36379195140904313,1.3567391025822695,135.91
120,9,915,240,948,277,1051.1309814453125,963.1541137695312,546.8471069335938,931,258,838,260,93,-0.04242530092597008,0.7656440377235413,1.34287428855896,-0.04150267115142748,-0.3728271467231582,1.3567391025822695,141.78
120,10,1012,215,1046,249,1051.1309814453125,963.1541137695312,546.8471069335938,1029,232,946,232,83,0.09408190101385117,0.7734352737665177,1.518467903137207,0.09522982990235056,-0.45534866572513993,1.520201645062061,150.51
120,12,1141,218,1170,251,1051.1309814453125,963.1541137695312,546.8471069335938,1155,234,1072,234,83,0.2767016291618347,0.7830505311489105,1.5388587713241577,0.2774577450328164,-0.4524561591357674,1.520201645062061,154.86
121,0,840,258,881,295,1051.1309814453125,963.1541137695312,546.8471069335938,860,276,759,277,101,-0.13114924728870392,0.7601273447275162,1.2525778412818909,-0.12259919883830447,-0.32190319032665826,1.2492746192094166,130.26
121,1,1078,225,1112,267,1051.1309814453125,963.1541137695312,546.8471069335938,1095,246,1008,246,87,0.1846219152212143,0.7914388418197632,1.5159530639648438,0.18191553368030233,-0.4150964704225426,1.4503073165534606,155.51
121,2,963,229,991,266,1051.1309814453125,963.1541137695312,546.8471069335938,977,247,889,247,88,0.016874410212039948,0.7690763711929322,1.4320616722106934,0.01888689388669656,-0.4090153852647983,1.4338265515926258,141.66
121,3,1020,266,1056,302,1051.1309814453125,963.1541137695312,546.8471069335938,1038,284,937,283,101,0.08912155032157898,0.7806607127189636,1.3264163136482239,0.08895472369332393,-0.31239514886456254,1.2492746192094166,139.84
121,4,861,213,898,249,1051.1309814453125,963.1541137695312,546.8471069335938,879,231,798,233,81,-0.1421399787068367,0.779059374332428,1.5541377663612366,-0.1247133041598587,-0.4680738059092046,1.5577374881500132,160.54
121,5,1130,245,1159,287,1051.1309814453125,963.1541137695312,546.8471069335938,1144,266,1050,266,94,0.23743656277656555,0.7774574100971222,1.3584280014038086,0.23094216574122584,-0.3586448133785325,1.3423057078739475,141.52
121,6,945,258,977,295,1051.1309814453125,963.1541137695312,546.8471069335938,961,276,862,275,99,-0.0014153008814901114,0.7680434226989746,1.2827210426330566,-0.002611896094081065,-0.32840628508073205,1.2745124903045562,130.71
121,7,1000,249,1031,281,1051.1309814453125,963.1541137695312,546.8471069335938,1015,265,923,265,92,0.07739659398794174,0.7758845031261444,1.3752423524856567,0.06764706036380097,-0.3677462117504458,1.3714862667407726,138.93
121,8,1181,260,1211,298,1051.1309814453125,963.1541137695312,546.8471069335938,1196,279,1149,247,47,0.28592434525489807,0.7725064694881439,1.2819913625717163,0.5946934638200219,-0.6840873436726724,2.684611415747895,138.89
121,9,915,240,948,278,1051.1309814453125,963.1541137695312,546.8471069335938,931,259,839,260,92,-0.043059153482317924,0.7692207336425781,1.3506709933280945,-0.041953787142203866,-0.3755748437151604,1.3714862667407726,143.44
121,10,1011,216,1045,248,1051.1309814453125,963.1541137695312,546.8471069335938,1028,232,947,232,81,0.10132487490773201,0.7802953064441681,1.540363848209381,0.09609922047452024,-0.4665918426566249,1.5577374881500132,153.87
121,12,1140,217,1169,250,1051.1309814453125,963.1541137695312,546.8471069335938,1154,233,1072,234,82,0.27833807468414307,0.7816341459751129,1.5385698080062866,0.2793774855398147,-0.45943780770399584,1.5387406895140374,155.09
122,0,839,259,881,296,1051.1309814453125,963.1541137695312,546.8471069335938,860,277,759,276,101,-0.13122859597206116,0.7607633411884308,1.2515625953674316,-0.12259919883830447,-0.3207146851438963,1.2492746192094166,130.05
122,1,861,211,899,248,1051.1309814453125,963.1541137695312,546.8471069335938,880,229,798,234,82,-0.12959572672843933,0.7725759983062744,1.52754807472229,-0.1217285196767024,-0.465293369823945,1.5387406895140374,152.66
122,2,1078,225,1111,267,1051.1309814453125,963.1541137695312,546.8471069335938,1094,246,1008,247,86,0.18562735617160797,0.7810541033744812,1.4921290874481201,0.18263502798520168,-0.4199231735669908,1.4671713551180356,151.27
122,3,963,228,991,266,1051.1309814453125,963.1541137695312,546.8471069335938,977,247,889,247,88,0.01886912900954485,0.7718444257974625,1.439990222454071,0.01888689388669656,-0.4090153852647983,1.4338265515926258,142.56
122,4,1021,266,1056,301,1051.1309814453125,963.1541137695312,546.8471069335938,1038,283,937,283,101,0.0913308635354042,0.7903104364871979,1.3547747135162354,0.08895472369332393,-0.31358365404732447,1.2492746192094166,139.46
122,5,944,258,977,295,1051.1309814453125,963.1541137695312,546.8471069335938,960,276,861,276,99,-0.003865978680551052,0.7670938611030579,1.2774617671966553,-0.003824411482555385,-0.32840628508073205,1.2745124903045562,130.1
122,6,1130,244,1159,286,1051.1309814453125,963.1541137695312,546.8471069335938,1144,265,1050,266,94,0.23887769877910614,0.7781411796808243,1.388895571231842,0.23094216574122584,-0.35992182426639374,1.3423057078739475,143.12
122,7,1001,248,1032,281,1051.1309814453125,963.1541137695312,546.8471069335938,1016,264,921,265,95,0.07822241634130478,0.7724292814731598,1.363410472869873,0.06677440607293313,-0.35739674215263123,1.3281761741068534,138.03
122,8,1180,261,1212,299,1051.1309814453125,963.1541137695312,546.8471069335938,1196,280,1149,246,47,0.28943705558776855,0.7816683292388916,1.3171669244766235,0.5946934638200219,-0.6815333218969499,2.684611415747895,144.01
122,9,915,241,948,277,1051.1309814453125,963.1541137695312,546.8471069335938,931,259,838,259,93,-0.04753493517637253,0.7730825632810593,1.4349752068519592,-0.04150267115142748,-0.3715364045354275,1.3567391025822695,146.54
122,11,1012,216,1046,248,1051.1309814453125,963.1541137695312,546.8471069335938,1029,232,947,233,82,0.10142363607883453,0.7747371733188629,1.52084481716156,0.09639116929140361,-0.46090169823398314,1.5387406895140374,151.12
122,12,1141,218,1169,251,1051.1309814453125,963.1541137695312,546.8471069335938,1155,234,1071,234,84,0.2767239809036255,0.7843026459217072,1.5350632667541504,0.2741546766395686,-0.44706977628891315,1.50210400643037,155.1
123,0,839,258,881,296,1051.1309814453125,963.1541137695312,546.8471069335938,860,277,759,277,101,-0.1227383241057396,0.7538441807031632,1.25113046169281,-0.12259919883830447,-0.3207146851438963,1.2492746192094166,126.05
123,1,1078,224,1112,267,1051.1309814453125,963.1541137695312,546.8471069335938,1095,245,1008,247,87,0.18406905233860016,0.7867174088954926,1.50594162940979,0.18191553368030233,-0.4164762293128755,1.4503073165534606,154.17
123,2,964,228,991,266,1051.1309814453125,963.1541137695312,546.8471069335938,977,247,889,247,88,0.020878315903246403,0.7639376163482666,1.4199049472808838,0.01888689388669656,-0.4090153852647983,1.4338265515926258,137.89
123,3,861,212,898,249,1051.1309814453125,963.1541137695312,546.8471069335938,879,230,798,233,81,-0.13867580890655518,0.7777143955230713,1.540518879890442,-0.1247133041598587,-0.4695557691617843,1.5577374881500132,156.47
123,4,944,258,977,295,1051.1309814453125,963.1541137695312,546.8471069335938,960,276,862,275,98,-0.0001885790261439979,0.7640967905521393,1.277373731136322,-0.0038634360895202363,-0.3317573696223722,1.2875177197974599,127.52
123,5,1021,266,1057,301,1051.1309814453125,963.1541137695312,546.8471069335938,1039,283,937,283,102,0.09063087776303291,0.7813760131597519,1.3281863331794739,0.0892594717302419,-0.310509304497841,1.2370268288250106,138.61
123,6,1129,244,1159,286,1051.1309814453125,963.1541137695312,546.8471069335938,1144,265,1050,266,94,0.23645934462547302,0.7764683604240418,1.367875337600708,0.23094216574122584,-0.35992182426639374,1.3423057078739475,142.31
123,7,915,239,948,278,1051.1309814453125,963.1541137695312,546.8471069335938,931,258,838,260,93,-0.045180223882198334,0.767976039648056,1.3497060537338257,-0.04150267115142748,-0.3728271467231582,1.3567391025822695,144.92
123,8,999,248,1029,283,1051.1309814453125,963.1541137695312,546.8471069335938,1014,265,923,265,91,0.07375990226864815,0.7702502697706223,1.3365444540977478,0.06707132450561243,-0.3717873789125386,1.3865575443972644,135.76
123,9,1012,217,1045,249,1051.1309814453125,963.1541137695312,546.8471069335938,1028,233,947,233,81,0.09487009048461914,0.7765271604061127,1.5011825561523438,0.09609922047452024,-0.4651098794040452,1.5577374881500132,150.52
123,12,1140,217,1170,251,1051.1309814453125,963.1541137695312,546.8471069335938,1155,234,1071,235,84,0.27890893816947937,0.7834586143493653,1.5392087697982788,0.2741546766395686,-0.44706977628891315,1.50210400643037,155.58
124,0,840,258,881,296,1051.1309814453125,963.1541137695312,546.8471069335938,860,277,759,276,101,-0.12889093160629272,0.7594534993171692,1.253284215927124,-0.12259919883830447,-0.3207146851438963,1.2492746192094166,129.62
124,1,1078,225,1112,267,1051.1309814453125,963.1541137695312,546.8471069335938,1095,246,1008,246,87,0.1890835464000702,0.8033607244491577,1.6423429250717163,0.18191553368030233,-0.4150964704225426,1.4503073165534606,158.66
124,2,1021,266,1056,302,1051.1309814453125,963.1541137695312,546.8471069335938,1038,284,937,283,101,0.09135735034942627,0.7846483528614044,1.32404363155365,0.08895472369332393,-0.31239514886456254,1.2492746192094166,143.01
124,3,861,213,898,249,1051.1309814453125,963.1541137695312,546.8471069335938,879,231,798,234,81,-0.12687784433364868,0.7738740384578705,1.5265056490898132,-0.1247133041598587,-0.4680738059092046,1.5577374881500132,151.66
124,4,964,227,991,267,1051.1309814453125,963.1541137695312,546.8471069335938,977,247,889,247,88,0.017344210296869278,0.7664638996124268,1.423268973827362,0.01888689388669656,-0.4090153852647983,1.4338265515926258,138.82
124,5,945,258,977,295,1051.1309814453125,963.1541137695312,546.8471069335938,961,276,862,276,99,-0.001415907929185778,0.7660108000040055,1.2807633876800537,-0.002611896094081065,-0.32840628508073205,1.2745124903045562,129.53
124,6,1130,245,1159,287,1051.1309814453125,963.1541137695312,546.8471069335938,1144,266,1050,266,94,0.23491676151752472,0.7764661252498627,1.3561360836029053,0.23094216574122584,-0.3586448133785325,1.3423057078739475,141.44
124,7,915,240,949,278,1051.1309814453125,963.1541137695312,546.8471069335938,932,259,838,260,94,-0.044811081141233444,0.7666029870510102,1.3518009185791016,-0.03978414248535955,-0.36758388959356125,1.3423057078739475,142.31
124,8,1000,249,1029,282,1051.1309814453125,963.1541137695312,546.8471069335938,1014,265,922,265,92,0.0754915103316307,0.7709347695112229,1.3407157063484192,0.06634228836968187,-0.3677462117504458,1.3714862667407726,137.25
124,9,1011,216,1043,250,1051.1309814453125,963.1541137695312,546.8471069335938,1027,233,948,232,79,0.09821203351020813,0.78962921500206,1.585349202156067,0.09701263082249596,-0.47688481305984376,1.5971738802550768,156.98
124,11,1141,219,1169,251,1051.1309814453125,963.1541137695312,546.8471069335938,1155,235,1071,234,84,0.2796359062194824,0.782513552904129,1.5369385480880737,0.2741546766395686,-0.4456407402953541,1.50210400643037,155.03
124,12,1180,261,1211,298,1051.1309814453125,963.1541137695312,546.8471069335938,1195,279,1149,247,46,0.28501157462596893,0.7698309808969498,1.2673043012619019,0.6050120386104798,-0.6989588076655566,2.742972533481545,135.54
125,0,839,259,881,296,1051.1309814453125,963.1541137695312,546.8471069335938,860,277,760,277,100,-0.12309959530830383,0.7552579283714295,1.2557772397994995,-0.1238251908266875,-0.3239218319953352,1.2617673654015107,126.6
125,1,1078,225,1112,267,1051.1309814453125,963.1541137695312,546.8471069335938,1095,246,1008,247,87,0.1879945769906044,0.8049437791109085,1.5876871347427368,0.18191553368030233,-0.4150964704225426,1.4503073165534606,158.38
125,2,861,213,898,248,1051.1309814453125,963.1541137695312,546.8471069335938,879,230,798,234,81,-0.13500236719846725,0.7751381933689118,1.5387402772903442,-0.1247133041598587,-0.4695557691617843,1.5577374881500132,153.99
125,3,964,228,991,266,1051.1309814453125,963.1541137695312,546.8471069335938,977,247,889,247,88,0.018659668043255806,0.7659438788890839,1.4160927534103394,0.01888689388669656,-0.4090153852647983,1.4338265515926258,138.76
125,4,944,258,977,295,1051.1309814453125,963.1541137695312,546.8471069335938,960,276,862,275,98,0.00040783647273201495,0.7641956746578217,1.2793784141540527,-0.0038634360895202363,-0.3317573696223722,1.2875177197974599,129.03
125,5,1021,266,1057,301,1051.1309814453125,963.1541137695312,546.8471069335938,1039,283,937,283,102,0.09203895926475525,0.7840809464454651,1.3208799362182617,0.0892594717302419,-0.310509304497841,1.2370268288250106,142.85
125,6,1130,245,1159,287,1051.1309814453125,963.1541137695312,546.8471069335938,1144,266,1050,266,94,0.24100343883037567,0.7829659223556519,1.3998912572860718,0.23094216574122584,-0.3586448133785325,1.3423057078739475,143.85
125,7,999,249,1029,281,1051.1309814453125,963.1541137695312,546.8471069335938,1014,265,922,265,92,0.07480963692069054,0.7710813075304032,1.34272301197052,0.06634228836968187,-0.3677462117504458,1.3714862667407726,136.69
125,9,915,241,948,278,1051.1309814453125,963.1541137695312,546.8471069335938,931,259,839,261,92,-0.046204276382923126,0.7661183416843415,1.3423748016357422,-0.041953787142203866,-0.3755748437151604,1.3714862667407726,143.56
125,10,1013,215,1046,248,1051.1309814453125,963.1541137695312,546.8471069335938,1029,231,947,232,82,0.09529399126768112,0.7730408102273941,1.5128650665283203,0.09639116929140361,-0.4623655887639704,1.5387406895140374,150.43
125,12,1141,218,1170,251,1051.1309814453125,963.1541137695312,546.8471069335938,1155,234,1071,234,84,0.2778209000825882,0.7853318691253662,1.5354531407356262,0.2741546766395686,-0.44706977628891315,1.50210400643037,155.56
126,0,840,258,881,296,1051.1309814453125,963.1541137695312,546.8471069335938,860,277,760,277,100,-0.122881680727005,0.7547424077987671,1.253188133239746,-0.1238251908266875,-0.3239218319953352,1.2617673654015107,126.81
126,1,1078,225,1111,267,1051.1309814453125,963.1541137695312,546.8471069335938,1094,246,1007,246,87,0.18132911622524261,0.7892745673656464,1.4868526458740234,0.1805357747899695,-0.4150964704225426,1.4503073165534606,153.88
126,2,861,213,898,249,1051.1309814453125,963.1541137695312,546.8471069335938,879,231,798,233,81,-0.13089939206838608,0.7735123723745346,1.5250739455223083,-0.1247133041598587,-0.4680738059092046,1.5577374881500132,151.57
126,3,945,258,977,295,1051.1309814453125,963.1541137695312,546.8471069335938,961,276,862,275,99,-0.0026379479095339775,0.7644808232784271,1.2760632038116455,-0.002611896094081065,-0.32840628508073205,1.2745124903045562,128.08
126,4,963,228,991,266,1051.1309814453125,963.1541137695312,546.8471069335938,977,247,889,247,88,0.022807199507951736,0.7658077120780945,1.4275760054588318,0.01888689388669656,-0.4090153852647983,1.4338265515926258,139.06
126,5,1021,266,1056,301,1051.1309814453125,963.1541137695312,546.8471069335938,1038,283,936,283,102,0.0908975712954998,0.7827367424964905,1.3228933215141296,0.08808261855907565,-0.310509304497841,1.2370268288250106,140.79
126,6,1130,245,1159,287,1051.1309814453125,963.1541137695312,546.8471069335938,1144,266,1051,266,93,0.2392708882689476,0.7831860572099686,1.3883028030395508,0.2334254148352175,-0.3625012092213124,1.3567391025822695,143.37
126,7,915,240,948,277,1051.1309814453125,963.1541137695312,546.8471069335938,931,258,838,259,93,-0.044197119772434235,0.7681937158107758,1.3502469062805176,-0.04150267115142748,-0.3728271467231582,1.3567391025822695,142.99
126,8,1000,248,1031,282,1051.1309814453125,963.1541137695312,546.8471069335938,1015,265,923,265,92,0.07548898458480835,0.7714443594217301,1.3443521857261658,0.06764706036380097,-0.3677462117504458,1.3714862667407726,136.92
126,9,1011,216,1046,248,1051.1309814453125,963.1541137695312,546.8471069335938,1028,232,947,233,81,0.09874609112739563,0.7821874558925629,1.54640531539917,0.09609922047452024,-0.4665918426566249,1.5577374881500132,155.39
126,11,1141,218,1170,251,1051.1309814453125,963.1541137695312,546.8471069335938,1155,234,1071,235,84,0.27803799510002136,0.7843115568161011,1.5357565879821777,0.2741546766395686,-0.44706977628891315,1.50210400643037,154.65
126,12,1181,260,1211,298,1051.1309814453125,963.1541137695312,546.8471069335938,1196,279,1149,246,47,0.30539461970329285,0.7982539623975754,1.457447111606598,0.5946934638200219,-0.6840873436726724,2.684611415747895,143.92
127,0,839,258,881,296,1051.1309814453125,963.1541137695312,546.8471069335938,860,277,759,276,101,-0.12738777697086334,0.7576581329107285,1.2534480690956116,-0.12259919883830447,-0.3207146851438963,1.2492746192094166,127.73
127,1,1078,224,1112,267,1051.1309814453125,963.1541137695312,546.8471069335938,1095,245,1008,247,87,0.19110099971294403,0.78540318608284,1.522269368171692,0.18191553368030233,-0.4164762293128755,1.4503073165534606,155.63
127,2,861,212,898,249,1051.1309814453125,963.1541137695312,546.8471069335938,879,230,798,233,81,-0.13687344640493393,0.776497820019722,1.530476450920105,-0.1247133041598587,-0.4695557691617843,1.5577374881500132,153.45
127,3,963,228,991,267,1051.1309814453125,963.1541137695312,546.8471069335938,977,247,889,247,88,0.023997405543923378,0.7665650933980942,1.4270800948143005,0.01888689388669656,-0.4090153852647983,1.4338265515926258,141.94
127,4,1021,266,1056,301,1051.1309814453125,963.1541137695312,546.8471069335938,1038,283,937,283,101,0.0887964777648449,0.7794279098510742,1.3148356676101685,0.08895472369332393,-0.31358365404732447,1.2492746192094166,139.73
127,5,945,257,977,296,1051.1309814453125,963.1541137695312,546.8471069335938,961,276,862,275,99,-0.0014121716376394033,0.7659099638462067,1.2763820886611938,-0.002611896094081065,-0.32840628508073205,1.2745124903045562,128.35
127,6,1130,244,1159,287,1051.1309814453125,963.1541137695312,546.8471069335938,1144,265,1051,266,93,0.24267399311065674,0.7832920789718628,1.4357308149337769,0.2334254148352175,-0.36379195140904313,1.3567391025822695,145.39
127,7,915,240,948,277,1051.1309814453125,963.1541137695312,546.8471069335938,931,258,839,261,92,-0.04396718926727772,0.8047409445047379,1.610656499862671,-0.041953787142203866,-0.3768796157092795,1.3714862667407726,149.33
127,8,1001,248,1031,281,1051.1309814453125,963.1541137695312,546.8471069335938,1016,264,922,265,94,0.07498253136873245,0.7688012063503266,1.346562147140503,0.0674847720949856,-0.361198835154255,1.3423057078739475,136.31
127,9,1219,230,1251,266,1051.1309814453125,963.1541137695312,546.8471069335938,1235,248,1149,247,86,0.3687732666730881,0.7897328227758408,1.4973018169403076,0.37944319435395785,-0.4171315683702708,1.4671713551180356,150.66
127,10,1012,216,1046,248,1051.1309814453125,963.1541137695312,546.8471069335938,1029,232,947,233,82,0.09682458639144897,0.7782715797424317,1.5183149576187134,0.09639116929140361,-0.46090169823398314,1.5387406895140374,154.16
127,11,1180,260,1212,298,1051.1309814453125,963.1541137695312,546.8471069335938,1196,279,1096,279,100,0.29152897000312805,0.7802621960639954,1.3039305210113525,0.2795059279954103,-0.321521051526156,1.2617673654015107,142.08
127,12,1141,218,1170,251,1051.1309814453125,963.1541137695312,546.8471069335938,1155,234,1071,235,84,0.27394112944602966,0.781944090127945,1.5399404764175415,0.2741546766395686,-0.44706977628891315,1.50210400643037,155.87
128,0,839,259,881,295,1051.1309814453125,963.1541137695312,546.8471069335938,860,277,760,277,100,-0.1264282912015915,0.7571357727050781,1.2526837587356567,-0.1238251908266875,-0.3239218319953352,1.2617673654015107,127.67
128,1,1078,226,1111,267,1051.1309814453125,963.1541137695312,546.8471069335938,1094,246,1007,247,87,0.1872805953025818,0.7977747559547425,1.5644710063934326,0.1805357747899695,-0.4150964704225426,1.4503073165534606,157.18
128,2,1021,266,1056,301,1051.1309814453125,963.1541137695312,546.8471069335938,1038,283,937,283,101,0.09487335756421089,0.7848425149917603,1.32733154296875,0.08895472369332393,-0.31358365404732447,1.2492746192094166,145.49
128,3,861,213,898,248,1051.1309814453125,963.1541137695312,546.8471069335938,879,230,798,234,81,-0.12445779144763947,0.7755289614200592,1.5337707996368408,-0.1247133041598587,-0.4695557691617843,1.5577374881500132,152.31
128,4,964,229,991,267,1051.1309814453125,963.1541137695312,546.8471069335938,977,248,889,246,88,0.01845984347164631,0.7606841564178467,1.3872284889221191,0.01888689388669656,-0.4076513054527647,1.4338265515926258,136.13
128,5,945,258,977,294,1051.1309814453125,963.1541137695312,546.8471069335938,961,276,862,275,99,-0.0014140043640509248,0.7642140030860901,1.2810059785842896,-0.002611896094081065,-0.32840628508073205,1.2745124903045562,129.84
128,6,1129,245,1159,286,1051.1309814453125,963.1541137695312,546.8471069335938,1144,265,1050,266,94,0.23795676231384277,0.7787468075752259,1.4085296392440796,0.23094216574122584,-0.35992182426639374,1.3423057078739475,143.35
128,8,915,240,948,277,1051.1309814453125,963.1541137695312,546.8471069335938,931,258,838,260,93,-0.04539155587553978,0.7626933693885803,1.3397276401519775,-0.04150267115142748,-0.3728271467231582,1.3567391025822695,134.95
128,9,1012,216,1045,248,1051.1309814453125,963.1541137695312,546.8471069335938,1028,232,947,232,81,0.09637150540947914,0.7784189820289612,1.5298906564712524,0.09609922047452024,-0.4665918426566249,1.5577374881500132,152.44
128,11,1001,249,1031,282,1051.1309814453125,963.1541137695312,546.8471069335938,1016,265,922,265,94,0.0752842053771019,0.774036967754364,1.3355873823165894,0.0674847720949856,-0.35992182426639374,1.3423057078739475,138.89
128,12,1141,217,1169,250,1051.1309814453125,963.1541137695312,546.8471069335938,1155,233,1072,234,83,0.27635350823402405,0.7825156092643738,1.5320836305618286,0.2774577450328164,-0.4539024124304537,1.520201645062061,153.74
129,0,839,259,881,296,1051.1309814453125,963.1541137695312,546.8471069335938,860,277,760,277,100,-0.12742631137371063,0.756978714466095,1.247956395149231,-0.1238251908266875,-0.3239218319953352,1.2617673654015107,127.71
129,1,861,212,898,249,1051.1309814453125,963.1541137695312,546.8471069335938,879,230,798,234,81,-0.14707627892494202,0.7841782212257385,1.6065760850906372,-0.1247133041598587,-0.4695557691617843,1.5577374881500132,165.72
129,2,1078,225,1112,267,1051.1309814453125,963.1541137695312,546.8471069335938,1095,246,1008,247,87,0.18255475163459778,0.7953368812799454,1.574705421924591,0.18191553368030233,-0.4150964704225426,1.4503073165534606,157.68
129,3,964,228,991,266,1051.1309814453125,963.1541137695312,546.8471069335938,977,247,889,247,88,0.0217943349853158,0.7676224499940872,1.4321244955062866,0.01888689388669656,-0.4090153852647983,1.4338265515926258,140.23
129,4,1021,266,1056,302,1051.1309814453125,963.1541137695312,546.8471069335938,1038,284,937,283,101,0.08940719068050385,0.7767736554145813,1.336390495300293,0.08895472369332393,-0.31239514886456254,1.2492746192094166,137.89
129,5,944,258,977,295,1051.1309814453125,963.1541137695312,546.8471069335938,960,276,862,275,98,-0.0026408385019749403,0.76637282371521,1.2791639566421509,-0.0038634360895202363,-0.3317573696223722,1.2875177197974599,129.23
129,6,1180,262,1212,298,1051.1309814453125,963.1541137695312,546.8471069335938,1196,280,1148,246,48,0.2888127565383911,0.7768916130065918,1.2907957434654236,0.5823040166571047,-0.6673347110240968,2.6286820112531473,139.71
129,7,1129,244,1159,287,1051.1309814453125,963.1541137695312,546.8471069335938,1144,265,1050,265,94,0.2372116670012474,0.7836675882339478,1.3665408492088318,0.23094216574122584,-0.35992182426639374,1.3423057078739475,142.1
129,8,1000,248,1030,280,1051.1309814453125,963.1541137695312,546.8471069335938,1015,264,923,265,92,0.07587946951389313,0.7708888590335846,1.356656789779663,0.06764706036380097,-0.3690509837445649,1.3714862667407726,137.14
129,10,1011,216,1045,249,1051.1309814453125,963.1541137695312,546.8471069335938,1028,232,947,232,81,0.09548856317996979,0.7761760890483856,1.5027194619178772,0.09609922047452024,-0.4665918426566249,1.5577374881500132,150.11
129,11,915,240,948,278,1051.1309814453125,963.1541137695312,546.8471069335938,931,259,838,261,93,-0.04462103545665741,0.7939847052097321,1.5577090978622437,-0.04150267115142748,-0.3715364045354275,1.3567391025822695,146.63
129,12,1141,217,1170,251,1051.1309814453125,963.1541137695312,546.8471069335938,1155,234,1072,234,83,0.2803902179002762,0.784313628077507,1.5358230471611023,0.2774577450328164,-0.4524561591357674,1.520201645062061,154.96
130,0,839,259,881,296,1051.1309814453125,963.1541137695312,546.8471069335938,860,277,759,277,101,-0.12497077137231827,0.7557974398136139,1.251268982887268,-0.12259919883830447,-0.3207146851438963,1.2492746192094166,127.16
130,1,861,213,898,249,1051.1309814453125,963.1541137695312,546.8471069335938,879,231,798,234,81,-0.12878865003585815,0.7753580749034882,1.5334185361862183,-0.1247133041598587,-0.4680738059092046,1.5577374881500132,153.58
130,2,1078,224,1112,267,1051.1309814453125,963.1541137695312,546.8471069335938,1095,245,1008,247,87,0.19177426397800446,0.7954631090164185,1.5135363936424255,0.18191553368030233,-0.4164762293128755,1.4503073165534606,160.88
130,3,964,228,991,266,1051.1309814453125,963.1541137695312,546.8471069335938,977,247,889,247,88,0.017429820261895657,0.7678367882966995,1.431233823299408,0.01888689388669656,-0.4090153852647983,1.4338265515926258,139.36
130,4,945,258,977,295,1051.1309814453125,963.1541137695312,546.8471069335938,961,276,862,276,99,-0.0014154654927551746,0.7662903308868408,1.2806450128555298,-0.002611896094081065,-0.32840628508073205,1.2745124903045562,130.34
130,5,1021,266,1057,302,1051.1309814453125,963.1541137695312,546.8471069335938,1039,284,936,283,103,0.09324013069272041,0.7839084208011627,1.323029637336731,0.08839287491732693,-0.3063292236438914,1.2250168596131172,146.7
130,6,1129,243,1159,286,1051.1309814453125,963.1541137695312,546.8471069335938,1144,264,1051,266,93,0.23265968263149261,0.7713866472244263,1.3435460329055786,0.2334254148352175,-0.3650826935967738,1.3567391025822695,138.14
130,7,1000,249,1030,281,1051.1309814453125,963.1541137695312,546.8471069335938,1015,265,922,265,93,0.07559005916118622,0.7719524443149567,1.3440683484077454,0.06691967261795363,-0.36379195140904313,1.3567391025822695,138.35
130,8,915,240,949,278,1051.1309814453125,963.1541137695312,546.8471069335938,932,259,839,260,93,-0.043930355459451675,0.7744212687015534,1.4603310823440552,-0.040211928963696755,-0.3715364045354275,1.3567391025822695,143.0
130,10,1011,216,1045,249,1051.1309814453125,963.1541137695312,546.8471069335938,1028,232,947,233,81,0.09444160014390945,0.7884744644165039,1.545699119567871,0.09609922047452024,-0.4665918426566249,1.5577374881500132,154.93
130,12,1140,217,1169,251,1051.1309814453125,963.1541137695312,546.8471069335938,1154,234,1071,235,83,0.2753430902957916,0.7852008283138275,1.5377342700958252,0.27601149173813017,-0.4524561591357674,1.520201645062061,155.68
131,0,839,259,881,296,1051.1309814453125,963.1541137695312,546.8471069335938,860,277,760,277,100,-0.12424315512180328,0.7557892590761185,1.2498010396957397,-0.1238251908266875,-0.3239218319953352,1.2617673654015107,126.63
131,1,861,212,898,248,1051.1309814453125,963.1541137695312,546.8471069335938,879,230,798,234,81,-0.14940671622753143,0.8054946601390839,1.7397506833076477,-0.1247133041598587,-0.4695557691617843,1.5577374881500132,168.84
131,2,1077,224,1112,267,1051.1309814453125,963.1541137695312,546.8471069335938,1094,245,1008,247,86,0.18725119531154633,0.792808347940445,1.578590989112854,0.18263502798520168,-0.42131897616535074,1.4671713551180356,156.22
131,3,963,227,991,267,1051.1309814453125,963.1541137695312,546.8471069335938,977,247,889,247,88,0.021417679265141487,0.7652807772159577,1.4257546663284302,0.01888689388669656,-0.4090153852647983,1.4338265515926258,138.56
131,4,1021,266,1057,301,1051.1309814453125,963.1541137695312,546.8471069335938,1039,283,937,283,102,0.08980630710721016,0.7837354183197022,1.3235224485397339,0.0892594717302419,-0.310509304497841,1.2370268288250106,140.27
131,5,944,257,976,294,1051.1309814453125,963.1541137695312,546.8471069335938,960,275,862,275,98,-0.004381857579573989,0.7647008687257767,1.2788071632385254,-0.0038634360895202363,-0.33298225761685135,1.2875177197974599,128.52
131,6,1129,245,1159,287,1051.1309814453125,963.1541137695312,546.8471069335938,1144,266,1050,266,94,0.23616082966327667,0.7756001889705658,1.3570208549499512,0.23094216574122584,-0.3586448133785325,1.3423057078739475,140.32
131,7,1001,247,1032,281,1051.1309814453125,963.1541137695312,546.8471069335938,1016,264,923,266,93,0.07953957468271255,0.7736606240272522,1.3643785119056702,0.06821041480568436,-0.3650826935967738,1.3567391025822695,139.52
131,8,915,239,948,277,1051.1309814453125,963.1541137695312,546.8471069335938,931,258,838,260,93,-0.04424121230840683,0.7676077723503113,1.347969651222229,-0.04150267115142748,-0.3728271467231582,1.3567391025822695,143.73
131,9,1180,261,1212,299,1051.1309814453125,963.1541137695312,546.8471069335938,1196,280,1149,248,47,0.2898021340370178,0.7832975029945374,1.3295403718948364,0.5946934638200219,-0.6815333218969499,2.684611415747895,140.07
131,10,1011,216,1046,248,1051.1309814453125,963.1541137695312,546.8471069335938,1028,232,947,233,81,0.10194835066795349,0.7843064308166504,1.552011251449585,0.09609922047452024,-0.4665918426566249,1.5577374881500132,156.3
131,12,1140,217,1170,251,1051.1309814453125,963.1541137695312,546.8471069335938,1155,234,1071,235,84,0.27513572573661804,0.7834436237812042,1.5345630645751953,0.2741546766395686,-0.44706977628891315,1.50210400643037,154.33
132,0,839,258,880,296,1051.1309814453125,963.1541137695312,546.8471069335938,859,277,759,276,100,-0.12618198990821838,0.7536623120307923,1.253440260887146,-0.1250255810612771,-0.3239218319953352,1.2617673654015107,125.76
132,1,1078,225,1112,267,1051.1309814453125,963.1541137695312,546.8471069335938,1095,246,1007,246,88,0.18541571497917175,0.7835751712322235,1.5127713680267334,0.17984831170666252,-0.41037946507683193,1.4338265515926258,152.82
132,2,861,212,898,249,1051.1309814453125,963.1541137695312,546.8471069335938,879,230,797,233,82,-0.13142626732587814,0.7758748322725296,1.5410562753677368,-0.1231924102066897,-0.4638294792939577,1.5387406895140374,151.08
132,3,964,228,991,265,1051.1309814453125,963.1541137695312,546.8471069335938,977,246,889,247,88,0.01739112101495266,0.7672842681407929,1.4263789653778076,0.01888689388669656,-0.41037946507683193,1.4338265515926258,140.26
132,4,1021,266,1057,301,1051.1309814453125,963.1541137695312,546.8471069335938,1039,283,937,283,102,0.09305249899625778,0.7830659687519074,1.3202414512634277,0.0892594717302419,-0.310509304497841,1.2370268288250106,139.97
132,5,945,259,977,295,1051.1309814453125,963.1541137695312,546.8471069335938,961,277,862,275,99,-0.00080647855065763,0.7644687831401825,1.280528962612152,-0.002611896094081065,-0.3271937696922577,1.2745124903045562,128.74
132,6,1130,245,1159,286,1051.1309814453125,963.1541137695312,546.8471069335938,1144,265,1050,267,94,0.2386983558535576,0.7810837417840958,1.4217862486839294,0.23094216574122584,-0.35992182426639374,1.3423057078739475,144.52
132,7,915,241,949,278,1051.1309814453125,963.1541137695312,546.8471069335938,932,259,838,260,94,-0.04362836107611656,0.7677492141723633,1.3459064960479736,-0.03978414248535955,-0.36758388959356125,1.3423057078739475,143.67
132,8,999,249,1031,282,1051.1309814453125,963.1541137695312,546.8471069335938,1015,265,922,265,93,0.07477254793047905,0.7698011487722397,1.328669011592865,0.06691967261795363,-0.36379195140904313,1.3567391025822695,136.49
132,9,1011,216,1045,249,1051.1309814453125,963.1541137695312,546.8471069335938,1028,232,948,232,80,0.10172368958592415,0.7797548264265061,1.5371274948120117,0.09730046073045173,-0.4724242406898327,1.5772092067518884,153.58
132,11,1140,219,1169,251,1051.1309814453125,963.1541137695312,546.8471069335938,1154,235,1071,235,83,0.2783062011003494,0.7832520842552185,1.5367770791053772,0.27601149173813017,-0.4510099058410812,1.520201645062061,155.34
133,0,839,258,881,296,1051.1309814453125,963.1541137695312,546.8471069335938,860,277,760,277,100,-0.1310112029314041,0.75637466609478,1.2485142350196838,-0.1238251908266875,-0.3239218319953352,1.2617673654015107,126.66
133,1,861,213,898,249,1051.1309814453125,963.1541137695312,546.8471069335938,879,231,798,233,81,-0.1383967399597168,0.7770456463098526,1.533393919467926,-0.1247133041598587,-0.4680738059092046,1.5577374881500132,155.15
133,2,1078,224,1111,267,1051.1309814453125,963.1541137695312,546.8471069335938,1094,245,1008,247,86,0.1814030110836029,0.7825977742671967,1.5166305303573608,0.18263502798520168,-0.42131897616535074,1.4671713551180356,152.33
133,3,963,228,991,267,1051.1309814453125,963.1541137695312,546.8471069335938,977,247,889,246,88,0.022781885229051113,0.7652797192335129,1.4256165623664856,0.01888689388669656,-0.4090153852647983,1.4338265515926258,138.93
133,4,1020,266,1056,301,1051.1309814453125,963.1541137695312,546.8471069335938,1038,283,937,283,101,0.09202514588832855,0.7841519057750702,1.32478928565979,0.08895472369332393,-0.31358365404732447,1.2492746192094166,138.49
133,5,945,258,977,295,1051.1309814453125,963.1541137695312,546.8471069335938,961,276,862,275,99,-0.0001892054278869182,0.7654684871435166,1.280261516571045,-0.002611896094081065,-0.32840628508073205,1.2745124903045562,127.8
133,6,1129,245,1159,287,1051.1309814453125,963.1541137695312,546.8471069335938,1144,266,1050,266,94,0.24176344275474548,0.7830913007259369,1.4288392066955566,0.23094216574122584,-0.3586448133785325,1.3423057078739475,144.44
133,7,915,240,948,277,1051.1309814453125,963.1541137695312,546.8471069335938,931,258,838,260,93,-0.045089878141880035,0.766992250084877,1.347213327884674,-0.04150267115142748,-0.3728271467231582,1.3567391025822695,143.74
133,8,999,249,1029,281,1051.1309814453125,963.1541137695312,546.8471069335938,1014,265,922,265,92,0.07297173142433167,0.7714437782764435,1.338843584060669,0.06634228836968187,-0.3677462117504458,1.3714862667407726,137.51
133,11,1012,215,1046,248,1051.1309814453125,963.1541137695312,546.8471069335938,1029,231,946,232,83,0.10088606178760529,0.7733408153057099,1.5073944330215454,0.09522982990235056,-0.45679491901982616,1.520201645062061,150.61
133,12,1141,217,1170,251,1051.1309814453125,963.1541137695312,546.8471069335938,1155,234,1071,235,84,0.27655941247940063,0.783491337299347,1.5343258380889893,0.2741546766395686,-0.44706977628891315,1.50210400643037,154.46
134,0,839,258,881,295,1051.1309814453125,963.1541137695312,546.8471069335938,860,276,760,277,100,-0.1260381042957306,0.7565369546413422,1.251153826713562,-0.1238251908266875,-0.32512222222992476,1.2617673654015107,127.57
134,1,1078,225,1111,267,1051.1309814453125,963.1541137695312,546.8471069335938,1094,246,1008,247,86,0.18464025855064392,0.7942509293556214,1.5376847982406616,0.18263502798520168,-0.4199231735669908,1.4671713551180356,155.6
134,2,963,228,991,266,1051.1309814453125,963.1541137695312,546.8471069335938,977,247,889,247,88,0.01717858575284481,0.7604194819927216,1.3930050134658813,0.01888689388669656,-0.4090153852647983,1.4338265515926258,136.95
134,3,861,212,898,248,1051.1309814453125,963.1541137695312,546.8471069335938,879,230,798,233,81,-0.14253020286560059,0.7777468204498291,1.5354830026626587,-0.1247133041598587,-0.4695557691617843,1.5577374881500132,158.86
134,4,944,259,977,295,1051.1309814453125,963.1541137695312,546.8471069335938,960,277,862,275,98,-0.004160703392699361,0.7659699559211731,1.283770501613617,-0.0038634360895202363,-0.33053248162789306,1.2875177197974599,129.7
134,5,1021,266,1057,302,1051.1309814453125,963.1541137695312,546.8471069335938,1039,284,937,282,102,0.09378039091825485,0.7853966295719147,1.3254064321517944,0.0892594717302419,-0.3093324513266747,1.2370268288250106,142.11
134,6,1000,249,1030,282,1051.1309814453125,963.1541137695312,546.8471069335938,1015,265,923,265,92,0.07518111169338226,0.7705850839614868,1.3312535285949707,0.06764706036380097,-0.3677462117504458,1.3714862667407726,138.64
134,7,1130,244,1159,287,1051.1309814453125,963.1541137695312,546.8471069335938,1144,265,1050,266,94,0.24064001441001892,0.7831297159194947,1.4200247526168823,0.23094216574122584,-0.35992182426639374,1.3423057078739475,144.41
134,8,915,241,948,277,1051.1309814453125,963.1541137695312,546.8471069335938,931,259,838,260,93,-0.04250539280474186,0.765074098110199,1.3481462001800537,-0.04150267115142748,-0.3715364045354275,1.3567391025822695,138.26
134,9,1011,215,1046,249,1051.1309814453125,963.1541137695312,546.8471069335938,1028,232,947,232,81,0.10202109441161156,0.7861710131168366,1.5539673566818237,0.09609922047452024,-0.4665918426566249,1.5577374881500132,156.7
134,10,1181,260,1211,298,1051.1309814453125,963.1541137695312,546.8471069335938,1196,279,1149,247,47,0.3083226978778839,0.7998188823461533,1.4849273562431335,0.5946934638200219,-0.6840873436726724,2.684611415747895,145.34
134,12,1141,217,1170,251,1051.1309814453125,963.1541137695312,546.8471069335938,1155,234,1071,236,84,0.2784890830516815,0.7843913972377777,1.5362852811813354,0.2741546766395686,-0.44706977628891315,1.50210400643037,155.51
135,0,839,259,881,295,1051.1309814453125,963.1541137695312,546.8471069335938,860,277,760,276,100,-0.1236671581864357,0.7547523021697998,1.2478976249694824,-0.1238251908266875,-0.3239218319953352,1.2617673654015107,126.38
135,1,1078,225,1111,267,1051.1309814453125,963.1541137695312,546.8471069335938,1094,246,1008,247,86,0.19128964096307755,0.8051937162876129,1.5852531790733337,0.18263502798520168,-0.4199231735669908,1.4671713551180356,159.72
135,2,963,228,991,267,1051.1309814453125,963.1541137695312,546.8471069335938,977,247,889,247,88,0.021403644233942032,0.7649584352970124,1.4252874851226807,0.01888689388669656,-0.4090153852647983,1.4338265515926258,138.15
135,3,944,258,977,295,1051.1309814453125,963.1541137695312,546.8471069335938,960,276,862,276,98,-0.005105870775878429,0.7650448769330979,1.2825433611869812,-0.0038634360895202363,-0.3317573696223722,1.2875177197974599,129.0
135,4,862,213,898,249,1051.1309814453125,963.1541137695312,546.8471069335938,880,231,798,233,82,-0.12636423110961914,0.7804548382759094,1.5420329570770264,-0.1217285196767024,-0.4623655887639704,1.5387406895140374,157.56
135,5,1022,267,1056,301,1051.1309814453125,963.1541137695312,546.8471069335938,1039,284,937,283,102,0.10002921521663666,0.7886180967092514,1.3862856030464172,0.0892594717302419,-0.3093324513266747,1.2370268288250106,147.95
135,6,1130,245,1159,287,1051.1309814453125,963.1541137695312,546.8471069335938,1144,266,1050,266,94,0.24185601621866226,0.7836425691843033,1.4456502795219421,0.23094216574122584,-0.3586448133785325,1.3423057078739475,145.02
135,7,1000,250,1031,283,1051.1309814453125,963.1541137695312,546.8471069335938,1015,266,923,265,92,0.07966484129428864,0.7821152746677399,1.4307912588119507,0.06764706036380097,-0.3664414397563267,1.3714862667407726,143.79
135,8,915,240,948,278,1051.1309814453125,963.1541137695312,546.8471069335938,931,259,838,260,93,-0.04198930785059929,0.7659115582704544,1.3450332880020142,-0.04150267115142748,-0.3715364045354275,1.3567391025822695,144.92
135,11,1012,215,1046,249,1051.1309814453125,963.1541137695312,546.8471069335938,1029,232,947,233,82,0.09919818118214607,0.7860047161579132,1.545744776725769,0.09639116929140361,-0.46090169823398314,1.5387406895140374,157.69
135,12,1141,218,1170,251,1051.1309814453125,963.1541137695312,546.8471069335938,1155,234,1071,235,84,0.27743855118751526,0.784615957736969,1.5371211171150208,0.2741546766395686,-0.44706977628891315,1.50210400643037,155.45
136,0,840,258,881,296,1051.1309814453125,963.1541137695312,546.8471069335938,860,277,760,277,100,-0.12977313250303268,0.7585449755191803,1.2471769452095032,-0.1238251908266875,-0.3239218319953352,1.2617673654015107,129.46
136,1,861,212,897,249,1051.1309814453125,963.1541137695312,546.8471069335938,879,230,798,233,81,-0.14227236807346344,0.7789943754673004,1.5424145460128784,-0.1247133041598587,-0.4695557691617843,1.5577374881500132,157.2
136,2,1078,225,1112,267,1051.1309814453125,963.1541137695312,546.8471069335938,1095,246,1008,247,87,0.18340077251195908,0.7805386275053025,1.488128900527954,0.18191553368030233,-0.4150964704225426,1.4503073165534606,151.21
136,3,964,228,991,266,1051.1309814453125,963.1541137695312,546.8471069335938,977,247,889,247,88,0.017370641231536865,0.7665468692779541,1.4225279092788696,0.01888689388669656,-0.4090153852647983,1.4338265515926258,139.24
136,4,1021,266,1057,301,1051.1309814453125,963.1541137695312,546.8471069335938,1039,283,937,283,102,0.0918494239449501,0.7836944103240967,1.336964726448059,0.0892594717302419,-0.310509304497841,1.2370268288250106,138.26
136,5,944,258,977,295,1051.1309814453125,963.1541137695312,546.8471069335938,960,276,862,275,98,-0.0038008354604244232,0.7658407032489777,1.281874179840088,-0.0038634360895202363,-0.3317573696223722,1.2875177197974599,129.81
136,6,1130,244,1159,287,1051.1309814453125,963.1541137695312,546.8471069335938,1144,265,1050,266,94,0.23658537864685059,0.7764300644397736,1.3550548553466797,0.23094216574122584,-0.35992182426639374,1.3423057078739475,140.85
136,7,999,248,1030,282,1051.1309814453125,963.1541137695312,546.8471069335938,1014,265,922,264,92,0.07643529027700424,0.7705752491950989,1.3432787656784058,0.06634228836968187,-0.3677462117504458,1.3714862667407726,136.59
136,8,915,240,949,277,1051.1309814453125,963.1541137695312,546.8471069335938,932,258,838,260,94,-0.04426408186554909,0.7646375238895416,1.345097541809082,-0.03978414248535955,-0.3688609004814225,1.3423057078739475,139.07
136,9,1012,216,1046,249,1051.1309814453125,963.1541137695312,546.8471069335938,1029,232,947,232,82,0.10157404839992523,0.7758082836866379,1.5316357612609863,0.09639116929140361,-0.46090169823398314,1.5387406895140374,151.38
136,10,1180,261,1211,298,1051.1309814453125,963.1541137695312,546.8471069335938,1195,279,1149,247,46,0.2913685739040375,0.778465086221695,1.3068684339523315,0.6050120386104798,-0.6989588076655566,2.742972533481545,139.21
136,12,1140,217,1169,251,1051.1309814453125,963.1541137695312,546.8471069335938,1154,234,1071,234,83,0.2725980877876282,0.784449914097786,1.537697434425354,0.27601149173813017,-0.4524561591357674,1.520201645062061,154.4
137,0,839,258,881,296,1051.1309814453125,963.1541137695312,546.8471069335938,860,277,760,276,100,-0.12394870072603226,0.7557518124580384,1.2518453001976013,-0.1238251908266875,-0.3239218319953352,1.2617673654015107,127.03
137,1,862,213,898,248,1051.1309814453125,963.1541137695312,546.8471069335938,880,230,798,232,82,-0.12654464691877365,0.7785421848297119,1.539982557296753,-0.1217285196767024,-0.4638294792939577,1.5387406895140374,153.6
137,2,1078,224,1112,267,1051.1309814453125,963.1541137695312,546.8471069335938,1095,245,1008,247,87,0.18262168020009995,0.7854766488075257,1.4959962368011475,0.18191553368030233,-0.4164762293128755,1.4503073165534606,153.19
137,3,964,228,991,265,1051.1309814453125,963.1541137695312,546.8471069335938,977,246,889,247,88,0.020230857655405998,0.7610911965370178,1.3985579013824463,0.01888689388669656,-0.41037946507683193,1.4338265515926258,137.32
137,4,944,257,977,295,1051.1309814453125,963.1541137695312,546.8471069335938,960,276,862,275,98,-0.002650630194693804,0.7673935830593109,1.2931982278823853,-0.0038634360895202363,-0.3317573696223722,1.2875177197974599,131.07
137,5,1021,266,1057,301,1051.1309814453125,963.1541137695312,546.8471069335938,1039,283,936,283,103,0.09250666946172714,0.7860615491867066,1.3359414339065552,0.08839287491732693,-0.30749465105611434,1.2250168596131172,139.27
137,6,1129,244,1159,286,1051.1309814453125,963.1541137695312,546.8471069335938,1144,265,1050,266,94,0.24446779489517212,0.7826440125703812,1.4446318745613098,0.23094216574122584,-0.35992182426639374,1.3423057078739475,145.03
137,7,1000,249,1031,281,1051.1309814453125,963.1541137695312,546.8471069335938,1015,265,923,265,92,0.07516701519489288,0.771153324842453,1.3398158550262451,0.06764706036380097,-0.3677462117504458,1.3714862667407726,137.14
137,8,914,240,947,277,1051.1309814453125,963.1541137695312,546.8471069335938,930,258,838,260,92,-0.04559997096657753,0.7652260005474091,1.3448519706726074,-0.043258559136322976,-0.3768796157092795,1.3714862667407726,139.75
137,9,1180,261,1212,298,1051.1309814453125,963.1541137695312,546.8471069335938,1196,279,1149,246,47,0.3096972554922104,0.7995819091796875,1.461716890335083,0.5946934638200219,-0.6840873436726724,2.684611415747895,148.34
137,10,1012,216,1045,248,1051.1309814453125,963.1541137695312,546.8471069335938,1028,232,947,232,81,0.1017325296998024,0.7754666298627854,1.5246427655220032,0.09609922047452024,-0.4665918426566249,1.5577374881500132,151.41
137,12,1140,218,1170,251,1051.1309814453125,963.1541137695312,546.8471069335938,1155,234,1071,234,84,0.2799535393714905,0.7840751945972443,1.537307620048523,0.2741546766395686,-0.44706977628891315,1.50210400643037,154.45
138,0,840,259,881,296,1051.1309814453125,963.1541137695312,546.8471069335938,860,277,760,276,100,-0.1253802254796028,0.7569443672895432,1.2500544786453247,-0.1238251908266875,-0.3239218319953352,1.2617673654015107,127.84
138,1,1078,225,1111,267,1051.1309814453125,963.1541137695312,546.8471069335938,1094,246,1008,247,86,0.19463928788900375,0.8131131321191788,1.6519704461097717,0.18263502798520168,-0.4199231735669908,1.4671713551180356,163.07
138,2,861,213,898,248,1051.1309814453125,963.1541137695312,546.8471069335938,879,230,798,233,81,-0.1430405229330063,0.7793462812900543,1.5449917316436768,-0.1247133041598587,-0.4695557691617843,1.5577374881500132,158.14
138,3,964,228,991,266,1051.1309814453125,963.1541137695312,546.8471069335938,977,247,889,247,88,0.017389070242643356,0.7665246963500977,1.4286605715751648,0.01888689388669656,-0.4090153852647983,1.4338265515926258,140.92
138,4,944,258,977,295,1051.1309814453125,963.1541137695312,546.8471069335938,960,276,862,276,98,-0.0013793091056868434,0.7644572198390961,1.2784873247146606,-0.0038634360895202363,-0.3317573696223722,1.2875177197974599,129.03
138,5,1021,266,1057,301,1051.1309814453125,963.1541137695312,546.8471069335938,1039,283,936,283,103,0.09076831489801407,0.7847701996564865,1.3157811164855957,0.08839287491732693,-0.30749465105611434,1.2250168596131172,141.04
138,6,1129,245,1159,287,1051.1309814453125,963.1541137695312,546.8471069335938,1144,266,1050,266,94,0.23419777303934097,0.7767862617969513,1.3538321256637573,0.23094216574122584,-0.3586448133785325,1.3423057078739475,140.16
138,7,1000,248,1030,281,1051.1309814453125,963.1541137695312,546.8471069335938,1015,264,922,265,93,0.07719451934099197,0.7723447620868683,1.3483708500862122,0.06691967261795363,-0.3650826935967738,1.3567391025822695,139.27
138,8,915,241,949,277,1051.1309814453125,963.1541137695312,546.8471069335938,932,259,838,260,94,-0.043930983170866966,0.7967844992876053,1.5556076765060425,-0.03978414248535955,-0.36758388959356125,1.3423057078739475,146.59
138,9,1180,262,1212,298,1051.1309814453125,963.1541137695312,546.8471069335938,1196,280,1148,246,48,0.2806951254606247,0.7703763037919998,1.2685872316360474,0.5823040166571047,-0.6673347110240968,2.6286820112531473,132.64
138,10,1013,215,1046,248,1051.1309814453125,963.1541137695312,546.8471069335938,1029,231,947,233,82,0.10249849408864975,0.7920890390872956,1.5827213525772095,0.09639116929140361,-0.4623655887639704,1.5387406895140374,159.1
138,12,1141,218,1169,251,1051.1309814453125,963.1541137695312,546.8471069335938,1155,234,1072,233,83,0.2784395068883896,0.7854304850101471,1.538543939590454,0.2774577450328164,-0.4524561591357674,1.520201645062061,155.65
139,0,839,259,881,295,1051.1309814453125,963.1541137695312,546.8471069335938,860,277,760,276,100,-0.1284947395324707,0.756133908033371,1.2498010396957397,-0.1238251908266875,-0.3239218319953352,1.2617673654015107,126.79
139,1,861,213,898,248,1051.1309814453125,963.1541137695312,546.8471069335938,879,230,798,233,81,-0.129453644156456,0.7776081204414368,1.5386313199996948,-0.1247133041598587,-0.4695557691617843,1.5577374881500132,153.0
139,2,945,258,977,295,1051.1309814453125,963.1541137695312,546.8471069335938,961,276,862,276,99,-0.0026430863654240966,0.7667986989021301,1.2871388792991638,-0.002611896094081065,-0.32840628508073205,1.2745124903045562,130.68
139,3,1078,224,1112,267,1051.1309814453125,963.1541137695312,546.8471069335938,1095,245,1008,247,87,0.18636059761047363,0.7820373117923737,1.5384618043899536,0.18191553368030233,-0.4164762293128755,1.4503073165534606,153.35
139,4,963,229,991,265,1051.1309814453125,963.1541137695312,546.8471069335938,977,247,889,247,88,0.019770746119320393,0.764914283156395,1.4133496284484863,0.01888689388669656,-0.4090153852647983,1.4338265515926258,138.33
139,5,1022,266,1057,301,1051.1309814453125,963.1541137695312,546.8471069335938,1039,283,936,283,103,0.09216237813234329,0.7831450045108795,1.3318047523498535,0.08839287491732693,-0.30749465105611434,1.2250168596131172,139.91
139,6,1130,245,1159,287,1051.1309814453125,963.1541137695312,546.8471069335938,1144,266,1050,266,94,0.2473347783088684,0.7846036791801453,1.4937971830368042,0.23094216574122584,-0.3586448133785325,1.3423057078739475,147.61
139,7,1000,249,1031,281,1051.1309814453125,963.1541137695312,546.8471069335938,1015,265,923,265,92,0.07694856822490692,0.7733223080635071,1.360207200050354,0.06764706036380097,-0.3677462117504458,1.3714862667407726,138.04
139,8,1012,215,1043,250,1051.1309814453125,963.1541137695312,546.8471069335938,1027,232,947,232,80,0.09943284094333649,0.7774826973676682,1.5325815081596375,0.09579997293721476,-0.4724242406898327,1.5772092067518884,151.94
139,9,915,241,948,277,1051.1309814453125,963.1541137695312,546.8471069335938,931,259,839,260,92,-0.04772777855396271,0.7629602044820786,1.342219054698944,-0.041953787142203866,-0.3755748437151604,1.3714862667407726,133.92
139,12,1141,218,1170,251,1051.1309814453125,963.1541137695312,546.8471069335938,1155,234,1071,234,84,0.27562084794044495,0.7811368048191071,1.5411053895950317,0.2741546766395686,-0.44706977628891315,1.50210400643037,155.24
140,0,839,258,881,296,1051.1309814453125,963.1541137695312,546.8471069335938,860,277,760,276,100,-0.12476446479558945,0.7555789887905121,1.2516627311706543,-0.1238251908266875,-0.3239218319953352,1.2617673654015107,126.86
140,1,861,213,898,248,1051.1309814453125,963.1541137695312,546.8471069335938,879,230,798,233,81,-0.12465474754571915,0.7784717172384262,1.5390902757644653,-0.1247133041598587,-0.4695557691617843,1.5577374881500132,154.02
140,2,1078,224,1112,267,1051.1309814453125,963.1541137695312,546.8471069335938,1095,245,1008,246,87,0.18300120532512665,0.7832098543643952,1.4890658855438232,0.18191553368030233,-0.4164762293128755,1.4503073165534606,152.37
140,3,1022,266,1057,301,1051.1309814453125,963.1541137695312,546.8471069335938,1039,283,937,283,102,0.09265537187457085,0.7850924670696259,1.3274263143539429,0.0892594717302419,-0.310509304497841,1.2370268288250106,139.72
140,4,964,228,991,266,1051.1309814453125,963.1541137695312,546.8471069335938,977,247,889,247,88,0.01743028126657009,0.7677282333374024,1.431033730506897,0.01888689388669656,-0.4090153852647983,1.4338265515926258,139.39
140,5,945,258,977,295,1051.1309814453125,963.1541137695312,546.8471069335938,961,276,861,277,100,-0.00020419940119609237,0.7661681115627289,1.281527042388916,-0.0025857771331402545,-0.32512222222992476,1.2617673654015107,129.48
140,6,1130,245,1159,286,1051.1309814453125,963.1541137695312,546.8471069335938,1144,265,1050,266,94,0.23948974907398224,0.7787156045436859,1.4019089937210083,0.23094216574122584,-0.35992182426639374,1.3423057078739475,143.3
140,7,1000,248,1030,281,1051.1309814453125,963.1541137695312,546.8471069335938,1015,264,923,265,92,0.07763449102640152,0.7756362050771713,1.3579075336456299,0.06764706036380097,-0.3690509837445649,1.3714862667407726,140.6
140,8,1180,262,1211,298,1051.1309814453125,963.1541137695312,546.8471069335938,1195,280,1148,247,47,0.28721602261066437,0.7733085244894028,1.2741966247558594,0.5921394420442994,-0.6815333218969499,2.684611415747895,137.12
140,9,915,240,948,278,1051.1309814453125,963.1541137695312,546.8471069335938,931,259,838,260,93,-0.04752051644027233,0.7641729354858399,1.3457845449447632,-0.04150267115142748,-0.3715364045354275,1.3567391025822695,138.61
140,10,1011,215,1046,248,1051.1309814453125,963.1541137695312,546.8471069335938,1028,231,947,232,81,0.104060098528862,0.7855023682117462,1.5591152906417847,0.09609922047452024,-0.4680738059092046,1.5577374881500132,155.66
140,12,1141,218,1170,251,1051.1309814453125,963.1541137695312,546.8471069335938,1155,234,1071,235,84,0.27546805143356323,0.7834288418293,1.5275596380233765,0.2741546766395686,-0.44706977628891315,1.50210400643037,153.1
141,0,839,258,880,296,1051.1309814453125,963.1541137695312,546.8471069335938,859,277,760,276,99,-0.12540927529335022,0.753634923696518,1.2546203136444092,-0.1262884657184617,-0.3271937696922577,1.2745124903045562,126.13
141,1,1078,225,1111,267,1051.1309814453125,963.1541137695312,546.8471069335938,1094,246,1008,247,86,0.18042466044425964,0.7836145997047425,1.486074686050415,0.18263502798520168,-0.4199231735669908,1.4671713551180356,152.42
141,2,964,228,991,266,1051.1309814453125,963.1541137695312,546.8471069335938,977,247,889,247,88,0.02000275906175375,0.7632086217403412,1.4050303101539612,0.01888689388669656,-0.4090153852647983,1.4338265515926258,136.82
141,3,862,212,898,248,1051.1309814453125,963.1541137695312,546.8471069335938,880,230,798,233,82,-0.12852144986391068,0.7779448568820954,1.5405071377754211,-0.1217285196767024,-0.4638294792939577,1.5387406895140374,159.13
141,4,944,258,977,295,1051.1309814453125,963.1541137695312,546.8471069335938,960,276,862,275,98,-0.00018893020751420408,0.7637069761753082,1.2797520160675049,-0.0038634360895202363,-0.3317573696223722,1.2875177197974599,127.84
141,5,1021,266,1057,302,1051.1309814453125,963.1541137695312,546.8471069335938,1039,284,937,283,102,0.09527946636080742,0.784358212351799,1.345058798789978,0.0892594717302419,-0.3093324513266747,1.2370268288250106,139.01
141,6,1130,244,1159,286,1051.1309814453125,963.1541137695312,546.8471069335938,1144,265,1050,266,94,0.2442590445280075,0.783553296327591,1.4297378063201904,0.23094216574122584,-0.35992182426639374,1.3423057078739475,145.31
141,7,999,248,1030,282,1051.1309814453125,963.1541137695312,546.8471069335938,1014,265,922,264,92,0.07529827579855919,0.769738906621933,1.3553683161735535,0.06634228836968187,-0.3677462117504458,1.3714862667407726,136.5
141,8,915,240,948,277,1051.1309814453125,963.1541137695312,546.8471069335938,931,258,838,260,93,-0.04783158004283905,0.7630823493003845,1.3431594371795654,-0.04150267115142748,-0.3728271467231582,1.3567391025822695,137.94
141,9,1012,216,1045,248,1051.1309814453125,963.1541137695312,546.8471069335938,1028,232,947,232,81,0.09974231570959091,0.7781122267246247,1.537966549396515,0.09609922047452024,-0.4665918426566249,1.5577374881500132,152.56
141,12,1142,218,1169,251,1051.1309814453125,963.1541137695312,546.8471069335938,1155,234,1071,235,84,0.2767277806997299,0.7834488987922669,1.5347805619239807,0.2741546766395686,-0.44706977628891315,1.50210400643037,154.77
142,0,839,259,881,296,1051.1309814453125,963.1541137695312,546.8471069335938,860,277,759,276,101,-0.12622718513011932,0.7566181361675263,1.250909447669983,-0.12259919883830447,-0.3207146851438963,1.2492746192094166,127.22
142,1,1078,225,1111,267,1051.1309814453125,963.1541137695312,546.8471069335938,1094,246,1007,247,87,0.2019670009613037,0.8309673458337784,1.7769591212272644,0.1805357747899695,-0.4150964704225426,1.4503073165534606,171.98
142,2,1021,267,1057,301,1051.1309814453125,963.1541137695312,546.8471069335938,1039,284,937,283,102,0.1012677401304245,0.7888395428657532,1.3429241180419922,0.0892594717302419,-0.3093324513266747,1.2370268288250106,155.17
142,3,963,229,991,267,1051.1309814453125,963.1541137695312,546.8471069335938,977,248,889,247,88,0.020873822271823883,0.7640447556972504,1.4068939685821533,0.01888689388669656,-0.4076513054527647,1.4338265515926258,137.38
142,4,861,213,898,249,1051.1309814453125,963.1541137695312,546.8471069335938,879,231,798,234,81,-0.14105483144521713,0.7779817372560501,1.5403777360916138,-0.1247133041598587,-0.4680738059092046,1.5577374881500132,158.33
142,5,1129,245,1159,286,1051.1309814453125,963.1541137695312,546.8471069335938,1144,265,1050,266,94,0.24644336849451065,0.7831633031368256,1.4663804173469543,0.23094216574122584,-0.35992182426639374,1.3423057078739475,146.47
142,6,944,257,977,294,1051.1309814453125,963.1541137695312,546.8471069335938,960,275,862,275,98,-0.00018944199837278575,0.7663764744997025,1.2835966348648071,-0.0038634360895202363,-0.33298225761685135,1.2875177197974599,129.63
142,7,999,248,1029,282,1051.1309814453125,963.1541137695312,546.8471069335938,1014,265,922,266,92,0.06430723518133163,0.770271772146225,1.3291345834732056,0.06634228836968187,-0.3677462117504458,1.3714862667407726,136.69
142,8,915,240,949,278,1051.1309814453125,963.1541137695312,546.8471069335938,932,259,839,260,93,-0.04396364465355873,0.7681959360837937,1.3504474759101868,-0.040211928963696755,-0.3715364045354275,1.3567391025822695,144.27
142,9,1180,260,1212,299,1051.1309814453125,963.1541137695312,546.8471069335938,1196,279,1149,247,47,0.3176121711730957,0.8078103005886078,1.5131504535675049,0.5946934638200219,-0.6840873436726724,2.684611415747895,149.84
142,11,1012,216,1045,248,1051.1309814453125,963.1541137695312,546.8471069335938,1028,232,947,232,81,0.10658667981624603,0.8136345982551575,1.6703441143035889,0.09609922047452024,-0.4665918426566249,1.5577374881500132,168.87
142,12,1141,218,1170,251,1051.1309814453125,963.1541137695312,546.8471069335938,1155,234,1072,234,83,0.28115057945251465,0.784428083896637,1.5364155769348145,0.2774577450328164,-0.4524561591357674,1.520201645062061,155.3
143,0,839,259,880,295,1051.1309814453125,963.1541137695312,546.8471069335938,859,277,760,276,99,-0.13044454157352448,0.7576788306236267,1.2500492334365845,-0.1262884657184617,-0.3271937696922577,1.2745124903045562,128.28
143,1,861,212,898,248,1051.1309814453125,963.1541137695312,546.8471069335938,879,230,798,233,81,-0.14356283843517303,0.778305733203888,1.547046184539795,-0.1247133041598587,-0.4695557691617843,1.5577374881500132,156.38
143,2,1078,225,1111,267,1051.1309814453125,963.1541137695312,546.8471069335938,1094,246,1008,247,86,0.18509383499622345,0.7818675577640534,1.4962350130081177,0.18263502798520168,-0.4199231735669908,1.4671713551180356,152.5
143,3,963,228,991,266,1051.1309814453125,963.1541137695312,546.8471069335938,977,247,889,246,88,0.014587938785552979,0.766312175989151,1.4189382791519165,0.01888689388669656,-0.4090153852647983,1.4338265515926258,139.67
143,4,1129,245,1159,287,1051.1309814453125,963.1541137695312,546.8471069335938,1144,266,1051,266,93,0.23917165398597717,0.781041169166565,1.4196590185165405,0.2334254148352175,-0.3625012092213124,1.3567391025822695,143.93
143,5,945,258,977,294,1051.1309814453125,963.1541137695312,546.8471069335938,961,276,862,276,99,-0.003865158185362816,0.7658891618251801,1.28271484375,-0.002611896094081065,-0.32840628508073205,1.2745124903045562,130.08
143,6,1022,266,1057,301,1051.1309814453125,963.1541137695312,546.8471069335938,1039,283,936,283,103,0.09142258018255234,0.7853375613689423,1.3268864154815674,0.08839287491732693,-0.30749465105611434,1.2250168596131172,141.11
143,7,1000,248,1030,282,1051.1309814453125,963.1541137695312,546.8471069335938,1015,265,923,265,92,0.07401114702224731,0.7690414428710938,1.3471962213516235,0.06764706036380097,-0.3677462117504458,1.3714862667407726,135.87
143,8,1180,260,1212,298,1051.1309814453125,963.1541137695312,546.8471069335938,1196,279,1148,246,48,0.2889474332332611,0.7807874619960785,1.3319761753082275,0.5823040166571047,-0.6698355240128251,2.6286820112531473,145.89
143,10,1015,213,1046,249,1051.1309814453125,963.1541137695312,546.8471069335938,1030,231,947,232,83,0.09921729192137718,0.7782389760017395,1.5318998098373413,0.09667608319703679,-0.45679491901982616,1.520201645062061,153.82
143,11,915,241,948,277,1051.1309814453125,963.1541137695312,546.8471069335938,931,259,838,260,93,-0.04880065470933914,0.7623661100864411,1.3418806791305542,-0.04150267115142748,-0.3715364045354275,1.3567391025822695,135.36
143,12,1141,217,1170,250,1051.1309814453125,963.1541137695312,546.8471069335938,1155,233,1072,235,83,0.27825281023979187,0.7819056004285813,1.5390652418136597,0.2774577450328164,-0.4539024124304537,1.520201645062061,155.06
144,0,839,258,881,296,1051.1309814453125,963.1541137695312,546.8471069335938,860,277,760,277,100,-0.12844149768352509,0.7582783490419388,1.2526646256446838,-0.1238251908266875,-0.3239218319953352,1.2617673654015107,128.74
144,1,861,213,898,248,1051.1309814453125,963.1541137695312,546.8471069335938,879,230,798,234,81,-0.12480170279741287,0.7774231970310211,1.5578011274337769,-0.1247133041598587,-0.4695557691617843,1.5577374881500132,157.54
144,2,1078,225,1112,267,1051.1309814453125,963.1541137695312,546.8471069335938,1095,246,1008,247,87,0.19122464954853058,0.7978407382965088,1.5423139333724976,0.18191553368030233,-0.4150964704225426,1.4503073165534606,157.06
144,3,1021,266,1056,301,1051.1309814453125,963.1541137695312,546.8471069335938,1038,283,937,283,101,0.09373455494642258,0.7859589546918869,1.327401340007782,0.08895472369332393,-0.31358365404732447,1.2492746192094166,144.61
144,4,944,259,977,295,1051.1309814453125,963.1541137695312,546.8471069335938,960,277,863,275,97,-0.0014173582312650979,0.7665322959423065,1.2844146490097046,-0.003903265327556527,-0.3339400329848817,1.300791098352073,130.02
144,5,964,229,991,266,1051.1309814453125,963.1541137695312,546.8471069335938,977,247,889,246,88,0.019712863489985466,0.7632908165454865,1.4015153646469116,0.01888689388669656,-0.4090153852647983,1.4338265515926258,137.5
144,6,1130,244,1160,286,1051.1309814453125,963.1541137695312,546.8471069335938,1145,265,1051,266,94,0.2509547472000122,0.7861541152000427,1.5036042928695679,0.2322191766290871,-0.35992182426639374,1.3423057078739475,149.85
144,7,915,240,948,277,1051.1309814453125,963.1541137695312,546.8471069335938,931,258,839,260,92,-0.04533533938229084,0.787753114104271,1.537366271018982,-0.041953787142203866,-0.3768796157092795,1.3714862667407726,146.01
144,8,999,248,1029,281,1051.1309814453125,963.1541137695312,546.8471069335938,1014,264,922,265,92,0.073061503469944,0.7709570169448853,1.3315194845199585,0.06634228836968187,-0.3690509837445649,1.3714862667407726,138.75
144,9,1012,216,1046,248,1051.1309814453125,963.1541137695312,546.8471069335938,1029,232,947,232,82,0.09840413928031921,0.7847003877162934,1.5554940700531006,0.09639116929140361,-0.46090169823398314,1.5387406895140374,155.9
144,10,1180,261,1211,298,1051.1309814453125,963.1541137695312,546.8471069335938,1195,279,1148,247,47,0.2925780117511749,0.7851766586303711,1.4068838357925415,0.5921394420442994,-0.6840873436726724,2.684611415747895,144.39
144,12,1141,217,1170,251,1051.1309814453125,963.1541137695312,546.8471069335938,1155,234,1071,235,84,0.27541516721248627,0.7838622272014618,1.5356536507606506,0.2741546766395686,-0.44706977628891315,1.50210400643037,154.42
145,0,839,259,881,295,1051.1309814453125,963.1541137695312,546.8471069335938,860,277,759,276,101,-0.12378057837486267,0.7546040058135987,1.2524675726890564,-0.12259919883830447,-0.3207146851438963,1.2492746192094166,126.67
145,1,861,212,898,248,1051.1309814453125,963.1541137695312,546.8471069335938,879,230,798,233,81,-0.1267985701560974,0.7760697543621063,1.5291028022766113,-0.1247133041598587,-0.4695557691617843,1.5577374881500132,156.33
145,2,1078,225,1112,267,1051.1309814453125,963.1541137695312,546.8471069335938,1095,246,1008,247,87,0.1887478530406952,0.8007499814033509,1.6204347610473633,0.18191553368030233,-0.4150964704225426,1.4503073165534606,158.38
145,3,964,228,991,267,1051.1309814453125,963.1541137695312,546.8471069335938,977,247,889,248,88,0.017335514537990093,0.7647293746471405,1.4162191152572632,0.01888689388669656,-0.4090153852647983,1.4338265515926258,138.28
145,4,944,258,977,295,1051.1309814453125,963.1541137695312,546.8471069335938,960,276,860,276,100,-0.0026408834382891655,0.7653708696365357,1.2813544273376465,-0.0037861673677298314,-0.32512222222992476,1.2617673654015107,129.92
145,5,1021,266,1056,301,1051.1309814453125,963.1541137695312,546.8471069335938,1038,283,936,283,102,0.08959084004163742,0.7818252086639405,1.3247572183609009,0.08808261855907565,-0.310509304497841,1.2370268288250106,142.1
145,6,1000,248,1030,281,1051.1309814453125,963.1541137695312,546.8471069335938,1015,264,922,266,93,0.0748710110783577,0.7702022880315781,1.3473421335220337,0.06691967261795363,-0.3650826935967738,1.3567391025822695,136.87
145,7,915,241,948,277,1051.1309814453125,963.1541137695312,546.8471069335938,931,259,838,260,93,-0.043221890926361084,0.7669463098049164,1.3447046279907227,-0.04150267115142748,-0.3715364045354275,1.3567391025822695,140.01
145,8,1130,245,1159,287,1051.1309814453125,963.1541137695312,546.8471069335938,1144,266,1050,266,94,0.24023551493883133,0.7790473490953446,1.3894549012184143,0.23094216574122584,-0.3586448133785325,1.3423057078739475,142.63
145,10,1012,216,1046,248,1051.1309814453125,963.1541137695312,546.8471069335938,1029,232,947,233,82,0.09865427762269974,0.7868650496006012,1.5659611225128174,0.09639116929140361,-0.46090169823398314,1.5387406895140374,156.42
145,11,1180,260,1212,298,1051.1309814453125,963.1541137695312,546.8471069335938,1196,279,1148,247,48,0.29207471013069153,0.7857445418834687,1.3973959684371948,0.5823040166571047,-0.6698355240128251,2.6286820112531473,142.38
145,12,1140,217,1170,251,1051.1309814453125,963.1541137695312,546.8471069335938,1155,234,1072,235,83,0.27638164162635803,0.7832470774650574,1.533355951309204,0.2774577450328164,-0.4524561591357674,1.520201645062061,154.04
146,0,839,259,880,295,1051.1309814453125,963.1541137695312,546.8471069335938,859,277,759,277,100,-0.1273917257785797,0.7575682640075684,1.2501145601272583,-0.1250255810612771,-0.3239218319953352,1.2617673654015107,128.05
146,1,861,212,898,249,1051.1309814453125,963.1541137695312,546.8471069335938,879,230,798,234,81,-0.14436813443899155,0.7781953454017639,1.536516547203064,-0.1247133041598587,-0.4695557691617843,1.5577374881500132,157.13
146,2,1078,225,1112,267,1051.1309814453125,963.1541137695312,546.8471069335938,1095,246,1008,247,87,0.18686173111200333,0.7991361558437348,1.5517868399620056,0.18191553368030233,-0.4150964704225426,1.4503073165534606,157.1
146,3,1021,266,1057,301,1051.1309814453125,963.1541137695312,546.8471069335938,1039,283,937,283,102,0.09129998087882996,0.7851128518581391,1.3267098665237427,0.0892594717302419,-0.310509304497841,1.2370268288250106,142.12
146,4,964,227,991,265,1051.1309814453125,963.1541137695312,546.8471069335938,977,246,889,247,88,0.019961776211857796,0.7647713363170624,1.417091965675354,0.01888689388669656,-0.41037946507683193,1.4338265515926258,138.88
146,5,944,258,977,295,1051.1309814453125,963.1541137695312,546.8471069335938,960,276,862,275,98,-0.00018921411538030952,0.76484594643116,1.2813231348991394,-0.0038634360895202363,-0.3317573696223722,1.2875177197974599,128.9
146,6,1129,244,1159,286,1051.1309814453125,963.1541137695312,546.8471069335938,1144,265,1050,266,94,0.23552583158016205,0.7793385922908783,1.3607852458953857,0.23094216574122584,-0.35992182426639374,1.3423057078739475,141.48
146,7,999,248,1029,282,1051.1309814453125,963.1541137695312,546.8471069335938,1014,265,923,265,91,0.07313420623540878,0.7692325651645661,1.3476450443267822,0.06707132450561243,-0.3717873789125386,1.3865575443972644,135.71
146,8,1180,260,1211,298,1051.1309814453125,963.1541137695312,546.8471069335938,1195,279,1148,247,47,0.27830488979816437,0.7693865388631821,1.2637749910354614,0.5921394420442994,-0.6840873436726724,2.684611415747895,129.02
146,9,915,240,948,278,1051.1309814453125,963.1541137695312,546.8471069335938,931,259,837,260,94,-0.04824858903884888,0.7627195060253144,1.3393492698669434,-0.041061153373220804,-0.36758388959356125,1.3423057078739475,139.16
146,11,1011,215,1045,248,1051.1309814453125,963.1541137695312,546.8471069335938,1028,231,947,232,81,0.09685137867927551,0.7789537847042084,1.5362218618392944,0.09609922047452024,-0.4680738059092046,1.5577374881500132,153.18
146,12,1140,217,1169,251,1051.1309814453125,963.1541137695312,546.8471069335938,1154,234,1071,234,83,0.27692344784736633,0.784288489818573,1.536275029182434,0.27601149173813017,-0.4524561591357674,1.520201645062061,154.95
147,0,839,258,881,295,1051.1309814453125,963.1541137695312,546.8471069335938,860,276,760,277,100,-0.12412445992231369,0.7557798862457276,1.2540662288665771,-0.1238251908266875,-0.32512222222992476,1.2617673654015107,127.27
147,1,1078,224,1112,267,1051.1309814453125,963.1541137695312,546.8471069335938,1095,245,1008,247,87,0.18073336780071259,0.7821752965450287,1.4618475437164307,0.18191553368030233,-0.4164762293128755,1.4503073165534606,151.95
147,2,964,228,991,266,1051.1309814453125,963.1541137695312,546.8471069335938,977,247,889,247,88,0.02009529247879982,0.7642242103815079,1.3994976878166199,0.01888689388669656,-0.4090153852647983,1.4338265515926258,138.28
147,3,1020,266,1056,302,1051.1309814453125,963.1541137695312,546.8471069335938,1038,284,937,283,101,0.09455538168549538,0.7851806372404099,1.3749797940254211,0.08895472369332393,-0.31239514886456254,1.2492746192094166,139.84
147,4,862,212,898,248,1051.1309814453125,963.1541137695312,546.8471069335938,880,230,799,234,81,-0.14310871064662933,0.7763996064662934,1.5314360857009888,-0.12323134090727897,-0.4695557691617843,1.5577374881500132,157.82
147,5,944,258,977,295,1051.1309814453125,963.1541137695312,546.8471069335938,960,276,862,275,98,0.0010383710614405572,0.7654997050762177,1.2810426354408264,-0.0038634360895202363,-0.3317573696223722,1.2875177197974599,129.37
147,6,1129,245,1159,286,1051.1309814453125,963.1541137695312,546.8471069335938,1144,265,1050,266,94,0.23795168101787567,0.7806603848934174,1.3879364728927612,0.23094216574122584,-0.35992182426639374,1.3423057078739475,142.84
147,7,1181,261,1212,298,1051.1309814453125,963.1541137695312,546.8471069335938,1196,279,1149,247,47,0.31415700912475586,0.8003379940986634,1.4841536283493042,0.5946934638200219,-0.6840873436726724,2.684611415747895,144.39
147,8,1000,249,1031,282,1051.1309814453125,963.1541137695312,546.8471069335938,1015,265,922,265,93,0.0767744779586792,0.7731222748756409,1.3663870096206665,0.06691967261795363,-0.36379195140904313,1.3567391025822695,137.93
147,9,915,240,947,277,1051.1309814453125,963.1541137695312,546.8471069335938,931,258,839,260,92,-0.045911239460110664,0.7655434250831604,1.3418768644332886,-0.041953787142203866,-0.3768796157092795,1.3714862667407726,143.29
147,10,1012,215,1046,248,1051.1309814453125,963.1541137695312,546.8471069335938,1029,231,948,232,81,0.0964171290397644,0.7785582184791565,1.5193345546722412,0.09758118372709997,-0.4680738059092046,1.5577374881500132,150.71
147,12,1140,217,1170,251,1051.1309814453125,963.1541137695312,546.8471069335938,1155,234,1071,235,84,0.2743174433708191,0.7817741572856903,1.5427099466323853,0.2741546766395686,-0.44706977628891315,1.50210400643037,156.17
148,0,839,259,880,295,1051.1309814453125,963.1541137695312,546.8471069335938,859,277,759,276,100,-0.1263751983642578,0.7559493869543076,1.2528955340385437,-0.1250255810612771,-0.3239218319953352,1.2617673654015107,127.46
148,1,1078,225,1112,267,1051.1309814453125,963.1541137695312,546.8471069335938,1095,246,1008,247,87,0.18291077762842178,0.7893686681985855,1.5106607675552368,0.18191553368030233,-0.4150964704225426,1.4503073165534606,154.56
148,2,861,213,898,248,1051.1309814453125,963.1541137695312,546.8471069335938,879,230,798,233,81,-0.12748369574546814,0.7743163198232651,1.5253020524978638,-0.1247133041598587,-0.4695557691617843,1.5577374881500132,151.46
148,3,1021,266,1057,301,1051.1309814453125,963.1541137695312,546.8471069335938,1039,283,937,282,102,0.0913371667265892,0.7840074837207794,1.3340271711349487,0.0892594717302419,-0.310509304497841,1.2370268288250106,140.35
148,4,963,227,991,266,1051.1309814453125,963.1541137695312,546.8471069335938,977,246,889,247,88,0.016002370044589043,0.7675446063280106,1.421568214893341,0.01888689388669656,-0.41037946507683193,1.4338265515926258,139.97
148,5,945,258,977,295,1051.1309814453125,963.1541137695312,546.8471069335938,961,276,863,275,98,-0.0027472800575196743,0.7654322177171707,1.2818164825439453,-0.0026385480950410762,-0.3317573696223722,1.2875177197974599,129.83
148,6,1129,245,1159,287,1051.1309814453125,963.1541137695312,546.8471069335938,1144,266,1050,266,94,0.24381868541240692,0.7789861798286438,1.4648423790931702,0.23094216574122584,-0.3586448133785325,1.3423057078739475,145.94
148,7,1180,261,1212,299,1051.1309814453125,963.1541137695312,546.8471069335938,1196,280,1149,247,47,0.3240012228488922,0.8143282324075699,1.5206712484359741,0.5946934638200219,-0.6815333218969499,2.684611415747895,148.7
148,8,915,241,948,278,1051.1309814453125,963.1541137695312,546.8471069335938,931,259,838,260,93,-0.04496077448129654,0.7640969097614289,1.3422971963882446,-0.04150267115142748,-0.3715364045354275,1.3567391025822695,137.72
148,9,1000,249,1031,281,1051.1309814453125,963.1541137695312,546.8471069335938,1015,265,923,265,92,0.07598177716135979,0.7711157888174057,1.3557845950126648,0.06764706036380097,-0.3677462117504458,1.3714862667407726,136.57
148,11,1012,216,1045,249,1051.1309814453125,963.1541137695312,546.8471069335938,1028,232,947,232,81,0.09903091937303543,0.786213630437851,1.5721899271011353,0.09609922047452024,-0.4665918426566249,1.5577374881500132,154.72
148,12,1141,218,1170,251,1051.1309814453125,963.1541137695312,546.8471069335938,1155,234,1071,235,84,0.2769086956977844,0.7809901177883148,1.53700852394104,0.2741546766395686,-0.44706977628891315,1.50210400643037,154.42
149,0,838,259,881,295,1051.1309814453125,963.1541137695312,546.8471069335938,859,277,759,277,100,-0.12384457886219025,0.7545780181884766,1.2517306804656982,-0.1250255810612771,-0.3239218319953352,1.2617673654015107,126.41
149,1,861,213,898,249,1051.1309814453125,963.1541137695312,546.8471069335938,879,231,798,234,81,-0.13805530965328217,0.7774796426296234,1.5441287755966187,-0.1247133041598587,-0.4680738059092046,1.5577374881500132,155.66
149,2,1078,225,1112,267,1051.1309814453125,963.1541137695312,546.8471069335938,1095,246,1008,247,87,0.1810000240802765,0.7783274590969086,1.473085641860962,0.18191553368030233,-0.4150964704225426,1.4503073165534606,150.06
149,3,1021,266,1057,302,1051.1309814453125,963.1541137695312,546.8471069335938,1039,284,937,283,102,0.09208529442548752,0.7838440179824829,1.3440990447998047,0.0892594717302419,-0.3093324513266747,1.2370268288250106,138.46
149,4,1129,245,1159,286,1051.1309814453125,963.1541137695312,546.8471069335938,1144,265,1050,266,94,0.2372114583849907,0.7778567612171173,1.3778523802757263,0.23094216574122584,-0.35992182426639374,1.3423057078739475,141.73
149,5,964,228,991,266,1051.1309814453125,963.1541137695312,546.8471069335938,977,247,889,246,88,0.021508492529392242,0.7679843246936798,1.42888343334198,0.01888689388669656,-0.4090153852647983,1.4338265515926258,139.98
149,6,945,258,977,295,1051.1309814453125,963.1541137695312,546.8471069335938,961,276,862,275,99,-0.0014167649205774069,0.7670828938484192,1.2807035446166992,-0.002611896094081065,-0.32840628508073205,1.2745124903045562,129.91
149,8,1000,249,1029,281,1051.1309814453125,963.1541137695312,546.8471069335938,1014,265,923,265,91,0.07193075865507126,0.7692776560783386,1.3455005884170532,0.06707132450561243,-0.3717873789125386,1.3865575443972644,135.77
149,10,915,240,949,277,1051.1309814453125,963.1541137695312,546.8471069335938,932,258,839,260,93,-0.04927551746368408,0.7630580008029938,1.341360092163086,-0.040211928963696755,-0.3728271467231582,1.3567391025822695,136.77
149,11,1013,216,1046,248,1051.1309814453125,963.1541137695312,546.8471069335938,1029,232,947,232,82,0.10213074088096619,0.7748616576194763,1.5280559062957764,0.09639116929140361,-0.46090169823398314,1.5387406895140374,151.12
149,12,1141,217,1169,251,1051.1309814453125,963.1541137695312,546.8471069335938,1155,234,1071,234,84,0.2795603275299072,0.7818477094173432,1.5368626117706299,0.2741546766395686,-0.44706977628891315,1.50210400643037,154.74
