frame,ID,left_xmin,left_ymin,left_xmax,left_ymax,f,C_x,C_y,x_il,v_il,x_ir,v_ir,disparitas,X,Y,Z,X_val,Y_val,Z_val,distance_cm
0,0,1143,217,1171,250,1051.1309814453125,963.1541137695312,546.8471069335938,1157,233,1135,221,22,0.3075438439846039,0.8028283059597016,1.7113521099090576,1.0576850402109854,-1.7124500105330753,5.735306206370503,174.69
0,1,1031,213,1058,245,1051.1309814453125,963.1541137695312,546.8471069335938,1044,229,966,229,78,0.1300985962152481,0.8066005051136017,1.7300276160240173,0.12441873376640333,-0.489154568276455,1.6176504684634752,173.99
0,2,1055,195,1077,225,1051.1309814453125,963.1541137695312,546.8471069335938,1066,210,994,210,72,0.17008043080568314,0.8044078290462494,1.78566312789917,0.17146555208161846,-0.5615944134900512,1.7524546741687648,179.47
0,4,967,205,993,237,1051.1309814453125,963.1541137695312,546.8471069335938,980,221,969,213,11,0.030941305682063103,0.8046977460384369,1.7557296752929688,0.18383306658237913,-3.5558516830213773,11.470612412741007,177.37
0,5,986,183,1013,214,1051.1309814453125,963.1541137695312,546.8471069335938,999,198,931,199,68,0.05932522192597389,0.7951391875743866,1.8364026546478271,0.06327801732538774,-0.6158127360704584,1.8555402432375157,183.48
0,6,1095,202,1118,238,1051.1309814453125,963.1541137695312,546.8471069335938,1106,220,1079,233,27,0.22812364995479584,0.8051983058452606,1.7378494143486023,0.6350770625272162,-1.453126205062745,4.67321246445004,176.09
0,7,903,207,931,241,1051.1309814453125,963.1541137695312,546.8471069335938,917,224,836,223,81,-0.06524951010942459,0.7912753164768219,1.6713387966156006,-0.06839870056182917,-0.4784475486772627,1.5577374881500132,167.92
0,8,1029,199,1053,228,1051.1309814453125,963.1541137695312,546.8471069335938,1041,213,1030,219,11,0.12560465931892395,0.7968094140291214,1.7448717951774597,0.8495040148547808,-3.6431527909915284,11.470612412741007,174.91
0,9,939,193,966,221,1051.1309814453125,963.1541137695312,546.8471069335938,952,207,906,218,46,-0.016854029148817062,0.7922686576843262,1.7642730474472046,-0.029107150531405317,-0.8868459748187077,2.742972533481545,176.51
1,2,1055,195,1078,225,1051.1309814453125,963.1541137695312,546.8471069335938,1066,210,1078,233,12,0.17145496606826782,0.8065168648958206,1.792695939540863,1.0287933124897108,-3.369566480940307,10.514728045012589,180.46
1,4,967,207,993,238,1051.1309814453125,963.1541137695312,546.8471069335938,980,222,966,229,14,0.027671806514263153,0.804854416847229,1.7574747204780579,0.14444026660044074,-2.785309249269728,9.012624038582219,177.11
1,5,1094,200,1118,238,1051.1309814453125,963.1541137695312,546.8471069335938,1106,219,1135,221,29,0.2284945398569107,0.8061484634876251,1.746911644935608,0.5912786444218909,-1.3570498813845886,4.350921949660382,176.77
1,6,903,208,931,241,1051.1309814453125,963.1541137695312,546.8471069335938,917,224,837,223,80,-0.06760511547327042,0.7909195363521576,1.6766494512557983,-0.06925368431885204,-0.48442814303572845,1.5772092067518884,168.78
1,7,986,184,1013,215,1051.1309814453125,963.1541137695312,546.8471069335938,999,199,995,210,4,0.05895155109465122,0.7922101259231568,1.8175219297409058,1.0757262945315915,-10.438806757333055,31.544184135037767,182.72
1,9,939,192,966,221,1051.1309814453125,963.1541137695312,546.8471069335938,952,206,907,218,45,-0.016879349015653133,0.7924529701471329,1.761997938156128,-0.02975397609876988,-0.9092211970026559,2.803927478670024,176.55
1,10,916,183,940,214,1051.1309814453125,963.1541137695312,546.8471069335938,928,198,931,198,3,-0.06416184455156326,0.7850762844085694,1.7668229341506958,-1.4066218291532095,-13.958422017597059,42.058912180050356,179.56
1,11,1029,198,1054,227,1051.1309814453125,963.1541137695312,546.8471069335938,1041,212,1030,218,11,0.12272176891565323,0.7968166261911392,1.757100224494934,0.8495040148547808,-3.654065429487797,11.470612412741007,176.2
2,0,1143,217,1171,250,1051.1309814453125,963.1541137695312,546.8471069335938,1157,233,1135,220,22,0.3102830946445465,0.8039139300584793,1.7102320790290833,1.0576850402109854,-1.7124500105330753,5.735306206370503,174.93
2,1,1031,213,1058,245,1051.1309814453125,963.1541137695312,546.8471069335938,1044,229,965,229,79,0.1291402354836464,0.8051356464624405,1.737201750278473,0.12284381308581598,-0.48296273829827197,1.5971738802550768,174.43
2,2,1055,196,1077,226,1051.1309814453125,963.1541137695312,546.8471069335938,1066,211,995,210,71,0.16897977888584137,0.8038430750370026,1.7808951139450073,0.1738805598574159,-0.5678135034904891,1.7771371343683249,179.18
2,4,967,204,993,236,1051.1309814453125,963.1541137695312,546.8471069335938,980,220,907,219,73,0.02762608230113983,0.8005496203899384,1.7508524656295776,0.027700873046659864,-0.5374576374889604,1.728448445755494,175.83
2,5,986,183,1013,214,1051.1309814453125,963.1541137695312,546.8471069335938,999,198,931,198,68,0.06027403101325035,0.790330582857132,1.8083940744400024,0.06327801732538774,-0.6158127360704584,1.8555402432375157,181.36
2,6,1094,201,1118,239,1051.1309814453125,963.1541137695312,546.8471069335938,1106,220,1078,232,28,0.22953421622514725,0.8050007909536362,1.7470635771751404,0.6123957388655299,-1.401228840596218,4.5063120192911095,176.29
2,7,902,207,930,241,1051.1309814453125,963.1541137695312,546.8471069335938,916,224,836,223,80,-0.06830696761608124,0.7894170224666596,1.6637018918991089,-0.07075417211208901,-0.48442814303572845,1.5772092067518884,168.04
2,8,1029,199,1053,227,1051.1309814453125,963.1541137695312,546.8471069335938,1041,213,1030,219,11,0.12574481964111328,0.7964135348796845,1.7466763854026794,0.8495040148547808,-3.6431527909915284,11.470612412741007,175.07
2,9,939,192,966,221,1051.1309814453125,963.1541137695312,546.8471069335938,952,206,882,206,70,-0.016843820922076702,0.7884641081094742,1.7484803199768066,-0.01912755606349492,-0.5844993409302787,1.8025248077164437,175.29
3,0,1143,217,1171,250,1051.1309814453125,963.1541137695312,546.8471069335938,1157,233,1134,220,23,0.31018730998039246,0.8063029289245606,1.7230286598205566,1.0116987341148556,-1.6379956622490288,5.48594506696309,176.3
3,1,1030,213,1058,245,1051.1309814453125,963.1541137695312,546.8471069335938,1044,229,965,230,79,0.12941285967826843,0.8108532965183258,1.759558916091919,0.12284381308581598,-0.48296273829827197,1.5971738802550768,177.37
3,2,1055,195,1077,226,1051.1309814453125,963.1541137695312,546.8471069335938,1066,210,996,211,70,0.17152701318264008,0.8084834754467011,1.7948457598686218,0.17636456785537902,-0.5776399681611954,1.8025248077164437,181.72
3,3,987,182,1013,214,1051.1309814453125,963.1541137695312,546.8471069335938,1000,198,931,199,69,0.06170368939638138,0.7934894651174546,1.824953854084015,0.06410064060268585,-0.6068879138085678,1.8286483556543633,182.86
3,5,1094,199,1118,238,1051.1309814453125,963.1541137695312,546.8471069335938,1106,218,1078,232,28,0.22904209792613983,0.8068398475646973,1.7536932229995728,0.6123957388655299,-1.409803056557572,4.5063120192911095,177.6
3,6,967,207,993,238,1051.1309814453125,963.1541137695312,546.8471069335938,980,222,968,212,12,0.02898786962032318,0.8056319147348404,1.7612902522087097,0.16851364436718086,-3.2495274574813493,10.514728045012589,177.97
3,7,903,206,931,241,1051.1309814453125,963.1541137695312,546.8471069335938,917,223,836,223,81,-0.06810221076011658,0.7897311687469483,1.6657289266586304,-0.06839870056182917,-0.47992951192984246,1.5577374881500132,169.16
3,8,940,192,966,222,1051.1309814453125,963.1541137695312,546.8471069335938,953,207,907,218,46,-0.01663393061608076,0.7903432041406632,1.7457510232925415,-0.02649760654316711,-0.8868459748187077,2.742972533481545,175.34
3,9,1029,198,1054,228,1051.1309814453125,963.1541137695312,546.8471069335938,1041,213,1030,218,11,0.12744282186031342,0.8005917608737946,1.7595362663269043,0.8495040148547808,-3.6431527909915284,11.470612412741007,176.45
4,0,1144,218,1171,250,1051.1309814453125,963.1541137695312,546.8471069335938,1157,234,1078,232,79,0.3073440194129944,0.7998836278915405,1.706942081451416,0.2945452010714137,-0.4753653317502367,1.5971738802550768,174.2
4,1,1030,213,1058,245,1051.1309814453125,963.1541137695312,546.8471069335938,1044,229,966,230,78,0.1274653971195221,0.8077901840209961,1.746390700340271,0.12441873376640333,-0.489154568276455,1.6176504684634752,175.61
4,2,1056,195,1078,225,1051.1309814453125,963.1541137695312,546.8471069335938,1067,210,994,210,73,0.1755651906132698,0.8079119563102722,1.7951689958572388,0.1707610790867875,-0.5539013393326532,1.728448445755494,180.81
4,3,1194,199,1222,238,1051.1309814453125,963.1541137695312,546.8471069335938,1208,218,1134,220,74,0.3887820839881897,0.8077788591384888,1.7453757524490356,0.39717650109525027,-0.5334389943731355,1.7050910343263659,177.83
4,4,986,183,1013,214,1051.1309814453125,963.1541137695312,546.8471069335938,999,198,931,199,68,0.0573588777333498,0.798218721151352,1.8561967611312866,0.06327801732538774,-0.6158127360704584,1.8555402432375157,185.54
4,5,902,207,930,241,1051.1309814453125,963.1541137695312,546.8471069335938,916,224,836,223,80,-0.07018668949604034,0.7888350129127503,1.6506966352462769,-0.07075417211208901,-0.48442814303572845,1.5772092067518884,165.77
4,6,1094,200,1118,238,1051.1309814453125,963.1541137695312,546.8471069335938,1106,219,1030,219,76,0.2273849993944168,0.805105009675026,1.737894356250763,0.22561948273993207,-0.5178216652651719,1.6602202176335668,176.5
4,7,967,207,993,237,1051.1309814453125,963.1541137695312,546.8471069335938,980,222,907,219,73,0.027747266925871372,0.8056722819805145,1.7663357257843018,0.027700873046659864,-0.5341688971202218,1.728448445755494,178.1
4,8,1029,199,1054,228,1051.1309814453125,963.1541137695312,546.8471069335938,1041,213,968,213,73,0.1258898377418518,0.7992000222206116,1.7517212629318237,0.12800745429318613,-0.5489682287795453,1.728448445755494,175.84
4,9,939,192,966,221,1051.1309814453125,963.1541137695312,546.8471069335938,952,206,882,205,70,-0.016765955835580826,0.792022654414177,1.7664987444877625,-0.01912755606349492,-0.5844993409302787,1.8025248077164437,176.44
5,0,1144,217,1171,250,1051.1309814453125,963.1541137695312,546.8471069335938,1157,233,1135,219,22,0.30765071511268616,0.7998936712741852,1.7056165933609009,1.0576850402109854,-1.7124500105330753,5.735306206370503,174.74
5,1,1030,213,1058,245,1051.1309814453125,963.1541137695312,546.8471069335938,1044,229,966,229,78,0.12936431914567947,0.8069748222827912,1.7348406910896301,0.12441873376640333,-0.489154568276455,1.6176504684634752,174.42
5,2,1056,195,1078,225,1051.1309814453125,963.1541137695312,546.8471069335938,1067,210,995,210,72,0.1719319149851799,0.8049483090639115,1.7859559655189514,0.17313276074077066,-0.5615944134900512,1.7524546741687648,179.79
5,4,902,206,931,240,1051.1309814453125,963.1541137695312,546.8471069335938,916,223,837,223,79,-0.06935825198888779,0.7890660554170609,1.6563785672187805,-0.0716497945438876,-0.49207962615591433,1.5971738802550768,167.04
5,5,1094,201,1118,238,1051.1309814453125,963.1541137695312,546.8471069335938,1106,219,1078,232,28,0.22692108154296875,0.8050226211547852,1.7390364408493042,0.6123957388655299,-1.405515948576895,4.5063120192911095,176.46
5,6,967,208,993,239,1051.1309814453125,963.1541137695312,546.8471069335938,980,223,907,219,73,0.026953212916851044,0.8039032757282257,1.7546366453170776,0.027700873046659864,-0.5325245269358525,1.728448445755494,175.07
5,7,988,182,1013,217,1051.1309814453125,963.1541137695312,546.8471069335938,1000,199,931,199,69,0.06314988434314728,0.7909546732902527,1.7924602031707764,0.06410064060268585,-0.605148217816409,1.8286483556543633,180.01
5,8,1085,185,1108,213,1051.1309814453125,963.1541137695312,546.8471069335938,1096,199,968,214,128,0.22550227493047714,0.7972758948802948,1.822793185710907,0.12458351916910361,-0.32621271116665795,0.9857557542199302,182.62
5,9,1029,198,1054,227,1051.1309814453125,963.1541137695312,546.8471069335938,1041,212,1031,218,10,0.12546921521425247,0.7967694044113159,1.7515668869018555,0.9344544163402588,-4.019471972436577,12.617673654015107,175.73
5,10,938,192,965,220,1051.1309814453125,963.1541137695312,546.8471069335938,951,206,881,205,70,-0.018027372658252716,0.7926264047622681,1.7782565355300903,-0.020842399255765743,-0.5844993409302787,1.8025248077164437,176.49
6,0,1143,217,1171,250,1051.1309814453125,963.1541137695312,546.8471069335938,1157,233,1078,232,79,0.3077305257320404,0.8001259356737137,1.7062658667564392,0.2945452010714137,-0.47688481305984376,1.5971738802550768,174.49
6,1,1030,213,1057,245,1051.1309814453125,963.1541137695312,546.8471069335938,1043,229,966,229,77,0.12790361791849136,0.804738798737526,1.7425057291984558,0.12447561312104549,-0.49550722500731803,1.638658916105858,174.52
6,2,1054,196,1077,226,1051.1309814453125,963.1541137695312,546.8471069335938,1065,211,995,210,70,0.1690443456172943,0.8043380618095398,1.7807446718215942,0.17464972466310819,-0.5759251249689246,1.8025248077164437,179.83
6,3,1193,200,1223,239,1051.1309814453125,963.1541137695312,546.8471069335938,1208,219,1135,220,73,0.39221125841140747,0.8118570983409882,1.7672524452209473,0.40261727508285644,-0.5391020076733296,1.728448445755494,179.89
6,4,1094,200,1118,238,1051.1309814453125,963.1541137695312,546.8471069335938,1106,219,1030,220,76,0.23011325299739838,0.8062837213277817,1.7574752569198608,0.22561948273993207,-0.5178216652651719,1.6602202176335668,178.72
6,5,966,207,993,238,1051.1309814453125,963.1541137695312,546.8471069335938,979,222,968,214,11,0.02727341838181019,0.8044538736343384,1.7528023719787598,0.17292042808611024,-3.5449390445251083,11.470612412741007,175.58
6,6,986,183,1013,214,1051.1309814453125,963.1541137695312,546.8471069335938,999,198,931,198,68,0.06406127661466599,0.7923240900039673,1.8101903200149536,0.06327801732538774,-0.6158127360704584,1.8555402432375157,181.47
6,7,903,206,931,240,1051.1309814453125,963.1541137695312,546.8471069335938,917,223,837,223,80,-0.07026943191885948,0.7881410956382752,1.665219485759735,-0.06925368431885204,-0.4859286308289654,1.5772092067518884,168.22
6,8,939,192,965,221,1051.1309814453125,963.1541137695312,546.8471069335938,952,206,906,218,46,-0.0178549662232399,0.7909533619880676,1.7643843293190002,-0.029107150531405317,-0.889455518806946,2.742972533481545,175.88
7,0,1144,217,1171,250,1051.1309814453125,963.1541137695312,546.8471069335938,1157,233,1135,220,22,0.3062182664871216,0.800624543428421,1.6986278295516968,1.0576850402109854,-1.7124500105330753,5.735306206370503,173.48
7,1,1056,195,1078,226,1051.1309814453125,963.1541137695312,546.8471069335938,1067,210,968,213,99,0.1729259043931961,0.8083986878395081,1.7957758903503418,0.12591473508419684,-0.40843230072003717,1.2745124903045562,181.13
7,2,1030,213,1057,244,1051.1309814453125,963.1541137695312,546.8471069335938,1043,228,966,229,77,0.12799009680747986,0.8043581783771515,1.7270759344100952,0.12447561312104549,-0.4970661733639279,1.638658916105858,173.63
7,4,987,183,1013,214,1051.1309814453125,963.1541137695312,546.8471069335938,1000,198,994,210,6,0.06330863386392593,0.7894569128751755,1.8019439578056335,0.7371573669308873,-6.979211008798529,21.029456090025178,180.86
7,5,903,207,930,240,1051.1309814453125,963.1541137695312,546.8471069335938,916,223,837,222,79,-0.06995516270399094,0.7890655934810639,1.6576671600341797,-0.0716497945438876,-0.49207962615591433,1.5971738802550768,166.0
7,6,966,207,993,237,1051.1309814453125,963.1541137695312,546.8471069335938,979,222,906,218,73,0.028686215169727802,0.8051307737827301,1.7514214515686035,0.026056502862290585,-0.5341688971202218,1.728448445755494,176.11
7,7,1094,200,1118,238,1051.1309814453125,963.1541137695312,546.8471069335938,1106,219,1078,232,28,0.2271881401538849,0.8050648510456085,1.7441623210906982,0.6123957388655299,-1.405515948576895,4.5063120192911095,176.46
7,9,916,184,941,214,1051.1309814453125,963.1541137695312,546.8471069335938,928,199,931,198,3,-0.08664059638977051,0.8136391878128052,1.9949111938476562,-1.4066218291532095,-13.918409009777406,42.058912180050356,199.11
7,10,1029,199,1054,228,1051.1309814453125,963.1541137695312,546.8471069335938,1041,213,1030,218,11,0.12481527030467987,0.7953648507595062,1.741594910621643,0.8495040148547808,-3.6431527909915284,11.470612412741007,174.83
7,11,940,192,966,220,1051.1309814453125,963.1541137695312,546.8471069335938,953,206,881,205,72,-0.016681463457643986,0.7917812705039978,1.7734824419021606,-0.016929026402578984,-0.5682632481266598,1.7524546741687648,176.55
8,0,1143,217,1171,250,1051.1309814453125,963.1541137695312,546.8471069335938,1157,233,1078,233,79,0.30537497997283936,0.8005762338638306,1.6971340775489807,0.2945452010714137,-0.47688481305984376,1.5971738802550768,173.21
8,1,1056,195,1078,226,1051.1309814453125,963.1541137695312,546.8471069335938,1067,210,994,210,73,0.1751822754740715,0.8081385284662247,1.7919847965240479,0.1707610790867875,-0.5539013393326532,1.728448445755494,180.68
8,2,1193,200,1223,239,1051.1309814453125,963.1541137695312,546.8471069335938,1208,219,1134,220,74,0.3905792683362961,0.8088194370269776,1.7327446937561035,0.39717650109525027,-0.5318168454074739,1.7050910343263659,177.98
8,3,1030,212,1059,244,1051.1309814453125,963.1541137695312,546.8471069335938,1044,228,966,229,78,0.12997963279485703,0.8090141952037812,1.7425158619880676,0.12441873376640333,-0.4906935301156724,1.6176504684634752,175.47
8,4,986,183,1013,214,1051.1309814453125,963.1541137695312,546.8471069335938,999,198,931,199,68,0.05964777432382107,0.7942598104476929,1.830344796180725,0.06327801732538774,-0.6158127360704584,1.8555402432375157,183.34
8,5,1094,200,1118,238,1051.1309814453125,963.1541137695312,546.8471069335938,1106,219,1030,217,76,0.22815465927124023,0.8057099521160126,1.7417659759521484,0.22561948273993207,-0.5178216652651719,1.6602202176335668,176.37
8,6,903,207,931,240,1051.1309814453125,963.1541137695312,546.8471069335938,917,223,837,223,80,-0.0685032531619072,0.7950339257717133,1.7017932534217834,-0.06925368431885204,-0.4859286308289654,1.5772092067518884,171.28
8,7,966,207,993,237,1051.1309814453125,963.1541137695312,546.8471069335938,979,222,968,214,11,0.027696537785232067,0.8055219143629074,1.7613216042518616,0.17292042808611024,-3.5449390445251083,11.470612412741007,177.56
8,8,938,192,965,221,1051.1309814453125,963.1541137695312,546.8471069335938,951,206,906,218,45,-0.018296421505510807,0.7934688121080399,1.7692146301269531,-0.032421509953413384,-0.9092211970026559,2.803927478670024,177.1
9,0,1143,216,1171,250,1051.1309814453125,963.1541137695312,546.8471069335938,1157,233,1134,222,23,0.31962892413139343,0.8046353548765183,1.7364121079444885,1.0116987341148556,-1.6379956622490288,5.48594506696309,177.32
9,1,1055,194,1078,225,1051.1309814453125,963.1541137695312,546.8471069335938,1066,209,995,210,71,0.17193306982517242,0.8059008359909058,1.7910416722297668,0.1738805598574159,-0.5711948844329949,1.7771371343683249,180.16
9,2,1030,213,1058,245,1051.1309814453125,963.1541137695312,546.8471069335938,1044,229,1030,221,14,0.12954352051019669,0.8079549759626389,1.7573163509368896,0.6931900881271044,-2.725289737540249,9.012624038582219,177.06
9,3,986,182,1013,214,1051.1309814453125,963.1541137695312,546.8471069335938,999,198,931,198,68,0.06455506756901741,0.7978428989648819,1.8391688466072083,0.06327801732538774,-0.6158127360704584,1.8555402432375157,184.69
9,5,1094,201,1118,239,1051.1309814453125,963.1541137695312,546.8471069335938,1106,220,1078,233,28,0.22979950904846191,0.8023340344429016,1.7626113891601562,0.6123957388655299,-1.401228840596218,4.5063120192911095,178.38
9,6,903,206,931,240,1051.1309814453125,963.1541137695312,546.8471069335938,917,223,836,222,81,-0.06897732615470886,0.7949207961559296,1.7087818384170532,-0.06839870056182917,-0.47992951192984246,1.5577374881500132,172.35
9,7,966,206,993,238,1051.1309814453125,963.1541137695312,546.8471069335938,979,222,965,229,14,0.02769150398671627,0.8071734845638275,1.7631523609161377,0.13586605063908663,-2.785309249269728,9.012624038582219,177.3
9,8,1029,198,1054,228,1051.1309814453125,963.1541137695312,546.8471069335938,1041,213,968,214,73,0.12606556713581085,0.8012996852397919,1.7637944221496582,0.12800745429318613,-0.5489682287795453,1.728448445755494,177.51
9,9,938,192,965,221,1051.1309814453125,963.1541137695312,546.8471069335938,951,206,906,217,45,-0.01838370133191347,0.7953243046998978,1.7775408625602722,-0.032421509953413384,-0.9092211970026559,2.803927478670024,177.94
10,0,1143,218,1171,250,1051.1309814453125,963.1541137695312,546.8471069335938,1157,234,1078,233,79,0.30417272448539734,0.8073804020881653,1.706929087638855,0.2945452010714137,-0.4753653317502367,1.5971738802550768,176.44
10,1,1030,213,1058,244,1051.1309814453125,963.1541137695312,546.8471069335938,1044,228,966,230,78,0.13084738701581955,0.8117166101932526,1.7617806196212769,0.12441873376640333,-0.4906935301156724,1.6176504684634752,177.76
10,2,1056,196,1078,225,1051.1309814453125,963.1541137695312,546.8471069335938,1067,210,994,210,73,0.17181513458490372,0.8081776291131973,1.7985102534294128,0.1707610790867875,-0.5539013393326532,1.728448445755494,181.17
10,3,1193,200,1222,238,1051.1309814453125,963.1541137695312,546.8471069335938,1207,219,1134,221,73,0.39515799283981323,0.8130314886569977,1.764738917350769,0.4009729048984872,-0.5391020076733296,1.728448445755494,180.28
10,4,967,207,993,238,1051.1309814453125,963.1541137695312,546.8471069335938,980,222,906,217,74,0.027741056866943836,0.8075246453285218,1.7650141716003418,0.02732653692440771,-0.5269503985104891,1.7050910343263659,178.75
10,5,1095,202,1118,238,1051.1309814453125,963.1541137695312,546.8471069335938,1106,220,1030,220,76,0.23010937869548798,0.8064420163631439,1.7531664371490479,0.22561948273993207,-0.5162422044301856,1.6602202176335668,178.34
10,6,986,183,1013,214,1051.1309814453125,963.1541137695312,546.8471069335938,999,198,932,198,67,0.05983560159802437,0.794131749868393,1.825513243675232,0.06422246534516965,-0.6250039709371817,1.883234873733598,183.18
10,7,903,206,931,240,1051.1309814453125,963.1541137695312,546.8471069335938,917,223,837,223,80,-0.06780317425727844,0.7927563428878784,1.6820636987686157,-0.06925368431885204,-0.4859286308289654,1.5772092067518884,169.76
10,8,1084,185,1108,213,1051.1309814453125,963.1541137695312,546.8471069335938,1096,199,968,212,128,0.2309216931462288,0.8041754305362702,1.8512636423110962,0.12458351916910361,-0.32621271116665795,0.9857557542199302,184.86
10,9,939,193,966,221,1051.1309814453125,963.1541137695312,546.8471069335938,952,207,882,206,70,-0.01850549690425396,0.7940183073282242,1.7753279209136963,-0.01912755606349492,-0.5827844977380079,1.8025248077164437,177.44
11,0,1143,217,1171,250,1051.1309814453125,963.1541137695312,546.8471069335938,1157,233,1135,221,22,0.3068784028291702,0.7996798992156983,1.7047902941703796,1.0576850402109854,-1.7124500105330753,5.735306206370503,174.68
11,1,1030,213,1058,244,1051.1309814453125,963.1541137695312,546.8471069335938,1044,228,966,229,78,0.12862525880336761,0.805372679233551,1.7532271146774292,0.12441873376640333,-0.4906935301156724,1.6176504684634752,175.74
11,3,1056,195,1078,225,1051.1309814453125,963.1541137695312,546.8471069335938,1067,210,994,209,73,0.17123571783304214,0.8049594700336457,1.7870710492134094,0.1707610790867875,-0.5539013393326532,1.728448445755494,179.98
11,4,966,207,993,238,1051.1309814453125,963.1541137695312,546.8471069335938,979,222,906,217,73,0.027700146660208702,0.8067357778549195,1.7644646167755127,0.026056502862290585,-0.5341688971202218,1.728448445755494,178.2
11,5,903,206,931,240,1051.1309814453125,963.1541137695312,546.8471069335938,917,223,837,222,80,-0.07030198723077774,0.7909674435853958,1.6647786498069763,-0.06925368431885204,-0.4859286308289654,1.5772092067518884,167.89
11,6,986,184,1013,215,1051.1309814453125,963.1541137695312,546.8471069335938,999,199,931,199,68,0.05999571084976196,0.795541250705719,1.8276348114013672,0.06327801732538774,-0.614047456313709,1.8555402432375157,183.37
11,7,1094,201,1118,238,1051.1309814453125,963.1541137695312,546.8471069335938,1106,219,1078,233,28,0.22861593216657639,0.8058634638786316,1.751868486404419,0.6123957388655299,-1.405515948576895,4.5063120192911095,178.33
11,8,938,192,965,221,1051.1309814453125,963.1541137695312,546.8471069335938,951,206,882,205,69,-0.0183205371722579,0.7938272446393967,1.7710523009300232,-0.021144463013095683,-0.5929703458712973,1.8286483556543633,177.13
11,9,1028,198,1054,227,1051.1309814453125,963.1541137695312,546.8471069335938,1041,212,1030,218,11,0.1258167177438736,0.7957130014896393,1.7713431119918823,0.8495040148547808,-3.654065429487797,11.470612412741007,179.91
12,0,1144,217,1171,250,1051.1309814453125,963.1541137695312,546.8471069335938,1157,233,1135,219,22,0.30863943696022034,0.8012121707201004,1.7140812873840332,1.0576850402109854,-1.7124500105330753,5.735306206370503,174.84
12,1,1030,212,1058,245,1051.1309814453125,963.1541137695312,546.8471069335938,1044,228,966,229,78,0.12734507024288177,0.8086711704730988,1.7505667209625244,0.12441873376640333,-0.4906935301156724,1.6176504684634752,176.28
12,2,1056,195,1078,226,1051.1309814453125,963.1541137695312,546.8471069335938,1067,210,1030,217,37,0.17552489787340164,0.8089236855506897,1.7964485883712769,0.33690699387393214,-1.0928323721968565,3.4101820686527318,181.37
12,4,967,207,993,238,1051.1309814453125,963.1541137695312,546.8471069335938,980,222,968,213,12,0.027667799033224583,0.8060392081737519,1.7637699246406555,0.16851364436718086,-3.2495274574813493,10.514728045012589,178.78
12,5,986,183,1013,214,1051.1309814453125,963.1541137695312,546.8471069335938,999,198,931,198,68,0.05901936814188957,0.7978198766708374,1.847269058227539,0.06327801732538774,-0.6158127360704584,1.8555402432375157,185.61
12,6,1094,200,1118,238,1051.1309814453125,963.1541137695312,546.8471069335938,1106,219,1078,232,28,0.22793718427419662,0.8063056856393814,1.747104823589325,0.6123957388655299,-1.405515948576895,4.5063120192911095,177.66
12,7,903,207,931,240,1051.1309814453125,963.1541137695312,546.8471069335938,917,223,837,223,80,-0.06815412640571594,0.7927106708288193,1.6822368502616882,-0.06925368431885204,-0.4859286308289654,1.5772092067518884,170.21
12,8,1085,185,1109,214,1051.1309814453125,963.1541137695312,546.8471069335938,1097,199,994,209,103,0.2241417020559311,0.8025808274745941,1.8423725366592407,0.15598766482625456,-0.40539055368283705,1.2250168596131172,185.76
12,9,939,193,966,221,1051.1309814453125,963.1541137695312,546.8471069335938,952,207,906,218,46,-0.016717412509024143,0.7945012092590332,1.7794765830039978,-0.029107150531405317,-0.8868459748187077,2.742972533481545,178.1
13,0,1143,217,1171,250,1051.1309814453125,963.1541137695312,546.8471069335938,1157,233,1078,232,79,0.30607859790325165,0.8012342691421509,1.6992209553718567,0.2945452010714137,-0.47688481305984376,1.5971738802550768,173.84
13,1,1030,213,1058,245,1051.1309814453125,963.1541137695312,546.8471069335938,1044,229,966,229,78,0.1265554428100586,0.8056974649429322,1.747110366821289,0.12441873376640333,-0.489154568276455,1.6176504684634752,175.13
13,2,1055,195,1078,225,1051.1309814453125,963.1541137695312,546.8471069335938,1066,210,994,209,72,0.16872891783714294,0.8029509723186493,1.778998613357544,0.17146555208161846,-0.5615944134900512,1.7524546741687648,179.81
13,3,1193,201,1223,239,1051.1309814453125,963.1541137695312,546.8471069335938,1208,220,1135,221,73,0.3933594524860382,0.8089539349079132,1.7489416599273682,0.40261727508285644,-0.5374576374889604,1.728448445755494,178.64
13,4,967,206,993,238,1051.1309814453125,963.1541137695312,546.8471069335938,980,222,906,217,74,0.027523956261575222,0.8052860140800476,1.7616543173789978,0.02732653692440771,-0.5269503985104891,1.7050910343263659,178.39
13,5,987,183,1013,214,1051.1309814453125,963.1541137695312,546.8471069335938,1000,198,932,198,68,0.06310861557722092,0.7927898854017258,1.822990357875824,0.06504329708213712,-0.6158127360704584,1.8555402432375157,182.81
13,6,1093,199,1118,237,1051.1309814453125,963.1541137695312,546.8471069335938,1105,218,1030,219,75,0.2279079407453537,0.806048983335495,1.7455461025238037,0.2270272221970117,-0.5263264744481603,1.6823564872020143,179.75
13,7,903,208,931,241,1051.1309814453125,963.1541137695312,546.8471069335938,917,224,882,205,35,-0.06748791038990021,0.7902948200702667,1.6716054677963257,-0.15829413558594752,-1.1072643269388078,3.6050496154328875,168.53
14,0,1144,217,1171,250,1051.1309814453125,963.1541137695312,546.8471069335938,1157,233,1135,220,22,0.30578821897506714,0.8014433920383454,1.6945730447769165,1.0576850402109854,-1.7124500105330753,5.735306206370503,173.08
14,1,1030,213,1058,245,1051.1309814453125,963.1541137695312,546.8471069335938,1044,229,966,229,78,0.12803295254707336,0.8111989587545395,1.7645341753959656,0.12441873376640333,-0.489154568276455,1.6176504684634752,177.28
14,2,1056,195,1078,226,1051.1309814453125,963.1541137695312,546.8471069335938,1067,210,968,214,99,0.17336446046829224,0.8078484475612641,1.7941770553588867,0.12591473508419684,-0.40843230072003717,1.2745124903045562,180.85
14,4,986,183,1014,214,1051.1309814453125,963.1541137695312,546.8471069335938,1000,198,995,210,5,0.058048391714692116,0.7971866667270661,1.874653697013855,0.8845888403170648,-8.375053210558235,25.235347308030214,189.33
14,5,967,206,993,237,1051.1309814453125,963.1541137695312,546.8471069335938,980,221,906,218,74,0.027608895674347878,0.8054107367992401,1.7646697759628296,0.02732653692440771,-0.5285725474761508,1.7050910343263659,178.79
14,6,903,207,931,240,1051.1309814453125,963.1541137695312,546.8471069335938,917,223,837,223,80,-0.0657864585518837,0.7901141285896301,1.6605298519134521,-0.06925368431885204,-0.4859286308289654,1.5772092067518884,169.37
14,7,1094,201,1118,238,1051.1309814453125,963.1541137695312,546.8471069335938,1106,219,1078,232,28,0.22720542550086975,0.8059838354587555,1.7421692609786987,0.6123957388655299,-1.405515948576895,4.5063120192911095,176.84
14,8,916,182,941,213,1051.1309814453125,963.1541137695312,546.8471069335938,928,197,931,198,3,-0.06904281303286552,0.8024434387683869,1.8944684863090515,-1.4066218291532095,-13.998435025416711,42.058912180050356,186.7
14,9,1029,198,1054,228,1051.1309814453125,963.1541137695312,546.8471069335938,1041,213,1030,220,11,0.12441432476043701,0.7997433185577393,1.7657341957092285,0.8495040148547808,-3.6431527909915284,11.470612412741007,177.45
15,0,1144,217,1171,250,1051.1309814453125,963.1541137695312,546.8471069335938,1157,233,1078,233,79,0.3131226599216461,0.8048548042774201,1.7261629104614258,0.2945452010714137,-0.47688481305984376,1.5971738802550768,176.56
15,1,1030,212,1058,244,1051.1309814453125,963.1541137695312,546.8471069335938,1044,228,966,229,78,0.12805037200450897,0.806333327293396,1.7437409162521362,0.12441873376640333,-0.4906935301156724,1.6176504684634752,175.1
15,2,1193,199,1222,238,1051.1309814453125,963.1541137695312,546.8471069335938,1207,218,1135,220,72,0.3917621821165085,0.8085793942213059,1.7510698437690735,0.40654197302207723,-0.5482567442168336,1.7524546741687648,178.35
15,3,1055,194,1078,225,1051.1309814453125,963.1541137695312,546.8471069335938,1066,209,994,210,72,0.17173883318901062,0.8067317247390747,1.7934991121292114,0.17146555208161846,-0.5632616221492033,1.7524546741687648,180.33
15,4,1094,199,1118,238,1051.1309814453125,963.1541137695312,546.8471069335938,1106,218,1030,219,76,0.22862739861011505,0.8061015993356705,1.7459970712661743,0.22561948273993207,-0.5194011261001582,1.6602202176335668,177.37
15,5,966,207,993,238,1051.1309814453125,963.1541137695312,546.8471069335938,979,222,968,214,11,0.028949100524187088,0.8054593592882157,1.750507652759552,0.17292042808611024,-3.5449390445251083,11.470612412741007,175.6
15,6,986,183,1013,214,1051.1309814453125,963.1541137695312,546.8471069335938,999,198,931,198,68,0.0640830509364605,0.7923917263746262,1.8174390196800232,0.06327801732538774,-0.6158127360704584,1.8555402432375157,182.16
15,7,903,208,931,240,1051.1309814453125,963.1541137695312,546.8471069335938,917,224,837,223,80,-0.06633310765028,0.7901254534721375,1.6660293340682983,-0.06925368431885204,-0.48442814303572845,1.5772092067518884,168.67
15,8,916,184,941,214,1051.1309814453125,963.1541137695312,546.8471069335938,928,199,882,206,46,-0.06604830175638199,0.7878715634346009,1.7886165380477905,-0.09173620624912236,-0.9077223267246135,2.742972533481545,182.16
15,9,940,192,966,221,1051.1309814453125,963.1541137695312,546.8471069335938,953,206,906,218,47,-0.016721338964998722,0.7917446732521057,1.7673877477645874,-0.02593382768054653,-0.8705309333004152,2.684611415747895,176.42
16,0,1144,218,1171,250,1051.1309814453125,963.1541137695312,546.8471069335938,1157,234,1135,221,22,0.31020738184452057,0.7995032906532288,1.7067591547966003,1.0576850402109854,-1.7069936912849408,5.735306206370503,174.2
16,1,1055,195,1077,225,1051.1309814453125,963.1541137695312,546.8471069335938,1066,210,1030,221,36,0.17047766596078873,0.8055314958095551,1.7891790866851807,0.3429311041632369,-1.1231888269801025,3.5049093483375295,179.93
16,2,1030,212,1057,244,1051.1309814453125,963.1541137695312,546.8471069335938,1043,228,966,229,77,0.12877461314201355,0.8044847786426544,1.7467215061187744,0.12447561312104549,-0.4970661733639279,1.638658916105858,175.2
16,4,987,183,1013,214,1051.1309814453125,963.1541137695312,546.8471069335938,1000,198,994,210,6,0.06109202466905117,0.7962258696556092,1.8825843334197998,0.7371573669308873,-6.979211008798529,21.029456090025178,189.37
16,5,968,203,993,237,1051.1309814453125,963.1541137695312,546.8471069335938,980,220,906,218,74,0.02798108570277691,0.8035094380378723,1.763625681400299,0.02732653692440771,-0.5301946964418123,1.7050910343263659,178.88
16,6,1094,202,1118,238,1051.1309814453125,963.1541137695312,546.8471069335938,1106,220,1078,233,28,0.2270970493555069,0.8051817059516907,1.7408536076545715,0.6123957388655299,-1.401228840596218,4.5063120192911095,177.98
16,7,903,206,930,240,1051.1309814453125,963.1541137695312,546.8471069335938,916,223,837,223,79,-0.06711734086275101,0.789577329158783,1.6467376351356506,-0.0716497945438876,-0.49207962615591433,1.5971738802550768,165.04
16,8,917,183,941,214,1051.1309814453125,963.1541137695312,546.8471069335938,929,198,931,198,2,-0.08278538659214973,0.8160322546958924,1.979624092578888,-2.0499132320003355,-20.937633026395588,63.088368270075534,198.44
16,9,1085,185,1108,214,1051.1309814453125,963.1541137695312,546.8471069335938,1096,199,968,214,128,0.21889007091522217,0.7994592428207398,1.8351960182189941,0.12458351916910361,-0.32621271116665795,0.9857557542199302,186.25
16,10,939,192,965,221,1051.1309814453125,963.1541137695312,546.8471069335938,952,206,881,206,71,-0.01627222914248705,0.7919163346290589,1.7796935439109802,-0.01885815386541753,-0.5762669558467537,1.7771371343683249,176.92
17,0,1144,218,1171,250,1051.1309814453125,963.1541137695312,546.8471069335938,1157,234,1078,232,79,0.3099081218242645,0.8021238684654236,1.7230515480041504,0.2945452010714137,-0.4753653317502367,1.5971738802550768,175.88
17,1,1030,213,1057,245,1051.1309814453125,963.1541137695312,546.8471069335938,1043,229,966,230,77,0.1266389787197113,0.8034510850906372,1.7266669273376465,0.12447561312104549,-0.49550722500731803,1.638658916105858,173.34
17,2,1194,201,1222,239,1051.1309814453125,963.1541137695312,546.8471069335938,1208,220,1134,220,74,0.3947362005710602,0.8103094637393952,1.7489075660705566,0.39717650109525027,-0.5301946964418123,1.7050910343263659,178.79
17,3,1055,195,1077,226,1051.1309814453125,963.1541137695312,546.8471069335938,1066,210,995,210,71,0.16804474592208862,0.80111443400383,1.770685076713562,0.1738805598574159,-0.569504193961742,1.7771371343683249,178.08
17,4,986,183,1013,214,1051.1309814453125,963.1541137695312,546.8471069335938,999,198,931,199,68,0.05760664865374565,0.7972706198692322,1.8501349687576294,0.06327801732538774,-0.6158127360704584,1.8555402432375157,183.79
17,5,903,206,931,240,1051.1309814453125,963.1541137695312,546.8471069335938,917,223,906,218,11,-0.06712880730628967,0.7880463540554047,1.6537435054779053,-0.5036631586825603,-3.5340264060288393,11.470612412741007,168.22
17,6,1094,201,1118,238,1051.1309814453125,963.1541137695312,546.8471069335938,1106,219,1030,220,76,0.2305114045739174,0.8026097506284714,1.754547119140625,0.22561948273993207,-0.5178216652651719,1.6602202176335668,177.91
17,7,967,207,993,237,1051.1309814453125,963.1541137695312,546.8471069335938,980,222,837,222,143,0.028239941224455833,0.8021225571632385,1.7575986981391907,0.014141005121721473,-0.2726876188096237,0.8823548009800775,176.47
17,8,939,193,965,221,1051.1309814453125,963.1541137695312,546.8471069335938,952,207,882,206,70,-0.017679929733276367,0.7898338973522187,1.76484614610672,-0.01912755606349492,-0.5827844977380079,1.8025248077164437,175.79
17,9,1029,198,1053,228,1051.1309814453125,963.1541137695312,546.8471069335938,1041,213,968,214,73,0.1257181316614151,0.7959751725196839,1.743449628353119,0.12800745429318613,-0.5489682287795453,1.728448445755494,174.47
18,0,1143,217,1171,250,1051.1309814453125,963.1541137695312,546.8471069335938,1157,233,1078,233,79,0.30666106939315796,0.8034678637981415,1.738876223564148,0.2945452010714137,-0.47688481305984376,1.5971738802550768,176.4
18,1,1030,212,1057,244,1051.1309814453125,963.1541137695312,546.8471069335938,1043,228,966,229,77,0.1285281479358673,0.8057552516460419,1.7288892269134521,0.12447561312104549,-0.4970661733639279,1.638658916105858,173.96
18,2,1056,196,1078,226,1051.1309814453125,963.1541137695312,546.8471069335938,1067,211,994,210,73,0.1742810234427452,0.8117087423801422,1.8088417053222656,0.1707610790867875,-0.5522569691482839,1.728448445755494,182.36
18,3,1193,199,1223,238,1051.1309814453125,963.1541137695312,546.8471069335938,1208,218,1135,220,73,0.3912676274776459,0.8099483191967011,1.7501765489578247,0.40261727508285644,-0.540746377857699,1.728448445755494,178.5
18,4,966,207,993,239,1051.1309814453125,963.1541137695312,546.8471069335938,979,223,968,212,11,0.02606388460844755,0.8043290168046952,1.7608259916305542,0.17292042808611024,-3.5340264060288393,11.470612412741007,176.84
18,5,1094,201,1118,239,1051.1309814453125,963.1541137695312,546.8471069335938,1106,220,1030,218,76,0.2295021042227745,0.8069768935441971,1.7560287714004517,0.22561948273993207,-0.5162422044301856,1.6602202176335668,178.92
18,6,902,207,931,240,1051.1309814453125,963.1541137695312,546.8471069335938,916,223,906,219,10,-0.06825076043605804,0.787827605009079,1.6627073287963867,-0.5660333768967121,-3.8874290466317234,12.617673654015107,168.34
18,7,988,182,1014,218,1051.1309814453125,963.1541137695312,546.8471069335938,1001,200,931,199,70,0.06252361834049225,0.7903139382600785,1.7872678637504578,0.06489976035777545,-0.5947884000839037,1.8025248077164437,180.12
18,8,938,193,966,222,1051.1309814453125,963.1541137695312,546.8471069335938,952,207,883,205,69,-0.01164473220705986,0.7947619497776032,1.7902336120605469,-0.019404767020936877,-0.5912306498791385,1.8286483556543633,180.07
19,0,1143,217,1171,250,1051.1309814453125,963.1541137695312,546.8471069335938,1157,233,1078,232,79,0.30804915726184845,0.8026840031147003,1.7075487971305847,0.2945452010714137,-0.47688481305984376,1.5971738802550768,174.58
19,1,1030,213,1058,245,1051.1309814453125,963.1541137695312,546.8471069335938,1044,229,966,229,78,0.12785057723522186,0.808911406993866,1.7589279413223267,0.12441873376640333,-0.489154568276455,1.6176504684634752,176.81
19,2,1055,194,1078,225,1051.1309814453125,963.1541137695312,546.8471069335938,1066,209,882,206,184,0.16972821950912476,0.8050626158714295,1.7921395897865295,0.06709521603193766,-0.22040672171055786,0.6857431333703863,180.56
19,3,1194,199,1222,238,1051.1309814453125,963.1541137695312,546.8471069335938,1208,218,1134,220,74,0.39261171221733093,0.8067968428134918,1.739593505859375,0.39717650109525027,-0.5334389943731355,1.7050910343263659,177.58
19,4,1094,199,1118,238,1051.1309814453125,963.1541137695312,546.8471069335938,1106,218,1030,218,76,0.23097851127386093,0.8011370688676834,1.7363064289093018,0.22561948273993207,-0.5194011261001582,1.6602202176335668,176.06
19,5,986,183,1013,214,1051.1309814453125,963.1541137695312,546.8471069335938,999,198,931,198,68,0.05100397765636444,0.796520659327507,1.875964879989624,0.06327801732538774,-0.6158127360704584,1.8555402432375157,188.34
19,6,903,206,931,241,1051.1309814453125,963.1541137695312,546.8471069335938,917,223,906,217,11,-0.0654483512043953,0.7866671770811081,1.6428231596946716,-0.5036631586825603,-3.5340264060288393,11.470612412741007,165.01
19,7,966,206,993,237,1051.1309814453125,963.1541137695312,546.8471069335938,979,221,968,214,11,0.026173618622124195,0.8038868695497513,1.7617143988609314,0.17292042808611024,-3.5558516830213773,11.470612412741007,177.7
19,8,1029,198,1054,228,1051.1309814453125,963.1541137695312,546.8471069335938,1041,213,994,210,47,0.1213846430182457,0.7986365795135498,1.765218734741211,0.1988200885830338,-0.8526527808703577,2.684611415747895,177.74
20,0,1143,217,1171,249,1051.1309814453125,963.1541137695312,546.8471069335938,1157,233,1078,232,79,0.3080206513404846,0.8000489711761475,1.7081234455108643,0.2945452010714137,-0.47688481305984376,1.5971738802550768,174.84
20,1,1031,213,1058,245,1051.1309814453125,963.1541137695312,546.8471069335938,1044,229,966,230,78,0.12860258668661118,0.8067669957876206,1.7469723224639893,0.12441873376640333,-0.489154568276455,1.6176504684634752,175.76
20,2,1055,196,1077,226,1051.1309814453125,963.1541137695312,546.8471069335938,1066,211,994,210,72,0.17135165631771088,0.8079770743846894,1.7959068417549133,0.17146555208161846,-0.559927204830899,1.7524546741687648,180.93
20,3,1193,201,1223,238,1051.1309814453125,963.1541137695312,546.8471069335938,1208,219,1134,219,74,0.39121095836162567,0.8098844230175019,1.7429276704788208,0.39717650109525027,-0.5318168454074739,1.7050910343263659,179.0
20,4,987,182,1013,214,1051.1309814453125,963.1541137695312,546.8471069335938,1000,198,932,198,68,0.060015689581632614,0.793104150891304,1.8222776651382446,0.06504329708213712,-0.6158127360704584,1.8555402432375157,183.49
20,5,902,206,931,240,1051.1309814453125,963.1541137695312,546.8471069335938,916,223,837,223,79,-0.06944078579545021,0.7920181691646576,1.6775288581848145,-0.0716497945438876,-0.49207962615591433,1.5971738802550768,171.67
20,6,967,206,993,237,1051.1309814453125,963.1541137695312,546.8471069335938,980,221,906,217,74,0.027533257380127907,0.8043005108833313,1.7616132497787476,0.02732653692440771,-0.5285725474761508,1.7050910343263659,178.26
20,7,1094,200,1117,237,1051.1309814453125,963.1541137695312,546.8471069335938,1105,218,1030,219,75,0.22671498358249664,0.8052289724349976,1.743632435798645,0.2270272221970117,-0.5263264744481603,1.6823564872020143,177.37
20,8,1029,198,1054,226,1051.1309814453125,963.1541137695312,546.8471069335938,1041,212,882,206,159,0.1221674382686615,0.7957763314247132,1.7552788257598877,0.05877071800882132,-0.25279697939852686,0.7935643807556672,176.39
21,0,1143,217,1171,250,1051.1309814453125,963.1541137695312,546.8471069335938,1157,233,1078,232,79,0.3111400008201599,0.8202086925506592,1.8069283962249756,0.2945452010714137,-0.47688481305984376,1.5971738802550768,180.95
21,1,1030,213,1058,244,1051.1309814453125,963.1541137695312,546.8471069335938,1044,228,966,229,78,0.12740367650985718,0.8074457734823227,1.7529429197311401,0.12441873376640333,-0.4906935301156724,1.6176504684634752,176.1
21,2,1056,195,1078,225,1051.1309814453125,963.1541137695312,546.8471069335938,1067,210,994,210,73,0.17296309769153595,0.8079463630914688,1.7980465292930603,0.1707610790867875,-0.5539013393326532,1.728448445755494,181.66
21,3,1193,200,1222,239,1051.1309814453125,963.1541137695312,546.8471069335938,1207,219,1134,220,73,0.3915424793958664,0.8097065329551697,1.754741907119751,0.4009729048984872,-0.5391020076733296,1.728448445755494,178.76
21,4,986,182,1013,214,1051.1309814453125,963.1541137695312,546.8471069335938,999,198,932,198,67,0.058338411152362823,0.7995663523674011,1.86221182346344,0.06422246534516965,-0.6250039709371817,1.883234873733598,186.9
21,5,967,207,993,237,1051.1309814453125,963.1541137695312,546.8471069335938,980,222,968,214,12,0.02753331884741783,0.8057505577802658,1.7667474150657654,0.16851364436718086,-3.2495274574813493,10.514728045012589,178.83
21,6,1094,201,1118,238,1051.1309814453125,963.1541137695312,546.8471069335938,1106,219,1030,219,76,0.23492956161499023,0.8100899994373322,1.787259042263031,0.22561948273993207,-0.5178216652651719,1.6602202176335668,183.84
21,7,902,207,931,240,1051.1309814453125,963.1541137695312,546.8471069335938,916,223,906,218,10,-0.06915569677948952,0.7922463953495026,1.6893678307533264,-0.5660333768967121,-3.8874290466317234,12.617673654015107,170.24
22,0,1143,217,1171,250,1051.1309814453125,963.1541137695312,546.8471069335938,1157,233,1078,233,79,0.30677661299705505,0.7996275961399079,1.7034194469451904,0.2945452010714137,-0.47688481305984376,1.5971738802550768,174.73
22,1,1055,194,1077,225,1051.1309814453125,963.1541137695312,546.8471069335938,1066,209,993,210,73,0.1743582934141159,0.8090985357761383,1.8008517026901245,0.1691167089024182,-0.5555457095170224,1.728448445755494,181.02
22,2,1030,212,1058,244,1051.1309814453125,963.1541137695312,546.8471069335938,1044,228,966,229,78,0.125911682844162,0.8053842127323151,1.7335050106048584,0.12441873376640333,-0.4906935301156724,1.6176504684634752,174.35
22,3,986,183,1013,214,1051.1309814453125,963.1541137695312,546.8471069335938,999,198,932,199,67,0.06211458705365658,0.7901059329509735,1.808064579963684,0.06422246534516965,-0.6250039709371817,1.883234873733598,182.12
22,4,1194,201,1223,239,1051.1309814453125,963.1541137695312,546.8471069335938,1208,220,1135,219,73,0.3957730829715729,0.8121603965759278,1.7348486185073853,0.40261727508285644,-0.5374576374889604,1.728448445755494,179.28
22,5,1094,201,1118,238,1051.1309814453125,963.1541137695312,546.8471069335938,1106,219,1030,219,76,0.22782064229249954,0.8047721475362778,1.735058844089508,0.22561948273993207,-0.5178216652651719,1.6602202176335668,175.77
22,6,966,207,992,238,1051.1309814453125,963.1541137695312,546.8471069335938,979,222,968,213,11,0.025644350796937943,0.8061936438083649,1.753240704536438,0.17292042808611024,-3.5449390445251083,11.470612412741007,176.46
22,7,902,206,931,240,1051.1309814453125,963.1541137695312,546.8471069335938,916,223,906,218,10,-0.06712692975997925,0.7879290223121643,1.660837173461914,-0.5660333768967121,-3.8874290466317234,12.617673654015107,167.37
23,0,1144,217,1171,250,1051.1309814453125,963.1541137695312,546.8471069335938,1157,233,1078,232,79,0.3077799677848816,0.7986440896987915,1.6949623823165894,0.2945452010714137,-0.47688481305984376,1.5971738802550768,174.85
23,1,1030,212,1057,244,1051.1309814453125,963.1541137695312,546.8471069335938,1043,228,966,230,77,0.12615680694580078,0.8042634963989258,1.7138326168060303,0.12447561312104549,-0.4970661733639279,1.638658916105858,172.66
23,2,1056,195,1078,225,1051.1309814453125,963.1541137695312,546.8471069335938,1067,210,995,210,72,0.17487426102161407,0.8066567718982697,1.7901016473770142,0.17313276074077066,-0.5615944134900512,1.7524546741687648,180.02
23,3,1193,200,1223,237,1051.1309814453125,963.1541137695312,546.8471069335938,1208,218,1135,220,73,0.39477773010730743,0.8094035774469376,1.758490264415741,0.40261727508285644,-0.540746377857699,1.728448445755494,179.42
23,4,967,207,993,239,1051.1309814453125,963.1541137695312,546.8471069335938,980,223,836,223,144,0.027501937933266163,0.8014695584774018,1.7492380142211914,0.014042803697265072,-0.26996035046053635,0.8762273370843824,174.91
23,5,986,183,1013,214,1051.1309814453125,963.1541137695312,546.8471069335938,999,198,931,198,68,0.060518719255924225,0.7925715386867523,1.8109524250030518,0.06327801732538774,-0.6158127360704584,1.8555402432375157,180.83
23,6,1093,200,1118,238,1051.1309814453125,963.1541137695312,546.8471069335938,1105,219,1030,218,75,0.2269582599401474,0.8038895666599274,1.7331261038780212,0.2270272221970117,-0.5247259541353743,1.6823564872020143,175.59
23,7,902,207,930,240,1051.1309814453125,963.1541137695312,546.8471069335938,916,223,907,218,9,-0.06575244292616844,0.7887175619602204,1.6516278386116028,-0.62892597432968,-4.3193656073685815,14.019637393350118,167.01
23,8,1085,186,1110,215,1051.1309814453125,963.1541137695312,546.8471069335938,1097,200,968,213,129,0.22703134268522263,0.7958001285791397,1.8069735765457153,0.12454829052018773,-0.3227533953943663,0.9781142367453571,181.22
23,9,939,193,966,222,1051.1309814453125,963.1541137695312,546.8471069335938,952,207,882,205,70,-0.01691693253815174,0.7881340920925141,1.7402254343032837,-0.01912755606349492,-0.5827844977380079,1.8025248077164437,175.13
24,0,1143,217,1171,250,1051.1309814453125,963.1541137695312,546.8471069335938,1157,233,1135,220,22,0.306011900305748,0.8033738970756531,1.716961145401001,1.0576850402109854,-1.7124500105330753,5.735306206370503,176.41
24,1,1031,214,1058,245,1051.1309814453125,963.1541137695312,546.8471069335938,1044,229,966,230,78,0.1294056475162506,0.806012311577797,1.7462243437767029,0.12441873376640333,-0.489154568276455,1.6176504684634752,175.28
24,2,1055,195,1077,225,1051.1309814453125,963.1541137695312,546.8471069335938,1066,210,968,212,98,0.16916566342115402,0.8067401736974716,1.7936221957206726,0.1259746913252707,-0.41259997725799674,1.2875177197974599,181.25
24,4,987,183,1014,214,1051.1309814453125,963.1541137695312,546.8471069335938,1000,198,994,209,6,0.06549730151891708,0.7907150030136109,1.8213623762130737,0.7371573669308873,-6.979211008798529,21.029456090025178,182.4
24,5,1094,201,1118,238,1051.1309814453125,963.1541137695312,546.8471069335938,1106,219,1078,232,28,0.22823134809732437,0.8063209146261215,1.7467420101165771,0.6123957388655299,-1.405515948576895,4.5063120192911095,178.7
24,6,967,204,993,237,1051.1309814453125,963.1541137695312,546.8471069335938,980,220,907,217,73,0.028525855392217636,0.803372272849083,1.7578121423721313,0.027700873046659864,-0.5374576374889604,1.728448445755494,177.83
24,7,903,206,930,241,1051.1309814453125,963.1541137695312,546.8471069335938,916,223,837,223,79,-0.06815730035305023,0.790217050909996,1.6594515442848206,-0.0716497945438876,-0.49207962615591433,1.5971738802550768,168.13
24,9,1029,198,1054,226,1051.1309814453125,963.1541137695312,546.8471069335938,1041,212,1030,218,11,0.13102412223815918,0.7971508145332337,1.7873362302780151,0.8495040148547808,-3.654065429487797,11.470612412741007,182.76
24,10,940,191,966,220,1051.1309814453125,963.1541137695312,546.8471069335938,953,205,882,205,71,-0.01656164973974228,0.7931670784950257,1.7809927463531494,-0.017167463394164605,-0.5779576463180066,1.7771371343683249,176.78
24,11,916,184,941,215,1051.1309814453125,963.1541137695312,546.8471069335938,928,199,931,199,3,-0.06826672703027725,0.7866302371025086,1.782212495803833,-1.4066218291532095,-13.918409009777406,42.058912180050356,180.38
25,0,1144,217,1171,250,1051.1309814453125,963.1541137695312,546.8471069335938,1157,233,1079,233,78,0.30545464158058167,0.8004020690917969,1.7006300687789917,0.2983214215979702,-0.48299872091958534,1.6176504684634752,172.52
25,1,1031,211,1057,244,1051.1309814453125,963.1541137695312,546.8471069335938,1044,227,966,229,78,0.13256694376468658,0.812798136472702,1.7632699608802795,0.12441873376640333,-0.4922324919548898,1.6176504684634752,177.02
25,2,1056,195,1078,226,1051.1309814453125,963.1541137695312,546.8471069335938,1067,210,995,210,72,0.17393213510513306,0.8093428552150727,1.7992302179336548,0.17313276074077066,-0.5615944134900512,1.7524546741687648,182.1
25,3,1194,200,1222,238,1051.1309814453125,963.1541137695312,546.8471069335938,1208,219,1135,221,73,0.3909941762685776,0.8074596017599106,1.739044964313507,0.40261727508285644,-0.5391020076733296,1.728448445755494,177.68
25,4,902,206,931,240,1051.1309814453125,963.1541137695312,546.8471069335938,916,223,906,218,10,-0.0672796294093132,0.7890730738639832,1.6712977886199951,-0.5660333768967121,-3.8874290466317234,12.617673654015107,168.77
25,5,967,206,993,237,1051.1309814453125,963.1541137695312,546.8471069335938,980,221,968,214,12,0.029706303030252457,0.8042284637689591,1.7571071982383728,0.16851364436718086,-3.2595307094362624,10.514728045012589,176.89
25,6,1094,199,1118,237,1051.1309814453125,963.1541137695312,546.8471069335938,1106,218,1030,220,76,0.2294415757060051,0.8043964743614197,1.7470884323120117,0.22561948273993207,-0.5194011261001582,1.6602202176335668,178.55
25,7,986,182,1013,214,1051.1309814453125,963.1541137695312,546.8471069335938,999,198,931,199,68,0.05731918662786484,0.7951685130596161,1.8359932899475098,0.06327801732538774,-0.6158127360704584,1.8555402432375157,183.85
25,8,1085,185,1109,214,1051.1309814453125,963.1541137695312,546.8471069335938,1097,199,883,206,214,0.22322119772434235,0.8018120169639588,1.8429491519927979,0.07507817512665522,-0.19511788331463656,0.5896109184119209,185.44
26,0,1143,217,1171,249,1051.1309814453125,963.1541137695312,546.8471069335938,1157,233,1078,232,79,0.3048721104860306,0.8003934562206269,1.6953974962234497,0.2945452010714137,-0.47688481305984376,1.5971738802550768,172.77
26,1,1193,200,1223,239,1051.1309814453125,963.1541137695312,546.8471069335938,1208,219,1134,220,74,0.38925452530384064,0.80674889087677,1.7230075001716614,0.39717650109525027,-0.5318168454074739,1.7050910343263659,176.58
26,2,1030,213,1057,244,1051.1309814453125,963.1541137695312,546.8471069335938,1043,228,966,230,77,0.12830404937267303,0.8064733684062958,1.7379025220870972,0.12447561312104549,-0.4970661733639279,1.638658916105858,174.52
26,3,1055,195,1078,226,1051.1309814453125,963.1541137695312,546.8471069335938,1066,210,995,210,71,0.1710079163312912,0.8054286181926728,1.7854506969451904,0.1738805598574159,-0.569504193961742,1.7771371343683249,179.91
26,4,966,207,993,238,1051.1309814453125,963.1541137695312,546.8471069335938,979,222,968,212,11,0.02730552852153778,0.8043082892894745,1.757060170173645,0.17292042808611024,-3.5449390445251083,11.470612412741007,177.15
26,5,903,206,931,240,1051.1309814453125,963.1541137695312,546.8471069335938,917,223,836,223,81,-0.06807082146406174,0.7886710405349732,1.665035367012024,-0.06839870056182917,-0.47992951192984246,1.5577374881500132,168.74
26,6,1094,200,1118,238,1051.1309814453125,963.1541137695312,546.8471069335938,1106,219,1030,218,76,0.22912320494651794,0.8058958292007447,1.7435202598571777,0.22561948273993207,-0.5178216652651719,1.6602202176335668,178.54
26,7,986,182,1013,214,1051.1309814453125,963.1541137695312,546.8471069335938,999,198,931,199,68,0.05990186333656311,0.7914769589900971,1.8152610063552856,0.06327801732538774,-0.6158127360704584,1.8555402432375157,181.86
26,8,939,192,965,221,1051.1309814453125,963.1541137695312,546.8471069335938,952,206,906,219,46,-0.01705828495323658,0.7927231132984162,1.7782062292099,-0.029107150531405317,-0.889455518806946,2.742972533481545,176.93
27,0,1144,216,1171,249,1051.1309814453125,963.1541137695312,546.8471069335938,1157,232,1135,221,22,0.3093661218881607,0.8000177383422852,1.7049652338027954,1.0576850402109854,-1.7179063297812098,5.735306206370503,175.23
27,1,1031,212,1059,245,1051.1309814453125,963.1541137695312,546.8471069335938,1045,228,1030,219,15,0.1295260265469551,0.8065397530794144,1.7398693561553955,0.6549800171492279,-2.5516063566014964,8.411782436010071,174.83
27,3,1055,194,1077,226,1051.1309814453125,963.1541137695312,546.8471069335938,1066,210,996,210,70,0.17058897018432617,0.8043063819408417,1.7832292914390564,0.17636456785537902,-0.5776399681611954,1.8025248077164437,179.4
27,4,1094,200,1118,238,1051.1309814453125,963.1541137695312,546.8471069335938,1106,219,1078,232,28,0.22710907459259033,0.8049126505851746,1.7409766912460327,0.6123957388655299,-1.405515948576895,4.5063120192911095,176.7
27,5,987,183,1013,214,1051.1309814453125,963.1541137695312,546.8471069335938,1000,198,932,198,68,0.060893915593624115,0.7940945565700531,1.8306595087051392,0.06504329708213712,-0.6158127360704584,1.8555402432375157,182.48
27,6,967,206,993,238,1051.1309814453125,963.1541137695312,546.8471069335938,980,222,966,229,14,0.02771712653338909,0.8040692746639252,1.760022521018982,0.14444026660044074,-2.785309249269728,9.012624038582219,177.05
27,7,903,206,931,240,1051.1309814453125,963.1541137695312,546.8471069335938,917,223,837,223,80,-0.06803383678197861,0.7892298042774201,1.6703003644943237,-0.06925368431885204,-0.4859286308289654,1.5772092067518884,168.18
27,8,1029,198,1054,228,1051.1309814453125,963.1541137695312,546.8471069335938,1041,213,968,213,73,0.12623973190784454,0.7971188068389893,1.744757056236267,0.12800745429318613,-0.5489682287795453,1.728448445755494,175.11
27,9,939,192,966,221,1051.1309814453125,963.1541137695312,546.8471069335938,952,206,906,217,46,-0.016822186298668385,0.7923442214727402,1.7619588375091553,-0.029107150531405317,-0.889455518806946,2.742972533481545,176.46
28,0,1143,217,1171,250,1051.1309814453125,963.1541137695312,546.8471069335938,1157,233,1134,220,23,0.31083376705646515,0.8028491526842118,1.7185524702072144,1.0116987341148556,-1.6379956622490288,5.48594506696309,175.49
28,1,1030,213,1058,245,1051.1309814453125,963.1541137695312,546.8471069335938,1044,229,966,229,78,0.12641502171754837,0.8067704826593399,1.7419017553329468,0.12441873376640333,-0.489154568276455,1.6176504684634752,174.6
28,2,1056,195,1078,226,1051.1309814453125,963.1541137695312,546.8471069335938,1067,210,995,209,72,0.17441550642251968,0.8059088230133057,1.7859615087509155,0.17313276074077066,-0.5615944134900512,1.7524546741687648,179.73
28,3,966,206,993,238,1051.1309814453125,963.1541137695312,546.8471069335938,979,222,968,213,11,0.0291397450491786,0.8053487181663513,1.741360604763031,0.17292042808611024,-3.5449390445251083,11.470612412741007,175.24
28,4,1094,200,1118,238,1051.1309814453125,963.1541137695312,546.8471069335938,1106,219,1078,233,28,0.22811324894428253,0.8032337814569473,1.7361445426940918,0.6123957388655299,-1.405515948576895,4.5063120192911095,176.57
28,5,987,184,1013,214,1051.1309814453125,963.1541137695312,546.8471069335938,1000,199,932,199,68,0.06050264462828636,0.7906818628311157,1.8116883039474487,0.06504329708213712,-0.614047456313709,1.8555402432375157,181.37
28,7,903,207,932,240,1051.1309814453125,963.1541137695312,546.8471069335938,917,223,836,222,81,-0.06701114773750305,0.7883757889270783,1.6548117399215698,-0.06839870056182917,-0.47992951192984246,1.5577374881500132,165.51
28,8,1029,198,1054,227,1051.1309814453125,963.1541137695312,546.8471069335938,1041,212,1030,220,11,0.1247575469315052,0.7966707438230515,1.7497289180755615,0.8495040148547808,-3.654065429487797,11.470612412741007,175.44
28,9,939,193,966,221,1051.1309814453125,963.1541137695312,546.8471069335938,952,207,906,219,46,-0.016802416183054447,0.7906729519367218,1.7570329308509827,-0.029107150531405317,-0.8868459748187077,2.742972533481545,175.68
29,0,1144,217,1171,250,1051.1309814453125,963.1541137695312,546.8471069335938,1157,233,1078,232,79,0.3075765073299408,0.8010744690895081,1.713914394378662,0.2945452010714137,-0.47688481305984376,1.5971738802550768,175.58
29,1,1194,200,1223,239,1051.1309814453125,963.1541137695312,546.8471069335938,1208,219,1135,220,73,0.3919298052787781,0.809650668501854,1.7526886463165283,0.40261727508285644,-0.5391020076733296,1.728448445755494,178.76
29,2,1030,212,1057,244,1051.1309814453125,963.1541137695312,546.8471069335938,1043,228,966,229,77,0.12784981727600098,0.8038785099983216,1.7201359272003174,0.12447561312104549,-0.4970661733639279,1.638658916105858,172.94
29,3,1056,195,1078,225,1051.1309814453125,963.1541137695312,546.8471069335938,1067,210,994,209,73,0.1720389574766159,0.8054595679044724,1.7888998985290527,0.1707610790867875,-0.5539013393326532,1.728448445755494,179.88
29,4,966,206,993,238,1051.1309814453125,963.1541137695312,546.8471069335938,979,222,968,213,11,0.027126410976052284,0.8044477343559265,1.760489821434021,0.17292042808611024,-3.5449390445251083,11.470612412741007,177.33
29,5,986,184,1012,214,1051.1309814453125,963.1541137695312,546.8471069335938,999,199,931,198,68,0.05510415881872177,0.7940018564462662,1.8299560546875,0.06327801732538774,-0.614047456313709,1.8555402432375157,184.55
29,6,1094,201,1118,238,1051.1309814453125,963.1541137695312,546.8471069335938,1106,219,1030,219,76,0.22744999825954437,0.8038286209106446,1.733003854751587,0.22561948273993207,-0.5178216652651719,1.6602202176335668,176.22
29,7,902,207,931,241,1051.1309814453125,963.1541137695312,546.8471069335938,916,224,907,217,9,-0.07134251296520233,0.7901109099388123,1.6579537391662598,-0.62892597432968,-4.306027938095363,14.019637393350118,167.22
29,8,1085,186,1108,215,1051.1309814453125,963.1541137695312,546.8471069335938,1096,200,882,205,214,0.21958834677934647,0.8000745862722397,1.8316233158111572,0.07451724511049188,-0.1945569532984732,0.5896109184119209,186.41
30,0,1144,217,1171,250,1051.1309814453125,963.1541137695312,546.8471069335938,1157,233,1134,221,23,0.3160559833049774,0.8124530106782913,1.7652565240859985,1.0116987341148556,-1.6379956622490288,5.48594506696309,178.86
30,1,1030,214,1057,245,1051.1309814453125,963.1541137695312,546.8471069335938,1043,229,966,230,77,0.12655790895223618,0.8054988026618958,1.7430962920188904,0.12447561312104549,-0.49550722500731803,1.638658916105858,175.03
30,3,1055,196,1077,226,1051.1309814453125,963.1541137695312,546.8471069335938,1066,211,994,210,72,0.17042259126901627,0.8041238427162171,1.7825271487236023,0.17146555208161846,-0.559927204830899,1.7524546741687648,179.58
30,4,966,207,993,238,1051.1309814453125,963.1541137695312,546.8471069335938,979,222,968,213,11,0.027487555518746376,0.8057723879814148,1.764055609703064,0.17292042808611024,-3.5449390445251083,11.470612412741007,178.06
30,5,903,206,931,240,1051.1309814453125,963.1541137695312,546.8471069335938,917,223,837,223,80,-0.07020135968923569,0.7928186595439911,1.6674377918243408,-0.06925368431885204,-0.4859286308289654,1.5772092067518884,168.59
30,6,986,183,1013,214,1051.1309814453125,963.1541137695312,546.8471069335938,999,198,931,198,68,0.06012851372361183,0.7939676284790039,1.825946569442749,0.06327801732538774,-0.6158127360704584,1.8555402432375157,183.33
30,7,1093,201,1118,237,1051.1309814453125,963.1541137695312,546.8471069335938,1105,219,1078,233,27,0.22777971625328064,0.8049651622772217,1.7511671781539917,0.6306311727694771,-1.457572094820484,4.67321246445004,178.61
30,8,1029,198,1054,227,1051.1309814453125,963.1541137695312,546.8471069335938,1041,212,1030,220,11,0.12374170497059822,0.7964974284172058,1.7566776275634766,0.8495040148547808,-3.654065429487797,11.470612412741007,176.3
30,9,939,192,966,221,1051.1309814453125,963.1541137695312,546.8471069335938,952,206,906,218,46,-0.0167939905077219,0.7927192836999893,1.7697615027427673,-0.029107150531405317,-0.889455518806946,2.742972533481545,176.81
31,0,1143,217,1171,250,1051.1309814453125,963.1541137695312,546.8471069335938,1157,233,1078,233,79,0.30497321486473083,0.8070951938629151,1.7439742684364319,0.2945452010714137,-0.47688481305984376,1.5971738802550768,176.66
31,1,1030,213,1058,244,1051.1309814453125,963.1541137695312,546.8471069335938,1044,228,966,229,78,0.1288156434893608,0.8074015766382218,1.7388668060302734,0.12441873376640333,-0.4906935301156724,1.6176504684634752,174.96
31,2,1056,195,1078,226,1051.1309814453125,963.1541137695312,546.8471069335938,1067,210,995,210,72,0.17293359339237213,0.8071062654256821,1.790880560874939,0.17313276074077066,-0.5615944134900512,1.7524546741687648,180.7
31,3,1194,200,1223,238,1051.1309814453125,963.1541137695312,546.8471069335938,1208,219,1135,220,73,0.4017767906188965,0.8152399897575379,1.7759507298469543,0.40261727508285644,-0.5391020076733296,1.728448445755494,181.13
31,4,967,207,993,238,1051.1309814453125,963.1541137695312,546.8471069335938,980,222,836,222,144,0.027053202502429485,0.8039281308650971,1.762234389781952,0.014042803697265072,-0.2707939547901125,0.8762273370843824,176.7
31,5,1094,201,1118,238,1051.1309814453125,963.1541137695312,546.8471069335938,1106,219,1030,218,76,0.228173166513443,0.8066884219646454,1.7520734071731567,0.22561948273993207,-0.5178216652651719,1.6602202176335668,177.85
31,6,903,207,931,240,1051.1309814453125,963.1541137695312,546.8471069335938,917,223,906,218,11,-0.07026680558919907,0.7894669711589813,1.6575953364372253,-0.5036631586825603,-3.5340264060288393,11.470612412741007,167.75
31,7,985,183,1013,214,1051.1309814453125,963.1541137695312,546.8471069335938,999,198,932,199,67,0.05746903270483017,0.7940035402774811,1.8318415880203247,0.06422246534516965,-0.6250039709371817,1.883234873733598,183.03
31,8,1085,185,1109,214,1051.1309814453125,963.1541137695312,546.8471069335938,1097,199,968,214,129,0.22347891330718994,0.8011786431074143,1.8326649069786072,0.12454829052018773,-0.3236839304599397,0.9781142367453571,186.34
31,9,916,183,941,214,1051.1309814453125,963.1541137695312,546.8471069335938,928,198,882,206,46,-0.08297393098473549,0.8139696061611176,1.9455833435058594,-0.09173620624912236,-0.9103318707128517,2.742972533481545,194.52
32,0,1144,217,1171,250,1051.1309814453125,963.1541137695312,546.8471069335938,1157,233,1078,232,79,0.30466482043266296,0.8083181619644165,1.703574538230896,0.2945452010714137,-0.47688481305984376,1.5971738802550768,175.53
32,1,1031,212,1059,244,1051.1309814453125,963.1541137695312,546.8471069335938,1045,228,967,229,78,0.1299329400062561,0.8058111608028412,1.7294418811798096,0.12595769560562076,-0.4906935301156724,1.6176504684634752,173.86
32,2,1056,195,1078,226,1051.1309814453125,963.1541137695312,546.8471069335938,1067,210,994,210,73,0.17360962182283401,0.8037560075521469,1.7749768495559692,0.1707610790867875,-0.5539013393326532,1.728448445755494,178.75
32,3,1194,201,1223,239,1051.1309814453125,963.1541137695312,546.8471069335938,1208,220,1135,221,73,0.3953855633735657,0.8127361178398133,1.7275093793869019,0.40261727508285644,-0.5374576374889604,1.728448445755494,179.6
32,4,967,207,993,238,1051.1309814453125,963.1541137695312,546.8471069335938,980,222,968,213,12,0.02763186115771532,0.8047043323516846,1.760356068611145,0.16851364436718086,-3.2495274574813493,10.514728045012589,177.2
32,5,986,183,1013,214,1051.1309814453125,963.1541137695312,546.8471069335938,999,198,931,198,68,0.05634492076933384,0.7950072526931763,1.8353074193000793,0.06327801732538774,-0.6158127360704584,1.8555402432375157,184.68
32,6,1094,201,1118,238,1051.1309814453125,963.1541137695312,546.8471069335938,1106,219,1030,220,76,0.22681012749671936,0.8048939943313599,1.7381023168563843,0.22561948273993207,-0.5178216652651719,1.6602202176335668,176.69
32,7,904,207,932,240,1051.1309814453125,963.1541137695312,546.8471069335938,918,223,907,217,11,-0.06840137019753456,0.791335129737854,1.674714207649231,-0.49275052018629134,-3.5340264060288393,11.470612412741007,169.02
32,8,1085,186,1109,215,1051.1309814453125,963.1541137695312,546.8471069335938,1097,200,882,206,215,0.22373158484697342,0.7941950798034668,1.807002305984497,0.07472897431211264,-0.19365203723661983,0.5868685420472143,181.5
33,0,1143,217,1171,250,1051.1309814453125,963.1541137695312,546.8471069335938,1157,233,1078,232,79,0.3100070655345917,0.8006242156028748,1.7122710943222046,0.2945452010714137,-0.47688481305984376,1.5971738802550768,175.04
33,1,1031,212,1058,245,1051.1309814453125,963.1541137695312,546.8471069335938,1044,228,966,230,78,0.13017787039279938,0.812455290555954,1.760744333267212,0.12441873376640333,-0.4906935301156724,1.6176504684634752,177.11
33,2,1055,195,1078,225,1051.1309814453125,963.1541137695312,546.8471069335938,1066,210,995,210,71,0.17263904958963394,0.8048016965389252,1.7862470149993896,0.1738805598574159,-0.569504193961742,1.7771371343683249,179.78
33,3,1193,200,1222,238,1051.1309814453125,963.1541137695312,546.8471069335938,1207,219,1134,219,73,0.3927452564239502,0.8082971662282944,1.7450255751609802,0.4009729048984872,-0.5391020076733296,1.728448445755494,177.99
33,4,967,206,993,237,1051.1309814453125,963.1541137695312,546.8471069335938,980,221,907,218,73,0.0277369674295187,0.8068475067615509,1.762728750705719,0.027700873046659864,-0.5358132673045911,1.728448445755494,178.87
33,5,986,183,1013,214,1051.1309814453125,963.1541137695312,546.8471069335938,999,198,931,199,68,0.059220582246780396,0.7990035057067871,1.853892207145691,0.06327801732538774,-0.6158127360704584,1.8555402432375157,186.29
33,6,1095,202,1118,239,1051.1309814453125,963.1541137695312,546.8471069335938,1106,220,1030,220,76,0.23000364750623703,0.8022854864597321,1.7433964014053345,0.22561948273993207,-0.5162422044301856,1.6602202176335668,177.43
33,7,903,206,931,241,1051.1309814453125,963.1541137695312,546.8471069335938,917,223,836,223,81,-0.06820191070437431,0.7923546671867371,1.6632767915725708,-0.06839870056182917,-0.47992951192984246,1.5577374881500132,166.84
33,8,939,193,966,221,1051.1309814453125,963.1541137695312,546.8471069335938,952,207,882,206,70,-0.01683818455785513,0.792990455031395,1.7680485844612122,-0.01912755606349492,-0.5827844977380079,1.8025248077164437,176.59
33,9,1086,185,1109,215,1051.1309814453125,963.1541137695312,546.8471069335938,1097,200,968,213,129,0.22370710223913193,0.7971858322620392,1.8221572041511536,0.12454829052018773,-0.3227533953943663,0.9781142367453571,181.66
34,0,1143,217,1171,250,1051.1309814453125,963.1541137695312,546.8471069335938,1157,233,1078,232,79,0.30591267347335815,0.8029523134231568,1.6956223249435425,0.2945452010714137,-0.47688481305984376,1.5971738802550768,173.94
34,1,1030,214,1058,245,1051.1309814453125,963.1541137695312,546.8471069335938,1044,229,966,230,78,0.129198357462883,0.804989168047905,1.7322313785552979,0.12441873376640333,-0.489154568276455,1.6176504684634752,174.33
34,2,1055,195,1078,226,1051.1309814453125,963.1541137695312,546.8471069335938,1066,210,995,210,71,0.1714528650045395,0.8063063859939575,1.7892441749572754,0.1738805598574159,-0.569504193961742,1.7771371343683249,180.02
34,3,986,183,1014,214,1051.1309814453125,963.1541137695312,546.8471069335938,1000,198,931,199,69,0.06064935773611069,0.7937977552413941,1.827876329421997,0.06410064060268585,-0.6068879138085678,1.8286483556543633,183.84
34,4,966,207,993,238,1051.1309814453125,963.1541137695312,546.8471069335938,979,222,906,218,73,0.027420271188020706,0.8051936566829682,1.7605974674224854,0.026056502862290585,-0.5341688971202218,1.728448445755494,177.41
34,5,1028,198,1054,227,1051.1309814453125,963.1541137695312,546.8471069335938,1041,212,968,213,73,0.12386338785290718,0.7948789238929749,1.7648805975914001,0.12800745429318613,-0.5506125989639147,1.728448445755494,178.21
34,6,1194,201,1223,239,1051.1309814453125,963.1541137695312,546.8471069335938,1208,220,1134,221,74,0.39347314834594727,0.8092956185340882,1.7511072158813477,0.39717650109525027,-0.5301946964418123,1.7050910343263659,177.98
34,7,903,207,931,241,1051.1309814453125,963.1541137695312,546.8471069335938,917,224,837,223,80,-0.07129628956317902,0.794233763217926,1.6687602996826172,-0.06925368431885204,-0.48442814303572845,1.5772092067518884,170.33
34,8,1094,201,1118,239,1051.1309814453125,963.1541137695312,546.8471069335938,1106,220,1030,220,76,0.22721818089485168,0.8046315848827362,1.7347558736801147,0.22561948273993207,-0.5162422044301856,1.6602202176335668,176.44
35,0,1144,217,1171,250,1051.1309814453125,963.1541137695312,546.8471069335938,1157,233,1135,220,22,0.30375075340270996,0.8024841636419296,1.727558195590973,1.0576850402109854,-1.7124500105330753,5.735306206370503,176.26
35,1,1030,214,1058,245,1051.1309814453125,963.1541137695312,546.8471069335938,1044,229,966,228,78,0.12955240160226822,0.8056077152490616,1.7341341376304626,0.12441873376640333,-0.489154568276455,1.6176504684634752,174.05
35,2,1055,195,1077,225,1051.1309814453125,963.1541137695312,546.8471069335938,1066,210,993,210,73,0.16993065923452377,0.8028033465147019,1.7782838344573975,0.1691167089024182,-0.5539013393326532,1.728448445755494,178.91
35,4,986,183,1012,214,1051.1309814453125,963.1541137695312,546.8471069335938,999,198,931,198,68,0.06232480704784393,0.7921574950218201,1.8169277906417847,0.06327801732538774,-0.6158127360704584,1.8555402432375157,181.82
35,5,967,207,993,237,1051.1309814453125,963.1541137695312,546.8471069335938,980,222,906,218,74,0.02605595253407955,0.8035578966140747,1.7600059509277344,0.02732653692440771,-0.5269503985104891,1.7050910343263659,176.3
35,6,1028,198,1054,227,1051.1309814453125,963.1541137695312,546.8471069335938,1041,212,1031,219,10,0.1252852827310562,0.7953753262758255,1.7409257292747498,0.9344544163402588,-4.019471972436577,12.617673654015107,174.67
35,7,1094,200,1118,238,1051.1309814453125,963.1541137695312,546.8471069335938,1106,219,1078,232,28,0.22786227613687515,0.8043667912483216,1.7402400374412537,0.6123957388655299,-1.405515948576895,4.5063120192911095,176.08
35,8,903,206,931,240,1051.1309814453125,963.1541137695312,546.8471069335938,917,223,836,223,81,-0.06718704849481583,0.7896438777446747,1.675881266593933,-0.06839870056182917,-0.47992951192984246,1.5577374881500132,169.01
35,9,1085,185,1109,214,1051.1309814453125,963.1541137695312,546.8471069335938,1097,199,882,205,215,0.22867077589035034,0.8009992182254791,1.8364044427871704,0.07472897431211264,-0.1942103582759638,0.5868685420472143,183.19
36,0,1143,217,1171,249,1051.1309814453125,963.1541137695312,546.8471069335938,1157,233,1079,233,78,0.30791833996772766,0.8019234478473664,1.712341070175171,0.2983214215979702,-0.48299872091958534,1.6176504684634752,174.71
36,1,1056,196,1078,225,1051.1309814453125,963.1541137695312,546.8471069335938,1067,210,995,210,72,0.17367201298475266,0.8107625782489777,1.809761643409729,0.17313276074077066,-0.5615944134900512,1.7524546741687648,182.1
36,2,1030,213,1058,244,1051.1309814453125,963.1541137695312,546.8471069335938,1044,228,965,229,79,0.1297745630145073,0.8064459353685379,1.7265467047691345,0.12284381308581598,-0.484482219607879,1.5971738802550768,174.15
36,3,1194,200,1223,238,1051.1309814453125,963.1541137695312,546.8471069335938,1208,219,1135,220,73,0.3970460742712021,0.8121367782354355,1.762946367263794,0.40261727508285644,-0.5391020076733296,1.728448445755494,179.99
36,4,986,182,1013,214,1051.1309814453125,963.1541137695312,546.8471069335938,999,198,931,199,68,0.06052272953093052,0.7919050246477127,1.816137969493866,0.06327801732538774,-0.6158127360704584,1.8555402432375157,181.9
36,5,903,206,931,241,1051.1309814453125,963.1541137695312,546.8471069335938,917,223,836,223,81,-0.06770816445350647,0.7909310698509217,1.6732025146484375,-0.06839870056182917,-0.47992951192984246,1.5577374881500132,169.5
36,6,1094,200,1118,238,1051.1309814453125,963.1541137695312,546.8471069335938,1106,219,1030,220,76,0.22771764546632767,0.8046682715415955,1.7367166876792908,0.22561948273993207,-0.5178216652651719,1.6602202176335668,176.35
36,7,966,207,993,238,1051.1309814453125,963.1541137695312,546.8471069335938,979,222,907,217,72,0.027258001267910004,0.8023946523666382,1.754041314125061,0.026418398735377952,-0.541587909580225,1.7524546741687648,175.61
36,8,1028,199,1054,228,1051.1309814453125,963.1541137695312,546.8471069335938,1041,213,968,214,73,0.12560538947582245,0.7962769061326981,1.741848111152649,0.12800745429318613,-0.5489682287795453,1.728448445755494,174.73
36,9,1085,186,1108,215,1051.1309814453125,963.1541137695312,546.8471069335938,1096,200,882,206,214,0.228669211268425,0.7990058451890946,1.8298247456550598,0.07451724511049188,-0.1945569532984732,0.5896109184119209,182.4
37,0,1143,217,1171,250,1051.1309814453125,963.1541137695312,546.8471069335938,1157,233,1078,233,79,0.30623696744441986,0.7993088304996491,1.7097867727279663,0.2945452010714137,-0.47688481305984376,1.5971738802550768,174.09
37,1,1030,213,1058,245,1051.1309814453125,963.1541137695312,546.8471069335938,1044,229,966,229,78,0.12919409573078156,0.805329778790474,1.7293348908424377,0.12441873376640333,-0.489154568276455,1.6176504684634752,173.97
37,2,1192,199,1223,239,1051.1309814453125,963.1541137695312,546.8471069335938,1207,219,1134,220,73,0.3896152973175049,0.8088594913482666,1.74557363986969,0.4009729048984872,-0.5391020076733296,1.728448445755494,178.08
37,3,1055,195,1078,225,1051.1309814453125,963.1541137695312,546.8471069335938,1066,210,995,210,71,0.1712452471256256,0.8052509963512421,1.7875685691833496,0.1738805598574159,-0.569504193961742,1.7771371343683249,179.87
37,4,967,206,993,238,1051.1309814453125,963.1541137695312,546.8471069335938,980,222,906,219,74,0.027206575497984886,0.8027092903852463,1.7610451579093933,0.02732653692440771,-0.5269503985104891,1.7050910343263659,177.08
37,5,1094,200,1118,238,1051.1309814453125,963.1541137695312,546.8471069335938,1106,219,1030,219,76,0.2271863967180252,0.8047001302242279,1.7379599809646606,0.22561948273993207,-0.5178216652651719,1.6602202176335668,175.9
37,6,986,183,1013,215,1051.1309814453125,963.1541137695312,546.8471069335938,999,199,931,198,68,0.058817656710743904,0.7941184878349304,1.8262191414833069,0.06327801732538774,-0.614047456313709,1.8555402432375157,182.92
37,7,903,206,931,240,1051.1309814453125,963.1541137695312,546.8471069335938,917,223,836,223,81,-0.07040432095527649,0.7900048136711121,1.671692967414856,-0.06839870056182917,-0.47992951192984246,1.5577374881500132,169.69
37,8,1029,198,1054,228,1051.1309814453125,963.1541137695312,546.8471069335938,1041,213,968,214,73,0.12593768537044525,0.7953639566898346,1.7387579679489136,0.12800745429318613,-0.5489682287795453,1.728448445755494,174.4
37,9,939,192,966,221,1051.1309814453125,963.1541137695312,546.8471069335938,952,206,882,205,70,-0.014178220182657242,0.7920787870883942,1.7803587317466736,-0.01912755606349492,-0.5844993409302787,1.8025248077164437,177.74
38,0,1143,217,1171,250,1051.1309814453125,963.1541137695312,546.8471069335938,1157,233,1079,233,78,0.30464455485343933,0.8024309515953064,1.7097852230072021,0.2983214215979702,-0.48299872091958534,1.6176504684634752,174.65
38,1,1055,194,1077,226,1051.1309814453125,963.1541137695312,546.8471069335938,1066,210,995,210,71,0.17150557786226273,0.8073520004749298,1.79466712474823,0.1738805598574159,-0.569504193961742,1.7771371343683249,180.87
38,2,1030,212,1057,245,1051.1309814453125,963.1541137695312,546.8471069335938,1043,228,966,230,77,0.126987986266613,0.8070059210062027,1.7513719201087952,0.12447561312104549,-0.4970661733639279,1.638658916105858,175.68
38,3,1194,199,1223,238,1051.1309814453125,963.1541137695312,546.8471069335938,1208,218,1134,221,74,0.3922390043735504,0.8089566171169281,1.7534899711608887,0.39717650109525027,-0.5334389943731355,1.7050910343263659,178.78
38,4,1094,201,1118,238,1051.1309814453125,963.1541137695312,546.8471069335938,1106,219,1031,219,75,0.22807027399539948,0.8040336012840271,1.741207480430603,0.22862774250979784,-0.5247259541353743,1.6823564872020143,176.78
38,5,966,206,993,238,1051.1309814453125,963.1541137695312,546.8471069335938,979,222,906,218,73,0.027690076269209385,0.8046432822942734,1.7602040767669678,0.026056502862290585,-0.5341688971202218,1.728448445755494,177.35
38,6,986,182,1013,215,1051.1309814453125,963.1541137695312,546.8471069335938,999,198,931,199,68,0.05935581400990486,0.793048644065857,1.817087173461914,0.06327801732538774,-0.6158127360704584,1.8555402432375157,182.47
38,7,903,206,931,240,1051.1309814453125,963.1541137695312,546.8471069335938,917,223,837,224,80,-0.06839444860816002,0.7900927603244782,1.668691337108612,-0.06925368431885204,-0.4859286308289654,1.5772092067518884,167.86
38,8,1085,186,1108,214,1051.1309814453125,963.1541137695312,546.8471069335938,1096,200,968,212,128,0.22301344573497772,0.8003860056400299,1.8328351974487305,0.12458351916910361,-0.32527490629588485,0.9857557542199302,184.67
39,0,1143,217,1171,250,1051.1309814453125,963.1541137695312,546.8471069335938,1157,233,1078,233,79,0.30503207445144653,0.8027117043733597,1.718282699584961,0.2945452010714137,-0.47688481305984376,1.5971738802550768,176.12
39,1,1056,195,1078,226,1051.1309814453125,963.1541137695312,546.8471069335938,1067,210,995,210,72,0.17293941974639893,0.8082405418157578,1.7959944009780884,0.17313276074077066,-0.5615944134900512,1.7524546741687648,180.95
39,2,1030,212,1058,244,1051.1309814453125,963.1541137695312,546.8471069335938,1044,228,966,229,78,0.12807877361774445,0.8058377891778946,1.7408388257026672,0.12441873376640333,-0.4906935301156724,1.6176504684634752,174.94
39,3,1192,199,1223,239,1051.1309814453125,963.1541137695312,546.8471069335938,1207,219,1135,220,72,0.3873146176338196,0.8086414873600006,1.7395427227020264,0.40654197302207723,-0.5465895355576815,1.7524546741687648,178.27
39,4,986,182,1013,214,1051.1309814453125,963.1541137695312,546.8471069335938,999,198,931,198,68,0.060066964477300644,0.7915908038616181,1.8168423771858215,0.06327801732538774,-0.6158127360704584,1.8555402432375157,182.2
39,5,1093,201,1118,238,1051.1309814453125,963.1541137695312,546.8471069335938,1105,219,1030,218,75,0.2269975170493126,0.8057552069425583,1.7388769388198853,0.2270272221970117,-0.5247259541353743,1.6823564872020143,176.59
39,6,966,207,993,238,1051.1309814453125,963.1541137695312,546.8471069335938,979,222,968,214,11,0.02766435220837593,0.8052856862545014,1.7570281028747559,0.17292042808611024,-3.5449390445251083,11.470612412741007,177.53
39,7,903,206,931,240,1051.1309814453125,963.1541137695312,546.8471069335938,917,223,906,218,11,-0.06839029490947723,0.7902953863143921,1.6653505563735962,-0.5036631586825603,-3.5340264060288393,11.470612412741007,167.59
39,8,1085,185,1109,213,1051.1309814453125,963.1541137695312,546.8471069335938,1097,199,882,206,215,0.22828056663274765,0.7990270048379898,1.8283290266990662,0.07472897431211264,-0.1942103582759638,0.5868685420472143,182.79
40,0,1143,217,1171,250,1051.1309814453125,963.1541137695312,546.8471069335938,1157,233,1078,233,79,0.3065847158432007,0.8021358788013458,1.709760308265686,0.2945452010714137,-0.47688481305984376,1.5971738802550768,174.28
40,1,1030,212,1058,245,1051.1309814453125,963.1541137695312,546.8471069335938,1044,228,965,230,79,0.12894387543201447,0.8059199988842011,1.7560939192771912,0.12284381308581598,-0.484482219607879,1.5971738802550768,176.14
40,2,1193,199,1223,239,1051.1309814453125,963.1541137695312,546.8471069335938,1208,219,1135,220,73,0.3917913883924484,0.8098073542118073,1.7426745891571045,0.40261727508285644,-0.5391020076733296,1.728448445755494,178.02
40,3,1056,194,1078,226,1051.1309814453125,963.1541137695312,546.8471069335938,1067,210,996,210,71,0.17240335047245026,0.8075867384672165,1.793614387512207,0.17557125032866885,-0.569504193961742,1.7771371343683249,180.42
40,4,903,207,931,240,1051.1309814453125,963.1541137695312,546.8471069335938,917,223,907,218,10,-0.06750201433897018,0.7904892653226853,1.6731479167938232,-0.5540294745508163,-3.8874290466317234,12.617673654015107,168.41
40,5,986,183,1013,215,1051.1309814453125,963.1541137695312,546.8471069335938,999,199,931,198,68,0.0627935528755188,0.7956704735755921,1.8447941541671753,0.06327801732538774,-0.614047456313709,1.8555402432375157,185.7
40,6,1094,201,1118,239,1051.1309814453125,963.1541137695312,546.8471069335938,1106,220,1030,219,76,0.22671560943126678,0.8053749591112137,1.7354537844657898,0.22561948273993207,-0.5162422044301856,1.6602202176335668,176.34
40,7,967,207,993,239,1051.1309814453125,963.1541137695312,546.8471069335938,980,223,969,213,11,0.027507429011166096,0.8052961170673371,1.7608224749565125,0.18383306658237913,-3.5340264060288393,11.470612412741007,178.0
40,8,1085,185,1109,215,1051.1309814453125,963.1541137695312,546.8471069335938,1097,200,882,206,215,0.2182980552315712,0.7973911851644516,1.8176655173301697,0.07472897431211264,-0.19365203723661983,0.5868685420472143,182.66
41,0,1143,217,1171,250,1051.1309814453125,963.1541137695312,546.8471069335938,1157,233,1078,232,79,0.3065778613090515,0.799667352437973,1.703080952167511,0.2945452010714137,-0.47688481305984376,1.5971738802550768,174.09
41,1,1193,200,1223,239,1051.1309814453125,963.1541137695312,546.8471069335938,1208,219,1134,219,74,0.39117632806301117,0.8102127701044083,1.7517532706260681,0.39717650109525027,-0.5318168454074739,1.7050910343263659,179.06
41,2,1030,214,1058,244,1051.1309814453125,963.1541137695312,546.8471069335938,1044,229,966,229,78,0.130048967897892,0.8070898294448853,1.7445015907287598,0.12441873376640333,-0.489154568276455,1.6176504684634752,175.56
41,3,1055,195,1077,225,1051.1309814453125,963.1541137695312,546.8471069335938,1066,210,995,210,71,0.17077990621328354,0.807720759510994,1.7962098121643066,0.1738805598574159,-0.569504193961742,1.7771371343683249,180.69
41,4,986,183,1013,214,1051.1309814453125,963.1541137695312,546.8471069335938,999,198,931,198,68,0.05887265503406525,0.796883100271225,1.8432096242904663,0.06327801732538774,-0.6158127360704584,1.8555402432375157,184.92
41,5,1094,201,1118,238,1051.1309814453125,963.1541137695312,546.8471069335938,1106,219,1030,218,76,0.22906790673732758,0.8057067334651947,1.7432564496994019,0.22561948273993207,-0.5178216652651719,1.6602202176335668,178.63
41,6,967,207,993,236,1051.1309814453125,963.1541137695312,546.8471069335938,980,221,907,219,73,0.027551334351301193,0.8043702483177185,1.7621723413467407,0.027700873046659864,-0.5358132673045911,1.728448445755494,178.41
41,7,903,206,930,240,1051.1309814453125,963.1541137695312,546.8471069335938,916,223,836,223,80,-0.0688653513789177,0.7924169093370438,1.680329442024231,-0.07075417211208901,-0.4859286308289654,1.5772092067518884,169.88
41,8,1028,198,1053,227,1051.1309814453125,963.1541137695312,546.8471069335938,1040,212,969,213,71,0.12509916722774506,0.7974098414182663,1.7498571276664734,0.12992260760483987,-0.5661228130192362,1.7771371343683249,175.54
41,9,940,192,966,221,1051.1309814453125,963.1541137695312,546.8471069335938,953,206,883,206,70,-0.011851908639073372,0.7931786715984345,1.7797536849975586,-0.017412712871224097,-0.5844993409302787,1.8025248077164437,179.75
42,0,1144,217,1171,250,1051.1309814453125,963.1541137695312,546.8471069335938,1157,233,1078,233,79,0.30967116355895996,0.8196860641241074,1.8134095668792725,0.2945452010714137,-0.47688481305984376,1.5971738802550768,178.92
42,1,1030,214,1057,245,1051.1309814453125,963.1541137695312,546.8471069335938,1043,229,966,229,77,0.12646688520908356,0.8056110978126526,1.7418110370635986,0.12447561312104549,-0.49550722500731803,1.638658916105858,174.95
42,2,1055,196,1077,226,1051.1309814453125,963.1541137695312,546.8471069335938,1066,211,995,210,71,0.1703849732875824,0.8071786105632782,1.7943298816680908,0.1738805598574159,-0.5678135034904891,1.7771371343683249,180.3
42,3,1194,201,1223,238,1051.1309814453125,963.1541137695312,546.8471069335938,1208,219,1135,220,73,0.39685727655887604,0.8125127494335175,1.7741212248802185,0.40261727508285644,-0.5391020076733296,1.728448445755494,181.44
42,4,967,207,993,237,1051.1309814453125,963.1541137695312,546.8471069335938,980,222,906,217,74,0.030742648988962173,0.804547393321991,1.7489348649978638,0.02732653692440771,-0.5269503985104891,1.7050910343263659,175.29
42,5,1095,201,1118,238,1051.1309814453125,963.1541137695312,546.8471069335938,1106,219,1030,219,76,0.22893771529197693,0.8033987820148468,1.748511552810669,0.22561948273993207,-0.5178216652651719,1.6602202176335668,177.79
42,6,902,207,931,240,1051.1309814453125,963.1541137695312,546.8471069335938,916,223,837,223,79,-0.06847081333398819,0.7890732675790787,1.6621418595314026,-0.0716497945438876,-0.49207962615591433,1.5971738802550768,167.55
42,7,986,184,1013,214,1051.1309814453125,963.1541137695312,546.8471069335938,999,199,932,198,67,0.06355853751301765,0.7923108726739884,1.813498616218567,0.06422246534516965,-0.6232123437213763,1.883234873733598,181.77
42,8,1085,186,1108,214,1051.1309814453125,963.1541137695312,546.8471069335938,1096,200,883,205,213,0.2233659029006958,0.8013315737247467,1.8360135555267334,0.07486709133166788,-0.19547036622475708,0.5923790447894416,184.45
42,9,1029,198,1054,227,1051.1309814453125,963.1541137695312,546.8471069335938,1041,212,968,213,73,0.12312064692378044,0.7957347124814987,1.7505229115486145,0.12800745429318613,-0.5506125989639147,1.728448445755494,176.29
43,0,1144,217,1171,250,1051.1309814453125,963.1541137695312,546.8471069335938,1157,233,1078,233,79,0.3026589900255203,0.797780254483223,1.6829397082328796,0.2945452010714137,-0.47688481305984376,1.5971738802550768,171.94
43,1,1056,196,1078,225,1051.1309814453125,963.1541137695312,546.8471069335938,1067,210,994,210,73,0.17149856686592102,0.8037527889013291,1.7812533974647522,0.1707610790867875,-0.5539013393326532,1.728448445755494,179.37
43,2,1030,212,1056,244,1051.1309814453125,963.1541137695312,546.8471069335938,1043,228,966,229,77,0.12761987000703812,0.8045837223529816,1.7343270182609558,0.12447561312104549,-0.4970661733639279,1.638658916105858,173.97
43,3,986,182,1013,214,1051.1309814453125,963.1541137695312,546.8471069335938,999,198,932,199,67,0.05985943600535393,0.7956088870763779,1.8347987532615662,0.06422246534516965,-0.6250039709371817,1.883234873733598,183.93
43,4,1194,200,1222,239,1051.1309814453125,963.1541137695312,546.8471069335938,1208,219,1135,220,73,0.39153364300727844,0.809073531627655,1.7400834560394287,0.40261727508285644,-0.5391020076733296,1.728448445755494,178.03
43,5,967,206,993,237,1051.1309814453125,963.1541137695312,546.8471069335938,980,221,968,212,12,0.02763172145932913,0.8049876034259796,1.7623164057731628,0.16851364436718086,-3.2595307094362624,10.514728045012589,178.77
43,6,1094,200,1118,238,1051.1309814453125,963.1541137695312,546.8471069335938,1106,219,1030,218,76,0.2267737090587616,0.8040977954864502,1.7371443510055542,0.22561948273993207,-0.5178216652651719,1.6602202176335668,176.31
43,7,902,207,931,241,1051.1309814453125,963.1541137695312,546.8471069335938,916,224,906,218,10,-0.06843225657939911,0.7914250135421753,1.6685949563980103,-0.5660333768967121,-3.8754251442858276,12.617673654015107,168.07
43,8,915,183,940,214,1051.1309814453125,963.1541137695312,546.8471069335938,927,198,881,205,46,-0.060105545446276665,0.7851899802684784,1.7632831931114197,-0.09434575023736058,-0.9103318707128517,2.742972533481545,183.26
44,0,1144,216,1171,250,1051.1309814453125,963.1541137695312,546.8471069335938,1157,233,1134,220,23,0.30627167224884033,0.7988369852304459,1.6886509656906128,1.0116987341148556,-1.6379956622490288,5.48594506696309,172.77
44,1,1030,213,1057,245,1051.1309814453125,963.1541137695312,546.8471069335938,1043,229,966,229,77,0.12756670266389847,0.8054728001356125,1.7392560243606567,0.12447561312104549,-0.49550722500731803,1.638658916105858,174.28
44,2,1055,195,1078,226,1051.1309814453125,963.1541137695312,546.8471069335938,1066,210,968,213,98,0.17105714976787567,0.8050052464008332,1.7853484153747559,0.1259746913252707,-0.41259997725799674,1.2875177197974599,179.53
44,4,967,206,993,237,1051.1309814453125,963.1541137695312,546.8471069335938,980,221,907,218,73,0.02895691990852356,0.80580153465271,1.7616106271743774,0.027700873046659864,-0.5358132673045911,1.728448445755494,178.44
44,5,986,183,1013,214,1051.1309814453125,963.1541137695312,546.8471069335938,999,198,995,210,4,0.0603809729218483,0.7960759043693543,1.8353221416473389,1.0757262945315915,-10.468816513197794,31.544184135037767,183.84
44,6,1094,200,1118,238,1051.1309814453125,963.1541137695312,546.8471069335938,1106,219,1078,233,28,0.22677086293697357,0.8030883312225342,1.7331517934799194,0.6123957388655299,-1.405515948576895,4.5063120192911095,174.9
44,7,902,207,930,241,1051.1309814453125,963.1541137695312,546.8471069335938,916,224,837,223,79,-0.07030387222766876,0.789253169298172,1.6718734502792358,-0.0716497945438876,-0.4905601448463072,1.5971738802550768,168.86
44,8,917,183,942,214,1051.1309814453125,963.1541137695312,546.8471069335938,929,198,931,198,2,-0.06543788313865662,0.7832293450832367,1.7590397596359253,-2.0499132320003355,-20.937633026395588,63.088368270075534,178.96
44,9,941,193,966,221,1051.1309814453125,963.1541137695312,546.8471069335938,953,207,882,205,71,-0.016391314566135406,0.7932356536388397,1.7778055667877197,-0.017167463394164605,-0.5745762653755008,1.7771371343683249,177.16
44,10,1029,198,1053,227,1051.1309814453125,963.1541137695312,546.8471069335938,1041,212,1030,218,11,0.12157822772860527,0.7955858647823334,1.7502408027648926,0.8495040148547808,-3.654065429487797,11.470612412741007,175.69
45,1,1030,213,1058,245,1051.1309814453125,963.1541137695312,546.8471069335938,1044,229,965,229,79,0.12998566776514053,0.8071061313152313,1.736791729927063,0.12284381308581598,-0.48296273829827197,1.5971738802550768,175.02
45,3,986,183,1013,214,1051.1309814453125,963.1541137695312,546.8471069335938,999,198,995,210,4,0.05952860228717327,0.7963007628917694,1.8383432626724243,1.0757262945315915,-10.468816513197794,31.544184135037767,183.4
45,4,1094,201,1118,238,1051.1309814453125,963.1541137695312,546.8471069335938,1106,219,1135,219,29,0.22674565017223358,0.8042394459247589,1.7398130893707275,0.5912786444218909,-1.3570498813845886,4.350921949660382,176.1
45,5,1056,195,1078,226,1051.1309814453125,963.1541137695312,546.8471069335938,1067,210,1078,232,11,0.17255374044179916,0.8058798253536225,1.787024438381195,1.1332326157577715,-3.675890706480335,11.470612412741007,180.39
45,6,903,207,930,240,1051.1309814453125,963.1541137695312,546.8471069335938,916,223,837,224,79,-0.06696581840515137,0.7890761435031891,1.6541485786437988,-0.0716497945438876,-0.49207962615591433,1.5971738802550768,166.26
45,7,966,206,992,238,1051.1309814453125,963.1541137695312,546.8471069335938,979,222,968,214,11,0.028373194858431816,0.802558296918869,1.7474900484085083,0.17292042808611024,-3.5449390445251083,11.470612412741007,175.87
45,8,1028,198,1054,227,1051.1309814453125,963.1541137695312,546.8471069335938,1041,212,1030,219,11,0.12422797083854675,0.7969932645559311,1.7524825930595398,0.8495040148547808,-3.654065429487797,11.470612412741007,176.05
45,9,917,183,941,214,1051.1309814453125,963.1541137695312,546.8471069335938,929,198,931,199,2,-0.06548422202467918,0.7822433799505234,1.7595787048339844,-2.0499132320003355,-20.937633026395588,63.088368270075534,178.73
45,10,940,192,966,221,1051.1309814453125,963.1541137695312,546.8471069335938,953,206,906,218,47,-0.01662042085081339,0.788433188199997,1.754655361175537,-0.02593382768054653,-0.8705309333004152,2.684611415747895,175.0
46,0,1143,217,1171,250,1051.1309814453125,963.1541137695312,546.8471069335938,1157,233,1135,219,22,0.30488990247249603,0.8043597280979157,1.7156636714935303,1.0576850402109854,-1.7124500105330753,5.735306206370503,176.48
46,1,1030,213,1058,245,1051.1309814453125,963.1541137695312,546.8471069335938,1044,229,966,229,78,0.1290687769651413,0.8098717272281647,1.7685073614120483,0.12441873376640333,-0.489154568276455,1.6176504684634752,177.59
46,3,1056,194,1078,225,1051.1309814453125,963.1541137695312,546.8471069335938,1067,209,994,210,73,0.1717558205127716,0.80709687769413,1.7925921082496643,0.1707610790867875,-0.5555457095170224,1.728448445755494,180.82
46,4,986,183,1014,215,1051.1309814453125,963.1541137695312,546.8471069335938,1000,199,931,198,69,0.06762246042490005,0.7927479982376099,1.8019258379936218,0.06410064060268585,-0.605148217816409,1.8286483556543633,182.12
46,5,967,207,993,238,1051.1309814453125,963.1541137695312,546.8471069335938,980,222,906,218,74,0.03083635214716196,0.8084606319665909,1.7559377551078796,0.02732653692440771,-0.5269503985104891,1.7050910343263659,176.26
46,6,903,205,931,240,1051.1309814453125,963.1541137695312,546.8471069335938,917,222,837,224,80,-0.0697241872549057,0.7916558474302292,1.6877548694610596,-0.06925368431885204,-0.4874291186222024,1.5772092067518884,169.85
46,7,1094,203,1118,239,1051.1309814453125,963.1541137695312,546.8471069335938,1106,221,1078,232,28,0.2281142920255661,0.8058641940355301,1.7496439218521118,0.6123957388655299,-1.3969417326155409,4.5063120192911095,177.35
46,8,1085,186,1108,216,1051.1309814453125,963.1541137695312,546.8471069335938,1096,201,968,213,128,0.21898876130580902,0.7985450863838196,1.8240915536880493,0.12458351916910361,-0.32433710142511174,0.9857557542199302,183.21
46,9,1029,198,1054,227,1051.1309814453125,963.1541137695312,546.8471069335938,1041,212,1030,219,11,0.12328677624464035,0.7983036726713181,1.773727297782898,0.8495040148547808,-3.654065429487797,11.470612412741007,179.19
46,10,940,192,966,221,1051.1309814453125,963.1541137695312,546.8471069335938,953,206,882,205,71,-0.016751638613641262,0.7941970318555832,1.7721083164215088,-0.017167463394164605,-0.5762669558467537,1.7771371343683249,177.41
47,0,1143,218,1171,250,1051.1309814453125,963.1541137695312,546.8471069335938,1157,234,1135,220,22,0.30896463990211487,0.8014244675636292,1.7061766386032104,1.0576850402109854,-1.7069936912849408,5.735306206370503,174.14
47,1,1030,214,1057,245,1051.1309814453125,963.1541137695312,546.8471069335938,1043,229,966,229,77,0.1283801794052124,0.8066550433635712,1.739677608013153,0.12447561312104549,-0.49550722500731803,1.638658916105858,174.56
47,2,1055,195,1078,226,1051.1309814453125,963.1541137695312,546.8471069335938,1066,210,995,210,71,0.1710478961467743,0.8057834148406983,1.7859457731246948,0.1738805598574159,-0.569504193961742,1.7771371343683249,179.79
47,3,1094,200,1118,238,1051.1309814453125,963.1541137695312,546.8471069335938,1106,219,1078,232,28,0.22649015486240387,0.804800832271576,1.7370847463607788,0.6123957388655299,-1.405515948576895,4.5063120192911095,176.15
47,5,986,183,1013,214,1051.1309814453125,963.1541137695312,546.8471069335938,999,198,931,199,68,0.06430137902498245,0.7947001397609711,1.8259921073913574,0.06327801732538774,-0.6158127360704584,1.8555402432375157,182.96
47,6,966,208,993,238,1051.1309814453125,963.1541137695312,546.8471069335938,979,223,906,219,73,0.027400989085435867,0.805578225851059,1.7404721975326538,0.026056502862290585,-0.5325245269358525,1.728448445755494,174.29
47,7,902,207,931,240,1051.1309814453125,963.1541137695312,546.8471069335938,916,223,837,223,79,-0.0702071338891983,0.790507698059082,1.6863905787467957,-0.0716497945438876,-0.49207962615591433,1.5971738802550768,169.9
47,8,1085,185,1108,213,1051.1309814453125,963.1541137695312,546.8471069335938,1096,199,968,213,128,0.22268794476985931,0.7969377428293228,1.819936215877533,0.12458351916910361,-0.32621271116665795,0.9857557542199302,182.61
47,9,1028,198,1054,227,1051.1309814453125,963.1541137695312,546.8471069335938,1041,212,1030,218,11,0.12159548327326775,0.795932212471962,1.7515532970428467,0.8495040148547808,-3.654065429487797,11.470612412741007,175.92
47,10,939,192,966,221,1051.1309814453125,963.1541137695312,546.8471069335938,952,206,882,205,70,-0.016841336153447628,0.7926436454057694,1.764898657798767,-0.01912755606349492,-0.5844993409302787,1.8025248077164437,176.7
48,0,1144,218,1171,250,1051.1309814453125,963.1541137695312,546.8471069335938,1157,234,1135,220,22,0.30668047070503235,0.8023364782333374,1.7064661979675293,1.0576850402109854,-1.7069936912849408,5.735306206370503,174.32
48,1,1031,213,1059,245,1051.1309814453125,963.1541137695312,546.8471069335938,1045,229,966,228,79,0.13051138818264008,0.8053280353546143,1.7161592245101929,0.12436329439542303,-0.48296273829827197,1.5971738802550768,172.87
48,2,1056,195,1078,225,1051.1309814453125,963.1541137695312,546.8471069335938,1067,210,995,210,72,0.17195403575897217,0.8051749557256699,1.7881340384483337,0.17313276074077066,-0.5615944134900512,1.7524546741687648,179.81
48,4,967,207,993,238,1051.1309814453125,963.1541137695312,546.8471069335938,980,222,906,217,74,0.02907133288681507,0.802720794081688,1.7551456689834595,0.02732653692440771,-0.5269503985104891,1.7050910343263659,175.77
48,5,986,183,1013,214,1051.1309814453125,963.1541137695312,546.8471069335938,999,198,931,199,68,0.06067557632923126,0.7939462304115296,1.8267399072647095,0.06327801732538774,-0.6158127360704584,1.8555402432375157,182.43
48,6,1095,201,1118,238,1051.1309814453125,963.1541137695312,546.8471069335938,1106,219,1079,233,27,0.22835178673267365,0.8057132601737976,1.7391201257705688,0.6350770625272162,-1.457572094820484,4.67321246445004,176.01
48,7,903,208,931,241,1051.1309814453125,963.1541137695312,546.8471069335938,917,224,837,223,80,-0.06806495040655136,0.7908592909574509,1.6718336939811707,-0.06925368431885204,-0.48442814303572845,1.5772092067518884,168.41
48,8,1029,200,1054,229,1051.1309814453125,963.1541137695312,546.8471069335938,1041,214,1030,221,11,0.12536171823740005,0.795370215177536,1.7357328534126282,0.8495040148547808,-3.6322401524952594,11.470612412741007,174.02
48,9,939,193,966,221,1051.1309814453125,963.1541137695312,546.8471069335938,952,207,882,204,70,-0.01681533921509981,0.7902619481086731,1.76070898771286,-0.01912755606349492,-0.5827844977380079,1.8025248077164437,175.78
49,0,1143,218,1171,250,1051.1309814453125,963.1541137695312,546.8471069335938,1157,234,1079,232,78,0.3049590736627579,0.8000057727098465,1.6634323000907898,0.2983214215979702,-0.4814597590803679,1.6176504684634752,175.07
49,1,1030,213,1058,245,1051.1309814453125,963.1541137695312,546.8471069335938,1044,229,966,229,78,0.13125574588775635,0.8116918444633484,1.7556570768356323,0.12441873376640333,-0.489154568276455,1.6176504684634752,176.73
49,2,1057,194,1078,225,1051.1309814453125,963.1541137695312,546.8471069335938,1067,209,995,210,72,0.1733335182070732,0.8063458442687989,1.7910487055778503,0.17313276074077066,-0.5632616221492033,1.7524546741687648,180.33
49,3,1193,199,1222,238,1051.1309814453125,963.1541137695312,546.8471069335938,1207,218,1135,220,72,0.3960627466440201,0.8134935289621353,1.7701455950737,0.40654197302207723,-0.5482567442168336,1.7524546741687648,180.47
49,4,986,183,1013,214,1051.1309814453125,963.1541137695312,546.8471069335938,999,198,931,198,68,0.05941719934344292,0.7943292945623398,1.8281376957893372,0.06327801732538774,-0.6158127360704584,1.8555402432375157,183.84
49,5,967,207,993,237,1051.1309814453125,963.1541137695312,546.8471069335938,980,222,907,218,73,0.02757486142218113,0.8044238924980164,1.7602745294570923,0.027700873046659864,-0.5341688971202218,1.728448445755494,177.13
49,6,1094,200,1118,237,1051.1309814453125,963.1541137695312,546.8471069335938,1106,218,1031,219,75,0.22800469398498535,0.8071908295154572,1.7510488629341125,0.22862774250979784,-0.5263264744481603,1.6823564872020143,178.06
49,7,903,206,931,240,1051.1309814453125,963.1541137695312,546.8471069335938,917,223,836,223,81,-0.06998120248317719,0.7929403126239777,1.6702806949615479,-0.06839870056182917,-0.47992951192984246,1.5577374881500132,169.84
49,8,1085,185,1108,214,1051.1309814453125,963.1541137695312,546.8471069335938,1096,199,969,215,127,0.22665800154209137,0.8021585583686829,1.8390843272209167,0.1255644917609863,-0.3287813151915923,0.9935176105523706,183.94
49,9,938,192,966,220,1051.1309814453125,963.1541137695312,546.8471069335938,952,206,882,206,70,-0.016864264383912086,0.7932084888219834,1.7815278768539429,-0.01912755606349492,-0.5844993409302787,1.8025248077164437,177.11
50,0,1143,217,1171,250,1051.1309814453125,963.1541137695312,546.8471069335938,1157,233,1078,233,79,0.3075987994670868,0.8014839828014374,1.6995439529418945,0.2945452010714137,-0.47688481305984376,1.5971738802550768,175.28
50,1,1030,212,1058,245,1051.1309814453125,963.1541137695312,546.8471069335938,1044,228,965,229,79,0.12957700341939926,0.807061368227005,1.7333154082298279,0.12284381308581598,-0.484482219607879,1.5971738802550768,174.47
50,2,1055,195,1078,226,1051.1309814453125,963.1541137695312,546.8471069335938,1066,210,995,210,71,0.17142771184444427,0.8076786637306214,1.7921972274780273,0.1738805598574159,-0.569504193961742,1.7771371343683249,181.06
50,3,1193,200,1223,238,1051.1309814453125,963.1541137695312,546.8471069335938,1208,219,1135,222,73,0.39194002747535706,0.8095717370510102,1.7562764883041382,0.40261727508285644,-0.5391020076733296,1.728448445755494,179.07
50,4,902,206,931,240,1051.1309814453125,963.1541137695312,546.8471069335938,916,223,837,223,79,-0.06760041788220406,0.7905925452709198,1.664039671421051,-0.0716497945438876,-0.49207962615591433,1.5971738802550768,166.87
50,5,986,182,1013,214,1051.1309814453125,963.1541137695312,546.8471069335938,999,198,932,203,67,0.06028994172811508,0.7920610249042511,1.814296841621399,0.06422246534516965,-0.6250039709371817,1.883234873733598,181.99
50,6,966,206,993,238,1051.1309814453125,963.1541137695312,546.8471069335938,979,222,906,217,73,0.02748778648674488,0.8061563313007355,1.7455251216888428,0.026056502862290585,-0.5341688971202218,1.728448445755494,174.58
50,7,1094,201,1118,238,1051.1309814453125,963.1541137695312,546.8471069335938,1106,219,1030,219,76,0.23043446242809296,0.8072616696357727,1.7583701610565186,0.22561948273993207,-0.5178216652651719,1.6602202176335668,178.78
50,8,1029,199,1054,228,1051.1309814453125,963.1541137695312,546.8471069335938,1041,213,968,214,73,0.12677323818206787,0.7973771035671234,1.748171091079712,0.12800745429318613,-0.5489682287795453,1.728448445755494,175.24
51,0,1143,218,1171,250,1051.1309814453125,963.1541137695312,546.8471069335938,1157,234,1134,220,23,0.3085518181324005,0.807709538936615,1.7365167140960693,1.0116987341148556,-1.6327765742725522,5.48594506696309,177.52
51,1,1030,213,1058,245,1051.1309814453125,963.1541137695312,546.8471069335938,1044,229,966,229,78,0.12803706526756287,0.8113030135631562,1.762486219406128,0.12441873376640333,-0.489154568276455,1.6176504684634752,177.0
51,2,1055,196,1077,226,1051.1309814453125,963.1541137695312,546.8471069335938,1066,211,968,213,98,0.1736055165529251,0.8077471643686295,1.7930893301963806,0.1259746913252707,-0.4113750892635176,1.2875177197974599,180.74
51,4,986,183,1013,214,1051.1309814453125,963.1541137695312,546.8471069335938,999,198,932,199,67,0.05808475986123085,0.7938425481319428,1.8274470567703247,0.06422246534516965,-0.6250039709371817,1.883234873733598,183.14
51,5,967,207,993,238,1051.1309814453125,963.1541137695312,546.8471069335938,980,222,906,218,74,0.028638419695198536,0.8052246809005738,1.7604619264602661,0.02732653692440771,-0.5269503985104891,1.7050910343263659,177.21
51,6,903,206,931,240,1051.1309814453125,963.1541137695312,546.8471069335938,917,223,836,223,81,-0.06821387261152267,0.7895998597145081,1.6619006991386414,-0.06839870056182917,-0.47992951192984246,1.5577374881500132,167.29
51,7,1094,202,1118,239,1051.1309814453125,963.1541137695312,546.8471069335938,1106,220,1078,232,28,0.23065630346536636,0.805397966504097,1.7497655749320984,0.6123957388655299,-1.401228840596218,4.5063120192911095,177.58
51,8,1084,186,1108,215,1051.1309814453125,963.1541137695312,546.8471069335938,1096,200,994,210,102,0.22706714272499084,0.7911219090223313,1.831109642982483,0.15634010248671826,-0.40818811770463986,1.2370268288250106,182.53
51,9,940,193,966,221,1051.1309814453125,963.1541137695312,546.8471069335938,953,207,881,206,72,-0.01667992677539587,0.7911030292510987,1.7634133696556091,-0.016929026402578984,-0.5665960394675078,1.7524546741687648,176.0
51,10,1029,199,1054,228,1051.1309814453125,963.1541137695312,546.8471069335938,1041,213,1030,217,11,0.12633848190307617,0.8007498621940613,1.7656112909317017,0.8495040148547808,-3.6431527909915284,11.470612412741007,177.05
52,0,1143,217,1171,250,1051.1309814453125,963.1541137695312,546.8471069335938,1157,233,1135,219,22,0.3034571260213852,0.8031283855438233,1.7170000076293945,1.0576850402109854,-1.7124500105330753,5.735306206370503,177.3
52,1,1031,213,1058,245,1051.1309814453125,963.1541137695312,546.8471069335938,1044,229,966,230,78,0.12906873226165771,0.8056176841259003,1.740554690361023,0.12441873376640333,-0.489154568276455,1.6176504684634752,174.84
52,2,1056,194,1078,225,1051.1309814453125,963.1541137695312,546.8471069335938,1067,209,968,214,99,0.17211898416280746,0.8054726511240006,1.788686752319336,0.12591473508419684,-0.4096448161085115,1.2745124903045562,180.03
52,4,987,183,1013,214,1051.1309814453125,963.1541137695312,546.8471069335938,1000,198,931,199,69,0.059985846281051636,0.7915462791919708,1.8165756464004517,0.06410064060268585,-0.6068879138085678,1.8286483556543633,181.91
52,5,967,206,993,237,1051.1309814453125,963.1541137695312,546.8471069335938,980,221,906,218,74,0.028635431081056595,0.8042831957340241,1.7607823610305786,0.02732653692440771,-0.5285725474761508,1.7050910343263659,177.59
52,6,1094,201,1118,238,1051.1309814453125,963.1541137695312,546.8471069335938,1106,219,1078,233,28,0.2280469834804535,0.8042228162288666,1.7401623129844666,0.6123957388655299,-1.405515948576895,4.5063120192911095,176.71
52,7,903,206,931,241,1051.1309814453125,963.1541137695312,546.8471069335938,917,223,836,223,81,-0.06971435993909836,0.7893061727285385,1.6584247946739197,-0.06839870056182917,-0.47992951192984246,1.5577374881500132,167.36
52,8,1029,198,1054,227,1051.1309814453125,963.1541137695312,546.8471069335938,1041,212,1030,218,11,0.12642571330070496,0.7967601358890534,1.74619060754776,0.8495040148547808,-3.654065429487797,11.470612412741007,175.37
52,9,939,192,966,221,1051.1309814453125,963.1541137695312,546.8471069335938,952,206,882,206,70,-0.016762149520218372,0.7905307501554489,1.7562084197998047,-0.01912755606349492,-0.5844993409302787,1.8025248077164437,175.66
52,10,1085,185,1108,215,1051.1309814453125,963.1541137695312,546.8471069335938,1096,200,994,210,102,0.2246638908982277,0.7983771800994873,1.825578212738037,0.15634010248671826,-0.40818811770463986,1.2370268288250106,182.41
53,0,1143,217,1171,250,1051.1309814453125,963.1541137695312,546.8471069335938,1157,233,1078,232,79,0.30753205716609955,0.8011358916759491,1.713362455368042,0.2945452010714137,-0.47688481305984376,1.5971738802550768,174.61
53,1,1030,213,1058,245,1051.1309814453125,963.1541137695312,546.8471069335938,1044,229,966,229,78,0.1290685310959816,0.8086603820323944,1.7434963583946228,0.12441873376640333,-0.489154568276455,1.6176504684634752,175.09
53,2,1192,198,1223,238,1051.1309814453125,963.1541137695312,546.8471069335938,1207,218,1135,221,72,0.3890615701675415,0.8081794619560242,1.7407249212265015,0.40654197302207723,-0.5482567442168336,1.7524546741687648,178.27
53,3,1055,195,1077,226,1051.1309814453125,963.1541137695312,546.8471069335938,1066,210,994,210,72,0.17363351583480835,0.8079846739768982,1.7924474477767944,0.17146555208161846,-0.5615944134900512,1.7524546741687648,180.25
53,4,1094,201,1118,238,1051.1309814453125,963.1541137695312,546.8471069335938,1106,219,1030,220,76,0.22729548811912537,0.8054109454154968,1.734449028968811,0.22561948273993207,-0.5178216652651719,1.6602202176335668,175.87
53,5,967,206,993,238,1051.1309814453125,963.1541137695312,546.8471069335938,980,222,968,213,12,0.027636682614684105,0.8075615555047989,1.7565072774887085,0.16851364436718086,-3.2495274574813493,10.514728045012589,178.2
53,6,986,182,1014,214,1051.1309814453125,963.1541137695312,546.8471069335938,1000,198,931,199,69,0.06104470044374466,0.7942757546901703,1.827254056930542,0.06410064060268585,-0.6068879138085678,1.8286483556543633,183.09
53,7,902,207,931,240,1051.1309814453125,963.1541137695312,546.8471069335938,916,223,906,217,10,-0.06841538101434708,0.7909618258476258,1.6594176292419434,-0.5660333768967121,-3.8874290466317234,12.617673654015107,167.94
53,8,1028,198,1054,228,1051.1309814453125,963.1541137695312,546.8471069335938,1041,213,882,205,159,0.12342192605137825,0.7980195224285126,1.75124853849411,0.05877071800882132,-0.2520420169868353,0.7935643807556672,175.88
54,0,1143,216,1171,250,1051.1309814453125,963.1541137695312,546.8471069335938,1157,233,1134,220,23,0.3110714703798294,0.8025467187166214,1.7300878167152405,1.0116987341148556,-1.6379956622490288,5.48594506696309,175.52
54,1,1030,213,1058,245,1051.1309814453125,963.1541137695312,546.8471069335938,1044,229,966,229,78,0.12811966240406036,0.805895859003067,1.7417711019515991,0.12441873376640333,-0.489154568276455,1.6176504684634752,174.93
54,3,1056,194,1078,226,1051.1309814453125,963.1541137695312,546.8471069335938,1067,210,994,210,73,0.17255160212516785,0.8055306166410446,1.7874994277954102,0.1707610790867875,-0.5539013393326532,1.728448445755494,179.74
54,4,967,206,993,237,1051.1309814453125,963.1541137695312,546.8471069335938,980,221,906,218,74,0.027207808569073677,0.800591254234314,1.7614895105361938,0.02732653692440771,-0.5285725474761508,1.7050910343263659,176.8
54,5,986,183,1013,214,1051.1309814453125,963.1541137695312,546.8471069335938,999,198,932,199,67,0.05910930223762989,0.7967907428741455,1.842678725719452,0.06422246534516965,-0.6250039709371817,1.883234873733598,184.33
54,6,1094,201,1118,238,1051.1309814453125,963.1541137695312,546.8471069335938,1106,219,1078,233,28,0.22816762328147888,0.8036795794963837,1.7409919500350952,0.6123957388655299,-1.405515948576895,4.5063120192911095,176.41
54,7,903,208,931,240,1051.1309814453125,963.1541137695312,546.8471069335938,917,224,836,222,81,-0.06651022285223007,0.7842352032661438,1.643556833267212,-0.06839870056182917,-0.4784475486772627,1.5577374881500132,164.38
54,8,1029,199,1054,228,1051.1309814453125,963.1541137695312,546.8471069335938,1041,213,1030,219,11,0.12635277211666107,0.7979831635951996,1.7463363409042358,0.8495040148547808,-3.6431527909915284,11.470612412741007,175.28
54,9,1086,185,1109,213,1051.1309814453125,963.1541137695312,546.8471069335938,1097,199,968,213,129,0.22031371295452118,0.7988343179225922,1.827840268611908,0.12454829052018773,-0.3236839304599397,0.9781142367453571,183.57
54,10,938,193,965,221,1051.1309814453125,963.1541137695312,546.8471069335938,951,207,881,205,70,-0.015295478515326977,0.7852010667324066,1.727587342262268,-0.020842399255765743,-0.5827844977380079,1.8025248077164437,173.33
55,0,1143,217,1171,250,1051.1309814453125,963.1541137695312,546.8471069335938,1157,233,1135,221,22,0.3090018182992935,0.8017099440097809,1.7069298028945923,1.0576850402109854,-1.7124500105330753,5.735306206370503,175.52
55,1,1031,212,1058,244,1051.1309814453125,963.1541137695312,546.8471069335938,1044,228,965,228,79,0.1305963546037674,0.8061506390571594,1.7392386198043823,0.12284381308581598,-0.484482219607879,1.5971738802550768,174.6
55,2,1055,194,1077,225,1051.1309814453125,963.1541137695312,546.8471069335938,1066,209,994,210,72,0.17006688565015793,0.8042971581220627,1.7842975854873657,0.17146555208161846,-0.5632616221492033,1.7524546741687648,179.51
55,4,986,183,1014,214,1051.1309814453125,963.1541137695312,546.8471069335938,1000,198,932,198,68,0.06193082220852375,0.7947809338569641,1.8324987888336182,0.06504329708213712,-0.6158127360704584,1.8555402432375157,183.0
55,5,1094,201,1118,238,1051.1309814453125,963.1541137695312,546.8471069335938,1106,219,1078,233,28,0.22833172976970673,0.8049715101718903,1.7384363412857056,0.6123957388655299,-1.405515948576895,4.5063120192911095,176.62
55,6,967,207,993,237,1051.1309814453125,963.1541137695312,546.8471069335938,980,222,907,218,73,0.030986614525318146,0.8023288488388062,1.7512924671173096,0.027700873046659864,-0.5341688971202218,1.728448445755494,175.32
55,7,903,207,930,240,1051.1309814453125,963.1541137695312,546.8471069335938,916,223,837,222,79,-0.06931637227535248,0.7873687386512757,1.6440982818603516,-0.0716497945438876,-0.49207962615591433,1.5971738802550768,166.82
55,8,1085,185,1108,213,1051.1309814453125,963.1541137695312,546.8471069335938,1096,199,1030,219,66,0.2300507128238678,0.8020584523677826,1.8452174067497253,0.2416165220249282,-0.6326549549898821,1.9117687354568345,184.01
55,9,939,192,966,220,1051.1309814453125,963.1541137695312,546.8471069335938,952,206,882,206,70,-0.01671876199543476,0.7893108367919922,1.7643035650253296,-0.01912755606349492,-0.5844993409302787,1.8025248077164437,175.1
56,0,1143,217,1171,250,1051.1309814453125,963.1541137695312,546.8471069335938,1157,233,1078,233,79,0.30233991146087646,0.8033489227294922,1.6762962341308594,0.2945452010714137,-0.47688481305984376,1.5971738802550768,173.19
56,1,1030,213,1058,244,1051.1309814453125,963.1541137695312,546.8471069335938,1044,228,966,229,78,0.12692436575889587,0.8072255492210388,1.7516828775405884,0.12441873376640333,-0.4906935301156724,1.6176504684634752,175.82
56,2,1056,195,1078,226,1051.1309814453125,963.1541137695312,546.8471069335938,1067,210,996,210,71,0.17320650815963745,0.8083400368690491,1.7993658185005188,0.17557125032866885,-0.569504193961742,1.7771371343683249,180.95
56,3,1194,200,1222,239,1051.1309814453125,963.1541137695312,546.8471069335938,1208,219,1135,222,73,0.3917890191078186,0.8089281857013703,1.7295104265213013,0.40261727508285644,-0.5391020076733296,1.728448445755494,178.13
56,4,966,207,993,239,1051.1309814453125,963.1541137695312,546.8471069335938,979,223,969,213,10,0.027682549320161343,0.8049188643693924,1.7582710981369019,0.19021247089472126,-3.8874290466317234,12.617673654015107,176.06
56,5,1094,201,1118,239,1051.1309814453125,963.1541137695312,546.8471069335938,1106,220,1030,220,76,0.22761818021535873,0.8055153727531433,1.7415031790733337,0.22561948273993207,-0.5162422044301856,1.6602202176335668,176.47
56,6,903,207,932,240,1051.1309814453125,963.1541137695312,546.8471069335938,917,223,907,218,10,-0.0679272934794426,0.7880824744701386,1.6496859788894653,-0.5540294745508163,-3.8874290466317234,12.617673654015107,166.39
56,7,986,184,1013,215,1051.1309814453125,963.1541137695312,546.8471069335938,999,199,931,199,68,0.06057255156338215,0.7942572921514511,1.819938063621521,0.06327801732538774,-0.614047456313709,1.8555402432375157,182.66
57,0,1143,217,1171,250,1051.1309814453125,963.1541137695312,546.8471069335938,1157,233,1078,232,79,0.30385449528694153,0.8061594903469086,1.719918668270111,0.2945452010714137,-0.47688481305984376,1.5971738802550768,175.66
57,1,1030,214,1058,245,1051.1309814453125,963.1541137695312,546.8471069335938,1044,229,966,229,78,0.12872561812400818,0.8074884653091431,1.748397707939148,0.12441873376640333,-0.489154568276455,1.6176504684634752,175.52
57,2,1055,196,1078,226,1051.1309814453125,963.1541137695312,546.8471069335938,1066,211,995,210,71,0.17187300324440002,0.8071806073188782,1.793545126914978,0.1738805598574159,-0.5678135034904891,1.7771371343683249,180.77
57,3,902,207,931,240,1051.1309814453125,963.1541137695312,546.8471069335938,916,223,837,222,79,-0.06896386295557022,0.7872735351324082,1.6464295387268066,-0.0716497945438876,-0.49207962615591433,1.5971738802550768,166.04
57,4,1193,199,1222,238,1051.1309814453125,963.1541137695312,546.8471069335938,1207,218,1135,220,72,0.39237450063228607,0.8087836593389511,1.74531888961792,0.40654197302207723,-0.5482567442168336,1.7524546741687648,178.24
57,5,967,206,993,237,1051.1309814453125,963.1541137695312,546.8471069335938,980,221,906,218,74,0.027641866356134415,0.8052785038948059,1.7502208948135376,0.02732653692440771,-0.5285725474761508,1.7050910343263659,175.62
57,6,987,183,1013,214,1051.1309814453125,963.1541137695312,546.8471069335938,1000,198,931,199,69,0.06408876925706863,0.7937080502510071,1.8170543909072876,0.06410064060268585,-0.6068879138085678,1.8286483556543633,182.37
57,7,1095,202,1118,238,1051.1309814453125,963.1541137695312,546.8471069335938,1106,220,1030,219,76,0.22903849929571152,0.8068794548511505,1.750758171081543,0.22561948273993207,-0.5162422044301856,1.6602202176335668,177.57
57,8,1028,198,1053,227,1051.1309814453125,963.1541137695312,546.8471069335938,1040,212,968,214,72,0.1193692721426487,0.7966524600982666,1.7606768012046814,0.12811812694366154,-0.5582599961717467,1.7524546741687648,176.83
57,9,939,192,966,221,1051.1309814453125,963.1541137695312,546.8471069335938,952,206,883,205,69,-0.016755918972194195,0.7887041509151459,1.7468929886817932,-0.019404767020936877,-0.5929703458712973,1.8286483556543633,174.89
58,0,1143,217,1171,250,1051.1309814453125,963.1541137695312,546.8471069335938,1157,233,1135,220,22,0.3065507709980011,0.8130411744117737,1.7530261278152466,1.0576850402109854,-1.7124500105330753,5.735306206370503,179.53
58,1,1055,195,1078,225,1051.1309814453125,963.1541137695312,546.8471069335938,1066,210,1031,219,35,0.17175846546888351,0.8066538810729981,1.7928223609924316,0.35272913571075803,-1.155279936322391,3.6050496154328875,180.41
58,2,1030,212,1058,244,1051.1309814453125,963.1541137695312,546.8471069335938,1044,228,966,229,78,0.13019348680973053,0.8068240225315094,1.747248888015747,0.12441873376640333,-0.4906935301156724,1.6176504684634752,175.62
58,4,1094,201,1118,238,1051.1309814453125,963.1541137695312,546.8471069335938,1106,219,1078,233,28,0.22958143055438995,0.8087823331356049,1.7508132457733154,0.6123957388655299,-1.405515948576895,4.5063120192911095,180.51
58,5,967,206,993,237,1051.1309814453125,963.1541137695312,546.8471069335938,980,221,907,217,73,0.027750465087592602,0.8043766111135483,1.7615914940834045,0.027700873046659864,-0.5358132673045911,1.728448445755494,176.97
58,6,987,183,1013,214,1051.1309814453125,963.1541137695312,546.8471069335938,1000,198,994,210,6,0.061158016324043274,0.7950071930885315,1.8326762914657593,0.7371573669308873,-6.979211008798529,21.029456090025178,183.16
58,7,903,206,930,240,1051.1309814453125,963.1541137695312,546.8471069335938,916,223,837,224,79,-0.06805676221847534,0.7875110894441605,1.657641589641571,-0.0716497945438876,-0.49207962615591433,1.5971738802550768,167.31
58,8,916,183,941,214,1051.1309814453125,963.1541137695312,546.8471069335938,928,198,883,205,45,-0.06666289642453194,0.781145641207695,1.7482348680496216,-0.09377478861021397,-0.930561467839804,2.803927478670024,177.05
58,9,1085,186,1108,214,1051.1309814453125,963.1541137695312,546.8471069335938,1096,200,932,203,164,0.21880172193050385,0.799422824382782,1.8324840068817139,0.09723591740027598,-0.25387309759678817,0.7693703447570187,185.19
59,0,1143,218,1171,250,1051.1309814453125,963.1541137695312,546.8471069335938,1157,234,1134,219,23,0.3048722892999649,0.7970068842172623,1.6300733089447021,1.0116987341148556,-1.6327765742725522,5.48594506696309,176.76
59,1,1030,213,1058,244,1051.1309814453125,963.1541137695312,546.8471069335938,1044,228,966,229,78,0.12881648540496826,0.8063091725111008,1.7565330266952515,0.12441873376640333,-0.4906935301156724,1.6176504684634752,176.49
59,2,1055,194,1077,225,1051.1309814453125,963.1541137695312,546.8471069335938,1066,209,968,213,98,0.16949401795864105,0.8048568606376648,1.7867838144302368,0.1259746913252707,-0.41382486525247597,1.2875177197974599,180.92
59,4,986,182,1013,214,1051.1309814453125,963.1541137695312,546.8471069335938,999,198,995,210,4,0.05924159847199917,0.7930838108062744,1.8229422569274902,1.0757262945315915,-10.468816513197794,31.544184135037767,183.03
59,5,1094,202,1118,239,1051.1309814453125,963.1541137695312,546.8471069335938,1106,220,1078,232,28,0.22929196059703827,0.8032227694988251,1.7578926086425781,0.6123957388655299,-1.401228840596218,4.5063120192911095,181.12
59,6,967,206,993,237,1051.1309814453125,963.1541137695312,546.8471069335938,980,221,906,219,74,0.028267163783311844,0.8041958153247833,1.7605593800544739,0.02732653692440771,-0.5285725474761508,1.7050910343263659,177.4
59,7,902,208,930,241,1051.1309814453125,963.1541137695312,546.8471069335938,916,224,837,222,79,-0.07108834385871887,0.7902196288108826,1.6538320183753967,-0.0716497945438876,-0.4905601448463072,1.5971738802550768,167.95
59,8,1029,197,1054,228,1051.1309814453125,963.1541137695312,546.8471069335938,1041,212,1030,219,11,0.12351023778319359,0.7963852375745774,1.7660644054412842,0.8495040148547808,-3.654065429487797,11.470612412741007,177.72
59,10,916,183,940,214,1051.1309814453125,963.1541137695312,546.8471069335938,928,198,931,199,3,-0.07854292169213295,0.8013225138187409,1.860692024230957,-1.4066218291532095,-13.958422017597059,42.058912180050356,185.93
59,11,939,192,966,221,1051.1309814453125,963.1541137695312,546.8471069335938,952,206,881,206,71,-0.016798513010144234,0.7909119814634323,1.7590426802635193,-0.01885815386541753,-0.5762669558467537,1.7771371343683249,175.87
60,0,1143,218,1171,250,1051.1309814453125,963.1541137695312,546.8471069335938,1157,234,1078,233,79,0.3003881275653839,0.7999343514442444,1.692742109298706,0.2945452010714137,-0.4753653317502367,1.5971738802550768,173.59
60,1,1030,213,1058,245,1051.1309814453125,963.1541137695312,546.8471069335938,1044,229,966,230,78,0.12828709930181503,0.8041043072938919,1.7161368131637573,0.12441873376640333,-0.489154568276455,1.6176504684634752,173.06
60,2,1194,199,1223,238,1051.1309814453125,963.1541137695312,546.8471069335938,1208,218,1135,220,73,0.3920953720808029,0.808372163772583,1.7446632981300354,0.40261727508285644,-0.540746377857699,1.728448445755494,177.88
60,3,1055,195,1078,226,1051.1309814453125,963.1541137695312,546.8471069335938,1066,210,994,210,72,0.1707397997379303,0.8048007130622864,1.7824480533599854,0.17146555208161846,-0.5615944134900512,1.7524546741687648,179.41
60,4,986,183,1013,214,1051.1309814453125,963.1541137695312,546.8471069335938,999,198,931,198,68,0.06330682709813118,0.7903184533119202,1.805872917175293,0.06327801732538774,-0.6158127360704584,1.8555402432375157,181.02
60,5,902,207,931,241,1051.1309814453125,963.1541137695312,546.8471069335938,916,224,836,223,80,-0.06690910458564758,0.7870968818664551,1.6565724611282349,-0.07075417211208901,-0.48442814303572845,1.5772092067518884,167.17
60,6,966,206,993,238,1051.1309814453125,963.1541137695312,546.8471069335938,979,222,907,218,72,0.025984788313508034,0.8031487703323364,1.751274585723877,0.026418398735377952,-0.541587909580225,1.7524546741687648,176.45
60,7,1094,201,1118,238,1051.1309814453125,963.1541137695312,546.8471069335938,1106,219,1030,219,76,0.22736281156539917,0.8049640595912934,1.7406256198883057,0.22561948273993207,-0.5178216652651719,1.6602202176335668,175.92
60,8,1029,198,1054,228,1051.1309814453125,963.1541137695312,546.8471069335938,1041,213,968,214,73,0.12460038810968399,0.7953191339969635,1.7393367290496826,0.12800745429318613,-0.5489682287795453,1.728448445755494,174.51
60,9,916,183,940,214,1051.1309814453125,963.1541137695312,546.8471069335938,928,198,882,206,46,-0.06510168313980103,0.7806331157684326,1.7537744641304016,-0.09173620624912236,-0.9103318707128517,2.742972533481545,179.66
61,0,1143,217,1171,250,1051.1309814453125,963.1541137695312,546.8471069335938,1157,233,1078,233,79,0.3042508065700531,0.8021368622779846,1.7173916101455688,0.2945452010714137,-0.47688481305984376,1.5971738802550768,175.16
61,1,1030,213,1058,245,1051.1309814453125,963.1541137695312,546.8471069335938,1044,229,966,229,78,0.12723086029291153,0.8041818231344223,1.7224040627479553,0.12441873376640333,-0.489154568276455,1.6176504684634752,173.15
61,2,1056,196,1078,226,1051.1309814453125,963.1541137695312,546.8471069335938,1067,211,994,210,73,0.1723213866353035,0.8066192060709,1.7913323044776917,0.1707610790867875,-0.5522569691482839,1.728448445755494,180.19
61,3,1193,200,1223,238,1051.1309814453125,963.1541137695312,546.8471069335938,1208,219,1135,219,73,0.3923192024230957,0.8088153243064881,1.755254864692688,0.40261727508285644,-0.5391020076733296,1.728448445755494,178.93
61,4,1094,200,1118,238,1051.1309814453125,963.1541137695312,546.8471069335938,1106,219,1030,219,76,0.2265983372926712,0.8059109091758728,1.7416130304336548,0.22561948273993207,-0.5178216652651719,1.6602202176335668,176.29
61,5,986,182,1013,214,1051.1309814453125,963.1541137695312,546.8471069335938,999,198,932,198,67,0.0590132512152195,0.7909066468477249,1.8119364976882935,0.06422246534516965,-0.6250039709371817,1.883234873733598,181.76
61,6,903,207,930,240,1051.1309814453125,963.1541137695312,546.8471069335938,916,223,906,219,10,-0.06943777948617935,0.7872919976711273,1.6544681787490845,-0.5660333768967121,-3.8874290466317234,12.617673654015107,167.07
61,7,967,206,993,238,1051.1309814453125,963.1541137695312,546.8471069335938,980,222,968,214,12,0.02767234854400158,0.8043662995100022,1.7586786150932312,0.16851364436718086,-3.2495274574813493,10.514728045012589,177.28
61,8,1029,199,1054,228,1051.1309814453125,963.1541137695312,546.8471069335938,1041,213,882,205,159,0.12550856173038483,0.7940740525722504,1.7326688766479492,0.05877071800882132,-0.2520420169868353,0.7935643807556672,173.99
62,0,1143,217,1171,249,1051.1309814453125,963.1541137695312,546.8471069335938,1157,233,1135,220,22,0.30649949610233307,0.7995830714702606,1.7082544565200806,1.0576850402109854,-1.7124500105330753,5.735306206370503,174.94
62,1,1030,213,1058,245,1051.1309814453125,963.1541137695312,546.8471069335938,1044,229,966,229,78,0.12773501873016357,0.8049858152866364,1.732517957687378,0.12441873376640333,-0.489154568276455,1.6176504684634752,173.76
62,2,1055,195,1077,225,1051.1309814453125,963.1541137695312,546.8471069335938,1066,210,1030,216,36,0.1705610752105713,0.8054667353630066,1.78951895236969,0.3429311041632369,-1.1231888269801025,3.5049093483375295,179.95
62,4,902,207,930,241,1051.1309814453125,963.1541137695312,546.8471069335938,916,224,836,223,80,-0.06835067272186279,0.7900281190872193,1.6635799407958984,-0.07075417211208901,-0.48442814303572845,1.5772092067518884,168.31
62,5,967,207,993,237,1051.1309814453125,963.1541137695312,546.8471069335938,980,222,969,214,11,0.027219710871577263,0.8037972688674927,1.761561095714569,0.18383306658237913,-3.5449390445251083,11.470612412741007,177.26
62,6,986,184,1013,214,1051.1309814453125,963.1541137695312,546.8471069335938,999,199,995,210,4,0.05632839724421501,0.794172877073288,1.8313846588134766,1.0757262945315915,-10.438806757333055,31.544184135037767,184.19
62,7,1094,201,1118,238,1051.1309814453125,963.1541137695312,546.8471069335938,1106,219,1078,232,28,0.22678924351930618,0.8036316573619843,1.735008180141449,0.6123957388655299,-1.405515948576895,4.5063120192911095,175.8
62,8,1085,185,1108,214,1051.1309814453125,963.1541137695312,546.8471069335938,1096,199,931,198,165,0.22085866332054138,0.801049941778183,1.8325318098068237,0.09664660880997128,-0.2530619819959528,0.7647074941827338,185.01
62,9,939,193,966,221,1051.1309814453125,963.1541137695312,546.8471069335938,952,207,906,218,46,-0.012025301344692707,0.7927533924579621,1.7915809750556946,-0.029107150531405317,-0.8868459748187077,2.742972533481545,178.45
63,1,1056,195,1078,225,1051.1309814453125,963.1541137695312,546.8471069335938,1067,210,1078,233,11,0.17607031762599945,0.8091925323009491,1.8001405596733093,1.1332326157577715,-3.675890706480335,11.470612412741007,181.12
63,2,1030,213,1057,245,1051.1309814453125,963.1541137695312,546.8471069335938,1043,229,966,229,77,0.12803347408771515,0.807301664352417,1.732907772064209,0.12447561312104549,-0.49550722500731803,1.638658916105858,174.26
63,4,986,183,1013,214,1051.1309814453125,963.1541137695312,546.8471069335938,999,198,994,210,5,0.0606120266020298,0.7930529356002808,1.8223059177398682,0.8605810356252732,-8.375053210558235,25.235347308030214,182.65
63,5,967,207,993,238,1051.1309814453125,963.1541137695312,546.8471069335938,980,222,906,219,74,0.028814825229346752,0.8071370363235474,1.7542064785957336,0.02732653692440771,-0.5269503985104891,1.7050910343263659,176.88
63,6,903,207,930,240,1051.1309814453125,963.1541137695312,546.8471069335938,916,223,837,223,79,-0.0695377066731453,0.7920126855373383,1.6811842918395996,-0.0716497945438876,-0.49207962615591433,1.5971738802550768,169.8
63,7,1094,203,1118,239,1051.1309814453125,963.1541137695312,546.8471069335938,1106,221,1135,220,29,0.22738640755414963,0.8053261578083039,1.7369234561920166,0.5912786444218909,-1.3487713280425913,4.350921949660382,176.51
63,8,916,183,940,213,1051.1309814453125,963.1541137695312,546.8471069335938,928,198,931,199,3,-0.05916988104581833,0.7841772079467774,1.7703447341918945,-1.4066218291532095,-13.958422017597059,42.058912180050356,180.65
63,9,1029,199,1054,227,1051.1309814453125,963.1541137695312,546.8471069335938,1041,213,1030,219,11,0.1255021169781685,0.7957575112581253,1.7434428334236145,0.8495040148547808,-3.6431527909915284,11.470612412741007,174.87
63,10,940,193,966,221,1051.1309814453125,963.1541137695312,546.8471069335938,953,207,882,205,71,-0.01680475566536188,0.794131749868393,1.7775006294250488,-0.017167463394164605,-0.5745762653755008,1.7771371343683249,177.49
64,0,1144,217,1171,250,1051.1309814453125,963.1541137695312,546.8471069335938,1157,233,1078,233,79,0.30807802081108093,0.7986431956291199,1.6521261930465698,0.2945452010714137,-0.47688481305984376,1.5971738802550768,176.67
64,1,1056,195,1078,225,1051.1309814453125,963.1541137695312,546.8471069335938,1067,210,995,210,72,0.17541807889938354,0.8089285433292389,1.7985970973968506,0.17313276074077066,-0.5615944134900512,1.7524546741687648,181.24
64,2,1030,211,1058,244,1051.1309814453125,963.1541137695312,546.8471069335938,1044,227,966,228,78,0.12705504149198532,0.8074390232563019,1.7475420832633972,0.12441873376640333,-0.4922324919548898,1.6176504684634752,175.48
64,3,1194,199,1222,238,1051.1309814453125,963.1541137695312,546.8471069335938,1208,218,1135,220,73,0.391521692276001,0.8080715477466583,1.7429449558258057,0.40261727508285644,-0.540746377857699,1.728448445755494,178.34
64,4,903,207,931,240,1051.1309814453125,963.1541137695312,546.8471069335938,917,223,836,223,81,-0.06855934113264084,0.7914075940847397,1.683166265487671,-0.06839870056182917,-0.47992951192984246,1.5577374881500132,170.24
64,5,986,182,1013,214,1051.1309814453125,963.1541137695312,546.8471069335938,999,198,931,199,68,0.06331120058894157,0.7934442549943924,1.8199901580810547,0.06327801732538774,-0.6158127360704584,1.8555402432375157,182.92
64,6,1094,200,1118,238,1051.1309814453125,963.1541137695312,546.8471069335938,1106,219,1030,220,76,0.231635183095932,0.8034673869609833,1.759105920791626,0.22561948273993207,-0.5178216652651719,1.6602202176335668,178.65
64,7,966,206,993,237,1051.1309814453125,963.1541137695312,546.8471069335938,979,221,906,218,73,0.03072874154895544,0.8069736897945404,1.7550950646400452,0.026056502862290585,-0.5358132673045911,1.728448445755494,176.8
64,8,938,192,965,220,1051.1309814453125,963.1541137695312,546.8471069335938,951,206,882,205,69,-0.018239129334688187,0.7935553431510926,1.7837145328521729,-0.021144463013095683,-0.5929703458712973,1.8286483556543633,177.43
64,9,1086,186,1109,214,1051.1309814453125,963.1541137695312,546.8471069335938,1097,200,968,214,129,0.2298324555158615,0.8015062153339386,1.841306209564209,0.12454829052018773,-0.3227533953943663,0.9781142367453571,184.16
65,0,1143,217,1171,250,1051.1309814453125,963.1541137695312,546.8471069335938,1157,233,1135,220,22,0.3125089108943939,0.8051713645458222,1.7304564714431763,1.0576850402109854,-1.7124500105330753,5.735306206370503,177.25
65,1,1030,213,1058,245,1051.1309814453125,963.1541137695312,546.8471069335938,1044,229,965,230,79,0.12790736556053162,0.8041900038719177,1.7196545600891113,0.12284381308581598,-0.48296273829827197,1.5971738802550768,173.21
65,2,1055,196,1078,225,1051.1309814453125,963.1541137695312,546.8471069335938,1066,210,994,210,72,0.17075885832309723,0.8036339074373245,1.7823424339294434,0.17146555208161846,-0.5615944134900512,1.7524546741687648,179.33
65,4,987,183,1013,214,1051.1309814453125,963.1541137695312,546.8471069335938,1000,198,931,199,69,0.06133602000772953,0.793089160323143,1.8188531994819641,0.06410064060268585,-0.6068879138085678,1.8286483556543633,181.67
65,5,902,207,930,241,1051.1309814453125,963.1541137695312,546.8471069335938,916,224,836,222,80,-0.06784016638994217,0.7875755667686463,1.65274977684021,-0.07075417211208901,-0.48442814303572845,1.5772092067518884,167.29
65,6,967,207,993,237,1051.1309814453125,963.1541137695312,546.8471069335938,980,222,968,213,12,0.02705598995089531,0.8021730720996857,1.759840190410614,0.16851364436718086,-3.2495274574813493,10.514728045012589,176.67
65,7,1094,202,1118,239,1051.1309814453125,963.1541137695312,546.8471069335938,1106,220,1079,234,27,0.22718848288059235,0.806097337603569,1.7369595766067505,0.6350770625272162,-1.453126205062745,4.67321246445004,176.47
65,8,939,193,966,221,1051.1309814453125,963.1541137695312,546.8471069335938,952,207,906,219,46,-0.016875112429261208,0.7905473202466965,1.7636428475379944,-0.029107150531405317,-0.8868459748187077,2.742972533481545,175.72
65,9,1028,198,1054,227,1051.1309814453125,963.1541137695312,546.8471069335938,1041,212,1030,219,11,0.12071717903017998,0.7939540535211563,1.7417055368423462,0.8495040148547808,-3.654065429487797,11.470612412741007,174.97
66,0,1144,218,1171,250,1051.1309814453125,963.1541137695312,546.8471069335938,1157,234,1134,220,23,0.29940521717071533,0.799278998374939,1.68541020154953,1.0116987341148556,-1.6327765742725522,5.48594506696309,173.61
66,1,1031,213,1058,244,1051.1309814453125,963.1541137695312,546.8471069335938,1044,228,965,229,79,0.1302708387374878,0.807915472984314,1.7372421026229858,0.12284381308581598,-0.484482219607879,1.5971738802550768,174.75
66,2,1056,196,1077,225,1051.1309814453125,963.1541137695312,546.8471069335938,1066,210,994,210,72,0.17369681596755981,0.8034735411405564,1.7779671549797058,0.17146555208161846,-0.5615944134900512,1.7524546741687648,179.0
66,4,903,207,931,240,1051.1309814453125,963.1541137695312,546.8471069335938,917,223,836,223,81,-0.06728669255971909,0.7900372833013535,1.6692337393760681,-0.06839870056182917,-0.47992951192984246,1.5577374881500132,168.15
66,5,987,184,1013,214,1051.1309814453125,963.1541137695312,546.8471069335938,1000,199,931,199,69,0.0635564997792244,0.7906928151845932,1.8095114827156067,0.06410064060268585,-0.605148217816409,1.8286483556543633,181.19
66,6,967,207,993,237,1051.1309814453125,963.1541137695312,546.8471069335938,980,222,906,218,74,0.027677293866872787,0.8042482376098633,1.7598288655281067,0.02732653692440771,-0.5269503985104891,1.7050910343263659,176.27
66,7,1094,202,1118,238,1051.1309814453125,963.1541137695312,546.8471069335938,1106,220,1078,232,28,0.22706852853298187,0.804764324426651,1.734749674797058,0.6123957388655299,-1.401228840596218,4.5063120192911095,175.36
66,8,1084,185,1108,213,1051.1309814453125,963.1541137695312,546.8471069335938,1096,199,1030,220,66,0.22700253874063492,0.7955097943544388,1.8131316900253296,0.2416165220249282,-0.6326549549898821,1.9117687354568345,181.91
66,9,939,193,966,221,1051.1309814453125,963.1541137695312,546.8471069335938,952,207,882,206,70,-0.016864723525941372,0.7933624774217606,1.7667792439460754,-0.01912755606349492,-0.5827844977380079,1.8025248077164437,176.89
66,10,1029,199,1053,226,1051.1309814453125,963.1541137695312,546.8471069335938,1041,212,968,214,73,0.12530484795570374,0.7964516818523407,1.7485814094543457,0.12800745429318613,-0.5506125989639147,1.728448445755494,175.37
67,0,1143,217,1171,250,1051.1309814453125,963.1541137695312,546.8471069335938,1157,233,1135,220,22,0.30323758721351624,0.8073652029037476,1.7434808015823364,1.0576850402109854,-1.7124500105330753,5.735306206370503,177.1
67,1,1056,194,1078,225,1051.1309814453125,963.1541137695312,546.8471069335938,1067,209,994,210,73,0.17300070077180862,0.8091301113367081,1.8031877279281616,0.1707610790867875,-0.5555457095170224,1.728448445755494,181.44
67,2,1030,212,1058,245,1051.1309814453125,963.1541137695312,546.8471069335938,1044,228,1030,220,14,0.13003772497177124,0.8080776870250702,1.7362465858459473,0.6931900881271044,-2.733863953501603,9.012624038582219,175.25
67,3,987,183,1013,215,1051.1309814453125,963.1541137695312,546.8471069335938,1000,199,932,199,68,0.060175128281116486,0.7888980001211167,1.7963520884513855,0.06504329708213712,-0.614047456313709,1.8555402432375157,180.24
67,4,966,206,993,238,1051.1309814453125,963.1541137695312,546.8471069335938,979,222,965,229,14,0.026079661212861538,0.8030392169952393,1.760615050792694,0.13586605063908663,-2.785309249269728,9.012624038582219,177.08
67,6,1094,199,1118,237,1051.1309814453125,963.1541137695312,546.8471069335938,1106,218,1078,233,28,0.22882334142923355,0.8065819084644318,1.7521564364433289,0.6123957388655299,-1.409803056557572,4.5063120192911095,179.22
67,7,903,207,931,240,1051.1309814453125,963.1541137695312,546.8471069335938,917,223,837,223,80,-0.06747741252183914,0.7903021961450577,1.6705002188682556,-0.06925368431885204,-0.4859286308289654,1.5772092067518884,168.26
67,8,1086,185,1109,215,1051.1309814453125,963.1541137695312,546.8471069335938,1097,200,968,212,129,0.22040938585996628,0.7997984677553177,1.8289995789527893,0.12454829052018773,-0.3227533953943663,0.9781142367453571,184.14
67,9,940,192,966,221,1051.1309814453125,963.1541137695312,546.8471069335938,953,206,907,218,46,-0.01417906116694212,0.7915639072656632,1.7821763157844543,-0.02649760654316711,-0.889455518806946,2.742972533481545,177.26
68,0,1143,217,1171,250,1051.1309814453125,963.1541137695312,546.8471069335938,1157,233,1078,232,79,0.3052700161933899,0.8012060910463333,1.7032845616340637,0.2945452010714137,-0.47688481305984376,1.5971738802550768,173.95
68,1,1030,214,1057,245,1051.1309814453125,963.1541137695312,546.8471069335938,1043,229,966,229,77,0.12766434252262115,0.8033521562814713,1.7144282460212708,0.12447561312104549,-0.49550722500731803,1.638658916105858,172.37
68,2,1055,196,1078,225,1051.1309814453125,963.1541137695312,546.8471069335938,1066,210,995,210,71,0.1706579178571701,0.8036384969949723,1.7822126150131226,0.1738805598574159,-0.569504193961742,1.7771371343683249,179.15
68,3,1193,200,1223,239,1051.1309814453125,963.1541137695312,546.8471069335938,1208,219,1135,220,73,0.39032553136348724,0.8090617746114731,1.7411068677902222,0.40261727508285644,-0.5391020076733296,1.728448445755494,178.16
68,4,1094,199,1118,238,1051.1309814453125,963.1541137695312,546.8471069335938,1106,218,1030,219,76,0.22611795365810394,0.8034026265144348,1.736191987991333,0.22561948273993207,-0.5194011261001582,1.6602202176335668,175.7
68,5,967,207,993,237,1051.1309814453125,963.1541137695312,546.8471069335938,980,222,968,213,12,0.03093357291072607,0.802125895023346,1.7340453267097473,0.16851364436718086,-3.2495274574813493,10.514728045012589,173.57
68,6,986,183,1013,214,1051.1309814453125,963.1541137695312,546.8471069335938,999,198,932,198,67,0.05959762632846832,0.7886250704526901,1.799644410610199,0.06422246534516965,-0.6250039709371817,1.883234873733598,180.01
68,7,903,206,931,241,1051.1309814453125,963.1541137695312,546.8471069335938,917,223,906,217,11,-0.06765967607498169,0.7918844163417816,1.6747876405715942,-0.5036631586825603,-3.5340264060288393,11.470612412741007,169.59
68,8,1029,198,1053,226,1051.1309814453125,963.1541137695312,546.8471069335938,1041,212,881,205,160,0.12485367804765701,0.7926807790994644,1.7325322031974792,0.05840340102126618,-0.25121699827728605,0.7886046033759442,173.81
69,0,1144,218,1171,250,1051.1309814453125,963.1541137695312,546.8471069335938,1157,234,1078,232,79,0.30632278323173523,0.8018340408802033,1.7155232429504395,0.2945452010714137,-0.4753653317502367,1.5971738802550768,175.21
69,1,1030,212,1057,245,1051.1309814453125,963.1541137695312,546.8471069335938,1043,228,966,229,77,0.12752237915992737,0.8055776298046112,1.7464903593063354,0.12447561312104549,-0.4970661733639279,1.638658916105858,175.0
69,2,1055,195,1078,226,1051.1309814453125,963.1541137695312,546.8471069335938,1066,210,994,210,72,0.17090243101119995,0.8045995473861695,1.784382700920105,0.17146555208161846,-0.5615944134900512,1.7524546741687648,179.85
69,3,1194,200,1223,238,1051.1309814453125,963.1541137695312,546.8471069335938,1208,219,1134,220,74,0.3923456370830536,0.8096920192241669,1.7533191442489624,0.39717650109525027,-0.5318168454074739,1.7050910343263659,179.07
69,4,967,207,993,238,1051.1309814453125,963.1541137695312,546.8471069335938,980,222,968,213,12,0.02917634602636099,0.8035828858613968,1.7515267133712769,0.16851364436718086,-3.2495274574813493,10.514728045012589,175.95
69,5,986,184,1013,214,1051.1309814453125,963.1541137695312,546.8471069335938,999,199,931,198,68,0.060628507286310196,0.7927258849143982,1.8197168111801147,0.06327801732538774,-0.614047456313709,1.8555402432375157,181.85
69,6,1094,200,1118,237,1051.1309814453125,963.1541137695312,546.8471069335938,1106,218,1030,218,76,0.22913333773612976,0.8029251337051392,1.7392960786819458,0.22561948273993207,-0.5194011261001582,1.6602202176335668,176.62
69,7,903,206,931,240,1051.1309814453125,963.1541137695312,546.8471069335938,917,223,836,223,81,-0.06946864724159241,0.7878415524959564,1.66987144947052,-0.06839870056182917,-0.47992951192984246,1.5577374881500132,168.81
69,8,939,192,965,221,1051.1309814453125,963.1541137695312,546.8471069335938,952,206,906,218,46,-0.01785692572593689,0.7912923187017441,1.762662649154663,-0.029107150531405317,-0.889455518806946,2.742972533481545,176.03
70,0,1143,217,1171,250,1051.1309814453125,963.1541137695312,546.8471069335938,1157,233,1134,220,23,0.30665744841098785,0.8037744402885437,1.726629912853241,1.0116987341148556,-1.6379956622490288,5.48594506696309,176.42
70,1,1030,213,1058,245,1051.1309814453125,963.1541137695312,546.8471069335938,1044,229,966,228,78,0.12848035991191864,0.8074821174144745,1.7507292032241821,0.12441873376640333,-0.489154568276455,1.6176504684634752,175.72
70,2,1055,195,1077,225,1051.1309814453125,963.1541137695312,546.8471069335938,1066,210,1030,219,36,0.17045271396636963,0.8059683978557587,1.7888608574867249,0.3429311041632369,-1.1231888269801025,3.5049093483375295,180.32
70,4,966,206,993,238,1051.1309814453125,963.1541137695312,546.8471069335938,979,222,907,218,72,0.022688466124236584,0.8019286334514618,1.717143952846527,0.026418398735377952,-0.541587909580225,1.7524546741687648,171.99
70,5,1094,199,1118,237,1051.1309814453125,963.1541137695312,546.8471069335938,1106,218,1077,233,29,0.2271544709801674,0.8036743640899658,1.7399923205375671,0.5912786444218909,-1.361189158055587,4.350921949660382,176.4
70,6,903,208,931,240,1051.1309814453125,963.1541137695312,546.8471069335938,917,224,836,223,81,-0.06674852967262268,0.7875047564506531,1.6453559398651123,-0.06839870056182917,-0.4784475486772627,1.5577374881500132,164.56
70,7,988,183,1014,218,1051.1309814453125,963.1541137695312,546.8471069335938,1001,200,995,210,6,0.06590530648827553,0.7866819143295288,1.763656497001648,0.7571638708407136,-6.939198000978877,21.029456090025178,178.19
70,8,939,193,965,221,1051.1309814453125,963.1541137695312,546.8471069335938,952,207,882,205,70,-0.01757227908819914,0.7872249871492386,1.7503123879432678,-0.01912755606349492,-0.5827844977380079,1.8025248077164437,174.7
70,9,916,184,941,214,1051.1309814453125,963.1541137695312,546.8471069335938,928,199,931,199,3,-0.08789253607392311,0.825385445356369,2.017679452896118,-1.4066218291532095,-13.918409009777406,42.058912180050356,203.42
71,0,1144,217,1171,250,1051.1309814453125,963.1541137695312,546.8471069335938,1157,233,1134,221,23,0.30661824345588684,0.8009417295455933,1.6995446681976318,1.0116987341148556,-1.6379956622490288,5.48594506696309,173.36
71,1,1056,196,1077,225,1051.1309814453125,963.1541137695312,546.8471069335938,1066,210,995,210,71,0.1720685139298439,0.8073561578989029,1.7956966161727905,0.1738805598574159,-0.569504193961742,1.7771371343683249,180.7
71,2,1030,213,1058,245,1051.1309814453125,963.1541137695312,546.8471069335938,1044,229,966,228,78,0.12901043891906738,0.8099436700344086,1.7603389024734497,0.12441873376640333,-0.489154568276455,1.6176504684634752,176.62
71,4,1094,200,1118,238,1051.1309814453125,963.1541137695312,546.8471069335938,1106,219,1078,233,28,0.2282474935054779,0.8046716094017029,1.7394815683364868,0.6123957388655299,-1.405515948576895,4.5063120192911095,176.19
71,5,966,207,993,238,1051.1309814453125,963.1541137695312,546.8471069335938,979,222,907,218,72,0.026076190173625946,0.8043779969215393,1.7617764472961426,0.026418398735377952,-0.541587909580225,1.7524546741687648,177.55
71,6,986,183,1013,214,1051.1309814453125,963.1541137695312,546.8471069335938,999,198,931,198,68,0.06225945055484772,0.7960887789726258,1.8467614650726318,0.06327801732538774,-0.6158127360704584,1.8555402432375157,185.36
71,7,1029,199,1054,227,1051.1309814453125,963.1541137695312,546.8471069335938,1041,213,1030,220,11,0.12438876181840897,0.7993194103240967,1.7665498852729797,0.8495040148547808,-3.6431527909915284,11.470612412741007,177.42
71,8,903,206,930,240,1051.1309814453125,963.1541137695312,546.8471069335938,916,223,837,223,79,-0.06874290853738785,0.789030396938324,1.6774295568466187,-0.0716497945438876,-0.49207962615591433,1.5971738802550768,169.45
72,0,1143,218,1171,250,1051.1309814453125,963.1541137695312,546.8471069335938,1157,234,1134,219,23,0.30866672098636627,0.8048431515693665,1.698464035987854,1.0116987341148556,-1.6327765742725522,5.48594506696309,175.71
72,1,1030,214,1058,245,1051.1309814453125,963.1541137695312,546.8471069335938,1044,229,966,229,78,0.1293773204088211,0.8069451093673706,1.7502912282943726,0.12441873376640333,-0.489154568276455,1.6176504684634752,175.87
72,2,1055,196,1077,226,1051.1309814453125,963.1541137695312,546.8471069335938,1066,211,968,213,98,0.16799674928188324,0.8045250415802002,1.7847281098365784,0.1259746913252707,-0.4113750892635176,1.2875177197974599,180.52
72,4,1094,201,1118,238,1051.1309814453125,963.1541137695312,546.8471069335938,1106,219,1078,232,28,0.22971675544977188,0.8047479778528214,1.7477387189865112,0.6123957388655299,-1.405515948576895,4.5063120192911095,178.99
72,5,967,206,993,237,1051.1309814453125,963.1541137695312,546.8471069335938,980,221,906,218,74,0.02768702618777752,0.8039313346147537,1.760188102722168,0.02732653692440771,-0.5285725474761508,1.7050910343263659,177.98
72,6,903,208,930,241,1051.1309814453125,963.1541137695312,546.8471069335938,916,224,836,223,80,-0.06732334941625595,0.7875921070575714,1.6505577564239502,-0.07075417211208901,-0.48442814303572845,1.5772092067518884,166.01
72,7,987,184,1013,215,1051.1309814453125,963.1541137695312,546.8471069335938,1000,199,931,199,69,0.060973867774009705,0.7945329785346985,1.8439960479736328,0.06410064060268585,-0.605148217816409,1.8286483556543633,185.94
72,8,1028,197,1053,226,1051.1309814453125,963.1541137695312,546.8471069335938,1040,211,1030,220,10,0.12786203622817993,0.7961484432220459,1.7853820323944092,0.9224505139943631,-4.031475874782473,12.617673654015107,182.31
72,9,939,192,965,221,1051.1309814453125,963.1541137695312,546.8471069335938,952,206,882,205,70,-0.017776433378458023,0.7896558433771134,1.7652479410171509,-0.01912755606349492,-0.5844993409302787,1.8025248077164437,175.83
72,10,1085,186,1108,214,1051.1309814453125,963.1541137695312,546.8471069335938,1096,200,994,210,102,0.21874520182609558,0.7985936343669892,1.8234879970550537,0.15634010248671826,-0.40818811770463986,1.2370268288250106,183.8
73,0,1144,217,1171,250,1051.1309814453125,963.1541137695312,546.8471069335938,1157,233,1078,233,79,0.31177207827568054,0.7992723822593689,1.7047215700149536,0.2945452010714137,-0.47688481305984376,1.5971738802550768,175.21
73,1,1030,213,1058,244,1051.1309814453125,963.1541137695312,546.8471069335938,1044,228,966,229,78,0.12836948037147522,0.8068314731121063,1.7504332065582275,0.12441873376640333,-0.4906935301156724,1.6176504684634752,175.86
73,2,1056,196,1078,225,1051.1309814453125,963.1541137695312,546.8471069335938,1067,210,993,210,74,0.1725417673587799,0.8064595997333527,1.793259859085083,0.16845349693696607,-0.5464161860984282,1.7050910343263659,180.41
73,3,987,182,1013,214,1051.1309814453125,963.1541137695312,546.8471069335938,1000,198,932,199,68,0.06126141920685768,0.7903616219758988,1.8095738291740417,0.06504329708213712,-0.6158127360704584,1.8555402432375157,181.26
73,4,968,203,993,235,1051.1309814453125,963.1541137695312,546.8471069335938,980,219,906,216,74,0.02890710160136223,0.8019772410392761,1.7588342428207397,0.02732653692440771,-0.5318168454074739,1.7050910343263659,176.92
73,5,1095,201,1118,238,1051.1309814453125,963.1541137695312,546.8471069335938,1106,219,1030,218,76,0.23054400086402893,0.8020891487598419,1.7465201020240784,0.22561948273993207,-0.5178216652651719,1.6602202176335668,177.63
73,6,1193,201,1223,237,1051.1309814453125,963.1541137695312,546.8471069335938,1208,219,1135,220,73,0.3911251425743103,0.8079887419939041,1.7474639415740967,0.40261727508285644,-0.5391020076733296,1.728448445755494,178.4
73,7,903,206,931,240,1051.1309814453125,963.1541137695312,546.8471069335938,917,223,836,222,81,-0.06725765019655228,0.7896384537220001,1.6796270608901978,-0.06839870056182917,-0.47992951192984246,1.5577374881500132,169.08
73,8,939,192,965,220,1051.1309814453125,963.1541137695312,546.8471069335938,952,206,883,206,69,-0.015829745680093765,0.7929002732038498,1.7848756313323975,-0.019404767020936877,-0.5929703458712973,1.8286483556543633,177.56
73,9,1029,200,1054,228,1051.1309814453125,963.1541137695312,546.8471069335938,1041,214,968,213,73,0.12404357641935349,0.7964263796806336,1.7653658390045166,0.12800745429318613,-0.5473238585951761,1.728448445755494,177.45
74,0,1143,217,1171,250,1051.1309814453125,963.1541137695312,546.8471069335938,1157,233,1078,232,79,0.30803459882736206,0.801774063706398,1.7323564887046814,0.2945452010714137,-0.47688481305984376,1.5971738802550768,175.01
74,1,1030,212,1058,245,1051.1309814453125,963.1541137695312,546.8471069335938,1044,228,966,229,78,0.1300891563296318,0.8086692482233048,1.7425804734230042,0.12441873376640333,-0.4906935301156724,1.6176504684634752,175.02
74,2,1055,195,1078,226,1051.1309814453125,963.1541137695312,546.8471069335938,1066,210,994,210,72,0.1719423234462738,0.8072577655315399,1.7941356897354126,0.17146555208161846,-0.5615944134900512,1.7524546741687648,180.53
74,3,1193,199,1223,239,1051.1309814453125,963.1541137695312,546.8471069335938,1208,219,1134,219,74,0.39228466153144836,0.8098958671092987,1.7559350728988647,0.39717650109525027,-0.5318168454074739,1.7050910343263659,178.99
74,4,1094,200,1118,239,1051.1309814453125,963.1541137695312,546.8471069335938,1106,219,1030,219,76,0.2282668799161911,0.8051533639431,1.7367643117904663,0.22561948273993207,-0.5178216652651719,1.6602202176335668,175.84
74,5,966,207,993,238,1051.1309814453125,963.1541137695312,546.8471069335938,979,222,907,218,72,0.026113733649253845,0.8051151275634766,1.762076735496521,0.026418398735377952,-0.541587909580225,1.7524546741687648,177.85
74,6,989,182,1014,217,1051.1309814453125,963.1541137695312,546.8471069335938,1001,199,931,199,70,0.06251112371683121,0.7924593925476074,1.805344820022583,0.06489976035777545,-0.5965032432761744,1.8025248077164437,181.77
74,7,904,207,931,240,1051.1309814453125,963.1541137695312,546.8471069335938,917,223,882,205,35,-0.0674077458679676,0.7923135548830033,1.6879674792289734,-0.15829413558594752,-1.1106940133233494,3.6050496154328875,170.26
75,0,1144,217,1171,250,1051.1309814453125,963.1541137695312,546.8471069335938,1157,233,1078,232,79,0.3069373071193695,0.799302139878273,1.7020097970962524,0.2945452010714137,-0.47688481305984376,1.5971738802550768,174.02
75,1,1055,195,1078,225,1051.1309814453125,963.1541137695312,546.8471069335938,1066,210,994,210,72,0.17254969477653503,0.8087613523006439,1.8017839789390564,0.17146555208161846,-0.5615944134900512,1.7524546741687648,181.42
75,2,1030,213,1058,245,1051.1309814453125,963.1541137695312,546.8471069335938,1044,229,966,230,78,0.12863875925540924,0.8087144434452057,1.7618449926376343,0.12441873376640333,-0.489154568276455,1.6176504684634752,176.89
75,3,1194,200,1223,238,1051.1309814453125,963.1541137695312,546.8471069335938,1208,219,1135,220,73,0.3927875757217407,0.8078410863876343,1.7406426668167114,0.40261727508285644,-0.5391020076733296,1.728448445755494,178.09
75,4,1094,200,1118,237,1051.1309814453125,963.1541137695312,546.8471069335938,1106,218,1031,218,75,0.22862520068883896,0.8027502834796906,1.7385185360908508,0.22862774250979784,-0.5263264744481603,1.6823564872020143,175.91
75,5,967,207,993,238,1051.1309814453125,963.1541137695312,546.8471069335938,980,222,968,213,12,0.02707961667329073,0.8041622430086136,1.7598362565040588,0.16851364436718086,-3.2495274574813493,10.514728045012589,177.07
75,6,986,184,1013,215,1051.1309814453125,963.1541137695312,546.8471069335938,999,199,931,199,68,0.060155073180794716,0.793888458609581,1.8416270017623901,0.06327801732538774,-0.614047456313709,1.8555402432375157,184.57
75,7,1028,198,1054,227,1051.1309814453125,963.1541137695312,546.8471069335938,1041,212,882,205,159,0.12431471049785614,0.7970350623130799,1.7682180404663086,0.05877071800882132,-0.25279697939852686,0.7935643807556672,178.53
75,8,903,206,931,240,1051.1309814453125,963.1541137695312,546.8471069335938,917,223,906,218,11,-0.070511594414711,0.7896555900573731,1.6594877243041992,-0.5036631586825603,-3.5340264060288393,11.470612412741007,168.19
76,0,1143,217,1171,250,1051.1309814453125,963.1541137695312,546.8471069335938,1157,233,1135,220,22,0.3053464889526367,0.7992070257663727,1.6963646411895752,1.0576850402109854,-1.7124500105330753,5.735306206370503,173.43
76,1,1055,196,1077,225,1051.1309814453125,963.1541137695312,546.8471069335938,1066,210,968,213,98,0.17035900056362152,0.8052518904209137,1.7883158326148987,0.1259746913252707,-0.41259997725799674,1.2875177197974599,179.91
76,2,1030,214,1057,245,1051.1309814453125,963.1541137695312,546.8471069335938,1043,229,966,229,77,0.12782208621501923,0.8071756005287171,1.746038794517517,0.12447561312104549,-0.49550722500731803,1.638658916105858,175.31
76,4,967,207,993,238,1051.1309814453125,963.1541137695312,546.8471069335938,980,222,906,219,74,0.02908752579241991,0.8032853692770004,1.751303493976593,0.02732653692440771,-0.5269503985104891,1.7050910343263659,176.01
76,5,1094,200,1118,238,1051.1309814453125,963.1541137695312,546.8471069335938,1106,219,1078,233,28,0.22742122411727905,0.8049439132213593,1.7404401302337646,0.6123957388655299,-1.405515948576895,4.5063120192911095,177.45
76,6,986,184,1013,214,1051.1309814453125,963.1541137695312,546.8471069335938,999,199,995,210,4,0.05854232423007488,0.7929844796657562,1.8253616094589233,1.0757262945315915,-10.438806757333055,31.544184135037767,182.82
76,7,939,192,966,221,1051.1309814453125,963.1541137695312,546.8471069335938,952,206,881,205,71,-0.016739042475819588,0.7878455609083176,1.746114432811737,-0.01885815386541753,-0.5762669558467537,1.7771371343683249,174.83
76,8,903,206,931,240,1051.1309814453125,963.1541137695312,546.8471069335938,917,223,836,222,81,-0.0668979212641716,0.7859031945466995,1.6433501243591309,-0.06839870056182917,-0.47992951192984246,1.5577374881500132,164.22
76,9,1029,199,1054,228,1051.1309814453125,963.1541137695312,546.8471069335938,1041,213,1030,219,11,0.12521949410438538,0.7976784348487854,1.7498271465301514,0.8495040148547808,-3.6431527909915284,11.470612412741007,175.92
77,0,1143,218,1171,250,1051.1309814453125,963.1541137695312,546.8471069335938,1157,234,1077,232,80,0.30032941699028015,0.8031334519386292,1.6852030754089355,0.290863386058021,-0.46942326510335874,1.5772092067518884,173.92
77,1,1030,214,1058,245,1051.1309814453125,963.1541137695312,546.8471069335938,1044,229,965,230,79,0.12910886108875275,0.8072151780128479,1.733130693435669,0.12284381308581598,-0.48296273829827197,1.5971738802550768,174.5
77,2,1056,195,1079,225,1051.1309814453125,963.1541137695312,546.8471069335938,1067,210,995,210,72,0.17995920777320862,0.8107153713703156,1.8025590181350708,0.17313276074077066,-0.5615944134900512,1.7524546741687648,186.71
77,3,1194,200,1223,238,1051.1309814453125,963.1541137695312,546.8471069335938,1208,219,1135,220,73,0.3951787054538727,0.8103309512138367,1.7674126625061035,0.40261727508285644,-0.5391020076733296,1.728448445755494,179.72
77,4,1094,201,1118,238,1051.1309814453125,963.1541137695312,546.8471069335938,1106,219,1031,220,75,0.22886409610509872,0.8061663895845413,1.7476869821548462,0.22862774250979784,-0.5247259541353743,1.6823564872020143,179.85
77,5,903,206,930,240,1051.1309814453125,963.1541137695312,546.8471069335938,916,223,837,222,79,-0.0689319595694542,0.7908076584339142,1.686123251914978,-0.0716497945438876,-0.49207962615591433,1.5971738802550768,170.28
77,6,986,183,1013,214,1051.1309814453125,963.1541137695312,546.8471069335938,999,198,931,199,68,0.0639624297618866,0.7928346335887909,1.8154976963996887,0.06327801732538774,-0.6158127360704584,1.8555402432375157,181.8
77,7,967,206,993,237,1051.1309814453125,963.1541137695312,546.8471069335938,980,221,968,213,12,0.025580275803804398,0.8028376936912537,1.7611154317855835,0.16851364436718086,-3.2595307094362624,10.514728045012589,176.38
77,8,940,192,966,220,1051.1309814453125,963.1541137695312,546.8471069335938,953,206,905,218,48,-0.014252495020627975,0.7934496641159058,1.786156415939331,-0.025393539603868476,-0.8523948721899899,2.6286820112531473,178.04
78,0,1144,218,1171,250,1051.1309814453125,963.1541137695312,546.8471069335938,1157,234,1078,232,79,0.30605348944664,0.7990125060081482,1.704968810081482,0.2945452010714137,-0.4753653317502367,1.5971738802550768,173.98
78,1,1056,195,1078,225,1051.1309814453125,963.1541137695312,546.8471069335938,1067,210,995,210,72,0.17286639660596848,0.8087604284286499,1.8022093176841736,0.17313276074077066,-0.5615944134900512,1.7524546741687648,181.2
78,2,1030,213,1058,245,1051.1309814453125,963.1541137695312,546.8471069335938,1044,229,966,230,78,0.12846998870372772,0.8066193699836731,1.7420399188995361,0.12441873376640333,-0.489154568276455,1.6176504684634752,175.02
78,3,1193,198,1222,237,1051.1309814453125,963.1541137695312,546.8471069335938,1207,217,1135,220,72,0.3942388594150543,0.8072905629873276,1.760450303554535,0.40654197302207723,-0.5499239528759858,1.7524546741687648,179.26
78,4,1094,201,1118,238,1051.1309814453125,963.1541137695312,546.8471069335938,1106,219,1030,219,76,0.2285655438899994,0.8061679244041443,1.7434144020080566,0.22561948273993207,-0.5178216652651719,1.6602202176335668,177.99
78,5,967,206,993,238,1051.1309814453125,963.1541137695312,546.8471069335938,980,222,968,213,12,0.026447949931025505,0.8047023504972458,1.7620086073875427,0.16851364436718086,-3.2495274574813493,10.514728045012589,177.01
78,6,903,206,931,240,1051.1309814453125,963.1541137695312,546.8471069335938,917,223,906,218,11,-0.06943466141819954,0.7893377184867859,1.663167119026184,-0.5036631586825603,-3.5340264060288393,11.470612412741007,168.8
78,7,986,183,1012,214,1051.1309814453125,963.1541137695312,546.8471069335938,999,198,931,198,68,0.06335032731294632,0.7939644992351532,1.8208783864974976,0.06327801732538774,-0.6158127360704584,1.8555402432375157,182.29
78,8,1029,199,1053,227,1051.1309814453125,963.1541137695312,546.8471069335938,1041,213,882,205,159,0.12196924537420273,0.795173579454422,1.7561612725257874,0.05877071800882132,-0.2520420169868353,0.7935643807556672,176.17
79,0,1143,217,1171,250,1051.1309814453125,963.1541137695312,546.8471069335938,1157,233,1078,232,79,0.31092387437820435,0.8012134373188019,1.718827247619629,0.2945452010714137,-0.47688481305984376,1.5971738802550768,175.31
79,1,1030,212,1058,245,1051.1309814453125,963.1541137695312,546.8471069335938,1044,228,966,229,78,0.13020867109298706,0.808722847700119,1.7523952722549438,0.12441873376640333,-0.4906935301156724,1.6176504684634752,176.49
79,2,1094,200,1118,238,1051.1309814453125,963.1541137695312,546.8471069335938,1106,219,1030,219,76,0.2278350442647934,0.8041337072849274,1.7493815422058105,0.22561948273993207,-0.5178216652651719,1.6602202176335668,177.66
79,3,1056,195,1078,225,1051.1309814453125,963.1541137695312,546.8471069335938,1067,210,968,214,99,0.17237845808267593,0.8069583714008332,1.7923480868339539,0.12591473508419684,-0.40843230072003717,1.2745124903045562,180.87
79,4,1193,200,1223,238,1051.1309814453125,963.1541137695312,546.8471069335938,1208,219,1134,220,74,0.3971789479255676,0.8155388772487641,1.775937795639038,0.39717650109525027,-0.5318168454074739,1.7050910343263659,181.69
79,5,966,207,993,238,1051.1309814453125,963.1541137695312,546.8471069335938,979,222,907,218,72,0.027049820870161057,0.80555739402771,1.762592077255249,0.026418398735377952,-0.541587909580225,1.7524546741687648,177.72
79,6,986,183,1013,214,1051.1309814453125,963.1541137695312,546.8471069335938,999,198,932,199,67,0.05634843930602074,0.7948896229267121,1.8321757316589355,0.06422246534516965,-0.6250039709371817,1.883234873733598,185.16
79,7,903,206,931,240,1051.1309814453125,963.1541137695312,546.8471069335938,917,223,837,223,80,-0.072610042989254,0.7933860659599304,1.6762889623641968,-0.06925368431885204,-0.4859286308289654,1.5772092067518884,171.0
79,8,1085,185,1109,214,1051.1309814453125,963.1541137695312,546.8471069335938,1097,199,995,209,102,0.21945776045322418,0.8000411033630371,1.8421223163604736,0.1575169556578845,-0.40936497087580614,1.2370268288250106,186.36
79,9,938,192,965,221,1051.1309814453125,963.1541137695312,546.8471069335938,951,206,882,205,69,-0.016763364896178246,0.7935116529464722,1.78028005361557,-0.021144463013095683,-0.5929703458712973,1.8286483556543633,177.49
80,0,1144,217,1171,250,1051.1309814453125,963.1541137695312,546.8471069335938,1157,233,1134,220,23,0.30117371678352356,0.7994511365890503,1.6853748559951782,1.0116987341148556,-1.6379956622490288,5.48594506696309,174.21
80,1,1055,195,1078,225,1051.1309814453125,963.1541137695312,546.8471069335938,1066,210,994,210,72,0.17012919485569,0.8061288237571717,1.7912081480026245,0.17146555208161846,-0.5615944134900512,1.7524546741687648,180.3
80,2,1030,213,1058,244,1051.1309814453125,963.1541137695312,546.8471069335938,1044,228,966,230,78,0.13008876889944077,0.8061205685138703,1.7400696277618408,0.12441873376640333,-0.4906935301156724,1.6176504684634752,175.15
80,4,967,206,992,237,1051.1309814453125,963.1541137695312,546.8471069335938,979,221,968,212,11,0.027355805039405823,0.8052787721157074,1.7623881101608276,0.17292042808611024,-3.5558516830213773,11.470612412741007,178.46
80,5,987,183,1013,214,1051.1309814453125,963.1541137695312,546.8471069335938,1000,198,932,198,68,0.06176493875682354,0.7958430737257004,1.8315762281417847,0.06504329708213712,-0.6158127360704584,1.8555402432375157,183.01
80,6,903,205,931,241,1051.1309814453125,963.1541137695312,546.8471069335938,917,223,837,223,80,-0.06804017722606659,0.7901956975460053,1.6521403789520264,-0.06925368431885204,-0.4859286308289654,1.5772092067518884,165.65
80,7,1094,202,1118,238,1051.1309814453125,963.1541137695312,546.8471069335938,1106,220,1078,232,28,0.22770246863365173,0.8055104851722718,1.7425498962402344,0.6123957388655299,-1.401228840596218,4.5063120192911095,177.02
80,9,939,193,967,222,1051.1309814453125,963.1541137695312,546.8471069335938,953,207,906,217,47,-0.01621884573251009,0.7907580226659775,1.749007225036621,-0.02593382768054653,-0.8679769115246927,2.684611415747895,175.44
80,10,1029,198,1054,228,1051.1309814453125,963.1541137695312,546.8471069335938,1041,213,1031,220,10,0.12610559165477753,0.7959346413612366,1.755139708518982,0.9344544163402588,-4.007468070090681,12.617673654015107,176.09
81,0,1143,217,1171,250,1051.1309814453125,963.1541137695312,546.8471069335938,1157,233,1078,232,79,0.31124627590179443,0.8107497036457062,1.768998146057129,0.2945452010714137,-0.47688481305984376,1.5971738802550768,177.95
81,1,1030,213,1057,245,1051.1309814453125,963.1541137695312,546.8471069335938,1043,229,965,229,78,0.12723834812641144,0.8042657017707825,1.7466461062431335,0.12287977192718594,-0.489154568276455,1.6176504684634752,175.32
81,2,1055,195,1078,225,1051.1309814453125,963.1541137695312,546.8471069335938,1066,210,995,210,71,0.17032162845134735,0.8051855057477951,1.7875152230262756,0.1738805598574159,-0.569504193961742,1.7771371343683249,180.56
81,3,1193,200,1223,239,1051.1309814453125,963.1541137695312,546.8471069335938,1208,219,1134,219,74,0.4089069664478302,0.8177737236022949,1.8053503036499023,0.39717650109525027,-0.5318168454074739,1.7050910343263659,183.36
81,4,903,206,930,240,1051.1309814453125,963.1541137695312,546.8471069335938,916,223,836,223,80,-0.068013496696949,0.7893687725067139,1.6508431434631348,-0.07075417211208901,-0.4859286308289654,1.5772092067518884,166.04
81,5,967,207,993,238,1051.1309814453125,963.1541137695312,546.8471069335938,980,222,907,218,73,0.027164079248905182,0.8029103815555573,1.759369969367981,0.027700873046659864,-0.5341688971202218,1.728448445755494,176.87
81,6,1094,202,1118,239,1051.1309814453125,963.1541137695312,546.8471069335938,1106,220,1030,220,76,0.22946631908416748,0.8061581194400788,1.7523782849311829,0.22561948273993207,-0.5162422044301856,1.6602202176335668,179.45
81,7,987,183,1013,215,1051.1309814453125,963.1541137695312,546.8471069335938,1000,199,931,198,69,0.05906949006021023,0.7916153609752655,1.8115662932395935,0.06410064060268585,-0.605148217816409,1.8286483556543633,181.47
81,8,939,192,965,221,1051.1309814453125,963.1541137695312,546.8471069335938,952,206,882,205,70,-0.01509831938892603,0.7910026848316193,1.7725664377212524,-0.01912755606349492,-0.5844993409302787,1.8025248077164437,177.65
81,9,1029,197,1054,227,1051.1309814453125,963.1541137695312,546.8471069335938,1041,212,968,213,73,0.12330784648656845,0.7941657245159149,1.760555386543274,0.12800745429318613,-0.5506125989639147,1.728448445755494,177.08
82,0,1143,218,1171,250,1051.1309814453125,963.1541137695312,546.8471069335938,1157,234,1135,220,22,0.3021937310695648,0.7992650508880615,1.6884647607803345,1.0576850402109854,-1.7069936912849408,5.735306206370503,172.67
82,1,1055,195,1077,225,1051.1309814453125,963.1541137695312,546.8471069335938,1066,210,995,210,71,0.170988030731678,0.8067306369543076,1.791237711906433,0.1738805598574159,-0.569504193961742,1.7771371343683249,180.36
82,2,1031,213,1058,245,1051.1309814453125,963.1541137695312,546.8471069335938,1044,229,966,229,78,0.12895425409078598,0.8068323820829392,1.7392653822898865,0.12441873376640333,-0.489154568276455,1.6176504684634752,175.15
82,4,902,207,930,240,1051.1309814453125,963.1541137695312,546.8471069335938,916,223,837,223,79,-0.07170101255178452,0.7885313272476197,1.6542932987213135,-0.0716497945438876,-0.49207962615591433,1.5971738802550768,167.13
82,5,967,207,993,238,1051.1309814453125,963.1541137695312,546.8471069335938,980,222,907,218,73,0.027622343972325325,0.80358105301857,1.7496830821037292,0.027700873046659864,-0.5341688971202218,1.728448445755494,175.09
82,6,986,183,1012,214,1051.1309814453125,963.1541137695312,546.8471069335938,999,198,931,199,68,0.06193975359201431,0.7879794180393219,1.7974034547805786,0.06327801732538774,-0.6158127360704584,1.8555402432375157,180.42
82,7,1094,201,1118,238,1051.1309814453125,963.1541137695312,546.8471069335938,1106,219,1078,232,28,0.22608566284179688,0.8033352136611939,1.7349311113357544,0.6123957388655299,-1.405515948576895,4.5063120192911095,175.69
82,8,1029,198,1054,227,1051.1309814453125,963.1541137695312,546.8471069335938,1041,212,1030,218,11,0.1267911121249199,0.7973533809185028,1.7484111189842224,0.8495040148547808,-3.654065429487797,11.470612412741007,175.46
82,9,939,193,966,221,1051.1309814453125,963.1541137695312,546.8471069335938,952,207,882,205,70,-0.016805137507617474,0.7917287439107895,1.7597808837890625,-0.01912755606349492,-0.5827844977380079,1.8025248077164437,176.18
83,0,1143,217,1171,250,1051.1309814453125,963.1541137695312,546.8471069335938,1157,233,1078,232,79,0.31289665400981903,0.8062233865261078,1.7457247376441956,0.2945452010714137,-0.47688481305984376,1.5971738802550768,178.28
83,1,1031,213,1058,245,1051.1309814453125,963.1541137695312,546.8471069335938,1044,229,966,229,78,0.1312284767627716,0.8082331657409668,1.7646594047546387,0.12441873376640333,-0.489154568276455,1.6176504684634752,177.4
83,2,1055,195,1077,226,1051.1309814453125,963.1541137695312,546.8471069335938,1066,210,994,210,72,0.1662207618355751,0.8054336845874787,1.7897879481315613,0.17146555208161846,-0.5615944134900512,1.7524546741687648,181.75
83,3,1193,199,1223,238,1051.1309814453125,963.1541137695312,546.8471069335938,1208,218,1134,220,74,0.3923594653606415,0.8094427227973938,1.7514532804489136,0.39717650109525027,-0.5334389943731355,1.7050910343263659,179.05
83,4,902,208,930,240,1051.1309814453125,963.1541137695312,546.8471069335938,916,224,907,218,9,-0.06976038962602615,0.7895834982395172,1.6634358167648315,-0.62892597432968,-4.306027938095363,14.019637393350118,167.26
83,5,987,184,1014,215,1051.1309814453125,963.1541137695312,546.8471069335938,1000,199,931,199,69,0.06336910277605057,0.7890311717987061,1.8019951581954956,0.06410064060268585,-0.605148217816409,1.8286483556543633,180.46
83,6,1094,200,1118,238,1051.1309814453125,963.1541137695312,546.8471069335938,1106,219,1031,219,75,0.23289114981889725,0.8060684442520142,1.7631279826164246,0.22862774250979784,-0.5247259541353743,1.6823564872020143,182.5
83,7,966,207,992,237,1051.1309814453125,963.1541137695312,546.8471069335938,979,222,837,222,142,0.02600806951522827,0.8034791886806488,1.7555714845657349,0.013395244429205722,-0.2746079541533535,0.8885685671841624,176.41
83,8,1029,198,1054,227,1051.1309814453125,963.1541137695312,546.8471069335938,1041,212,968,213,73,0.12741512060165405,0.7968207538127899,1.7722795009613037,0.12800745429318613,-0.5506125989639147,1.728448445755494,179.83
83,9,939,193,965,221,1051.1309814453125,963.1541137695312,546.8471069335938,952,207,882,206,70,-0.017933905124664307,0.7916371911764145,1.7614421248435974,-0.01912755606349492,-0.5827844977380079,1.8025248077164437,176.14
84,0,1144,217,1171,250,1051.1309814453125,963.1541137695312,546.8471069335938,1157,233,1078,233,79,0.30434440076351166,0.801153102517128,1.710997462272644,0.2945452010714137,-0.47688481305984376,1.5971738802550768,175.3
84,1,1055,195,1078,226,1051.1309814453125,963.1541137695312,546.8471069335938,1066,210,995,210,71,0.17096738517284393,0.8016372561454773,1.7799400091171265,0.1738805598574159,-0.569504193961742,1.7771371343683249,180.38
84,2,1193,199,1223,238,1051.1309814453125,963.1541137695312,546.8471069335938,1208,218,1134,220,74,0.3936801850795746,0.8085715413093567,1.7525497674942017,0.39717650109525027,-0.5334389943731355,1.7050910343263659,178.7
84,3,1031,212,1058,244,1051.1309814453125,963.1541137695312,546.8471069335938,1044,228,966,229,78,0.1311173439025879,0.8033949971199036,1.7290905714035034,0.12441873376640333,-0.4906935301156724,1.6176504684634752,174.0
84,4,966,207,993,238,1051.1309814453125,963.1541137695312,546.8471069335938,979,222,906,218,73,0.02597581036388874,0.8016908705234528,1.7506794929504395,0.026056502862290585,-0.5341688971202218,1.728448445755494,175.28
84,5,1094,200,1118,237,1051.1309814453125,963.1541137695312,546.8471069335938,1106,218,1030,219,76,0.22813333570957184,0.8055847227573395,1.7441312074661255,0.22561948273993207,-0.5194011261001582,1.6602202176335668,179.43
84,6,902,207,930,240,1051.1309814453125,963.1541137695312,546.8471069335938,916,223,837,223,79,-0.06964801251888275,0.7878173530101776,1.6510998010635376,-0.0716497945438876,-0.49207962615591433,1.5971738802550768,165.22
84,7,988,183,1014,218,1051.1309814453125,963.1541137695312,546.8471069335938,1001,200,968,213,33,0.06361191719770432,0.7875111937522888,1.7731502056121826,0.13766615833467521,-1.2616723638143414,3.823537470913669,178.24
84,8,940,193,966,222,1051.1309814453125,963.1541137695312,546.8471069335938,953,207,882,206,71,-0.016671864315867424,0.7911379724740982,1.752746343612671,-0.017167463394164605,-0.5745762653755008,1.7771371343683249,175.85
84,9,917,184,942,215,1051.1309814453125,963.1541137695312,546.8471069335938,929,199,931,198,2,-0.08234532177448273,0.81366046667099,1.9626706838607788,-2.0499132320003355,-20.87761351466611,63.088368270075534,196.93
85,0,1144,218,1171,250,1051.1309814453125,963.1541137695312,546.8471069335938,1157,234,1078,232,79,0.3047831952571869,0.7995708823204041,1.679935336112976,0.2945452010714137,-0.4753653317502367,1.5971738802550768,171.85
85,1,1055,195,1079,226,1051.1309814453125,963.1541137695312,546.8471069335938,1067,210,995,209,72,0.17263856530189514,0.8061571657657624,1.7911533117294312,0.17313276074077066,-0.5615944134900512,1.7524546741687648,181.12
85,2,1030,211,1058,245,1051.1309814453125,963.1541137695312,546.8471069335938,1044,228,966,229,78,0.1289542242884636,0.8030214548110962,1.7387480735778809,0.12441873376640333,-0.4906935301156724,1.6176504684634752,174.52
85,3,1193,200,1222,238,1051.1309814453125,963.1541137695312,546.8471069335938,1207,219,1134,220,73,0.3923935294151306,0.8049289971590042,1.739910364151001,0.4009729048984872,-0.5391020076733296,1.728448445755494,177.64
85,4,1093,200,1118,238,1051.1309814453125,963.1541137695312,546.8471069335938,1105,219,1030,218,75,0.22752465307712555,0.8045572280883789,1.7440011501312256,0.2270272221970117,-0.5247259541353743,1.6823564872020143,179.06
85,5,902,206,931,240,1051.1309814453125,963.1541137695312,546.8471069335938,916,223,906,217,10,-0.07198608294129372,0.7882922232151032,1.6566405296325684,-0.5660333768967121,-3.8874290466317234,12.617673654015107,168.14
85,6,986,184,1014,215,1051.1309814453125,963.1541137695312,546.8471069335938,1000,199,931,199,69,0.06409114599227905,0.7911829888820648,1.8033740520477295,0.06410064060268585,-0.605148217816409,1.8286483556543633,181.37
85,7,966,207,993,239,1051.1309814453125,963.1541137695312,546.8471069335938,979,223,968,213,11,0.026344905607402325,0.8040676653385163,1.749410092830658,0.17292042808611024,-3.5340264060288393,11.470612412741007,175.77
86,0,1144,217,1171,250,1051.1309814453125,963.1541137695312,546.8471069335938,1157,233,1078,233,79,0.3081090748310089,0.799472326040268,1.701271653175354,0.2945452010714137,-0.47688481305984376,1.5971738802550768,173.52
86,1,1030,213,1058,244,1051.1309814453125,963.1541137695312,546.8471069335938,1044,228,966,229,78,0.1286744773387909,0.8027107357978821,1.7382848262786865,0.12441873376640333,-0.4906935301156724,1.6176504684634752,174.34
86,2,1056,194,1078,225,1051.1309814453125,963.1541137695312,546.8471069335938,1067,209,995,210,72,0.1708485186100006,0.8029628038406372,1.7778831720352173,0.17313276074077066,-0.5632616221492033,1.7524546741687648,180.24
86,3,1193,200,1222,240,1051.1309814453125,963.1541137695312,546.8471069335938,1207,220,1135,221,72,0.38955408334732056,0.8087643623352051,1.7315932512283325,0.40654197302207723,-0.5449223268985293,1.7524546741687648,177.54
86,4,986,183,1013,214,1051.1309814453125,963.1541137695312,546.8471069335938,999,198,931,199,68,0.058989815413951874,0.797709459066391,1.886332929134369,0.06327801732538774,-0.6158127360704584,1.8555402432375157,190.58
86,5,1094,201,1118,238,1051.1309814453125,963.1541137695312,546.8471069335938,1106,219,1030,219,76,0.22757720202207565,0.8030338227748871,1.7411850690841675,0.22561948273993207,-0.5178216652651719,1.6602202176335668,176.42
86,6,967,206,993,237,1051.1309814453125,963.1541137695312,546.8471069335938,980,221,907,219,73,0.02866419218480587,0.8048808217048645,1.761821985244751,0.027700873046659864,-0.5358132673045911,1.728448445755494,177.82
86,7,903,207,931,240,1051.1309814453125,963.1541137695312,546.8471069335938,917,223,837,223,80,-0.0689382292330265,0.7903599083423615,1.6629247069358826,-0.06925368431885204,-0.4859286308289654,1.5772092067518884,167.61
86,8,1085,186,1109,214,1051.1309814453125,963.1541137695312,546.8471069335938,1097,200,968,213,129,0.21677576005458832,0.7956742882728577,1.808933138847351,0.12454829052018773,-0.3227533953943663,0.9781142367453571,182.03
86,9,938,193,966,221,1051.1309814453125,963.1541137695312,546.8471069335938,952,207,882,206,70,-0.01696661487221718,0.7903845995664597,1.7511945962905884,-0.01912755606349492,-0.5827844977380079,1.8025248077164437,175.55
87,0,1143,217,1171,250,1051.1309814453125,963.1541137695312,546.8471069335938,1157,233,1134,220,23,0.30784934759140015,0.8064600765705109,1.7403793334960938,1.0116987341148556,-1.6379956622490288,5.48594506696309,177.56
87,1,1030,212,1058,245,1051.1309814453125,963.1541137695312,546.8471069335938,1044,228,966,229,78,0.12622065842151642,0.8047555327415467,1.731471061706543,0.12441873376640333,-0.4906935301156724,1.6176504684634752,173.84
87,2,1055,195,1078,225,1051.1309814453125,963.1541137695312,546.8471069335938,1066,210,994,210,72,0.1744961440563202,0.805365526676178,1.7849349975585938,0.17146555208161846,-0.5615944134900512,1.7524546741687648,179.6
87,4,966,207,993,238,1051.1309814453125,963.1541137695312,546.8471069335938,979,222,906,218,73,0.026056092232465744,0.8036298394203186,1.7500704526901245,0.026056502862290585,-0.5341688971202218,1.728448445755494,175.16
87,5,902,207,931,240,1051.1309814453125,963.1541137695312,546.8471069335938,916,223,836,223,80,-0.06774447858333588,0.7885152935981751,1.661844253540039,-0.07075417211208901,-0.4859286308289654,1.5772092067518884,168.0
87,6,986,183,1013,215,1051.1309814453125,963.1541137695312,546.8471069335938,999,199,931,198,68,0.062165604904294014,0.7896654844284058,1.8016512393951416,0.06327801732538774,-0.614047456313709,1.8555402432375157,180.74
87,7,1094,201,1118,239,1051.1309814453125,963.1541137695312,546.8471069335938,1106,220,1078,233,28,0.2279980480670929,0.8024125188589096,1.7368082404136658,0.6123957388655299,-1.401228840596218,4.5063120192911095,175.62
87,8,1086,186,1108,215,1051.1309814453125,963.1541137695312,546.8471069335938,1097,200,968,214,129,0.22638937830924988,0.7959925770759583,1.8096104264259338,0.12454829052018773,-0.3227533953943663,0.9781142367453571,180.87
87,9,1028,197,1054,227,1051.1309814453125,963.1541137695312,546.8471069335938,1041,212,1030,218,11,0.12453716993331909,0.7954589515924454,1.7401387095451355,0.8495040148547808,-3.654065429487797,11.470612412741007,174.5
87,10,938,192,965,220,1051.1309814453125,963.1541137695312,546.8471069335938,951,206,883,205,68,-0.018077470362186432,0.7916223347187042,1.7706588506698608,-0.021455410998582385,-0.6016904980164635,1.8555402432375157,176.23
88,0,1143,217,1171,250,1051.1309814453125,963.1541137695312,546.8471069335938,1157,233,1078,233,79,0.3119039982557297,0.8001646488904953,1.716282308101654,0.2945452010714137,-0.47688481305984376,1.5971738802550768,176.39
88,1,1030,213,1058,245,1051.1309814453125,963.1541137695312,546.8471069335938,1044,229,966,229,78,0.12763435393571854,0.8051693081855774,1.7410099506378174,0.12441873376640333,-0.489154568276455,1.6176504684634752,174.92
88,2,1193,199,1223,239,1051.1309814453125,963.1541137695312,546.8471069335938,1208,219,1134,220,74,0.39208170771598816,0.8083822071552277,1.7462098598480225,0.39717650109525027,-0.5318168454074739,1.7050910343263659,178.39
88,3,1055,195,1078,226,1051.1309814453125,963.1541137695312,546.8471069335938,1066,210,995,210,71,0.1714019626379013,0.8057404696941376,1.7886637449264526,0.1738805598574159,-0.569504193961742,1.7771371343683249,179.91
88,4,1094,198,1118,238,1051.1309814453125,963.1541137695312,546.8471069335938,1106,218,1031,220,75,0.22725588083267212,0.8043956696987152,1.7366453409194946,0.22862774250979784,-0.5263264744481603,1.6823564872020143,176.92
88,5,967,207,993,238,1051.1309814453125,963.1541137695312,546.8471069335938,980,222,907,218,73,0.029175767675042152,0.8043934643268585,1.7563231587409973,0.027700873046659864,-0.5341688971202218,1.728448445755494,176.86
88,6,903,207,931,240,1051.1309814453125,963.1541137695312,546.8471069335938,917,223,836,223,81,-0.06943044811487198,0.789810785651207,1.6579462885856628,-0.06839870056182917,-0.47992951192984246,1.5577374881500132,166.7
88,7,988,183,1014,218,1051.1309814453125,963.1541137695312,546.8471069335938,1001,200,931,199,70,0.05988951027393341,0.7906911462545395,1.77782541513443,0.06489976035777545,-0.5947884000839037,1.8025248077164437,179.29
88,8,1029,198,1054,228,1051.1309814453125,963.1541137695312,546.8471069335938,1041,213,968,212,73,0.12629848718643188,0.7975096046924591,1.7449592351913452,0.12800745429318613,-0.5489682287795453,1.728448445755494,175.28
89,0,1144,217,1171,250,1051.1309814453125,963.1541137695312,546.8471069335938,1157,233,1134,220,23,0.3044608533382416,0.7992337137460709,1.65925133228302,1.0116987341148556,-1.6379956622490288,5.48594506696309,176.71
89,1,1030,213,1058,244,1051.1309814453125,963.1541137695312,546.8471069335938,1044,228,966,228,78,0.1297498494386673,0.8063318520784378,1.7414332032203674,0.12441873376640333,-0.4906935301156724,1.6176504684634752,175.08
89,2,1056,195,1078,225,1051.1309814453125,963.1541137695312,546.8471069335938,1067,210,995,210,72,0.17087848484516144,0.803342753648758,1.782991886138916,0.17313276074077066,-0.5615944134900512,1.7524546741687648,179.33
89,4,986,183,1013,214,1051.1309814453125,963.1541137695312,546.8471069335938,999,198,931,199,68,0.06722372770309448,0.7937678635120392,1.8176292181015015,0.06327801732538774,-0.6158127360704584,1.8555402432375157,182.38
89,5,1093,200,1118,237,1051.1309814453125,963.1541137695312,546.8471069335938,1105,218,1078,232,27,0.22932110726833344,0.8018089771270752,1.7390700578689575,0.6306311727694771,-1.462017984578223,4.67321246445004,177.64
89,6,903,207,930,240,1051.1309814453125,963.1541137695312,546.8471069335938,916,223,837,223,79,-0.07043476402759552,0.7889820277690888,1.6612893342971802,-0.0716497945438876,-0.49207962615591433,1.5971738802550768,167.4
89,7,967,207,993,238,1051.1309814453125,963.1541137695312,546.8471069335938,980,222,906,217,74,0.02768715750426054,0.8051440507173538,1.754708468914032,0.02732653692440771,-0.5269503985104891,1.7050910343263659,175.94
89,8,1086,185,1109,214,1051.1309814453125,963.1541137695312,546.8471069335938,1097,199,882,205,215,0.22745299339294434,0.7982349336147309,1.8265641927719116,0.07472897431211264,-0.1942103582759638,0.5868685420472143,182.2
89,9,1029,199,1054,228,1051.1309814453125,963.1541137695312,546.8471069335938,1041,213,1030,218,11,0.12653416395187378,0.7985070288181305,1.751772165298462,0.8495040148547808,-3.6431527909915284,11.470612412741007,175.59
90,0,1144,217,1172,249,1051.1309814453125,963.1541137695312,546.8471069335938,1158,233,1078,233,80,0.30710577964782715,0.8012117683887482,1.6926867961883545,0.29236387385125795,-0.4709237528965957,1.5772092067518884,173.38
90,1,1056,195,1078,225,1051.1309814453125,963.1541137695312,546.8471069335938,1067,210,994,210,73,0.17274656146764755,0.8085926115512848,1.8008340001106262,0.1707610790867875,-0.5539013393326532,1.728448445755494,181.07
90,2,1031,213,1058,245,1051.1309814453125,963.1541137695312,546.8471069335938,1044,229,965,230,79,0.13234174251556396,0.8085197895765305,1.7636466026306152,0.12284381308581598,-0.48296273829827197,1.5971738802550768,176.91
90,3,1192,199,1223,238,1051.1309814453125,963.1541137695312,546.8471069335938,1207,218,1134,219,73,0.39212167263031006,0.8090068340301514,1.7362362146377563,0.4009729048984872,-0.540746377857699,1.728448445755494,178.13
90,4,1094,201,1118,238,1051.1309814453125,963.1541137695312,546.8471069335938,1106,219,1030,218,76,0.22812606394290924,0.8041310250759125,1.7336180210113525,0.22561948273993207,-0.5178216652651719,1.6602202176335668,177.4
90,5,966,207,993,238,1051.1309814453125,963.1541137695312,546.8471069335938,979,222,906,218,73,0.026088999584317207,0.8056546092033386,1.763775110244751,0.026056502862290585,-0.5341688971202218,1.728448445755494,178.48
90,6,987,183,1013,215,1051.1309814453125,963.1541137695312,546.8471069335938,1000,199,931,199,69,0.06420481950044632,0.7939637243747711,1.8329658508300781,0.06410064060268585,-0.605148217816409,1.8286483556543633,185.33
90,7,903,206,931,240,1051.1309814453125,963.1541137695312,546.8471069335938,917,223,837,223,80,-0.06888249143958092,0.7904713839292526,1.662077784538269,-0.06925368431885204,-0.4859286308289654,1.5772092067518884,167.67
90,8,1029,198,1054,228,1051.1309814453125,963.1541137695312,546.8471069335938,1041,213,968,212,73,0.1280648335814476,0.7968186527490616,1.7743899822235107,0.12800745429318613,-0.5489682287795453,1.728448445755494,180.02
90,9,1086,186,1109,213,1051.1309814453125,963.1541137695312,546.8471069335938,1097,199,882,206,215,0.21955353766679764,0.7956436514854431,1.8139256834983826,0.07472897431211264,-0.1942103582759638,0.5868685420472143,183.06
91,0,1143,217,1171,250,1051.1309814453125,963.1541137695312,546.8471069335938,1157,233,1135,221,22,0.3061246871948242,0.7982329964637757,1.6962069272994995,1.0576850402109854,-1.7124500105330753,5.735306206370503,173.34
91,1,1030,213,1057,245,1051.1309814453125,963.1541137695312,546.8471069335938,1043,229,966,229,77,0.12677644193172455,0.808421128988266,1.7511409521102905,0.12447561312104549,-0.49550722500731803,1.638658916105858,176.63
91,2,1055,194,1077,225,1051.1309814453125,963.1541137695312,546.8471069335938,1066,209,995,210,71,0.17056970298290253,0.8031898975372315,1.7786025404930115,0.1738805598574159,-0.5711948844329949,1.7771371343683249,179.03
91,4,1094,201,1118,238,1051.1309814453125,963.1541137695312,546.8471069335938,1106,219,1078,232,28,0.2298908308148384,0.8028015583753586,1.7528442740440369,0.6123957388655299,-1.405515948576895,4.5063120192911095,177.12
91,5,967,207,993,238,1051.1309814453125,963.1541137695312,546.8471069335938,980,222,836,222,144,0.02782617975026369,0.808663734793663,1.7772327065467834,0.014042803697265072,-0.2707939547901125,0.8762273370843824,179.79
91,6,902,206,931,241,1051.1309814453125,963.1541137695312,546.8471069335938,916,223,906,218,10,-0.06900713965296745,0.7910928368568421,1.6753334403038025,-0.5660333768967121,-3.8874290466317234,12.617673654015107,169.33
91,7,986,183,1013,214,1051.1309814453125,963.1541137695312,546.8471069335938,999,198,931,199,68,0.057336971163749695,0.7999301493167877,1.8603241443634033,0.06327801732538774,-0.6158127360704584,1.8555402432375157,186.85
91,8,1085,185,1108,214,1051.1309814453125,963.1541137695312,546.8471069335938,1096,199,883,205,213,0.22940918803215027,0.7999539017677307,1.8334006071090698,0.07486709133166788,-0.19603392971517472,0.5923790447894416,183.08
91,9,1029,198,1054,227,1051.1309814453125,963.1541137695312,546.8471069335938,1041,212,1030,220,11,0.12105217576026917,0.7978990316390991,1.762757420539856,0.8495040148547808,-3.654065429487797,11.470612412741007,177.9
92,0,1144,217,1171,250,1051.1309814453125,963.1541137695312,546.8471069335938,1157,233,1135,219,22,0.30501556396484375,0.7996262848377228,1.700472116470337,1.0576850402109854,-1.7124500105330753,5.735306206370503,173.6
92,1,1030,213,1058,245,1051.1309814453125,963.1541137695312,546.8471069335938,1044,229,966,229,78,0.12642571330070496,0.808198744058609,1.7419514656066895,0.12441873376640333,-0.489154568276455,1.6176504684634752,175.32
92,2,1056,195,1078,225,1051.1309814453125,963.1541137695312,546.8471069335938,1067,210,968,213,99,0.17598409950733185,0.8088754951953888,1.8015393614768982,0.12591473508419684,-0.40843230072003717,1.2745124903045562,181.15
92,4,986,183,1013,215,1051.1309814453125,963.1541137695312,546.8471069335938,999,199,993,210,6,0.06409784406423569,0.7897867798805237,1.7934075593948364,0.717150863021061,-6.959204504888703,21.029456090025178,180.65
92,5,966,207,993,238,1051.1309814453125,963.1541137695312,546.8471069335938,979,222,906,217,73,0.02662094123661518,0.8055429100990296,1.756469964981079,0.026056502862290585,-0.5341688971202218,1.728448445755494,177.77
92,6,1094,202,1118,238,1051.1309814453125,963.1541137695312,546.8471069335938,1106,220,1078,232,28,0.22786231338977814,0.8030106961727143,1.7319037914276123,0.6123957388655299,-1.401228840596218,4.5063120192911095,176.02
92,7,903,207,931,241,1051.1309814453125,963.1541137695312,546.8471069335938,917,224,836,223,81,-0.06866489350795746,0.7906975686550141,1.6735123991966248,-0.06839870056182917,-0.4784475486772627,1.5577374881500132,168.99
92,8,1029,198,1053,227,1051.1309814453125,963.1541137695312,546.8471069335938,1041,212,1030,219,11,0.12310397624969482,0.7971253633499146,1.745284616947174,0.8495040148547808,-3.654065429487797,11.470612412741007,175.12
92,9,1086,185,1108,214,1051.1309814453125,963.1541137695312,546.8471069335938,1097,199,931,198,166,0.22838421165943146,0.7987698554992676,1.8291841745376587,0.09678752697050734,-0.25153751222489285,0.7601008225310305,182.36
92,10,916,183,941,214,1051.1309814453125,963.1541137695312,546.8471069335938,928,198,882,205,46,-0.06409965455532074,0.7849075436592102,1.7659912109375,-0.09173620624912236,-0.9103318707128517,2.742972533481545,180.05
93,0,1143,217,1172,250,1051.1309814453125,963.1541137695312,546.8471069335938,1157,233,1078,232,79,0.30677855014801025,0.8005167484283447,1.7046005725860596,0.2945452010714137,-0.47688481305984376,1.5971738802550768,174.27
93,1,1030,213,1057,245,1051.1309814453125,963.1541137695312,546.8471069335938,1043,229,966,229,77,0.12951472401618958,0.8080967009067536,1.745009422302246,0.12447561312104549,-0.49550722500731803,1.638658916105858,175.4
93,2,1056,194,1078,225,1051.1309814453125,963.1541137695312,546.8471069335938,1067,209,996,210,71,0.17308496683835983,0.8089770317077637,1.803076148033142,0.17557125032866885,-0.5711948844329949,1.7771371343683249,181.23
93,3,987,183,1013,214,1051.1309814453125,963.1541137695312,546.8471069335938,1000,198,931,198,69,0.06169242784380913,0.7939709812402725,1.8245333433151245,0.06410064060268585,-0.6068879138085678,1.8286483556543633,182.73
93,4,1192,200,1223,239,1051.1309814453125,963.1541137695312,546.8471069335938,1207,219,1135,219,72,0.39054110646247864,0.809680187702179,1.7492908835411072,0.40654197302207723,-0.5465895355576815,1.7524546741687648,178.7
93,5,967,207,993,237,1051.1309814453125,963.1541137695312,546.8471069335938,980,222,907,218,73,0.027737854048609734,0.8053434878587723,1.7632381916046143,0.027700873046659864,-0.5341688971202218,1.728448445755494,178.03
93,6,1094,200,1118,238,1051.1309814453125,963.1541137695312,546.8471069335938,1106,219,1030,221,76,0.22662898898124695,0.8041946530342102,1.7318350076675415,0.22561948273993207,-0.5178216652651719,1.6602202176335668,175.54
93,7,903,207,930,240,1051.1309814453125,963.1541137695312,546.8471069335938,916,223,837,223,79,-0.06990319490432739,0.7900888562202454,1.657212257385254,-0.0716497945438876,-0.49207962615591433,1.5971738802550768,166.47
93,8,1029,198,1054,227,1051.1309814453125,963.1541137695312,546.8471069335938,1041,212,969,213,72,0.12664780765771866,0.7972433507442475,1.7489529848098755,0.12978533560281372,-0.5582599961717467,1.7524546741687648,175.67
93,9,1086,186,1110,216,1051.1309814453125,963.1541137695312,546.8471069335938,1098,201,881,207,217,0.22523412108421326,0.7894851207733155,1.7688130140304565,0.07459340322840172,-0.19131405061020415,0.5814596153924012,179.65
94,0,1143,217,1171,250,1051.1309814453125,963.1541137695312,546.8471069335938,1157,233,1135,220,22,0.3083874583244324,0.7996376395225525,1.70919930934906,1.0576850402109854,-1.7124500105330753,5.735306206370503,174.75
94,1,1030,212,1058,245,1051.1309814453125,963.1541137695312,546.8471069335938,1044,228,1030,220,14,0.1285884827375412,0.8049478173255921,1.755665898323059,0.6931900881271044,-2.733863953501603,9.012624038582219,176.28
94,2,1055,194,1077,226,1051.1309814453125,963.1541137695312,546.8471069335938,1066,210,995,211,71,0.171098031103611,0.808951997756958,1.8016690611839294,0.1738805598574159,-0.569504193961742,1.7771371343683249,181.35
94,4,986,182,1014,214,1051.1309814453125,963.1541137695312,546.8471069335938,1000,198,931,198,69,0.06540581583976746,0.7973746448755265,1.8640382289886475,0.06410064060268585,-0.6068879138085678,1.8286483556543633,187.82
94,5,967,206,993,238,1051.1309814453125,963.1541137695312,546.8471069335938,980,222,966,229,14,0.027756230905652046,0.80593121945858,1.7716174125671387,0.14444026660044074,-2.785309249269728,9.012624038582219,179.32
94,6,1094,201,1118,238,1051.1309814453125,963.1541137695312,546.8471069335938,1106,219,1078,232,28,0.22868728637695312,0.8042117297649384,1.7418957948684692,0.6123957388655299,-1.405515948576895,4.5063120192911095,177.49
94,7,903,206,931,240,1051.1309814453125,963.1541137695312,546.8471069335938,917,223,837,224,80,-0.06695498526096344,0.789388918876648,1.6681231260299683,-0.06925368431885204,-0.4859286308289654,1.5772092067518884,168.08
94,8,1085,185,1110,215,1051.1309814453125,963.1541137695312,546.8471069335938,1097,200,968,213,129,0.2207757905125618,0.8034150540828705,1.8457310795783997,0.12454829052018773,-0.3227533953943663,0.9781142367453571,184.97
94,9,939,192,966,221,1051.1309814453125,963.1541137695312,546.8471069335938,952,206,906,218,46,-0.013273202814161777,0.7940988630056381,1.7858139276504517,-0.029107150531405317,-0.889455518806946,2.742972533481545,180.2
95,0,1143,217,1171,250,1051.1309814453125,963.1541137695312,546.8471069335938,1157,233,1135,220,22,0.30512475967407227,0.800682419538498,1.6955749988555908,1.0576850402109854,-1.7124500105330753,5.735306206370503,172.51
95,1,1055,194,1078,226,1051.1309814453125,963.1541137695312,546.8471069335938,1066,210,995,210,71,0.17330804467201233,0.8141201376914978,1.8205915689468384,0.1738805598574159,-0.569504193961742,1.7771371343683249,183.23
95,2,1030,212,1058,245,1051.1309814453125,963.1541137695312,546.8471069335938,1044,228,1031,220,13,0.12918919324874878,0.8090028256177902,1.7464247941970825,0.7465124025984202,-2.9441611806940347,9.705902810780852,175.85
95,4,966,206,993,238,1051.1309814453125,963.1541137695312,546.8471069335938,979,222,966,230,13,0.025520026683807373,0.8055418372154236,1.7659128904342651,0.14631728530363175,-2.9995638069058614,9.705902810780852,177.62
95,5,1085,185,1108,214,1051.1309814453125,963.1541137695312,546.8471069335938,1096,199,968,213,128,0.2298651486635208,0.8004215598106384,1.8363004922866821,0.12458351916910361,-0.32621271116665795,0.9857557542199302,183.4
95,6,1094,202,1118,238,1051.1309814453125,963.1541137695312,546.8471069335938,1106,220,1078,232,28,0.2277110517024994,0.8035834968090058,1.7351253032684326,0.6123957388655299,-1.401228840596218,4.5063120192911095,176.03
95,7,989,182,1014,217,1051.1309814453125,963.1541137695312,546.8471069335938,1001,199,931,199,70,0.0653386153280735,0.7942037224769593,1.8012892007827759,0.06489976035777545,-0.5965032432761744,1.8025248077164437,181.6
95,8,939,193,966,222,1051.1309814453125,963.1541137695312,546.8471069335938,952,207,906,218,46,-0.01680877059698105,0.7920912146568299,1.7620631456375122,-0.029107150531405317,-0.8868459748187077,2.742972533481545,176.01
95,9,904,206,932,240,1051.1309814453125,963.1541137695312,546.8471069335938,918,223,837,223,81,-0.0696336179971695,0.790690803527832,1.6643246412277222,-0.06691673730924945,-0.47992951192984246,1.5577374881500132,167.78
96,0,1144,217,1171,250,1051.1309814453125,963.1541137695312,546.8471069335938,1157,233,1078,233,79,0.30615234375,0.7985649645328522,1.6879663467407227,0.2945452010714137,-0.47688481305984376,1.5971738802550768,173.5
96,1,1030,212,1058,245,1051.1309814453125,963.1541137695312,546.8471069335938,1044,228,966,229,78,0.1288900077342987,0.8096546471118927,1.7584697008132935,0.12441873376640333,-0.4906935301156724,1.6176504684634752,176.58
96,2,1055,195,1077,226,1051.1309814453125,963.1541137695312,546.8471069335938,1066,210,995,210,71,0.17233171314001083,0.8118992537260056,1.8145179152488708,0.1738805598574159,-0.569504193961742,1.7771371343683249,182.31
96,3,1094,200,1118,238,1051.1309814453125,963.1541137695312,546.8471069335938,1106,219,1031,219,75,0.22621369361877441,0.804039204120636,1.7339788675308228,0.22862774250979784,-0.5247259541353743,1.6823564872020143,175.96
96,4,1193,200,1223,239,1051.1309814453125,963.1541137695312,546.8471069335938,1208,219,1135,220,73,0.398685097694397,0.81752889752388,1.774782419204712,0.40261727508285644,-0.5391020076733296,1.728448445755494,181.5
96,5,986,182,1013,214,1051.1309814453125,963.1541137695312,546.8471069335938,999,198,931,199,68,0.05816277116537094,0.7987484574317932,1.8562171459197998,0.06327801732538774,-0.6158127360704584,1.8555402432375157,185.4
96,6,966,206,993,238,1051.1309814453125,963.1541137695312,546.8471069335938,979,222,968,214,11,0.02765927091240883,0.806920850276947,1.7694604396820068,0.17292042808611024,-3.5449390445251083,11.470612412741007,178.64
96,7,903,207,931,240,1051.1309814453125,963.1541137695312,546.8471069335938,917,223,906,218,11,-0.07001997530460358,0.7899605572223664,1.65949285030365,-0.5036631586825603,-3.5340264060288393,11.470612412741007,167.42
96,8,939,192,965,221,1051.1309814453125,963.1541137695312,546.8471069335938,952,206,881,206,71,-0.017928674817085266,0.7919224292039871,1.7622290253639221,-0.01885815386541753,-0.5762669558467537,1.7771371343683249,176.2
97,0,1143,217,1171,250,1051.1309814453125,963.1541137695312,546.8471069335938,1157,233,1078,233,79,0.30931732058525085,0.8014909565448761,1.7132460474967957,0.2945452010714137,-0.47688481305984376,1.5971738802550768,175.23
97,1,1031,212,1059,245,1051.1309814453125,963.1541137695312,546.8471069335938,1045,228,966,229,79,0.12783009558916092,0.8088442623615265,1.7564496397972107,0.12436329439542303,-0.484482219607879,1.5971738802550768,176.25
97,2,1056,195,1078,226,1051.1309814453125,963.1541137695312,546.8471069335938,1067,210,995,210,72,0.1743021011352539,0.8116706848144531,1.8108085989952087,0.17313276074077066,-0.5615944134900512,1.7524546741687648,182.65
97,3,1194,201,1223,239,1051.1309814453125,963.1541137695312,546.8471069335938,1208,220,1134,219,74,0.3924698829650879,0.8080840349197388,1.736358880996704,0.39717650109525027,-0.5301946964418123,1.7050910343263659,177.92
97,4,1094,200,1118,237,1051.1309814453125,963.1541137695312,546.8471069335938,1106,218,1030,219,76,0.23039817065000534,0.8035192877054215,1.7442166805267334,0.22561948273993207,-0.5194011261001582,1.6602202176335668,178.88
97,5,903,208,931,240,1051.1309814453125,963.1541137695312,546.8471069335938,917,224,837,222,80,-0.06792157143354416,0.7888098895549774,1.6665451526641846,-0.06925368431885204,-0.48442814303572845,1.5772092067518884,168.18
97,6,986,183,1012,214,1051.1309814453125,963.1541137695312,546.8471069335938,999,198,931,198,68,0.06098264828324318,0.7974686563014984,1.8524936437606812,0.06327801732538774,-0.6158127360704584,1.8555402432375157,185.8
97,7,967,206,993,237,1051.1309814453125,963.1541137695312,546.8471069335938,980,221,906,218,74,0.02751450426876545,0.8052801877260208,1.7660149335861206,0.02732653692440771,-0.5285725474761508,1.7050910343263659,178.36
97,8,1029,199,1054,229,1051.1309814453125,963.1541137695312,546.8471069335938,1041,214,968,213,73,0.12589510530233383,0.7997832238674164,1.7610710263252258,0.12800745429318613,-0.5473238585951761,1.728448445755494,176.74
97,9,1086,185,1110,214,1051.1309814453125,963.1541137695312,546.8471069335938,1098,199,882,206,216,0.22279159724712372,0.8014853239059448,1.8328335285186768,0.07493874305816285,-0.1933112362469084,0.584151558056255,185.39
98,0,1144,218,1171,250,1051.1309814453125,963.1541137695312,546.8471069335938,1157,234,1135,220,22,0.3044947236776352,0.7991503566503525,1.6868273615837097,1.0576850402109854,-1.7069936912849408,5.735306206370503,171.67
98,1,1055,195,1078,225,1051.1309814453125,963.1541137695312,546.8471069335938,1066,210,994,209,72,0.1721728816628456,0.8077149331569672,1.7972882390022278,0.17146555208161846,-0.5615944134900512,1.7524546741687648,180.8
98,2,1030,213,1057,245,1051.1309814453125,963.1541137695312,546.8471069335938,1043,229,966,229,77,0.12757141888141632,0.8060263633728028,1.7309585213661194,0.12447561312104549,-0.49550722500731803,1.638658916105858,174.15
98,4,1094,200,1118,238,1051.1309814453125,963.1541137695312,546.8471069335938,1106,219,1078,233,28,0.22670775651931763,0.8046339988708496,1.7360261678695679,0.6123957388655299,-1.405515948576895,4.5063120192911095,176.97
98,5,986,183,1013,214,1051.1309814453125,963.1541137695312,546.8471069335938,999,198,931,198,68,0.060337793081998825,0.7892953097820282,1.8031916618347168,0.06327801732538774,-0.6158127360704584,1.8555402432375157,180.52
98,6,902,207,931,240,1051.1309814453125,963.1541137695312,546.8471069335938,916,223,836,222,80,-0.07032747566699982,0.7903019279241562,1.6591033339500427,-0.07075417211208901,-0.4859286308289654,1.5772092067518884,169.1
98,7,967,207,993,237,1051.1309814453125,963.1541137695312,546.8471069335938,980,222,968,213,12,0.02767626941204071,0.8011950343847275,1.74942284822464,0.16851364436718086,-3.2495274574813493,10.514728045012589,174.95
98,8,939,192,966,221,1051.1309814453125,963.1541137695312,546.8471069335938,952,206,907,217,45,-0.016813307069242,0.7899860978126526,1.7534182667732239,-0.02975397609876988,-0.9092211970026559,2.803927478670024,175.66
98,9,1028,198,1053,228,1051.1309814453125,963.1541137695312,546.8471069335938,1040,213,1030,217,10,0.1205977126955986,0.7948939740657807,1.751842975616455,0.9224505139943631,-4.007468070090681,12.617673654015107,175.67
99,0,1144,217,1171,250,1051.1309814453125,963.1541137695312,546.8471069335938,1157,233,1078,232,79,0.3064391165971756,0.799878591299057,1.6973386406898499,0.2945452010714137,-0.47688481305984376,1.5971738802550768,176.55
99,1,1030,213,1057,245,1051.1309814453125,963.1541137695312,546.8471069335938,1043,229,966,230,77,0.12803485244512558,0.8065934270620346,1.7439650297164917,0.12447561312104549,-0.49550722500731803,1.638658916105858,175.27
99,2,1056,195,1078,225,1051.1309814453125,963.1541137695312,546.8471069335938,1067,210,995,210,72,0.17604869604110718,0.8111860096454621,1.8118246793746948,0.17313276074077066,-0.5615944134900512,1.7524546741687648,181.78
99,3,1194,201,1223,239,1051.1309814453125,963.1541137695312,546.8471069335938,1208,220,1135,221,73,0.39066189527511597,0.8083992540836334,1.7450008392333984,0.40261727508285644,-0.5374576374889604,1.728448445755494,178.2
99,4,966,207,993,238,1051.1309814453125,963.1541137695312,546.8471069335938,979,222,906,218,73,0.027321571484208107,0.8040670394897461,1.7617288827896118,0.026056502862290585,-0.5341688971202218,1.728448445755494,177.0
99,5,986,183,1013,215,1051.1309814453125,963.1541137695312,546.8471069335938,999,199,931,199,68,0.05987071804702282,0.7950870484113693,1.8270561695098877,0.06327801732538774,-0.614047456313709,1.8555402432375157,182.9
99,6,903,208,931,241,1051.1309814453125,963.1541137695312,546.8471069335938,917,224,836,223,81,-0.06792404502630234,0.7892585933208466,1.6556346416473389,-0.06839870056182917,-0.4784475486772627,1.5577374881500132,167.61
99,7,1094,199,1118,237,1051.1309814453125,963.1541137695312,546.8471069335938,1106,218,1030,218,76,0.22918371856212616,0.8001043438911438,1.7336314916610718,0.22561948273993207,-0.5194011261001582,1.6602202176335668,176.24
99,8,1085,185,1109,214,1051.1309814453125,963.1541137695312,546.8471069335938,1097,199,882,205,215,0.2279648631811142,0.7997625708580017,1.8343126773834229,0.07472897431211264,-0.1942103582759638,0.5868685420472143,182.7
99,9,1029,198,1054,227,1051.1309814453125,963.1541137695312,546.8471069335938,1041,212,968,213,73,0.1260071098804474,0.7975601345300675,1.7505936026573181,0.12800745429318613,-0.5506125989639147,1.728448445755494,175.66
100,0,1144,217,1171,250,1051.1309814453125,963.1541137695312,546.8471069335938,1157,233,1078,233,79,0.30623236298561096,0.8055515825748444,1.7416280508041382,0.2945452010714137,-0.47688481305984376,1.5971738802550768,178.99
100,1,1030,213,1058,245,1051.1309814453125,963.1541137695312,546.8471069335938,1044,229,966,229,78,0.12754353880882263,0.8083325862884522,1.747090220451355,0.12441873376640333,-0.489154568276455,1.6176504684634752,176.01
100,2,1055,195,1077,225,1051.1309814453125,963.1541137695312,546.8471069335938,1066,210,994,210,72,0.17412696778774261,0.8070408940315247,1.7939149141311646,0.17146555208161846,-0.5615944134900512,1.7524546741687648,180.35
100,3,1193,200,1222,238,1051.1309814453125,963.1541137695312,546.8471069335938,1207,219,1135,221,72,0.387601375579834,0.8064601063728333,1.73615562915802,0.40654197302207723,-0.5465895355576815,1.7524546741687648,177.5
100,4,987,182,1013,214,1051.1309814453125,963.1541137695312,546.8471069335938,1000,198,931,198,69,0.05915721319615841,0.7929883986711502,1.819462537765503,0.06410064060268585,-0.6068879138085678,1.8286483556543633,183.08
100,5,968,203,993,235,1051.1309814453125,963.1541137695312,546.8471069335938,980,219,907,218,73,0.029324919916689396,0.805758872628212,1.7681500315666199,0.027700873046659864,-0.5391020076733296,1.728448445755494,180.81
100,6,903,207,931,240,1051.1309814453125,963.1541137695312,546.8471069335938,917,223,836,223,81,-0.07068821787834167,0.7924183547496796,1.6766022443771362,-0.06839870056182917,-0.47992951192984246,1.5577374881500132,168.88
100,7,1094,201,1118,238,1051.1309814453125,963.1541137695312,546.8471069335938,1106,219,1030,218,76,0.22848445177078247,0.8037904590368271,1.7489272356033325,0.22561948273993207,-0.5178216652651719,1.6602202176335668,178.72
100,8,939,191,966,220,1051.1309814453125,963.1541137695312,546.8471069335938,952,205,882,206,70,-0.0185073334723711,0.7942500650882721,1.7814809083938599,-0.01912755606349492,-0.5862141841225496,1.8025248077164437,178.0
100,9,1085,185,1109,214,1051.1309814453125,963.1541137695312,546.8471069335938,1097,199,968,213,129,0.22215276956558228,0.8012451767921448,1.8335037231445312,0.12454829052018773,-0.3236839304599397,0.9781142367453571,184.34
101,0,1143,217,1171,250,1051.1309814453125,963.1541137695312,546.8471069335938,1157,233,1134,220,23,0.3019884526729584,0.8013316631317139,1.697206735610962,1.0116987341148556,-1.6379956622490288,5.48594506696309,174.38
101,1,1030,213,1058,245,1051.1309814453125,963.1541137695312,546.8471069335938,1044,229,966,228,78,0.1290140599012375,0.80836201608181,1.742131531238556,0.12441873376640333,-0.489154568276455,1.6176504684634752,174.94
101,2,1055,196,1078,226,1051.1309814453125,963.1541137695312,546.8471069335938,1066,211,995,210,71,0.1763782948255539,0.8143214225769043,1.816847562789917,0.1738805598574159,-0.5678135034904891,1.7771371343683249,182.97
101,4,967,207,993,238,1051.1309814453125,963.1541137695312,546.8471069335938,980,222,907,218,73,0.02887790836393833,0.8050051718950272,1.758092224597931,0.027700873046659864,-0.5341688971202218,1.728448445755494,176.8
101,5,986,183,1013,214,1051.1309814453125,963.1541137695312,546.8471069335938,999,198,931,198,68,0.0609546210616827,0.7938283622264862,1.8244481682777405,0.06327801732538774,-0.6158127360704584,1.8555402432375157,182.65
101,6,1094,202,1118,239,1051.1309814453125,963.1541137695312,546.8471069335938,1106,220,1078,232,28,0.22850744426250458,0.8055215120315552,1.7517123222351074,0.6123957388655299,-1.401228840596218,4.5063120192911095,176.99
101,7,902,207,931,240,1051.1309814453125,963.1541137695312,546.8471069335938,916,223,836,223,80,-0.06712161749601364,0.7889249265193939,1.6599712371826172,-0.07075417211208901,-0.4859286308289654,1.5772092067518884,166.74
101,8,1028,198,1053,227,1051.1309814453125,963.1541137695312,546.8471069335938,1040,212,1031,219,9,0.12478651851415634,0.7965952098369599,1.746415138244629,1.0249450155492923,-4.466079969373974,14.019637393350118,175.16
101,9,939,192,966,221,1051.1309814453125,963.1541137695312,546.8471069335938,952,206,881,205,71,-0.016807504929602146,0.7921452015638352,1.760319709777832,-0.01885815386541753,-0.5762669558467537,1.7771371343683249,176.17
102,0,1144,217,1171,250,1051.1309814453125,963.1541137695312,546.8471069335938,1157,233,1135,221,22,0.32042939960956573,0.8020991623401642,1.7283244729042053,1.0576850402109854,-1.7124500105330753,5.735306206370503,177.98
102,1,1030,214,1058,245,1051.1309814453125,963.1541137695312,546.8471069335938,1044,229,966,228,78,0.12676019221544266,0.8064865708351135,1.74352365732193,0.12441873376640333,-0.489154568276455,1.6176504684634752,174.98
102,2,1055,195,1077,225,1051.1309814453125,963.1541137695312,546.8471069335938,1066,210,994,210,72,0.1735047996044159,0.8079135358333588,1.7926708459854126,0.17146555208161846,-0.5615944134900512,1.7524546741687648,180.63
102,4,902,207,931,240,1051.1309814453125,963.1541137695312,546.8471069335938,916,223,837,223,79,-0.0682351291179657,0.7895599991083145,1.6608781218528748,-0.0716497945438876,-0.49207962615591433,1.5971738802550768,165.9
102,5,967,207,993,237,1051.1309814453125,963.1541137695312,546.8471069335938,980,222,906,218,74,0.028817991726100445,0.8063166528940201,1.7637214660644531,0.02732653692440771,-0.5269503985104891,1.7050910343263659,178.0
102,6,986,183,1013,214,1051.1309814453125,963.1541137695312,546.8471069335938,999,198,931,199,68,0.05684937909245491,0.7932271599769593,1.8235621452331543,0.06327801732538774,-0.6158127360704584,1.8555402432375157,184.05
102,7,1095,201,1118,238,1051.1309814453125,963.1541137695312,546.8471069335938,1106,219,1078,233,28,0.2346758395433426,0.8113455414772034,1.7773324251174927,0.6123957388655299,-1.405515948576895,4.5063120192911095,181.71
102,8,1028,198,1053,226,1051.1309814453125,963.1541137695312,546.8471069335938,1040,212,1030,219,10,0.12495170906186104,0.7962975293397904,1.7474068999290466,0.9224505139943631,-4.019471972436577,12.617673654015107,175.51
102,10,939,192,966,221,1051.1309814453125,963.1541137695312,546.8471069335938,952,206,882,205,70,-0.016847151331603527,0.7926536589860916,1.7641763091087341,-0.01912755606349492,-0.5844993409302787,1.8025248077164437,176.65
103,0,1144,217,1171,250,1051.1309814453125,963.1541137695312,546.8471069335938,1157,233,1078,233,79,0.3025709092617035,0.7996145874261856,1.7093811631202698,0.2945452010714137,-0.47688481305984376,1.5971738802550768,174.99
103,1,1030,213,1059,245,1051.1309814453125,963.1541137695312,546.8471069335938,1044,229,966,229,78,0.1296118050813675,0.8075159132480622,1.7414737939834595,0.12441873376640333,-0.489154568276455,1.6176504684634752,175.12
103,2,1193,199,1223,238,1051.1309814453125,963.1541137695312,546.8471069335938,1208,218,1135,220,73,0.39282381534576416,0.8089819639921189,1.7532833814620972,0.40261727508285644,-0.540746377857699,1.728448445755494,178.62
103,3,1056,195,1078,226,1051.1309814453125,963.1541137695312,546.8471069335938,1067,210,995,210,72,0.17300129681825638,0.8073428958654404,1.7948545813560486,0.17313276074077066,-0.5615944134900512,1.7524546741687648,180.62
103,4,986,183,1013,214,1051.1309814453125,963.1541137695312,546.8471069335938,999,198,931,199,68,0.059961942955851555,0.7929116427898407,1.8215330243110657,0.06327801732538774,-0.6158127360704584,1.8555402432375157,182.94
103,5,1094,201,1118,238,1051.1309814453125,963.1541137695312,546.8471069335938,1106,219,1030,219,76,0.22638338059186935,0.8034050405025482,1.7318425178527832,0.22561948273993207,-0.5178216652651719,1.6602202176335668,175.99
103,6,967,206,993,238,1051.1309814453125,963.1541137695312,546.8471069335938,980,222,906,218,74,0.029122354462742805,0.8068891108036041,1.7654271125793457,0.02732653692440771,-0.5269503985104891,1.7050910343263659,178.4
103,7,903,206,931,241,1051.1309814453125,963.1541137695312,546.8471069335938,917,223,837,223,80,-0.06768608093261719,0.7923633694648743,1.6751089096069336,-0.06925368431885204,-0.4859286308289654,1.5772092067518884,169.23
103,8,917,183,942,215,1051.1309814453125,963.1541137695312,546.8471069335938,929,199,882,206,47,-0.05557742156088352,0.7846315294504166,1.7581973671913147,-0.08723035029788662,-0.8884090857304727,2.684611415747895,178.52
103,9,1029,198,1054,227,1051.1309814453125,963.1541137695312,546.8471069335938,1041,212,968,214,73,0.12488603219389915,0.7963272422552109,1.746813952922821,0.12800745429318613,-0.5506125989639147,1.728448445755494,175.57
104,0,1143,217,1171,250,1051.1309814453125,963.1541137695312,546.8471069335938,1157,233,1079,232,78,0.3047045171260834,0.7998440802097321,1.6539193391799927,0.2983214215979702,-0.48299872091958534,1.6176504684634752,173.11
104,1,1055,195,1078,226,1051.1309814453125,963.1541137695312,546.8471069335938,1066,210,995,210,71,0.17277854681015015,0.8050769209861756,1.7803173065185547,0.1738805598574159,-0.569504193961742,1.7771371343683249,179.57
104,2,1030,212,1058,244,1051.1309814453125,963.1541137695312,546.8471069335938,1044,228,966,230,78,0.1263975128531456,0.8070287495851517,1.7505028247833252,0.12441873376640333,-0.4906935301156724,1.6176504684634752,175.77
104,3,967,206,993,237,1051.1309814453125,963.1541137695312,546.8471069335938,980,221,969,213,11,0.027786390855908394,0.806506210565567,1.7677353620529175,0.18383306658237913,-3.5558516830213773,11.470612412741007,178.84
104,4,1094,201,1118,238,1051.1309814453125,963.1541137695312,546.8471069335938,1106,219,1031,219,75,0.22852391004562378,0.8017603248357773,1.7312007546424866,0.22862774250979784,-0.5247259541353743,1.6823564872020143,174.98
104,5,1193,199,1222,238,1051.1309814453125,963.1541137695312,546.8471069335938,1207,218,1135,219,72,0.39452512562274933,0.810562127828598,1.755152940750122,0.40654197302207723,-0.5482567442168336,1.7524546741687648,179.26
104,6,986,182,1013,214,1051.1309814453125,963.1541137695312,546.8471069335938,999,198,931,199,68,0.05775604397058487,0.7975447416305542,1.849607765674591,0.06327801732538774,-0.6158127360704584,1.8555402432375157,186.43
104,7,903,206,931,240,1051.1309814453125,963.1541137695312,546.8471069335938,917,223,907,218,10,-0.06934516131877899,0.7924858272075653,1.6834659576416016,-0.5540294745508163,-3.8874290466317234,12.617673654015107,170.94
104,8,940,192,967,221,1051.1309814453125,963.1541137695312,546.8471069335938,953,206,882,205,71,-0.015198895707726479,0.7943862915039063,1.7815359830856323,-0.017167463394164605,-0.5762669558467537,1.7771371343683249,179.34
105,0,1144,218,1171,250,1051.1309814453125,963.1541137695312,546.8471069335938,1157,234,1078,232,79,0.30840998888015747,0.7994747698307038,1.6948639154434204,0.2945452010714137,-0.4753653317502367,1.5971738802550768,173.73
105,1,1030,213,1058,245,1051.1309814453125,963.1541137695312,546.8471069335938,1044,229,966,229,78,0.12838125228881836,0.804841274023056,1.7373076677322388,0.12441873376640333,-0.489154568276455,1.6176504684634752,174.8
105,2,1056,195,1078,225,1051.1309814453125,963.1541137695312,546.8471069335938,1067,210,995,210,72,0.17151211202144623,0.80673166513443,1.793321132659912,0.17313276074077066,-0.5615944134900512,1.7524546741687648,181.04
105,3,1194,201,1223,239,1051.1309814453125,963.1541137695312,546.8471069335938,1208,220,1134,220,74,0.3943287432193756,0.8089119136333466,1.7519235610961914,0.39717650109525027,-0.5301946964418123,1.7050910343263659,178.22
105,4,986,183,1013,214,1051.1309814453125,963.1541137695312,546.8471069335938,999,198,931,199,68,0.05857259966433048,0.7909806311130524,1.815197229385376,0.06327801732538774,-0.6158127360704584,1.8555402432375157,183.07
105,5,1095,200,1118,238,1051.1309814453125,963.1541137695312,546.8471069335938,1106,219,1030,218,76,0.22786467522382736,0.804833197593689,1.7401808500289917,0.22561948273993207,-0.5178216652651719,1.6602202176335668,176.42
105,6,967,207,993,238,1051.1309814453125,963.1541137695312,546.8471069335938,980,222,968,213,12,0.028647953644394875,0.8054101556539536,1.7615749835968018,0.16851364436718086,-3.2495274574813493,10.514728045012589,177.13
105,7,902,206,931,241,1051.1309814453125,963.1541137695312,546.8471069335938,916,223,906,218,10,-0.06811276078224182,0.7924269080162049,1.664741039276123,-0.5660333768967121,-3.8874290466317234,12.617673654015107,168.98
105,8,1029,199,1054,227,1051.1309814453125,963.1541137695312,546.8471069335938,1041,213,882,206,159,0.12658265978097916,0.7954167515039444,1.7664783000946045,0.05877071800882132,-0.2520420169868353,0.7935643807556672,179.51
106,0,1143,217,1171,250,1051.1309814453125,963.1541137695312,546.8471069335938,1157,233,1078,232,79,0.30765217542648315,0.7994933366775513,1.7045234441757202,0.2945452010714137,-0.47688481305984376,1.5971738802550768,174.03
106,1,1030,214,1058,245,1051.1309814453125,963.1541137695312,546.8471069335938,1044,229,966,229,78,0.1295015886425972,0.8059311002492905,1.7345648407936096,0.12441873376640333,-0.489154568276455,1.6176504684634752,174.24
106,2,1193,201,1223,238,1051.1309814453125,963.1541137695312,546.8471069335938,1208,219,1135,221,73,0.39168447256088257,0.8086670875549317,1.7488210201263428,0.40261727508285644,-0.5391020076733296,1.728448445755494,178.56
106,3,1056,196,1078,226,1051.1309814453125,963.1541137695312,546.8471069335938,1067,211,994,210,73,0.1724039688706398,0.8087323397397995,1.7972286939620972,0.1707610790867875,-0.5522569691482839,1.728448445755494,181.59
106,4,902,207,931,240,1051.1309814453125,963.1541137695312,546.8471069335938,916,223,906,218,10,-0.06834224611520767,0.788896644115448,1.6601338386535645,-0.5660333768967121,-3.8874290466317234,12.617673654015107,167.72
106,5,987,183,1013,214,1051.1309814453125,963.1541137695312,546.8471069335938,1000,198,931,199,69,0.060704976320266724,0.7874756395816803,1.7926424145698547,0.06410064060268585,-0.6068879138085678,1.8286483556543633,179.85
106,6,1094,200,1118,238,1051.1309814453125,963.1541137695312,546.8471069335938,1106,219,1030,220,76,0.22745274007320404,0.8037086069583893,1.7353050708770752,0.22561948273993207,-0.5178216652651719,1.6602202176335668,176.29
106,7,967,207,993,238,1051.1309814453125,963.1541137695312,546.8471069335938,980,222,968,213,12,0.027707227505743504,0.8029438197612763,1.7568864822387695,0.16851364436718086,-3.2495274574813493,10.514728045012589,176.41
106,8,1029,199,1054,228,1051.1309814453125,963.1541137695312,546.8471069335938,1041,213,881,205,160,0.12545980513095856,0.7942326903343201,1.7544118165969849,0.05840340102126618,-0.25046675438066757,0.7886046033759442,176.45
107,0,1143,217,1171,250,1051.1309814453125,963.1541137695312,546.8471069335938,1157,233,1078,233,79,0.30520474910736084,0.8011664092540741,1.690132975578308,0.2945452010714137,-0.47688481305984376,1.5971738802550768,172.89
107,1,1030,213,1058,245,1051.1309814453125,963.1541137695312,546.8471069335938,1044,229,966,229,78,0.1308407112956047,0.8122802466154099,1.7601811289787292,0.12441873376640333,-0.489154568276455,1.6176504684634752,177.16
107,2,1055,195,1077,226,1051.1309814453125,963.1541137695312,546.8471069335938,1066,210,995,210,71,0.17345710843801498,0.812378340959549,1.8129321336746216,0.1738805598574159,-0.569504193961742,1.7771371343683249,183.38
107,3,1194,201,1222,238,1051.1309814453125,963.1541137695312,546.8471069335938,1208,219,1135,219,73,0.3916226923465729,0.810499319434166,1.7496757507324219,0.40261727508285644,-0.5391020076733296,1.728448445755494,178.85
107,4,967,206,993,238,1051.1309814453125,963.1541137695312,546.8471069335938,980,222,968,213,12,0.027104800567030907,0.8042693376541138,1.754070520401001,0.16851364436718086,-3.2495274574813493,10.514728045012589,175.48
107,5,903,206,931,241,1051.1309814453125,963.1541137695312,546.8471069335938,917,223,906,218,11,-0.06852458417415619,0.7894012421369553,1.6547236442565918,-0.5036631586825603,-3.5340264060288393,11.470612412741007,167.05
107,6,986,183,1013,214,1051.1309814453125,963.1541137695312,546.8471069335938,999,198,931,199,68,0.05989637225866318,0.7886595368385315,1.7997740507125854,0.06327801732538774,-0.6158127360704584,1.8555402432375157,180.08
107,7,1094,201,1118,238,1051.1309814453125,963.1541137695312,546.8471069335938,1106,219,1030,220,76,0.23017777502536774,0.8071536064147949,1.7606160640716553,0.22561948273993207,-0.5178216652651719,1.6602202176335668,180.16
108,0,1143,217,1171,249,1051.1309814453125,963.1541137695312,546.8471069335938,1157,233,1078,232,79,0.30384019017219543,0.8007302224636078,1.6896899342536926,0.2945452010714137,-0.47688481305984376,1.5971738802550768,174.93
108,1,1030,213,1058,245,1051.1309814453125,963.1541137695312,546.8471069335938,1044,229,966,229,78,0.12746087461709976,0.8042666405439377,1.7349304556846619,0.12441873376640333,-0.489154568276455,1.6176504684634752,174.32
108,2,1056,195,1078,226,1051.1309814453125,963.1541137695312,546.8471069335938,1067,210,995,210,72,0.1722932532429695,0.8051805287599564,1.7866575121879578,0.17313276074077066,-0.5615944134900512,1.7524546741687648,179.72
108,3,1193,200,1223,238,1051.1309814453125,963.1541137695312,546.8471069335938,1208,219,1134,219,74,0.38819897174835205,0.8085462540388108,1.7444058060646057,0.39717650109525027,-0.5318168454074739,1.7050910343263659,178.84
108,4,986,183,1013,214,1051.1309814453125,963.1541137695312,546.8471069335938,999,198,931,199,68,0.05890651419758797,0.7902650475502014,1.8097840547561646,0.06327801732538774,-0.6158127360704584,1.8555402432375157,181.57
108,5,1093,200,1118,238,1051.1309814453125,963.1541137695312,546.8471069335938,1105,219,1030,218,75,0.22462263703346252,0.8034163057804108,1.7346689701080322,0.2270272221970117,-0.5247259541353743,1.6823564872020143,175.8
108,6,966,207,993,238,1051.1309814453125,963.1541137695312,546.8471069335938,979,222,968,214,11,0.02768002822995186,0.8034122824668884,1.7550750970840454,0.17292042808611024,-3.5449390445251083,11.470612412741007,176.2
108,7,1029,199,1054,228,1051.1309814453125,963.1541137695312,546.8471069335938,1041,213,882,205,159,0.12486917525529861,0.7960917890071869,1.7429057359695435,0.05877071800882132,-0.2520420169868353,0.7935643807556672,174.91
108,8,902,207,931,240,1051.1309814453125,963.1541137695312,546.8471069335938,916,223,907,218,9,-0.06932387128472328,0.7874927014112473,1.658703327178955,-0.62892597432968,-4.3193656073685815,14.019637393350118,167.1
109,0,1144,217,1171,250,1051.1309814453125,963.1541137695312,546.8471069335938,1157,233,1134,220,23,0.31042787432670593,0.8008273482322693,1.710693359375,1.0116987341148556,-1.6379956622490288,5.48594506696309,177.28
109,1,1030,213,1058,245,1051.1309814453125,963.1541137695312,546.8471069335938,1044,229,965,229,79,0.13008524477481842,0.8044870436191559,1.7462931871414185,0.12284381308581598,-0.48296273829827197,1.5971738802550768,175.48
109,2,1056,195,1078,226,1051.1309814453125,963.1541137695312,546.8471069335938,1067,210,994,210,73,0.16988062113523483,0.8018956571817398,1.7722879648208618,0.1707610790867875,-0.5539013393326532,1.728448445755494,178.69
109,4,986,183,1013,214,1051.1309814453125,963.1541137695312,546.8471069335938,999,198,931,198,68,0.055960120633244514,0.7915526270866394,1.8143437504768372,0.06327801732538774,-0.6158127360704584,1.8555402432375157,183.53
109,5,1094,200,1118,238,1051.1309814453125,963.1541137695312,546.8471069335938,1106,219,1078,233,28,0.22922758758068085,0.8013635665178299,1.7555897235870361,0.6123957388655299,-1.405515948576895,4.5063120192911095,177.85
109,6,967,207,993,237,1051.1309814453125,963.1541137695312,546.8471069335938,980,222,907,217,73,0.027301082387566566,0.8042812287807465,1.7641783356666565,0.027700873046659864,-0.5341688971202218,1.728448445755494,177.49
109,7,903,206,931,240,1051.1309814453125,963.1541137695312,546.8471069335938,917,223,837,223,80,-0.06962652876973152,0.7904295265674591,1.6601647734642029,-0.06925368431885204,-0.4859286308289654,1.5772092067518884,167.83
109,8,939,192,966,221,1051.1309814453125,963.1541137695312,546.8471069335938,952,206,882,205,70,-0.015079200733453035,0.7924842923879624,1.776630699634552,-0.01912755606349492,-0.5844993409302787,1.8025248077164437,177.05
109,9,1085,185,1109,214,1051.1309814453125,963.1541137695312,546.8471069335938,1097,199,968,213,129,0.22700141370296478,0.7963004052639008,1.8188437223434448,0.12454829052018773,-0.3236839304599397,0.9781142367453571,181.79
109,10,1029,198,1054,227,1051.1309814453125,963.1541137695312,546.8471069335938,1041,212,1030,219,11,0.12674999237060547,0.7979866802692414,1.7509259581565857,0.8495040148547808,-3.654065429487797,11.470612412741007,175.94
110,0,1143,217,1171,249,1051.1309814453125,963.1541137695312,546.8471069335938,1157,233,1078,233,79,0.30781714618206024,0.7977979868650437,1.6946313977241516,0.2945452010714137,-0.47688481305984376,1.5971738802550768,174.05
110,1,1030,213,1058,245,1051.1309814453125,963.1541137695312,546.8471069335938,1044,229,966,229,78,0.12711799144744873,0.8061905145645142,1.7446134090423584,0.12441873376640333,-0.489154568276455,1.6176504684634752,175.26
110,2,1055,194,1077,225,1051.1309814453125,963.1541137695312,546.8471069335938,1066,209,883,206,183,0.17225012183189392,0.8075271487236023,1.795480489730835,0.06746185655670235,-0.22161113002591606,0.6894903636073829,182.5
110,3,1194,200,1223,239,1051.1309814453125,963.1541137695312,546.8471069335938,1208,219,1134,220,74,0.3906524181365967,0.8080814123153687,1.747198462486267,0.39717650109525027,-0.5318168454074739,1.7050910343263659,178.24
110,4,986,183,1013,214,1051.1309814453125,963.1541137695312,546.8471069335938,999,198,931,198,68,0.05819644406437874,0.7914112746715546,1.8139671087265015,0.06327801732538774,-0.6158127360704584,1.8555402432375157,183.16
110,5,967,207,993,238,1051.1309814453125,963.1541137695312,546.8471069335938,980,222,968,213,12,0.027400235645473003,0.8046192318201065,1.7633889317512512,0.16851364436718086,-3.2495274574813493,10.514728045012589,177.74
110,6,1093,198,1118,238,1051.1309814453125,963.1541137695312,546.8471069335938,1105,218,1030,217,75,0.22809508442878723,0.8052547365427017,1.7502607703208923,0.2270272221970117,-0.5263264744481603,1.6823564872020143,179.51
110,7,902,207,931,240,1051.1309814453125,963.1541137695312,546.8471069335938,916,223,906,218,10,-0.070103470236063,0.7891099989414215,1.6787939667701721,-0.5660333768967121,-3.8874290466317234,12.617673654015107,169.32
110,8,1029,198,1054,227,1051.1309814453125,963.1541137695312,546.8471069335938,1041,212,993,210,48,0.12211373448371887,0.7948058634996414,1.7560319304466248,0.1946780034042206,-0.8373899942576202,2.6286820112531473,176.74
111,0,1143,218,1171,250,1051.1309814453125,963.1541137695312,546.8471069335938,1157,234,1134,220,23,0.30316291749477386,0.7980507552623749,1.6967702507972717,1.0116987341148556,-1.6327765742725522,5.48594506696309,173.33
111,1,1030,213,1058,244,1051.1309814453125,963.1541137695312,546.8471069335938,1044,228,966,229,78,0.12847516685724258,0.8060723334550858,1.7450826168060303,0.12441873376640333,-0.4906935301156724,1.6176504684634752,175.38
111,2,1056,195,1077,226,1051.1309814453125,963.1541137695312,546.8471069335938,1066,210,994,210,72,0.1718875616788864,0.806753271818161,1.79208242893219,0.17146555208161846,-0.5615944134900512,1.7524546741687648,180.45
111,4,1095,200,1118,238,1051.1309814453125,963.1541137695312,546.8471069335938,1106,219,1078,232,28,0.22992968559265137,0.8047530740499497,1.7432997226715088,0.6123957388655299,-1.405515948576895,4.5063120192911095,178.52
111,5,966,207,993,238,1051.1309814453125,963.1541137695312,546.8471069335938,979,222,907,218,72,0.02609846368432045,0.8035439491271973,1.7636995315551758,0.026418398735377952,-0.541587909580225,1.7524546741687648,177.06
111,6,986,183,1013,214,1051.1309814453125,963.1541137695312,546.8471069335938,999,198,931,199,68,0.05595871992409229,0.7961228430271149,1.8399755954742432,0.06327801732538774,-0.6158127360704584,1.8555402432375157,184.82
111,7,903,206,931,240,1051.1309814453125,963.1541137695312,546.8471069335938,917,223,836,222,81,-0.06877093017101288,0.7898856639862061,1.6622029542922974,-0.06839870056182917,-0.47992951192984246,1.5577374881500132,167.38
111,8,1028,198,1053,227,1051.1309814453125,963.1541137695312,546.8471069335938,1040,212,1031,218,9,0.12030288577079773,0.7949426114559174,1.7577985525131226,1.0249450155492923,-4.466079969373974,14.019637393350118,176.69
111,9,939,192,965,220,1051.1309814453125,963.1541137695312,546.8471069335938,952,206,881,204,71,-0.01575366035103798,0.7925362378358841,1.779221534729004,-0.01885815386541753,-0.5762669558467537,1.7771371343683249,177.0
112,0,1143,217,1171,249,1051.1309814453125,963.1541137695312,546.8471069335938,1157,233,1078,233,79,0.30991458892822266,0.8093803763389588,1.7626038789749146,0.2945452010714137,-0.47688481305984376,1.5971738802550768,177.08
112,1,1193,200,1223,238,1051.1309814453125,963.1541137695312,546.8471069335938,1208,219,1134,220,74,0.39155614376068115,0.8095896184444428,1.7498116493225098,0.39717650109525027,-0.5318168454074739,1.7050910343263659,178.94
112,2,1030,213,1059,244,1051.1309814453125,963.1541137695312,546.8471069335938,1044,228,966,229,78,0.12904541194438934,0.8091748595237732,1.7544033527374268,0.12441873376640333,-0.4906935301156724,1.6176504684634752,176.53
112,3,1056,195,1078,226,1051.1309814453125,963.1541137695312,546.8471069335938,1067,210,994,210,73,0.17388661950826645,0.811247730255127,1.8103090524673462,0.1707610790867875,-0.5539013393326532,1.728448445755494,182.25
112,4,1093,199,1118,238,1051.1309814453125,963.1541137695312,546.8471069335938,1105,218,1030,219,75,0.22774412482976913,0.8077416509389878,1.7538157105445862,0.2270272221970117,-0.5263264744481603,1.6823564872020143,179.01
112,5,966,206,993,238,1051.1309814453125,963.1541137695312,546.8471069335938,979,222,968,213,11,0.0263320654630661,0.8049912393093109,1.763799786567688,0.17292042808611024,-3.5449390445251083,11.470612412741007,178.13
112,6,903,206,931,240,1051.1309814453125,963.1541137695312,546.8471069335938,917,223,906,218,11,-0.0682535469532013,0.7887592852115631,1.667285680770874,-0.5036631586825603,-3.5340264060288393,11.470612412741007,167.85
112,7,986,183,1014,215,1051.1309814453125,963.1541137695312,546.8471069335938,1000,199,931,198,69,0.0572433453053236,0.7964245319366455,1.840607225894928,0.06410064060268585,-0.605148217816409,1.8286483556543633,184.12
112,8,1028,199,1054,229,1051.1309814453125,963.1541137695312,546.8471069335938,1041,214,881,205,160,0.11967578157782555,0.7983479142189026,1.7634080052375793,0.05840340102126618,-0.24971651048404908,0.7886046033759442,177.44
113,0,1144,217,1171,250,1051.1309814453125,963.1541137695312,546.8471069335938,1157,233,1135,220,22,0.30391040444374084,0.7984451144933701,1.650141417980194,1.0576850402109854,-1.7124500105330753,5.735306206370503,171.66
113,1,1030,214,1059,245,1051.1309814453125,963.1541137695312,546.8471069335938,1044,229,966,230,78,0.13045154511928558,0.8061847925186157,1.7264776229858398,0.12441873376640333,-0.489154568276455,1.6176504684634752,174.06
113,3,903,205,930,240,1051.1309814453125,963.1541137695312,546.8471069335938,916,222,836,223,80,-0.07124091684818268,0.7904370963573456,1.6615023612976074,-0.07075417211208901,-0.4874291186222024,1.5772092067518884,169.8
113,4,986,183,1013,214,1051.1309814453125,963.1541137695312,546.8471069335938,999,198,994,210,5,0.051383186131715775,0.795562693476677,1.8713893294334412,0.8605810356252732,-8.375053210558235,25.235347308030214,188.05
113,5,1055,193,1077,225,1051.1309814453125,963.1541137695312,546.8471069335938,1066,209,969,213,97,0.17202547192573547,0.810307452082634,1.809296190738678,0.1272733994832632,-0.4180911009767283,1.300791098352073,181.85
113,6,1094,201,1118,239,1051.1309814453125,963.1541137695312,546.8471069335938,1106,220,1078,233,28,0.22658909857273102,0.8031841456890106,1.7321285009384155,0.6123957388655299,-1.401228840596218,4.5063120192911095,177.11
113,7,967,206,993,237,1051.1309814453125,963.1541137695312,546.8471069335938,980,221,906,217,74,0.027226168662309647,0.802460664510727,1.7615649104118347,0.02732653692440771,-0.5285725474761508,1.7050910343263659,177.18
113,8,1029,197,1055,227,1051.1309814453125,963.1541137695312,546.8471069335938,1042,212,1030,221,12,0.12774938344955444,0.7947310745716095,1.7470658421516418,0.7887152655717955,-3.3495599770304807,10.514728045012589,175.6
113,9,1084,185,1108,214,1051.1309814453125,963.1541137695312,546.8471069335938,1096,199,931,199,165,0.22077523171901703,0.8019532203674317,1.8337843418121338,0.09664660880997128,-0.2530619819959528,0.7647074941827338,186.04
113,10,917,184,941,214,1051.1309814453125,963.1541137695312,546.8471069335938,929,199,883,206,46,-0.07964015752077103,0.8080675840377808,1.9223626255989075,-0.08912666226088414,-0.9077223267246135,2.742972533481545,189.85
114,0,1143,217,1171,250,1051.1309814453125,963.1541137695312,546.8471069335938,1157,233,1078,232,79,0.30400463938713074,0.7994406759738922,1.6897090077400208,0.2945452010714137,-0.47688481305984376,1.5971738802550768,171.93
114,1,1030,212,1058,244,1051.1309814453125,963.1541137695312,546.8471069335938,1044,228,966,229,78,0.12930326908826828,0.8067030549049378,1.7377474308013916,0.12441873376640333,-0.4906935301156724,1.6176504684634752,174.9
114,2,1192,199,1222,238,1051.1309814453125,963.1541137695312,546.8471069335938,1207,218,1135,220,72,0.3896667808294296,0.8074058383703232,1.729258120059967,0.40654197302207723,-0.5482567442168336,1.7524546741687648,177.63
114,3,1055,195,1078,225,1051.1309814453125,963.1541137695312,546.8471069335938,1066,210,994,210,72,0.17262466251850128,0.8095323383808136,1.8037378191947937,0.17146555208161846,-0.5615944134900512,1.7524546741687648,181.68
114,4,903,206,931,240,1051.1309814453125,963.1541137695312,546.8471069335938,917,223,907,218,10,-0.06834570318460464,0.7882904648780823,1.6524918675422668,-0.5540294745508163,-3.8874290466317234,12.617673654015107,166.46
114,5,987,182,1014,214,1051.1309814453125,963.1541137695312,546.8471069335938,1000,198,931,199,69,0.062183529138565063,0.7916327357292176,1.810594081878662,0.06410064060268585,-0.6068879138085678,1.8286483556543633,181.61
114,6,967,206,993,238,1051.1309814453125,963.1541137695312,546.8471069335938,980,222,968,214,12,0.028488894924521446,0.8037450253963471,1.7630412578582764,0.16851364436718086,-3.2495274574813493,10.514728045012589,176.87
114,7,1091,193,1115,231,1051.1309814453125,963.1541137695312,546.8471069335938,1103,212,1031,219,72,0.2247694730758667,0.7997147679328919,1.7531460523605347,0.2331522724702495,-0.5582599961717467,1.7524546741687648,178.73
115,0,1144,218,1171,250,1051.1309814453125,963.1541137695312,546.8471069335938,1157,234,1078,233,79,0.309076726436615,0.8010261744260788,1.7068457007408142,0.2945452010714137,-0.4753653317502367,1.5971738802550768,174.4
115,1,1030,213,1057,244,1051.1309814453125,963.1541137695312,546.8471069335938,1043,228,966,229,77,0.12800975143909454,0.8047610461711884,1.7317991256713867,0.12447561312104549,-0.4970661733639279,1.638658916105858,174.06
115,2,1056,195,1077,225,1051.1309814453125,963.1541137695312,546.8471069335938,1066,210,995,210,71,0.17192991822957993,0.8065645188093186,1.793156623840332,0.1738805598574159,-0.569504193961742,1.7771371343683249,180.4
115,3,1193,201,1224,239,1051.1309814453125,963.1541137695312,546.8471069335938,1208,220,1134,220,74,0.39144328236579895,0.8091721773147583,1.7413330078125,0.39717650109525027,-0.5301946964418123,1.7050910343263659,177.94
115,4,967,206,993,238,1051.1309814453125,963.1541137695312,546.8471069335938,980,222,907,218,73,0.028552450239658356,0.8038283228874207,1.7602900266647339,0.027700873046659864,-0.5341688971202218,1.728448445755494,176.79
115,5,902,207,931,241,1051.1309814453125,963.1541137695312,546.8471069335938,916,224,837,223,79,-0.0670904889702797,0.7879886567592621,1.6585230827331543,-0.0716497945438876,-0.4905601448463072,1.5971738802550768,167.43
115,6,986,183,1013,214,1051.1309814453125,963.1541137695312,546.8471069335938,999,198,931,199,68,0.059445127844810486,0.7939837813377381,1.8264678716659546,0.06327801732538774,-0.6158127360704584,1.8555402432375157,182.99
115,7,1093,200,1118,237,1051.1309814453125,963.1541137695312,546.8471069335938,1105,218,1030,219,75,0.227596677839756,0.8050632864236832,1.740330159664154,0.2270272221970117,-0.5263264744481603,1.6823564872020143,179.44
115,8,1086,186,1110,214,1051.1309814453125,963.1541137695312,546.8471069335938,1098,200,882,206,216,0.22167259454727173,0.8034135043621063,1.8447200655937195,0.07493874305816285,-0.19275550002719102,0.584151558056255,185.3
115,9,1029,199,1054,228,1051.1309814453125,963.1541137695312,546.8471069335938,1041,213,968,214,73,0.12798775732517242,0.796082878112793,1.754177987575531,0.12800745429318613,-0.5489682287795453,1.728448445755494,178.77
116,0,1143,217,1171,250,1051.1309814453125,963.1541137695312,546.8471069335938,1157,233,1078,232,79,0.3053249716758728,0.799295836687088,1.7012805938720703,0.2945452010714137,-0.47688481305984376,1.5971738802550768,173.7
116,1,1030,212,1059,244,1051.1309814453125,963.1541137695312,546.8471069335938,1044,228,966,229,78,0.1284484714269638,0.8074092209339142,1.7355581521987915,0.12441873376640333,-0.4906935301156724,1.6176504684634752,175.04
116,2,1193,199,1222,238,1051.1309814453125,963.1541137695312,546.8471069335938,1207,218,1135,221,72,0.39326146245002747,0.809696489572525,1.749403953552246,0.40654197302207723,-0.5482567442168336,1.7524546741687648,178.68
116,3,1056,194,1078,226,1051.1309814453125,963.1541137695312,546.8471069335938,1067,210,995,210,72,0.17320048809051514,0.8084790647029877,1.798026978969574,0.17313276074077066,-0.5615944134900512,1.7524546741687648,181.24
116,4,986,183,1013,214,1051.1309814453125,963.1541137695312,546.8471069335938,999,198,931,200,68,0.0591622069478035,0.7953938484191895,1.8347342610359192,0.06327801732538774,-0.6158127360704584,1.8555402432375157,184.62
116,5,902,208,931,240,1051.1309814453125,963.1541137695312,546.8471069335938,916,224,906,218,10,-0.06712274998426437,0.7883705735206604,1.6635063886642456,-0.5660333768967121,-3.8754251442858276,12.617673654015107,167.83
116,6,966,206,993,238,1051.1309814453125,963.1541137695312,546.8471069335938,979,222,968,214,11,0.027302375063300133,0.8043067395687103,1.7595043182373047,0.17292042808611024,-3.5449390445251083,11.470612412741007,177.63
116,7,1093,200,1118,238,1051.1309814453125,963.1541137695312,546.8471069335938,1105,219,1030,220,75,0.22670988738536835,0.8041209071874619,1.7331151366233826,0.2270272221970117,-0.5247259541353743,1.6823564872020143,176.08
117,0,1143,217,1171,250,1051.1309814453125,963.1541137695312,546.8471069335938,1157,233,1135,221,22,0.3055037260055542,0.7999867141246796,1.7016559839248657,1.0576850402109854,-1.7124500105330753,5.735306206370503,173.79
117,1,1030,213,1058,245,1051.1309814453125,963.1541137695312,546.8471069335938,1044,229,966,229,78,0.13074232637882233,0.8084655791521073,1.7540360689163208,0.12441873376640333,-0.489154568276455,1.6176504684634752,176.17
117,2,1055,196,1078,226,1051.1309814453125,963.1541137695312,546.8471069335938,1066,211,968,214,98,0.17175162583589554,0.8068396836519242,1.790849506855011,0.1259746913252707,-0.4113750892635176,1.2875177197974599,181.08
117,4,966,207,993,238,1051.1309814453125,963.1541137695312,546.8471069335938,979,222,906,218,73,0.02608763612806797,0.8061862230300904,1.7652182579040527,0.026056502862290585,-0.5341688971202218,1.728448445755494,178.52
117,5,903,207,931,240,1051.1309814453125,963.1541137695312,546.8471069335938,917,223,836,223,81,-0.06879521906375885,0.7909416198730469,1.6852477192878723,-0.06839870056182917,-0.47992951192984246,1.5577374881500132,169.67
117,6,986,183,1013,214,1051.1309814453125,963.1541137695312,546.8471069335938,999,198,994,210,5,0.06001998111605644,0.7967175483703614,1.8416494131088257,0.8605810356252732,-8.375053210558235,25.235347308030214,185.5
117,7,1094,199,1118,238,1051.1309814453125,963.1541137695312,546.8471069335938,1106,218,1078,232,28,0.22811825573444366,0.8052183330059052,1.7449193000793457,0.6123957388655299,-1.409803056557572,4.5063120192911095,177.52
117,8,1028,198,1054,226,1051.1309814453125,963.1541137695312,546.8471069335938,1041,212,1030,221,11,0.1219407208263874,0.7958462029695511,1.7687568068504333,0.8495040148547808,-3.654065429487797,11.470612412741007,179.01
117,9,916,184,940,214,1051.1309814453125,963.1541137695312,546.8471069335938,928,199,931,199,3,-0.057265305891633034,0.7833199739456177,1.7600688338279724,-1.4066218291532095,-13.918409009777406,42.058912180050356,178.4
118,0,1143,217,1171,250,1051.1309814453125,963.1541137695312,546.8471069335938,1157,233,1135,220,22,0.30725762248039246,0.8002613723278046,1.7035242319107056,1.0576850402109854,-1.7124500105330753,5.735306206370503,173.87
118,1,1056,195,1077,225,1051.1309814453125,963.1541137695312,546.8471069335938,1066,210,968,213,98,0.17102400958538055,0.8046749323606491,1.7849529385566711,0.1259746913252707,-0.41259997725799674,1.2875177197974599,179.64
118,2,1030,214,1058,245,1051.1309814453125,963.1541137695312,546.8471069335938,1044,229,966,229,78,0.12791604548692703,0.8053888469934464,1.7345569729804993,0.12441873376640333,-0.489154568276455,1.6176504684634752,174.54
118,4,986,183,1013,214,1051.1309814453125,963.1541137695312,546.8471069335938,999,198,993,209,6,0.06334861367940903,0.7850556612014771,1.790889859199524,0.717150863021061,-6.979211008798529,21.029456090025178,178.73
118,5,1094,200,1118,237,1051.1309814453125,963.1541137695312,546.8471069335938,1106,218,1078,232,28,0.2269427329301834,0.8037223309278488,1.7396932244300842,0.6123957388655299,-1.409803056557572,4.5063120192911095,176.26
118,6,967,207,993,237,1051.1309814453125,963.1541137695312,546.8471069335938,980,222,906,218,74,0.02416129782795906,0.8002419412136078,1.7098805904388428,0.02732653692440771,-0.5269503985104891,1.7050910343263659,171.47
118,7,903,207,931,240,1051.1309814453125,963.1541137695312,546.8471069335938,917,223,836,223,81,-0.0709332562983036,0.7872741013765335,1.6489567160606384,-0.06839870056182917,-0.47992951192984246,1.5577374881500132,167.0
118,8,1028,199,1053,228,1051.1309814453125,963.1541137695312,546.8471069335938,1040,213,1030,219,10,0.12315846979618073,0.7959227502346039,1.7443926334381104,0.9224505139943631,-4.007468070090681,12.617673654015107,175.01
118,10,916,183,941,214,1051.1309814453125,963.1541137695312,546.8471069335938,928,198,931,199,3,-0.07638166844844818,0.7915351629257202,1.8170229196548462,-1.4066218291532095,-13.958422017597059,42.058912180050356,181.72
118,11,940,193,966,221,1051.1309814453125,963.1541137695312,546.8471069335938,953,207,882,205,71,-0.016544186510145664,0.7856962472200394,1.7420251369476318,-0.017167463394164605,-0.5745762653755008,1.7771371343683249,174.4
119,0,1144,217,1171,250,1051.1309814453125,963.1541137695312,546.8471069335938,1157,233,1078,233,79,0.3089275360107422,0.8021150767803192,1.7157989740371704,0.2945452010714137,-0.47688481305984376,1.5971738802550768,176.22
119,1,1055,195,1077,225,1051.1309814453125,963.1541137695312,546.8471069335938,1066,210,995,210,71,0.17306918650865555,0.8134444892406464,1.8227397203445435,0.1738805598574159,-0.569504193961742,1.7771371343683249,182.93
119,2,1030,212,1058,244,1051.1309814453125,963.1541137695312,546.8471069335938,1044,228,966,230,78,0.1295648291707039,0.8116580039262772,1.763613998889923,0.12441873376640333,-0.4906935301156724,1.6176504684634752,178.04
119,3,1194,199,1222,237,1051.1309814453125,963.1541137695312,546.8471069335938,1208,218,1134,219,74,0.3982227146625519,0.8142387360334397,1.7666522860527039,0.39717650109525027,-0.5334389943731355,1.7050910343263659,180.69
119,4,966,208,993,238,1051.1309814453125,963.1541137695312,546.8471069335938,979,223,968,213,11,0.026035183109343052,0.8049966335296631,1.7605975270271301,0.17292042808611024,-3.5340264060288393,11.470612412741007,177.87
119,5,986,184,1013,214,1051.1309814453125,963.1541137695312,546.8471069335938,999,199,932,199,67,0.06228277646005154,0.7965780436992645,1.8453866243362427,0.06422246534516965,-0.6232123437213763,1.883234873733598,185.67
119,6,1094,201,1118,238,1051.1309814453125,963.1541137695312,546.8471069335938,1106,219,1030,220,76,0.22860939800739288,0.8054645597934723,1.7435821294784546,0.22561948273993207,-0.5178216652651719,1.6602202176335668,178.28
119,7,902,207,931,240,1051.1309814453125,963.1541137695312,546.8471069335938,916,223,906,217,10,-0.06955739855766296,0.7898826986551285,1.6584028601646423,-0.5660333768967121,-3.8874290466317234,12.617673654015107,167.98
119,8,1029,198,1053,228,1051.1309814453125,963.1541137695312,546.8471069335938,1041,213,882,206,159,0.12438345700502396,0.8008218795061112,1.7667010426521301,0.05877071800882132,-0.2520420169868353,0.7935643807556672,178.04
120,0,1144,217,1171,250,1051.1309814453125,963.1541137695312,546.8471069335938,1157,233,1135,220,22,0.3042648136615753,0.7982270956039429,1.6798445582389832,1.0576850402109854,-1.7124500105330753,5.735306206370503,171.91
120,1,1055,195,1077,225,1051.1309814453125,963.1541137695312,546.8471069335938,1066,210,994,210,72,0.1700962334871292,0.8045571237802506,1.7847583889961243,0.17146555208161846,-0.5615944134900512,1.7524546741687648,179.69
120,2,1031,213,1058,245,1051.1309814453125,963.1541137695312,546.8471069335938,1044,229,966,230,78,0.12970417737960815,0.8058668613433838,1.7413530349731445,0.12441873376640333,-0.489154568276455,1.6176504684634752,175.12
120,4,987,183,1013,214,1051.1309814453125,963.1541137695312,546.8471069335938,1000,198,931,199,69,0.06282392144203186,0.7951208591461182,1.8296613693237305,0.06410064060268585,-0.6068879138085678,1.8286483556543633,183.55
120,5,966,207,993,238,1051.1309814453125,963.1541137695312,546.8471069335938,979,222,968,214,11,0.027337316423654556,0.8038655459880829,1.756882667541504,0.17292042808611024,-3.5449390445251083,11.470612412741007,176.02
120,6,1094,200,1118,238,1051.1309814453125,963.1541137695312,546.8471069335938,1106,219,1078,232,28,0.22870972752571106,0.8037233889102936,1.740477204322815,0.6123957388655299,-1.405515948576895,4.5063120192911095,178.39
120,7,903,208,931,240,1051.1309814453125,963.1541137695312,546.8471069335938,917,224,837,223,80,-0.06877739354968071,0.788352707028389,1.652597188949585,-0.06925368431885204,-0.48442814303572845,1.5772092067518884,166.65
120,8,1029,198,1054,227,1051.1309814453125,963.1541137695312,546.8471069335938,1041,212,1030,219,11,0.12674708664417267,0.7949662148952484,1.7650213241577148,0.8495040148547808,-3.654065429487797,11.470612412741007,178.95
120,10,940,192,966,221,1051.1309814453125,963.1541137695312,546.8471069335938,953,206,906,218,47,-0.0166814299300313,0.7907904326915741,1.758476197719574,-0.02593382768054653,-0.8705309333004152,2.684611415747895,175.74
121,0,1144,218,1171,250,1051.1309814453125,963.1541137695312,546.8471069335938,1157,234,1078,232,79,0.30509036779403687,0.7992936909198761,1.6967036724090576,0.2945452010714137,-0.4753653317502367,1.5971738802550768,172.95
121,1,1056,196,1078,226,1051.1309814453125,963.1541137695312,546.8471069335938,1067,211,968,214,99,0.1727999970316887,0.8068926125764847,1.7889273762702942,0.12591473508419684,-0.40721978533156283,1.2745124903045562,180.47
121,2,1030,211,1058,244,1051.1309814453125,963.1541137695312,546.8471069335938,1044,227,966,229,78,0.12749475985765457,0.803892531991005,1.7260120511054993,0.12441873376640333,-0.4922324919548898,1.6176504684634752,173.88
121,3,1193,201,1223,240,1051.1309814453125,963.1541137695312,546.8471069335938,1208,220,1135,219,73,0.38980714976787567,0.8083076566457749,1.7255128026008606,0.40261727508285644,-0.5374576374889604,1.728448445755494,177.55
121,4,967,207,993,239,1051.1309814453125,963.1541137695312,546.8471069335938,980,223,837,223,143,0.028954945504665375,0.8045037627220154,1.760591983795166,0.014141005121721473,-0.2718481850791415,0.8823548009800775,176.11
121,5,902,207,930,241,1051.1309814453125,963.1541137695312,546.8471069335938,916,224,906,217,10,-0.06947818398475647,0.787483686208725,1.6486005783081055,-0.5660333768967121,-3.8754251442858276,12.617673654015107,166.39
121,6,1094,200,1118,238,1051.1309814453125,963.1541137695312,546.8471069335938,1106,219,1031,218,75,0.22962498664855957,0.8056196957826615,1.7481619119644165,0.22862774250979784,-0.5247259541353743,1.6823564872020143,178.76
121,7,988,182,1014,218,1051.1309814453125,963.1541137695312,546.8471069335938,1001,200,931,198,70,0.061365582048892975,0.7903707563877106,1.7852132320404053,0.06489976035777545,-0.5947884000839037,1.8025248077164437,179.96
121,8,1086,187,1109,215,1051.1309814453125,963.1541137695312,546.8471069335938,1097,201,995,210,102,0.2195301502943039,0.7979930579662323,1.8211493492126465,0.1575169556578845,-0.4070112645334736,1.2370268288250106,185.14
121,9,938,193,966,221,1051.1309814453125,963.1541137695312,546.8471069335938,952,207,883,205,69,-0.016999931074678898,0.7908550292253494,1.7605169415473938,-0.019404767020936877,-0.5912306498791385,1.8286483556543633,175.83
122,1,1030,213,1057,245,1051.1309814453125,963.1541137695312,546.8471069335938,1043,229,966,228,77,0.12803472578525543,0.8062741994857788,1.732833206653595,0.12447561312104549,-0.49550722500731803,1.638658916105858,174.46
122,2,1055,196,1078,226,1051.1309814453125,963.1541137695312,546.8471069335938,1066,211,1078,232,12,0.17111435532569885,0.8056114554405213,1.7868053913116455,1.0287933124897108,-3.359563228985394,10.514728045012589,179.76
122,4,903,208,931,240,1051.1309814453125,963.1541137695312,546.8471069335938,917,224,836,223,81,-0.06697961688041687,0.7884114921092987,1.6662782430648804,-0.06839870056182917,-0.4784475486772627,1.5577374881500132,168.05
122,5,967,207,993,238,1051.1309814453125,963.1541137695312,546.8471069335938,980,222,907,219,73,0.02772452961653471,0.803638631105423,1.7631625533103943,0.027700873046659864,-0.5341688971202218,1.728448445755494,176.78
122,6,986,183,1013,215,1051.1309814453125,963.1541137695312,546.8471069335938,999,199,994,210,5,0.057990662753582,0.7921158015727997,1.8218379616737366,0.8605810356252732,-8.351045405866444,25.235347308030214,181.98
122,7,1095,201,1118,238,1051.1309814453125,963.1541137695312,546.8471069335938,1106,219,1135,221,29,0.22907771915197372,0.8037447273731232,1.7352559566497803,0.5912786444218909,-1.3570498813845886,4.350921949660382,177.19
122,8,1029,199,1054,227,1051.1309814453125,963.1541137695312,546.8471069335938,1041,213,1030,217,11,0.12130740284919739,0.7950745016336441,1.7491544485092163,0.8495040148547808,-3.6431527909915284,11.470612412741007,176.21
122,9,939,192,966,220,1051.1309814453125,963.1541137695312,546.8471069335938,952,206,881,205,71,-0.01685410737991333,0.7926924169063568,1.781714916229248,-0.01885815386541753,-0.5762669558467537,1.7771371343683249,176.35
122,10,917,184,941,214,1051.1309814453125,963.1541137695312,546.8471069335938,929,199,932,199,3,-0.06561579555273056,0.7866204023361206,1.7937859296798706,-1.366608821333557,-13.918409009777406,42.058912180050356,182.52
123,0,1144,217,1171,249,1051.1309814453125,963.1541137695312,546.8471069335938,1157,233,1078,232,79,0.30548277497291565,0.8111720770597458,1.7719256281852722,0.2945452010714137,-0.47688481305984376,1.5971738802550768,178.87
123,1,1030,212,1058,244,1051.1309814453125,963.1541137695312,546.8471069335938,1044,228,965,230,79,0.12934203445911407,0.8096281826496124,1.7579220533370972,0.12284381308581598,-0.484482219607879,1.5971738802550768,176.84
123,2,1194,200,1223,237,1051.1309814453125,963.1541137695312,546.8471069335938,1208,218,1134,219,74,0.39436718821525574,0.8088226556777954,1.750822901725769,0.39717650109525027,-0.5334389943731355,1.7050910343263659,178.71
123,3,1055,195,1077,226,1051.1309814453125,963.1541137695312,546.8471069335938,1066,210,995,210,71,0.17177018523216248,0.8084341078996659,1.7953261733055115,0.1738805598574159,-0.569504193961742,1.7771371343683249,181.81
123,4,967,206,993,238,1051.1309814453125,963.1541137695312,546.8471069335938,980,222,968,213,12,0.02761540748178959,0.8052425920963288,1.760075330734253,0.16851364436718086,-3.2495274574813493,10.514728045012589,176.77
123,5,1094,202,1119,239,1051.1309814453125,963.1541137695312,546.8471069335938,1106,220,1030,220,76,0.23180101066827774,0.8069194495677948,1.7579720616340637,0.22561948273993207,-0.5162422044301856,1.6602202176335668,180.09
123,6,903,207,931,240,1051.1309814453125,963.1541137695312,546.8471069335938,917,223,907,218,10,-0.06766464561223984,0.7905138969421387,1.67271089553833,-0.5540294745508163,-3.8874290466317234,12.617673654015107,168.93
123,7,988,182,1014,218,1051.1309814453125,963.1541137695312,546.8471069335938,1001,200,931,199,70,0.06390316039323807,0.7928757011890412,1.7938553094863892,0.06489976035777545,-0.5947884000839037,1.8025248077164437,180.53
124,0,1143,217,1171,250,1051.1309814453125,963.1541137695312,546.8471069335938,1157,233,1135,221,22,0.3022516518831253,0.8026862978935242,1.7241016626358032,1.0576850402109854,-1.7124500105330753,5.735306206370503,175.75
124,1,1031,213,1059,245,1051.1309814453125,963.1541137695312,546.8471069335938,1045,229,966,229,79,0.13015490025281906,0.8096004366874695,1.7358946204185486,0.12436329439542303,-0.48296273829827197,1.5971738802550768,175.01
124,2,1055,195,1077,226,1051.1309814453125,963.1541137695312,546.8471069335938,1066,210,969,214,97,0.17222438007593155,0.8085078537464142,1.7976800203323364,0.1272733994832632,-0.41685358527096583,1.300791098352073,181.23
124,4,986,183,1013,215,1051.1309814453125,963.1541137695312,546.8471069335938,999,199,994,210,5,0.065023023635149,0.789828085899353,1.7846766710281372,0.8605810356252732,-8.351045405866444,25.235347308030214,180.74
124,5,966,207,993,238,1051.1309814453125,963.1541137695312,546.8471069335938,979,222,906,218,73,0.02602122724056244,0.8068215787410736,1.7506943941116333,0.026056502862290585,-0.5341688971202218,1.728448445755494,175.46
124,6,1029,197,1054,228,1051.1309814453125,963.1541137695312,546.8471069335938,1041,212,1031,219,10,0.12377136573195457,0.797335097193718,1.7442356944084167,0.9344544163402588,-4.019471972436577,12.617673654015107,174.85
124,7,903,206,931,240,1051.1309814453125,963.1541137695312,546.8471069335938,917,223,836,223,81,-0.0700286254286766,0.7917635679244995,1.6870685815811157,-0.06839870056182917,-0.47992951192984246,1.5577374881500132,170.19
124,8,1094,202,1118,239,1051.1309814453125,963.1541137695312,546.8471069335938,1106,220,1078,232,28,0.22823460400104523,0.8073479026556015,1.7480417490005493,0.6123957388655299,-1.401228840596218,4.5063120192911095,177.48
124,9,917,183,941,214,1051.1309814453125,963.1541137695312,546.8471069335938,929,198,882,204,47,-0.0699998214840889,0.7822738379240036,1.7517807483673096,-0.08723035029788662,-0.8909631075061952,2.684611415747895,179.02
124,10,1084,185,1108,214,1051.1309814453125,963.1541137695312,546.8471069335938,1096,199,931,199,165,0.22472651302814484,0.8031113088130951,1.8436745405197144,0.09664660880997128,-0.2530619819959528,0.7647074941827338,185.94
125,0,1143,217,1171,250,1051.1309814453125,963.1541137695312,546.8471069335938,1157,233,1078,233,79,0.31224170327186584,0.802410626411438,1.7268859148025513,0.2945452010714137,-0.47688481305984376,1.5971738802550768,176.13
125,1,1056,195,1078,226,1051.1309814453125,963.1541137695312,546.8471069335938,1067,210,994,210,73,0.1731383129954338,0.8076671451330185,1.7922701835632324,0.1707610790867875,-0.5539013393326532,1.728448445755494,181.11
125,2,1030,212,1058,244,1051.1309814453125,963.1541137695312,546.8471069335938,1044,228,966,229,78,0.12812528014183044,0.8065154045820236,1.7370577454566956,0.12441873376640333,-0.4906935301156724,1.6176504684634752,174.99
125,3,1193,200,1223,238,1051.1309814453125,963.1541137695312,546.8471069335938,1208,219,1135,220,73,0.3922313153743744,0.8090701937675476,1.751130223274231,0.40261727508285644,-0.5391020076733296,1.728448445755494,178.49
125,4,967,206,993,237,1051.1309814453125,963.1541137695312,546.8471069335938,980,221,968,214,12,0.027696415781974792,0.8013545513153076,1.7608627080917358,0.16851364436718086,-3.2595307094362624,10.514728045012589,176.69
125,5,1094,202,1118,239,1051.1309814453125,963.1541137695312,546.8471069335938,1106,220,1030,219,76,0.22843202948570251,0.8053530991077423,1.744678258895874,0.22561948273993207,-0.5162422044301856,1.6602202176335668,176.38
125,6,902,205,931,240,1051.1309814453125,963.1541137695312,546.8471069335938,916,222,906,218,10,-0.07126851752400398,0.7880102634429932,1.6492472290992737,-0.5660333768967121,-3.899432948977619,12.617673654015107,168.76
125,7,987,182,1013,214,1051.1309814453125,963.1541137695312,546.8471069335938,1000,198,931,198,69,0.06094975024461746,0.7908513188362122,1.8112602233886719,0.06410064060268585,-0.6068879138085678,1.8286483556543633,181.03
125,8,939,192,966,221,1051.1309814453125,963.1541137695312,546.8471069335938,952,206,882,205,70,-0.01677290815860033,0.7889729976654053,1.747988998889923,-0.01912755606349492,-0.5844993409302787,1.8025248077164437,174.87
126,0,1144,217,1171,249,1051.1309814453125,963.1541137695312,546.8471069335938,1157,233,1134,220,23,0.30527374148368835,0.7992768973112107,1.6964823007583618,1.0116987341148556,-1.6379956622490288,5.48594506696309,173.28
126,1,1055,195,1078,226,1051.1309814453125,963.1541137695312,546.8471069335938,1066,210,994,210,72,0.1720922589302063,0.8080726504325867,1.795454502105713,0.17146555208161846,-0.5615944134900512,1.7524546741687648,180.89
126,3,1031,213,1058,245,1051.1309814453125,963.1541137695312,546.8471069335938,1044,229,966,229,78,0.12998458743095398,0.8082561880350113,1.752796709537506,0.12441873376640333,-0.489154568276455,1.6176504684634752,176.13
126,4,986,183,1013,214,1051.1309814453125,963.1541137695312,546.8471069335938,999,198,931,198,68,0.06339551880955696,0.7919571340084076,1.8126887679100037,0.06327801732538774,-0.6158127360704584,1.8555402432375157,181.77
126,5,966,206,992,237,1051.1309814453125,963.1541137695312,546.8471069335938,979,221,968,214,11,0.02759505622088909,0.8054849445819855,1.7532236576080322,0.17292042808611024,-3.5558516830213773,11.470612412741007,176.08
126,6,1029,198,1054,227,1051.1309814453125,963.1541137695312,546.8471069335938,1041,212,1030,219,11,0.12561817467212677,0.7982975333929062,1.7579081654548645,0.8495040148547808,-3.654065429487797,11.470612412741007,176.51
126,7,903,207,931,240,1051.1309814453125,963.1541137695312,546.8471069335938,917,223,837,222,80,-0.07085629925131798,0.7958387970924378,1.6864063739776611,-0.06925368431885204,-0.4859286308289654,1.5772092067518884,170.52
126,8,1094,201,1118,238,1051.1309814453125,963.1541137695312,546.8471069335938,1106,219,1078,233,28,0.22864307463169098,0.8066339582204819,1.7472258806228638,0.6123957388655299,-1.405515948576895,4.5063120192911095,178.73
126,9,940,193,966,221,1051.1309814453125,963.1541137695312,546.8471069335938,953,207,907,218,46,-0.017597483471035957,0.7938998281955719,1.7699158787727356,-0.02649760654316711,-0.8868459748187077,2.742972533481545,177.39
126,11,916,183,940,214,1051.1309814453125,963.1541137695312,546.8471069335938,928,198,882,205,46,-0.06994524598121643,0.7950246572494507,1.860014796257019,-0.09173620624912236,-0.9103318707128517,2.742972533481545,184.48
127,0,1143,217,1171,250,1051.1309814453125,963.1541137695312,546.8471069335938,1157,233,1078,233,79,0.3014657497406006,0.8009153693914414,1.6995437145233154,0.2945452010714137,-0.47688481305984376,1.5971738802550768,174.6
127,1,1193,199,1224,239,1051.1309814453125,963.1541137695312,546.8471069335938,1208,219,1135,220,73,0.39446429908275604,0.8135111123323441,1.7596520781517029,0.40261727508285644,-0.5391020076733296,1.728448445755494,180.4
127,2,1031,213,1058,245,1051.1309814453125,963.1541137695312,546.8471069335938,1044,229,966,229,78,0.13055356591939926,0.8099972993135452,1.7567387223243713,0.12441873376640333,-0.489154568276455,1.6176504684634752,177.03
127,3,1055,194,1078,226,1051.1309814453125,963.1541137695312,546.8471069335938,1066,210,995,210,71,0.17163977026939392,0.8072844982147217,1.7938286066055298,0.1738805598574159,-0.569504193961742,1.7771371343683249,180.87
127,4,1093,200,1118,238,1051.1309814453125,963.1541137695312,546.8471069335938,1105,219,1030,221,75,0.22605611383914948,0.80458844602108,1.7399361729621887,0.2270272221970117,-0.5247259541353743,1.6823564872020143,176.45
127,5,986,182,1013,215,1051.1309814453125,963.1541137695312,546.8471069335938,999,198,931,198,68,0.05672968551516533,0.7957837224006653,1.8303996920585632,0.06327801732538774,-0.6158127360704584,1.8555402432375157,185.05
127,6,967,206,993,238,1051.1309814453125,963.1541137695312,546.8471069335938,980,222,906,217,74,0.027667674235999584,0.8071774333715439,1.7659487128257751,0.02732653692440771,-0.5269503985104891,1.7050910343263659,179.57
127,7,1029,198,1054,227,1051.1309814453125,963.1541137695312,546.8471069335938,1041,212,968,214,73,0.12308073788881302,0.7987135589122772,1.7629278898239136,0.12800745429318613,-0.5506125989639147,1.728448445755494,178.29
127,8,902,208,931,240,1051.1309814453125,963.1541137695312,546.8471069335938,916,224,837,223,79,-0.07018893957138062,0.7931156098842621,1.713544249534607,-0.0716497945438876,-0.4905601448463072,1.5971738802550768,171.0
127,9,915,183,940,213,1051.1309814453125,963.1541137695312,546.8471069335938,927,198,882,206,45,-0.06063879653811455,0.7846525251865387,1.7724775075912476,-0.09644232246485748,-0.930561467839804,2.803927478670024,180.38
128,0,1143,217,1171,250,1051.1309814453125,963.1541137695312,546.8471069335938,1157,233,1079,232,78,0.30570143461227417,0.8044922292232514,1.7084603309631348,0.2983214215979702,-0.48299872091958534,1.6176504684634752,175.81
128,1,1030,212,1058,244,1051.1309814453125,963.1541137695312,546.8471069335938,1044,228,966,230,78,0.12954095005989075,0.8076592028141022,1.756304383277893,0.12441873376640333,-0.4906935301156724,1.6176504684634752,176.46
128,2,1056,195,1078,226,1051.1309814453125,963.1541137695312,546.8471069335938,1067,210,995,210,72,0.17371022701263428,0.8106050580739975,1.804736852645874,0.17313276074077066,-0.5615944134900512,1.7524546741687648,182.33
128,3,1192,200,1223,239,1051.1309814453125,963.1541137695312,546.8471069335938,1207,219,1135,221,72,0.3908740282058716,0.8106431305408478,1.7395997047424316,0.40654197302207723,-0.5465895355576815,1.7524546741687648,178.59
128,4,1094,202,1118,239,1051.1309814453125,963.1541137695312,546.8471069335938,1106,220,1030,220,76,0.23236681520938873,0.8175906777381897,1.7761768102645874,0.22561948273993207,-0.5162422044301856,1.6602202176335668,182.45
128,5,967,207,993,239,1051.1309814453125,963.1541137695312,546.8471069335938,980,223,968,213,12,0.026149636134505272,0.8072563350200653,1.7655478715896606,0.16851364436718086,-3.239524205526436,10.514728045012589,177.85
128,6,986,183,1013,215,1051.1309814453125,963.1541137695312,546.8471069335938,999,199,931,199,68,0.06412025541067123,0.7950813710689545,1.8208686113357544,0.06327801732538774,-0.614047456313709,1.8555402432375157,182.73
128,7,902,206,931,240,1051.1309814453125,963.1541137695312,546.8471069335938,916,223,907,217,9,-0.06890233606100082,0.791630619764328,1.6865153312683105,-0.62892597432968,-4.3193656073685815,14.019637393350118,170.18
129,0,1143,217,1171,250,1051.1309814453125,963.1541137695312,546.8471069335938,1157,233,1134,220,23,0.30751949548721313,0.803874471783638,1.7224754691123962,1.0116987341148556,-1.6379956622490288,5.48594506696309,176.46
129,1,1055,196,1076,225,1051.1309814453125,963.1541137695312,546.8471069335938,1065,210,968,213,97,0.17064106464385986,0.8084394276142121,1.7998487949371338,0.12603588377750075,-0.41685358527096583,1.300791098352073,180.93
129,2,1030,212,1057,244,1051.1309814453125,963.1541137695312,546.8471069335938,1043,228,1030,219,13,0.12816211581230164,0.8082016795873642,1.7457110285758972,0.7372786315631157,-2.9441611806940347,9.705902810780852,175.3
129,4,967,206,993,238,1051.1309814453125,963.1541137695312,546.8471069335938,980,222,966,229,14,0.02600977197289467,0.8062401652336121,1.7682610750198364,0.14444026660044074,-2.785309249269728,9.012624038582219,177.82
129,5,1094,201,1118,238,1051.1309814453125,963.1541137695312,546.8471069335938,1106,219,1078,232,28,0.22876904904842377,0.8068560302257538,1.7490112781524658,0.6123957388655299,-1.405515948576895,4.5063120192911095,178.2
129,6,903,206,931,240,1051.1309814453125,963.1541137695312,546.8471069335938,917,223,837,223,80,-0.06751389056444168,0.7911593854427338,1.6803303956985474,-0.06925368431885204,-0.4859286308289654,1.5772092067518884,169.24
129,7,986,183,1013,214,1051.1309814453125,963.1541137695312,546.8471069335938,999,198,995,210,4,0.06624775752425194,0.7958830982446671,1.835381031036377,1.0757262945315915,-10.468816513197794,31.544184135037767,183.7
129,8,938,193,965,221,1051.1309814453125,963.1541137695312,546.8471069335938,951,207,907,218,44,-0.020189739763736725,0.7945740312337876,1.7754019498825073,-0.033158362452354595,-0.9271571554922855,2.8676531031852517,177.62
129,10,917,183,941,213,1051.1309814453125,963.1541137695312,546.8471069335938,929,198,931,199,2,-0.05581309460103512,0.7826914876699448,1.7579362392425537,-2.0499132320003355,-20.937633026395588,63.088368270075534,179.41
130,0,1143,217,1171,250,1051.1309814453125,963.1541137695312,546.8471069335938,1157,233,1078,232,79,0.3069048821926117,0.8007566571235657,1.7120197415351868,0.2945452010714137,-0.47688481305984376,1.5971738802550768,174.85
130,1,1055,195,1078,225,1051.1309814453125,963.1541137695312,546.8471069335938,1066,210,995,210,71,0.1714143007993698,0.805594527721405,1.7895057201385498,0.1738805598574159,-0.569504193961742,1.7771371343683249,180.02
130,2,1193,199,1222,238,1051.1309814453125,963.1541137695312,546.8471069335938,1207,218,1134,219,73,0.3893916606903076,0.8079424440860749,1.7463451623916626,0.4009729048984872,-0.540746377857699,1.728448445755494,178.24
130,3,1030,213,1058,244,1051.1309814453125,963.1541137695312,546.8471069335938,1044,228,966,229,78,0.12807217240333557,0.8059564769268036,1.7444109916687012,0.12441873376640333,-0.4906935301156724,1.6176504684634752,175.29
130,4,986,183,1013,214,1051.1309814453125,963.1541137695312,546.8471069335938,999,198,931,198,68,0.06057848781347275,0.7937562108039856,1.8252098560333252,0.06327801732538774,-0.6158127360704584,1.8555402432375157,182.71
130,5,966,207,993,238,1051.1309814453125,963.1541137695312,546.8471069335938,979,222,881,205,98,0.026079289615154266,0.8050668179988861,1.7658189535140991,0.0194094358055838,-0.3979013213242468,1.2875177197974599,176.72
130,6,903,207,930,240,1051.1309814453125,963.1541137695312,546.8471069335938,916,223,907,218,9,-0.06765598803758621,0.7883406221866608,1.6638450622558594,-0.62892597432968,-4.3193656073685815,14.019637393350118,168.09
130,7,1093,199,1118,238,1051.1309814453125,963.1541137695312,546.8471069335938,1105,218,1030,218,75,0.22677764296531677,0.8044404625892639,1.739334225654602,0.2270272221970117,-0.5263264744481603,1.6823564872020143,176.75
131,0,1144,217,1171,250,1051.1309814453125,963.1541137695312,546.8471069335938,1157,233,1078,232,79,0.3124984800815582,0.8058955609798432,1.6696522235870361,0.2945452010714137,-0.47688481305984376,1.5971738802550768,179.51
131,1,1030,212,1058,244,1051.1309814453125,963.1541137695312,546.8471069335938,1044,228,966,229,78,0.12835732102394104,0.8059554785490036,1.7421295642852783,0.12441873376640333,-0.4906935301156724,1.6176504684634752,174.87
131,2,1055,196,1077,226,1051.1309814453125,963.1541137695312,546.8471069335938,1066,211,995,210,71,0.16998602449893951,0.8060705006122589,1.7901126146316528,0.1738805598574159,-0.5678135034904891,1.7771371343683249,180.33
131,3,1192,198,1223,237,1051.1309814453125,963.1541137695312,546.8471069335938,1207,217,1134,219,73,0.392386719584465,0.8081044495105744,1.7537938356399536,0.4009729048984872,-0.5423907480420682,1.728448445755494,178.61
131,4,987,184,1014,214,1051.1309814453125,963.1541137695312,546.8471069335938,1000,199,931,199,69,0.0650918111205101,0.790725702047348,1.8070523738861084,0.06410064060268585,-0.605148217816409,1.8286483556543633,180.57
131,5,967,207,993,238,1051.1309814453125,963.1541137695312,546.8471069335938,980,222,968,213,12,0.02739972062408924,0.8014815092086792,1.7533206939697266,0.16851364436718086,-3.2495274574813493,10.514728045012589,174.64
131,6,1094,200,1118,237,1051.1309814453125,963.1541137695312,546.8471069335938,1106,218,1030,219,76,0.23066536337137222,0.8032091349363327,1.7620079517364502,0.22561948273993207,-0.5194011261001582,1.6602202176335668,179.14
131,7,902,206,931,240,1051.1309814453125,963.1541137695312,546.8471069335938,916,223,907,218,9,-0.0658964291214943,0.7868601620197296,1.6548618078231812,-0.62892597432968,-4.3193656073685815,14.019637393350118,167.07
131,8,1086,186,1109,214,1051.1309814453125,963.1541137695312,546.8471069335938,1097,200,882,206,215,0.22974622249603271,0.8003128707408905,1.836427092552185,0.07472897431211264,-0.19365203723661983,0.5868685420472143,183.5
132,0,1144,217,1171,250,1051.1309814453125,963.1541137695312,546.8471069335938,1157,233,1134,220,23,0.305749848484993,0.800883212685585,1.7039794325828552,1.0116987341148556,-1.6379956622490288,5.48594506696309,173.29
132,1,1031,212,1058,245,1051.1309814453125,963.1541137695312,546.8471069335938,1044,228,966,228,78,0.1294487863779068,0.8074416160583496,1.7479788064956665,0.12441873376640333,-0.4906935301156724,1.6176504684634752,175.82
132,3,1056,195,1078,225,1051.1309814453125,963.1541137695312,546.8471069335938,1067,210,995,211,72,0.17214060574769974,0.8058038592338562,1.7892075181007385,0.17313276074077066,-0.5615944134900512,1.7524546741687648,180.23
132,4,966,207,992,239,1051.1309814453125,963.1541137695312,546.8471069335938,979,223,907,217,72,0.025163990445435047,0.8034031629562378,1.7552449107170105,0.026418398735377952,-0.5399207009210727,1.7524546741687648,175.8
132,5,986,184,1013,214,1051.1309814453125,963.1541137695312,546.8471069335938,999,199,931,199,68,0.0639464221894741,0.7935683369636536,1.8204527497291565,0.06327801732538774,-0.614047456313709,1.8555402432375157,182.36
132,6,903,207,930,240,1051.1309814453125,963.1541137695312,546.8471069335938,916,223,836,223,80,-0.06894547492265701,0.7877388536930084,1.6506476402282715,-0.07075417211208901,-0.4859286308289654,1.5772092067518884,166.72
132,7,1094,200,1118,238,1051.1309814453125,963.1541137695312,546.8471069335938,1106,219,1078,232,28,0.2297753393650055,0.8016689658164978,1.7371973991394043,0.6123957388655299,-1.405515948576895,4.5063120192911095,175.7
132,8,939,193,966,221,1051.1309814453125,963.1541137695312,546.8471069335938,952,207,882,206,70,-0.016794667579233646,0.7892522305250168,1.7454630732536316,-0.01912755606349492,-0.5827844977380079,1.8025248077164437,174.73
132,10,1029,199,1054,227,1051.1309814453125,963.1541137695312,546.8471069335938,1041,213,1030,219,11,0.12530209124088287,0.7975517302751541,1.75434148311615,0.8495040148547808,-3.6431527909915284,11.470612412741007,176.16
133,1,1030,213,1058,245,1051.1309814453125,963.1541137695312,546.8471069335938,1044,229,966,228,78,0.12769518792629242,0.8044855535030365,1.7336435317993164,0.12441873376640333,-0.489154568276455,1.6176504684634752,174.01
133,2,1055,194,1078,225,1051.1309814453125,963.1541137695312,546.8471069335938,1066,209,1078,233,12,0.17106326669454575,0.8048758149147034,1.7861005663871765,1.0287933124897108,-3.37956973289522,10.514728045012589,179.68
133,3,987,183,1013,214,1051.1309814453125,963.1541137695312,546.8471069335938,1000,198,995,210,5,0.06401416659355164,0.7906828612089157,1.8100197911262512,0.8845888403170648,-8.375053210558235,25.235347308030214,181.13
133,5,967,207,993,238,1051.1309814453125,963.1541137695312,546.8471069335938,980,222,907,218,73,0.027428247965872288,0.8032661318778992,1.7534604668617249,0.027700873046659864,-0.5341688971202218,1.728448445755494,175.14
133,6,1094,201,1118,238,1051.1309814453125,963.1541137695312,546.8471069335938,1106,219,1134,220,28,0.2262471243739128,0.8042503386735916,1.7354292273521423,0.6123957388655299,-1.405515948576895,4.5063120192911095,175.88
133,8,903,205,932,240,1051.1309814453125,963.1541137695312,546.8471069335938,917,222,836,223,81,-0.06592149287462234,0.7881904780864716,1.6629104614257812,-0.06839870056182917,-0.4814114751824221,1.5577374881500132,167.8
133,9,1029,199,1054,227,1051.1309814453125,963.1541137695312,546.8471069335938,1041,213,1030,220,11,0.1219676025211811,0.7940991163253784,1.7415099740028381,0.8495040148547808,-3.6431527909915284,11.470612412741007,174.96
133,10,939,191,965,220,1051.1309814453125,963.1541137695312,546.8471069335938,952,205,882,205,70,-0.01737665105611086,0.7920443058013916,1.7742461562156677,-0.01912755606349492,-0.5862141841225496,1.8025248077164437,176.21
133,11,916,183,940,214,1051.1309814453125,963.1541137695312,546.8471069335938,928,198,931,199,3,-0.06360553950071335,0.7872417509555817,1.7917873859405518,-1.4066218291532095,-13.958422017597059,42.058912180050356,182.51
134,0,1144,217,1171,250,1051.1309814453125,963.1541137695312,546.8471069335938,1157,233,1078,233,79,0.3121578097343445,0.7996749222278595,1.7029238939285278,0.2945452010714137,-0.47688481305984376,1.5971738802550768,174.48
134,1,1030,213,1058,245,1051.1309814453125,963.1541137695312,546.8471069335938,1044,229,965,229,79,0.1290300041437149,0.807597690820694,1.7554229497909546,0.12284381308581598,-0.48296273829827197,1.5971738802550768,176.2
134,2,1055,195,1077,226,1051.1309814453125,963.1541137695312,546.8471069335938,1066,210,995,210,71,0.17118724435567856,0.8053215235471726,1.7871582508087158,0.1738805598574159,-0.569504193961742,1.7771371343683249,180.47
134,3,1194,200,1223,238,1051.1309814453125,963.1541137695312,546.8471069335938,1208,219,1134,220,74,0.39135369658470154,0.8085426330566406,1.7537182569503784,0.39717650109525027,-0.5318168454074739,1.7050910343263659,179.77
134,4,986,183,1013,214,1051.1309814453125,963.1541137695312,546.8471069335938,999,198,932,198,67,0.06044873967766762,0.7943463563919068,1.8284955024719238,0.06422246534516965,-0.6250039709371817,1.883234873733598,183.82
134,5,966,207,993,238,1051.1309814453125,963.1541137695312,546.8471069335938,979,222,837,222,142,0.026065105572342873,0.8051494002342224,1.762286901473999,0.013395244429205722,-0.2746079541533535,0.8885685671841624,178.23
134,6,903,207,931,240,1051.1309814453125,963.1541137695312,546.8471069335938,917,223,907,218,10,-0.06680286675691605,0.7918775022029877,1.6746948957443237,-0.5540294745508163,-3.8874290466317234,12.617673654015107,167.87
134,7,1094,200,1118,238,1051.1309814453125,963.1541137695312,546.8471069335938,1106,219,1030,219,76,0.23086711019277573,0.8026793390512467,1.7446759939193726,0.22561948273993207,-0.5178216652651719,1.6602202176335668,178.14
134,8,1029,199,1054,227,1051.1309814453125,963.1541137695312,546.8471069335938,1041,213,968,213,73,0.12597941607236862,0.7992311507463455,1.7612231969833374,0.12800745429318613,-0.5489682287795453,1.728448445755494,177.01
134,9,939,192,965,221,1051.1309814453125,963.1541137695312,546.8471069335938,952,206,882,206,70,-0.016431324183940887,0.7927440494298935,1.7766162157058716,-0.01912755606349492,-0.5844993409302787,1.8025248077164437,177.45
135,0,1143,217,1171,249,1051.1309814453125,963.1541137695312,546.8471069335938,1157,233,1078,232,79,0.30857837200164795,0.8017105996608734,1.7152177095413208,0.2945452010714137,-0.47688481305984376,1.5971738802550768,175.57
135,1,1055,194,1078,226,1051.1309814453125,963.1541137695312,546.8471069335938,1066,210,994,210,72,0.175452820956707,0.8093020260334015,1.7968095541000366,0.17146555208161846,-0.5615944134900512,1.7524546741687648,181.14
135,2,1193,199,1223,238,1051.1309814453125,963.1541137695312,546.8471069335938,1208,218,1134,219,74,0.39017993211746216,0.8083558320999146,1.7444874048233032,0.39717650109525027,-0.5334389943731355,1.7050910343263659,177.98
135,3,1031,211,1058,244,1051.1309814453125,963.1541137695312,546.8471069335938,1044,227,965,229,79,0.12719115614891052,0.8065251648426056,1.7414202094078064,0.12284381308581598,-0.48600170091748607,1.5971738802550768,174.79
135,4,902,208,930,240,1051.1309814453125,963.1541137695312,546.8471069335938,916,224,836,222,80,-0.07098057493567467,0.7889321237802506,1.6470999717712402,-0.07075417211208901,-0.48442814303572845,1.5772092067518884,166.44
135,5,1093,199,1118,238,1051.1309814453125,963.1541137695312,546.8471069335938,1105,218,1030,218,75,0.2290402054786682,0.809023404121399,1.7529494166374207,0.2270272221970117,-0.5263264744481603,1.6823564872020143,177.89
135,6,967,207,993,237,1051.1309814453125,963.1541137695312,546.8471069335938,980,222,968,213,12,0.028317250311374664,0.8028245359659195,1.7593741416931152,0.16851364436718086,-3.2495274574813493,10.514728045012589,176.76
135,7,987,182,1013,214,1051.1309814453125,963.1541137695312,546.8471069335938,1000,198,931,198,69,0.059214841574430466,0.7942482322454453,1.8320485353469849,0.06410064060268585,-0.6068879138085678,1.8286483556543633,183.83
135,8,938,192,966,220,1051.1309814453125,963.1541137695312,546.8471069335938,952,206,906,217,46,-0.016767321154475212,0.7906912207603455,1.769071102142334,-0.029107150531405317,-0.889455518806946,2.742972533481545,175.87
136,0,1143,217,1171,250,1051.1309814453125,963.1541137695312,546.8471069335938,1157,233,1135,221,22,0.3078441321849823,0.801339739561081,1.7143042087554932,1.0576850402109854,-1.7124500105330753,5.735306206370503,174.66
136,1,1030,213,1058,245,1051.1309814453125,963.1541137695312,546.8471069335938,1044,229,966,230,78,0.12689492851495743,0.806569242477417,1.7333974242210388,0.12441873376640333,-0.489154568276455,1.6176504684634752,174.15
136,2,1056,195,1078,225,1051.1309814453125,963.1541137695312,546.8471069335938,1067,210,994,210,73,0.1742870956659317,0.8054712057113648,1.78480863571167,0.1707610790867875,-0.5539013393326532,1.728448445755494,179.59
136,4,902,206,930,240,1051.1309814453125,963.1541137695312,546.8471069335938,916,223,836,223,80,-0.07255144417285919,0.7877799808979035,1.6500855684280396,-0.07075417211208901,-0.4859286308289654,1.5772092067518884,167.63
136,5,967,207,993,237,1051.1309814453125,963.1541137695312,546.8471069335938,980,222,907,217,73,0.02915300615131855,0.8028401672840119,1.7488938570022583,0.027700873046659864,-0.5341688971202218,1.728448445755494,176.02
136,6,987,183,1013,214,1051.1309814453125,963.1541137695312,546.8471069335938,1000,198,931,198,69,0.06360218673944473,0.7915475010871887,1.8125094175338745,0.06410064060268585,-0.6068879138085678,1.8286483556543633,181.25
136,7,1094,202,1118,238,1051.1309814453125,963.1541137695312,546.8471069335938,1106,220,1079,232,27,0.2280745506286621,0.806149685382843,1.7457314729690552,0.6350770625272162,-1.453126205062745,4.67321246445004,176.77
136,8,1029,199,1054,226,1051.1309814453125,963.1541137695312,546.8471069335938,1041,212,1031,220,10,0.12286487966775894,0.795527184009552,1.7447909712791443,0.9344544163402588,-4.019471972436577,12.617673654015107,174.89
136,9,939,193,965,221,1051.1309814453125,963.1541137695312,546.8471069335938,952,207,882,206,70,-0.017635319381952286,0.7870569914579392,1.7518897652626038,-0.01912755606349492,-0.5827844977380079,1.8025248077164437,174.52
137,0,1143,217,1171,250,1051.1309814453125,963.1541137695312,546.8471069335938,1157,233,1079,232,78,0.3052807152271271,0.7989594578742981,1.6974046230316162,0.2983214215979702,-0.48299872091958534,1.6176504684634752,174.04
137,1,1030,213,1058,245,1051.1309814453125,963.1541137695312,546.8471069335938,1044,229,966,229,78,0.12821625173091888,0.8052285999059677,1.722464144229889,0.12441873376640333,-0.489154568276455,1.6176504684634752,173.43
137,2,1055,196,1078,225,1051.1309814453125,963.1541137695312,546.8471069335938,1066,210,995,210,71,0.17500039935112,0.8070440530776978,1.7897722721099854,0.1738805598574159,-0.569504193961742,1.7771371343683249,180.21
137,3,1194,199,1222,238,1051.1309814453125,963.1541137695312,546.8471069335938,1208,218,1135,220,73,0.39285382628440857,0.8081531465053559,1.7565686702728271,0.40261727508285644,-0.540746377857699,1.728448445755494,178.55
137,4,902,207,930,241,1051.1309814453125,963.1541137695312,546.8471069335938,916,224,906,219,10,-0.06816548854112625,0.7875295221805573,1.64264976978302,-0.5660333768967121,-3.8754251442858276,12.617673654015107,164.34
137,5,967,207,993,238,1051.1309814453125,963.1541137695312,546.8471069335938,980,222,968,214,12,0.030786143615841866,0.8005298614501953,1.7324005961418152,0.16851364436718086,-3.2495274574813493,10.514728045012589,174.7
137,6,1094,201,1118,238,1051.1309814453125,963.1541137695312,546.8471069335938,1106,219,1030,219,76,0.22695471346378326,0.8049015045166016,1.734717607498169,0.22561948273993207,-0.5178216652651719,1.6602202176335668,175.72
137,7,986,183,1013,214,1051.1309814453125,963.1541137695312,546.8471069335938,999,198,931,199,68,0.06437332183122635,0.7922947943210602,1.8138165473937988,0.06327801732538774,-0.6158127360704584,1.8555402432375157,180.79
137,8,916,184,941,215,1051.1309814453125,963.1541137695312,546.8471069335938,928,199,882,206,46,-0.08837290108203888,0.8212878942489624,2.0301122665405273,-0.09173620624912236,-0.9077223267246135,2.742972533481545,203.03
138,0,1144,216,1171,249,1051.1309814453125,963.1541137695312,546.8471069335938,1157,232,1078,231,79,0.3100750595331192,0.8005236029624939,1.7120108604431152,0.2945452010714137,-0.4784042943694508,1.5971738802550768,174.5
138,1,1055,194,1078,226,1051.1309814453125,963.1541137695312,546.8471069335938,1066,210,996,210,70,0.17142684757709503,0.806167596578598,1.7891981601715088,0.17636456785537902,-0.5776399681611954,1.8025248077164437,180.28
138,2,1193,199,1223,238,1051.1309814453125,963.1541137695312,546.8471069335938,1208,218,1134,220,74,0.38925787806510925,0.8086509943008423,1.7472750544548035,0.39717650109525027,-0.5334389943731355,1.7050910343263659,178.24
138,3,1029,212,1057,244,1051.1309814453125,963.1541137695312,546.8471069335938,1043,228,966,229,77,0.12591755390167236,0.8074594676494599,1.7511693239212036,0.12447561312104549,-0.4970661733639279,1.638658916105858,176.12
138,4,967,206,993,238,1051.1309814453125,963.1541137695312,546.8471069335938,980,222,968,213,12,0.027695737779140472,0.8061617553234101,1.7612247467041016,0.16851364436718086,-3.2495274574813493,10.514728045012589,178.42
138,5,1093,200,1118,238,1051.1309814453125,963.1541137695312,546.8471069335938,1105,219,1030,218,75,0.22588876634836197,0.8043385833501816,1.740071415901184,0.2270272221970117,-0.5247259541353743,1.6823564872020143,176.52
138,6,986,183,1013,214,1051.1309814453125,963.1541137695312,546.8471069335938,999,198,932,199,67,0.05943641997873783,0.7930334895849228,1.8245298862457275,0.06422246534516965,-0.6250039709371817,1.883234873733598,183.38
138,7,903,207,931,240,1051.1309814453125,963.1541137695312,546.8471069335938,917,223,907,217,10,-0.06820374727249146,0.7890060484409332,1.6673661470413208,-0.5540294745508163,-3.8874290466317234,12.617673654015107,167.78
138,8,938,192,966,221,1051.1309814453125,963.1541137695312,546.8471069335938,952,206,882,205,70,-0.01700065191835165,0.7915712982416153,1.7568274140357971,-0.01912755606349492,-0.5844993409302787,1.8025248077164437,176.02
139,0,1143,218,1171,250,1051.1309814453125,963.1541137695312,546.8471069335938,1157,234,1078,233,79,0.3102639615535736,0.8000960737466812,1.7054277062416077,0.2945452010714137,-0.4753653317502367,1.5971738802550768,176.1
139,1,1030,213,1058,244,1051.1309814453125,963.1541137695312,546.8471069335938,1044,228,966,228,78,0.12708689272403717,0.8057038724422455,1.7461766004562378,0.12441873376640333,-0.4906935301156724,1.6176504684634752,175.04
139,2,1055,195,1077,225,1051.1309814453125,963.1541137695312,546.8471069335938,1066,210,994,210,72,0.17051756381988525,0.8057303667068482,1.789833903312683,0.17146555208161846,-0.5615944134900512,1.7524546741687648,180.0
139,3,1193,199,1223,239,1051.1309814453125,963.1541137695312,546.8471069335938,1208,219,1134,220,74,0.3900381922721863,0.8072894901037216,1.7407487034797668,0.39717650109525027,-0.5318168454074739,1.7050910343263659,177.72
139,4,1094,199,1118,238,1051.1309814453125,963.1541137695312,546.8471069335938,1106,218,1031,219,75,0.22970865666866302,0.8027474224567414,1.7456550598144531,0.22862774250979784,-0.5263264744481603,1.6823564872020143,177.76
139,5,967,207,993,238,1051.1309814453125,963.1541137695312,546.8471069335938,980,222,906,218,74,0.02712862193584442,0.8049643576145172,1.7632854580879211,0.02732653692440771,-0.5269503985104891,1.7050910343263659,177.52
139,6,986,183,1013,214,1051.1309814453125,963.1541137695312,546.8471069335938,999,198,932,199,67,0.054476551711559296,0.7952172696590424,1.8703234195709229,0.06422246534516965,-0.6250039709371817,1.883234873733598,187.76
139,7,902,207,930,241,1051.1309814453125,963.1541137695312,546.8471069335938,916,224,837,222,79,-0.06983871757984161,0.7919340074062348,1.6908864974975586,-0.0716497945438876,-0.4905601448463072,1.5971738802550768,169.98
139,8,916,183,941,214,1051.1309814453125,963.1541137695312,546.8471069335938,928,198,882,205,46,-0.06524959206581116,0.795655244588852,1.8177262544631958,-0.09173620624912236,-0.9103318707128517,2.742972533481545,183.7
140,0,1143,217,1171,250,1051.1309814453125,963.1541137695312,546.8471069335938,1157,233,1078,233,79,0.30801185965538025,0.7996260315179825,1.7047667503356934,0.2945452010714137,-0.47688481305984376,1.5971738802550768,174.46
140,1,986,183,1013,214,1051.1309814453125,963.1541137695312,546.8471069335938,999,198,931,199,68,0.059040285646915436,0.7978302478790283,1.8521288633346558,0.06327801732538774,-0.6158127360704584,1.8555402432375157,184.68
140,2,1030,213,1058,244,1051.1309814453125,963.1541137695312,546.8471069335938,1044,228,965,229,79,0.12879791110754013,0.806433030962944,1.743622362613678,0.12284381308581598,-0.484482219607879,1.5971738802550768,175.3
140,3,1194,199,1223,238,1051.1309814453125,963.1541137695312,546.8471069335938,1208,218,1134,219,74,0.39245542883872986,0.8103949517011643,1.7477100491523743,0.39717650109525027,-0.5334389943731355,1.7050910343263659,179.0
140,4,1056,196,1078,225,1051.1309814453125,963.1541137695312,546.8471069335938,1067,210,996,210,71,0.17220788449048996,0.805766561627388,1.789800226688385,0.17557125032866885,-0.569504193961742,1.7771371343683249,180.07
140,5,966,207,993,239,1051.1309814453125,963.1541137695312,546.8471069335938,979,223,836,223,143,0.026051484048366547,0.8043706357479096,1.7607513666152954,0.013301571391239251,-0.2718481850791415,0.8823548009800775,177.02
140,6,1094,199,1118,238,1051.1309814453125,963.1541137695312,546.8471069335938,1106,218,1030,220,76,0.22683081030845642,0.8041761755943299,1.7346019744873047,0.22561948273993207,-0.5194011261001582,1.6602202176335668,177.57
140,7,903,207,930,240,1051.1309814453125,963.1541137695312,546.8471069335938,916,223,907,218,9,-0.06700766831636429,0.7893169760704041,1.6647127866744995,-0.62892597432968,-4.3193656073685815,14.019637393350118,167.5
140,8,1029,200,1054,228,1051.1309814453125,963.1541137695312,546.8471069335938,1041,214,968,213,73,0.12659962475299835,0.797912323474884,1.7470148801803589,0.12800745429318613,-0.5473238585951761,1.728448445755494,175.4
140,9,939,192,966,221,1051.1309814453125,963.1541137695312,546.8471069335938,952,206,882,206,70,-0.011619456578046083,0.7932642936706543,1.78681218624115,-0.01912755606349492,-0.5844993409302787,1.8025248077164437,179.97
141,0,1143,217,1171,250,1051.1309814453125,963.1541137695312,546.8471069335938,1157,233,1135,220,22,0.3069581091403961,0.7995928764343262,1.7110569477081299,1.0576850402109854,-1.7124500105330753,5.735306206370503,176.08
141,1,1030,213,1059,245,1051.1309814453125,963.1541137695312,546.8471069335938,1044,229,966,229,78,0.1253981590270996,0.8055756777524948,1.7317953705787659,0.12441873376640333,-0.489154568276455,1.6176504684634752,174.05
141,3,1055,195,1078,226,1051.1309814453125,963.1541137695312,546.8471069335938,1066,210,968,214,98,0.17582103610038757,0.8101788401603699,1.7993237972259521,0.1259746913252707,-0.41259997725799674,1.2875177197974599,182.09
141,4,1094,200,1118,238,1051.1309814453125,963.1541137695312,546.8471069335938,1106,219,1078,233,28,0.22815778851509094,0.8063927233219147,1.7467649579048157,0.6123957388655299,-1.405515948576895,4.5063120192911095,176.88
141,5,967,206,993,238,1051.1309814453125,963.1541137695312,546.8471069335938,980,222,906,218,74,0.02678251452744007,0.8027644097805023,1.7394856214523315,0.02732653692440771,-0.5269503985104891,1.7050910343263659,175.88
141,6,986,183,1013,214,1051.1309814453125,963.1541137695312,546.8471069335938,999,198,931,198,68,0.058663567528128624,0.7879650235176087,1.7977645993232727,0.06327801732538774,-0.6158127360704584,1.8555402432375157,179.96
141,7,903,206,931,240,1051.1309814453125,963.1541137695312,546.8471069335938,917,223,837,224,80,-0.06765738129615784,0.7908753991127014,1.675347089767456,-0.06925368431885204,-0.4859286308289654,1.5772092067518884,169.66
141,8,916,182,940,213,1051.1309814453125,963.1541137695312,546.8471069335938,928,197,882,204,46,-0.06630689650774002,0.7893055319786072,1.7915996313095093,-0.09173620624912236,-0.9129414147010899,2.742972533481545,183.71
141,9,1085,185,1108,214,1051.1309814453125,963.1541137695312,546.8471069335938,1096,199,994,210,102,0.22874602675437927,0.8000826478004456,1.8400033712387085,0.15634010248671826,-0.40936497087580614,1.2370268288250106,184.28
141,10,1029,198,1054,228,1051.1309814453125,963.1541137695312,546.8471069335938,1041,213,1031,219,10,0.12392518296837807,0.7968371599912644,1.7413638234138489,0.9344544163402588,-4.007468070090681,12.617673654015107,174.44
142,0,1143,217,1171,249,1051.1309814453125,963.1541137695312,546.8471069335938,1157,233,1078,232,79,0.3050723373889923,0.8096295833587647,1.7715849876403809,0.2945452010714137,-0.47688481305984376,1.5971738802550768,177.04
142,1,1056,195,1078,226,1051.1309814453125,963.1541137695312,546.8471069335938,1067,210,994,210,73,0.17342296987771988,0.8099226146936417,1.8033785820007324,0.1707610790867875,-0.5539013393326532,1.728448445755494,181.68
142,2,1030,212,1057,245,1051.1309814453125,963.1541137695312,546.8471069335938,1043,228,966,229,77,0.12731710076332092,0.8065753221511841,1.7403966784477234,0.12447561312104549,-0.4970661733639279,1.638658916105858,175.01
142,3,1194,201,1223,238,1051.1309814453125,963.1541137695312,546.8471069335938,1208,219,1135,219,73,0.3956602066755295,0.8102079123258591,1.7545809745788574,0.40261727508285644,-0.5391020076733296,1.728448445755494,179.32
142,4,1094,201,1118,238,1051.1309814453125,963.1541137695312,546.8471069335938,1106,219,1030,218,76,0.2309223860502243,0.8064629375934601,1.7602418661117554,0.22561948273993207,-0.5178216652651719,1.6602202176335668,180.38
142,5,967,206,993,238,1051.1309814453125,963.1541137695312,546.8471069335938,980,222,969,214,11,0.027693435549736023,0.802636468410492,1.7616171836853027,0.18383306658237913,-3.5449390445251083,11.470612412741007,176.73
142,6,903,206,931,240,1051.1309814453125,963.1541137695312,546.8471069335938,917,223,907,217,10,-0.06668407469987869,0.7900682628154755,1.6658453941345215,-0.5540294745508163,-3.8874290466317234,12.617673654015107,168.31
142,7,988,182,1013,218,1051.1309814453125,963.1541137695312,546.8471069335938,1000,200,931,199,69,0.060721151530742645,0.7892083764076233,1.7814723253250122,0.06410064060268585,-0.6034085218242501,1.8286483556543633,179.18
143,0,1143,217,1171,250,1051.1309814453125,963.1541137695312,546.8471069335938,1157,233,1078,232,79,0.3044322431087494,0.7987604677677155,1.7034794092178345,0.2945452010714137,-0.47688481305984376,1.5971738802550768,173.74
143,1,1055,196,1077,225,1051.1309814453125,963.1541137695312,546.8471069335938,1066,210,994,210,72,0.17093482613563538,0.807130092382431,1.7946795225143433,0.17146555208161846,-0.5615944134900512,1.7524546741687648,180.53
143,2,1030,212,1057,245,1051.1309814453125,963.1541137695312,546.8471069335938,1043,228,966,228,77,0.1269117295742035,0.8079697728157044,1.7508866786956787,0.12447561312104549,-0.4970661733639279,1.638658916105858,176.1
143,3,1194,200,1223,239,1051.1309814453125,963.1541137695312,546.8471069335938,1208,219,1134,219,74,0.38853153586387634,0.8084786474704743,1.7373864650726318,0.39717650109525027,-0.5318168454074739,1.7050910343263659,177.51
143,4,967,207,993,237,1051.1309814453125,963.1541137695312,546.8471069335938,980,222,906,217,74,0.027379127219319344,0.8043397158384323,1.7623679637908936,0.02732653692440771,-0.5269503985104891,1.7050910343263659,177.7
143,5,986,183,1013,214,1051.1309814453125,963.1541137695312,546.8471069335938,999,198,931,198,68,0.05718569830060005,0.796051824092865,1.842543363571167,0.06327801732538774,-0.6158127360704584,1.8555402432375157,185.38
143,6,1094,201,1118,238,1051.1309814453125,963.1541137695312,546.8471069335938,1106,219,1030,218,76,0.2270563244819641,0.8057345390319824,1.7398232221603394,0.22561948273993207,-0.5178216652651719,1.6602202176335668,176.78
143,7,903,207,931,240,1051.1309814453125,963.1541137695312,546.8471069335938,917,223,837,222,80,-0.06812563166022301,0.7882062733173371,1.6650170683860779,-0.06925368431885204,-0.4859286308289654,1.5772092067518884,168.21
143,8,939,192,965,221,1051.1309814453125,963.1541137695312,546.8471069335938,952,206,881,205,71,-0.015185169875621796,0.7919229805469513,1.7814950942993164,-0.01885815386541753,-0.5762669558467537,1.7771371343683249,177.61
144,0,1144,218,1171,250,1051.1309814453125,963.1541137695312,546.8471069335938,1157,234,1134,221,23,0.30535003542900085,0.8000388383865357,1.71296888589859,1.0116987341148556,-1.6327765742725522,5.48594506696309,175.08
144,1,1030,213,1058,245,1051.1309814453125,963.1541137695312,546.8471069335938,1044,229,965,229,79,0.12827928364276886,0.8067763388156891,1.7437174320220947,0.12284381308581598,-0.48296273829827197,1.5971738802550768,175.55
144,2,987,183,1013,214,1051.1309814453125,963.1541137695312,546.8471069335938,1000,198,931,198,69,0.06111621856689453,0.7904016315937042,1.8066803812980652,0.06410064060268585,-0.6068879138085678,1.8286483556543633,181.23
144,3,1055,194,1077,225,1051.1309814453125,963.1541137695312,546.8471069335938,1066,209,995,210,71,0.17171791195869446,0.8098555445671082,1.8051599860191345,0.1738805598574159,-0.5711948844329949,1.7771371343683249,181.7
144,5,903,207,931,240,1051.1309814453125,963.1541137695312,546.8471069335938,917,223,837,223,80,-0.06826452910900116,0.7900231122970581,1.6581908464431763,-0.06925368431885204,-0.4859286308289654,1.5772092067518884,167.59
144,6,968,204,993,235,1051.1309814453125,963.1541137695312,546.8471069335938,980,219,906,217,74,0.028988484293222427,0.8040052592754364,1.760684609413147,0.02732653692440771,-0.5318168454074739,1.7050910343263659,178.98
144,7,1094,201,1118,238,1051.1309814453125,963.1541137695312,546.8471069335938,1106,219,1079,233,27,0.22799211740493774,0.8051013588905335,1.7491007447242737,0.6350770625272162,-1.457572094820484,4.67321246445004,177.77
144,8,1028,198,1054,227,1051.1309814453125,963.1541137695312,546.8471069335938,1041,212,1030,219,11,0.12539593130350113,0.7969601839780808,1.7471594214439392,0.8495040148547808,-3.654065429487797,11.470612412741007,175.5
144,9,940,193,966,221,1051.1309814453125,963.1541137695312,546.8471069335938,953,207,882,205,71,-0.016645544208586216,0.7905089050531388,1.7646151185035706,-0.017167463394164605,-0.5745762653755008,1.7771371343683249,175.68
145,0,1143,217,1171,250,1051.1309814453125,963.1541137695312,546.8471069335938,1157,233,1134,219,23,0.30492955446243286,0.800345265865326,1.7112503051757812,1.0116987341148556,-1.6379956622490288,5.48594506696309,175.94
145,1,1031,213,1059,245,1051.1309814453125,963.1541137695312,546.8471069335938,1045,229,966,229,79,0.1281818076968193,0.8050085544586182,1.7375837564468384,0.12436329439542303,-0.48296273829827197,1.5971738802550768,174.61
145,2,1056,194,1078,225,1051.1309814453125,963.1541137695312,546.8471069335938,1067,209,994,209,73,0.1721695438027382,0.806170055270195,1.789457082748413,0.1707610790867875,-0.5555457095170224,1.728448445755494,180.21
145,4,986,183,1013,214,1051.1309814453125,963.1541137695312,546.8471069335938,999,198,931,198,68,0.06096446141600609,0.7940619230270386,1.8264703750610352,0.06327801732538774,-0.6158127360704584,1.8555402432375157,184.03
145,5,967,207,993,238,1051.1309814453125,963.1541137695312,546.8471069335938,980,222,907,217,73,0.027672509662806988,0.8056516587734223,1.7584581971168518,0.027700873046659864,-0.5341688971202218,1.728448445755494,177.04
145,6,903,206,931,240,1051.1309814453125,963.1541137695312,546.8471069335938,917,223,836,222,81,-0.06926510110497475,0.7897082358598709,1.6534205079078674,-0.06839870056182917,-0.47992951192984246,1.5577374881500132,166.3
145,7,1093,200,1118,237,1051.1309814453125,963.1541137695312,546.8471069335938,1105,218,1078,232,27,0.2268952876329422,0.8050875008106232,1.7386773824691772,0.6306311727694771,-1.462017984578223,4.67321246445004,178.45
145,8,1029,199,1054,228,1051.1309814453125,963.1541137695312,546.8471069335938,1041,213,1030,219,11,0.1239880919456482,0.7956565707921982,1.7435956597328186,0.8495040148547808,-3.6431527909915284,11.470612412741007,175.49
145,9,939,192,966,221,1051.1309814453125,963.1541137695312,546.8471069335938,952,206,882,206,70,-0.016853028908371925,0.7922281861305237,1.7609699964523315,-0.01912755606349492,-0.5844993409302787,1.8025248077164437,176.58
145,10,1085,185,1109,214,1051.1309814453125,963.1541137695312,546.8471069335938,1097,199,968,213,129,0.22659018635749817,0.8021955877542496,1.838666021823883,0.12454829052018773,-0.3236839304599397,0.9781142367453571,184.04
146,0,1143,218,1170,250,1051.1309814453125,963.1541137695312,546.8471069335938,1156,234,1134,220,22,0.3038967400789261,0.7979570418596268,1.6853194832801819,1.0522287209628511,-1.7069936912849408,5.735306206370503,174.42
146,1,1030,212,1057,245,1051.1309814453125,963.1541137695312,546.8471069335938,1043,228,966,229,77,0.12518128007650375,0.8037872552871704,1.740712285041809,0.12447561312104549,-0.4970661733639279,1.638658916105858,174.63
146,2,1056,195,1078,226,1051.1309814453125,963.1541137695312,546.8471069335938,1067,210,1030,219,37,0.17499767988920212,0.8142011106014252,1.8193994760513306,0.33690699387393214,-1.0928323721968565,3.4101820686527318,183.28
146,4,986,183,1013,214,1051.1309814453125,963.1541137695312,546.8471069335938,999,198,996,210,3,0.05944099836051464,0.7954541385173798,1.8355884552001953,1.434301726042122,-13.958422017597059,42.058912180050356,183.19
146,5,1094,201,1118,238,1051.1309814453125,963.1541137695312,546.8471069335938,1106,219,1078,232,28,0.22823333740234375,0.8054513722658158,1.7469117045402527,0.6123957388655299,-1.405515948576895,4.5063120192911095,177.81
146,6,966,206,993,238,1051.1309814453125,963.1541137695312,546.8471069335938,979,222,907,219,72,0.02606572024524212,0.8041907489299774,1.7614048719406128,0.026418398735377952,-0.541587909580225,1.7524546741687648,177.46
146,7,902,207,931,240,1051.1309814453125,963.1541137695312,546.8471069335938,916,223,836,223,80,-0.06954693794250488,0.7901733756065369,1.6630588173866272,-0.07075417211208901,-0.4859286308289654,1.5772092067518884,167.58
146,8,916,183,941,214,1051.1309814453125,963.1541137695312,546.8471069335938,928,198,932,199,4,-0.08069363981485367,0.804995858669281,1.9276971817016602,-1.0549663718649072,-10.468816513197794,31.544184135037767,189.52
146,9,1085,185,1108,214,1051.1309814453125,963.1541137695312,546.8471069335938,1096,199,968,214,128,0.22165414690971375,0.80158611536026,1.833073377609253,0.12458351916910361,-0.32621271116665795,0.9857557542199302,185.32
147,0,1143,218,1171,250,1051.1309814453125,963.1541137695312,546.8471069335938,1157,234,1135,220,22,0.31557032465934753,0.8010894298553467,1.7115674018859863,1.0576850402109854,-1.7069936912849408,5.735306206370503,177.17
147,1,1056,196,1078,226,1051.1309814453125,963.1541137695312,546.8471069335938,1067,211,968,214,99,0.1694895178079605,0.8045928865671158,1.78659188747406,0.12591473508419684,-0.40721978533156283,1.2745124903045562,179.77
147,2,1031,213,1058,245,1051.1309814453125,963.1541137695312,546.8471069335938,1044,229,966,229,78,0.12774404883384705,0.8046326875686646,1.742650032043457,0.12441873376640333,-0.489154568276455,1.6176504684634752,175.01
147,4,986,183,1013,214,1051.1309814453125,963.1541137695312,546.8471069335938,999,198,996,210,3,0.055841099470853806,0.7912838101387024,1.8149456977844238,1.434301726042122,-13.958422017597059,42.058912180050356,183.58
147,5,967,206,993,237,1051.1309814453125,963.1541137695312,546.8471069335938,980,221,907,218,73,0.027508297003805637,0.8038227945566178,1.7598226070404053,0.027700873046659864,-0.5358132673045911,1.728448445755494,178.24
147,6,903,206,931,240,1051.1309814453125,963.1541137695312,546.8471069335938,917,223,837,222,80,-0.06763210147619247,0.7913416266441345,1.6946803331375122,-0.06925368431885204,-0.4859286308289654,1.5772092067518884,169.85
147,7,1094,202,1118,238,1051.1309814453125,963.1541137695312,546.8471069335938,1106,220,1078,233,28,0.2289954125881195,0.8007138311862946,1.755832314491272,0.6123957388655299,-1.401228840596218,4.5063120192911095,177.29
147,8,1029,199,1054,228,1051.1309814453125,963.1541137695312,546.8471069335938,1041,213,1030,220,11,0.12161983549594879,0.7960250020027161,1.7553892135620117,0.8495040148547808,-3.6431527909915284,11.470612412741007,176.08
147,9,940,192,966,221,1051.1309814453125,963.1541137695312,546.8471069335938,953,206,883,205,70,-0.013537962920963764,0.7937820196151734,1.7906959056854248,-0.017412712871224097,-0.5844993409302787,1.8025248077164437,178.7
147,11,917,183,941,214,1051.1309814453125,963.1541137695312,546.8471069335938,929,198,931,198,2,-0.06253264844417572,0.7871105015277863,1.7823406457901,-2.0499132320003355,-20.937633026395588,63.088368270075534,180.19
148,0,1143,217,1171,250,1051.1309814453125,963.1541137695312,546.8471069335938,1157,233,1134,220,23,0.300701379776001,0.7981359004974365,1.6521172523498535,1.0116987341148556,-1.6379956622490288,5.48594506696309,175.64
148,1,1056,195,1078,225,1051.1309814453125,963.1541137695312,546.8471069335938,1067,210,968,213,99,0.17243123799562454,0.8072322845458985,1.7945657968521118,0.12591473508419684,-0.40843230072003717,1.2745124903045562,180.56
148,2,1030,214,1058,245,1051.1309814453125,963.1541137695312,546.8471069335938,1044,229,965,229,79,0.12708067893981934,0.8068573415279389,1.7485718727111816,0.12284381308581598,-0.48296273829827197,1.5971738802550768,175.63
148,4,903,207,931,240,1051.1309814453125,963.1541137695312,546.8471069335938,917,223,837,223,80,-0.06903765350580215,0.7907687067985535,1.6730167865753174,-0.06925368431885204,-0.4859286308289654,1.5772092067518884,169.82
148,5,967,207,993,237,1051.1309814453125,963.1541137695312,546.8471069335938,980,222,906,218,74,0.02735899295657873,0.8044021666049957,1.761482298374176,0.02732653692440771,-0.5269503985104891,1.7050910343263659,177.78
148,6,986,183,1012,214,1051.1309814453125,963.1541137695312,546.8471069335938,999,198,931,199,68,0.05197504535317421,0.7946291208267212,1.8611273765563965,0.06327801732538774,-0.6158127360704584,1.8555402432375157,188.41
148,7,1094,200,1117,237,1051.1309814453125,963.1541137695312,546.8471069335938,1105,218,1078,232,27,0.22723373770713806,0.8040314108133316,1.7446420788764954,0.6306311727694771,-1.462017984578223,4.67321246445004,177.0
148,8,1086,186,1109,214,1051.1309814453125,963.1541137695312,546.8471069335938,1097,200,994,209,103,0.2249130830168724,0.7969617336988449,1.816673457622528,0.15598766482625456,-0.4042251262706142,1.2250168596131172,182.34
148,9,940,193,966,221,1051.1309814453125,963.1541137695312,546.8471069335938,953,207,881,206,72,-0.011670310981571674,0.7931636512279511,1.7836312055587769,-0.016929026402578984,-0.5665960394675078,1.7524546741687648,179.72
148,10,1029,198,1054,227,1051.1309814453125,963.1541137695312,546.8471069335938,1041,212,1031,219,10,0.12223955988883972,0.7949713706970215,1.7586075067520142,0.9344544163402588,-4.019471972436577,12.617673654015107,177.37
149,0,1143,216,1171,250,1051.1309814453125,963.1541137695312,546.8471069335938,1157,233,1134,219,23,0.3066558241844177,0.7982705771923065,1.646854043006897,1.0116987341148556,-1.6379956622490288,5.48594506696309,178.98
149,1,1056,194,1078,226,1051.1309814453125,963.1541137695312,546.8471069335938,1067,210,1031,218,36,0.17126835882663727,0.8050737023353577,1.786066710948944,0.3462655214815413,-1.1231888269801025,3.5049093483375295,180.15
149,2,1030,212,1058,244,1051.1309814453125,963.1541137695312,546.8471069335938,1044,228,966,228,78,0.12916571646928787,0.8087438881397248,1.7572462558746338,0.12441873376640333,-0.4906935301156724,1.6176504684634752,176.98
149,4,1094,200,1118,238,1051.1309814453125,963.1541137695312,546.8471069335938,1106,219,1078,233,28,0.2304479032754898,0.8001596570014954,1.7526673078536987,0.6123957388655299,-1.405515948576895,4.5063120192911095,179.75
149,5,967,206,993,238,1051.1309814453125,963.1541137695312,546.8471069335938,980,222,907,218,73,0.02608142513781786,0.8055673032999039,1.768709659576416,0.027700873046659864,-0.5341688971202218,1.728448445755494,178.42
149,6,903,207,931,240,1051.1309814453125,963.1541137695312,546.8471069335938,917,223,836,223,81,-0.0689600445330143,0.7924562931060791,1.6870719194412231,-0.06839870056182917,-0.47992951192984246,1.5577374881500132,170.41
149,7,986,183,1013,214,1051.1309814453125,963.1541137695312,546.8471069335938,999,198,931,199,68,0.06399961560964584,0.7941626399755478,1.8194316029548645,0.06327801732538774,-0.6158127360704584,1.8555402432375157,182.68
149,8,1085,185,1109,214,1051.1309814453125,963.1541137695312,546.8471069335938,1097,199,994,209,103,0.2232762575149536,0.8084296822547913,1.8638471364974976,0.15598766482625456,-0.40539055368283705,1.2250168596131172,189.12
149,9,939,192,966,221,1051.1309814453125,963.1541137695312,546.8471069335938,952,206,882,205,70,-0.018503928557038307,0.7948406726121903,1.7775644659996033,-0.01912755606349492,-0.5844993409302787,1.8025248077164437,177.96
